:020000040800F2
:100000000000022061AA0008DD470008DF47000861
:10001000E1470008E3470008E5470008000000004A
:10002000000000000000000000000000518F0008E8
:10003000E747000800000000F18F0008478A000829
:10004000B1AA0008B1AA0008B1AA0008B1AA000824
:10005000B1AA0008E9470008B1AA0008B1AA00083F
:10006000B1AA0008B1AA0008B1AA0008B1AA000804
:10007000ED470008B1AA0008FD470008B1AA000832
:10008000B1AA0008B1AA0008B1AA0008B1AA0008E4
:10009000B1AA0008B1AA0008B1AA0008B1AA0008D4
:1000A000B1AA0008B1AA0008B1AA0008B1AA0008C4
:1000B0000D4800081D4800082D4800083D4800086C
:1000C0004D480008B1AA0008B1AA0008B1AA00086A
:1000D000B1AA00085D4800086D4800087D48000886
:1000E000B1AA0008B1AA0008B1AA0008B1AA000884
:1000F0008D480008B1AA0008B1AA0008B1AA0008FA
:10010000B1AA0008B1AA00089D480008B1AA0008D9
:10011000B1AA0008B1AA0008AD480008B1AA0008B9
:10012000BD480008B1AA0008B1AA0008B1AA000899
:10013000B1AA0008B1AA0008B1AA0008B1AA000833
:10014000B1AA0008B1AA0008B1AA0008B1AA000823
:10015000B1AA0008B1AA0008B1AA0008B1AA000813
:10016000B1AA0008B1AA0008B1AA0008B1AA000803
:10017000B1AA0008B1AA0008B1AA00080000000056
:08018000B1AA0008B1AA0008B1
:1001C0000348044B834202D0034B03B118477047E6
:1001D0001001002010010020000000000548064B1F
:1001E0001B1AD90F01EBA301491002D0034B03B135
:1001F0001847704710010020100100200000000087
:1002000010B5064C237843B9FFF7DAFF044B13B15E
:100210000448AFF300800123237010BD10010020BB
:10022000000000004834010808B5044B1BB1044924
:100230000448AFF30080BDE80840CFE700000000AD
:100240001401002048340108844641EA000313F0F9
:1002500003036DD1403A41D351F8043B40F8043BCD
:1002600051F8043B40F8043B51F8043B40F8043B90
:1002700051F8043B40F8043B51F8043B40F8043B80
:1002800051F8043B40F8043B51F8043B40F8043B70
:1002900051F8043B40F8043B51F8043B40F8043B60
:1002A00051F8043B40F8043B51F8043B40F8043B50
:1002B00051F8043B40F8043B51F8043B40F8043B40
:1002C00051F8043B40F8043B51F8043B40F8043B30
:1002D00051F8043B40F8043B403ABDD2303211D3D0
:1002E00051F8043B40F8043B51F8043B40F8043B10
:1002F00051F8043B40F8043B51F8043B40F8043B00
:10030000103AEDD20C3205D351F8043B40F8043BCF
:10031000043AF9D2043208D0D2071CBF11F8013BCD
:1003200000F8013B01D30B8803806046704700BF93
:10033000082A13D38B078DD010F003038AD0C3F1A2
:100340000403D21ADB071CBF11F8013B00F8013B84
:1003500080D331F8023B20F8023B7BE7043AD9D343
:10036000013A11F8013B00F8013BF9D20B78037018
:100370004B7843708B78837060467047830730B545
:1003800046D08418844604E003F8011B9D0704D07E
:100390009C46A4456346F7D130BD013A0244A2EB26
:1003A0000C02032A29D9CCB204EB04240F2A04EB53
:1003B00004442FD9A2F1100C2CF00F0C03F11005FE
:1003C000AC44C3E90044C3E9024410336345F8D1A7
:1003D00012F00C0F02F00F0E18D02EF0030C9C44FC
:1003E000AEF104051A4642F8044B6245FBD125F0F4
:1003F000030404330EF003022344002ACCD0C9B214
:100400001A4403F8011B9342FBD130BD7246F4E756
:100410000346C6E79646E0E710B51C4C0029246861
:100420009AB02DDB009004904FF40270ADF80C00F0
:100430004FF00000199013D001394FF6FF70029170
:100440000591ADF80E006946204600F053FB421CB2
:1004500001DA8B232360009B00221A701AB010BDB2
:100460004FF6FF7002910591ADF80E0069462046E7
:1004700000F040FB431C01DA8B2323601AB010BD4F
:100480008B2323604FF0FF30F8E700BF000000200F
:1004900030B51446002C9BB005462EDB1A464FF4AF
:1004A0000273ADF80C304FF00003009104911993E2
:1004B00013D04FF6FF73013CADF80E3069461E9B1A
:1004C0000294059400F016FB421C01DA8B232B608A
:1004D000009B00221A701BB030BD4FF6FF73ADF8C1
:1004E0000E3069461E9B0294059400F003FB431CEA
:1004F00001DA8B232B601BB030BD8B2303604FF0E0
:10050000FF30F8E7014B1868704700BF000000207B
:1005100070B50F4B0F4DAB42A3EB050607D0B610DD
:10052000002455F8043B01349847A642F9D812F04C
:100530008BFF094D094B5E1BAB424FEAA60606D066
:10054000002455F8043B01349847A642F9D870BD01
:10055000004001080040010800400108084001086F
:1005600000207047024A0349034800F06FBC00BFF7
:1005700050000020A9080008040000200C4B41682E
:10058000994210B5044601D000F08EF9A168094BDC
:10059000994202D0204600F087F9E168064B994263
:1005A00004D02046BDE8104000F07EB910BD00BF69
:1005B0002C01002094010020FC0100200020704745
:1005C0002DE9F8432A4C2B49DFF8BC90DFF8BC80BA
:1005D000294FC4F83811002504230822294604F1C4
:1005E0005C00264EE360C4E90055C4E90455A560EB
:1005F0006566A561FFF7C2FE214B636708222946A5
:1006000004F1C400C4E90849C4E90A87C4E91A55D9
:10061000C4E91E552567C4F8CC50C4F88050266341
:10062000FFF7ACFE174BC4F8DC30294604F1680331
:10063000082204F59670C4F88830C4E92398C4E908
:100640002576C4E93455C4E93855C4F8D850C4F8FF
:100650003451C4F8E850FFF791FE04F1D003C4E927
:100660003D98C4E93F76C4F8F030BDE8F88300BF98
:100670002C01002065050008F90E00081D0F000878
:100680000900010012000200910E0008B90E0008D6
:10069000F8B5254BD3F838310646002B3CD0234F14
:1006A000D7E90134013B04D51DE05A1C04F168046C
:1006B00019D0B4F90C50013B002DF6D11C4BE3606E
:1006C000C4E90155C4E9045565662560A5610822A1
:1006D000294604F15C00FFF751FEC4E90D55C4E959
:1006E00012552046F8BD3D680DB12F46D8E74FF4AE
:1006F000D671304600F03AFC044680B10423C0E9CC
:1007000000530C302946A0604FF4D0722546FFF705
:1007100035FE3C602F46C3E7FFF752FFBFE70C23CF
:1007200038603360DDE700BF2C010020500000205E
:100730000100FFFF036A03B17047044B044AD3F87A
:1007400038310262002BF7D13AE700BF2C010020BC
:100750007D050008704700BF704700BF024A03498B
:10076000002000F073BB00BF5000002061050008AE
:10077000024A0349002000F069BB00BF500000207E
:10078000BD050008B1F90C302DE9F0411D070C46FC
:1007900080463FD44A68002A58DDE56A002D36D0ED
:1007A0000022D8F80060C8F8002013F480525AD113
:1007B000216A01234046A8470246501C66D0B4F97E
:1007C0000C30E56A590705D56368D21A636B0BB123
:1007D000236CD21A0023216A4046A847421CB4F970
:1007E0000C3042D022692260DF044FF000026260C8
:1007F00000D56065616BC8F8006041B104F1440345
:10080000994202D0404600F047FC00236363002079
:10081000BDE8F0810E69002EF9D09B070D6808BF76
:100820004B690E6018BF0023AD1B8B600BE02B469D
:100830003246216AA76A4046B847B0F1000CA5EBE2
:100840000C05664406DD002DF1DCE0E70A6C002AA9
:10085000A3DCDCE7B4F90C3043F04003A3814FF094
:10086000FF30BDE8F081626DACE7D8F800101D29BB
:10087000F2D80C4ACA40D507EED522692260002280
:100880006260DA04B6D50029B3D0B3E7D8F80030F7
:10089000002B94D01D2B01D0162BDBD1C8F80060A3
:1008A000B5E700BF010040200B69B3B110B50446A5
:1008B00082B008B1036A5BB1B1F90C3013B9002002
:1008C00002B010BD204602B0BDE81040FFF75ABF8D
:1008D0000191FFF72FFF0199EEE70020704700BF5D
:1008E000B8B138B5036904463BB10C4B1D680DB176
:1008F0002B6A53B1B4F90C300BB9002038BD214636
:100900002846BDE83840FFF73DBF2846FFF712FFF5
:10091000F0E7034A0349044800F098BA00000020B9
:1009200050000020A9080008040000202DE9F0472D
:100930008F681D46AF420B680C46164636D8B1F993
:100940000CC01CF4906F0ED13D46184631462A4625
:1009500000F0E4F9A368DF1B2368A7602B440020A4
:100960002360BDE8F0874A69096902EB42025F1A19
:1009700002EBD2726B1C52103B44934292BF9146E1
:1009800099461A461CF4806F804611D0114600F03B
:10099000EDFA824600B321693A46FFF755FCA38978
:1009A00023F4906343F08003A38105E02F46CCE756
:1009B00000F0F8FB824658B10AEB0703A9EB0707E2
:1009C000A760C4F810A0C4F8149023602F46BCE7B9
:1009D0002169404600F060FBA3890C2243F04003EC
:1009E000C8F800204FF0FF30A381BAE72DE9F04F9F
:1009F000936883B09246002B75D04FF0000B1768B8
:100A00008B680A6881460C465D4645E0B4F90C30B7
:100A100013F4906F2CD0D4E90401161A01EB4102B3
:100A200002EBD272711C52102944914292BF90463F
:100A300088460A465B0539D51146484600F096FAC5
:100A4000019000283DD032462169FFF7FDFBA289C5
:100A5000019B22F4906242F08002A2819819A8EBD7
:100A60000606A660C4F8148023612060A8462E46BE
:100A70003246594600F052F9DAF80810A3682268A5
:100A8000A3EB08033244491BA3602260CAF8081094
:100A900049B3D7E900B5083798461046002DF8D07D
:100AA0009D421E46B2D2A8462E46E1E70146484680
:100AB00000F078FB03460028D0D12169484600F0B9
:100AC000EBFAA3890C2243F04003C9F800204FF051
:100AD000FF30A38100220023CAF80820CAF804309E
:100AE00003B0BDE8F08F00200023CAF8043003B043
:100AF000BDE8F08F2DE9F0471C468B891D069CB0A0
:100B00000F468046924603D50B69002B00F0ED801E
:100B10000023099343F22003ADF829309AF80030FE
:100B2000794D03940126002B71D0D14603E019F8CA
:100B3000013F002B72D0252BF9D1B9EB0A0470D1FB
:100B400099F80020002A62D000234FF0FF32CDE94F
:100B5000052309F10109049307938DF853301A9383
:100B600004E006FA03F313430493A1464C4605221E
:100B700014F8011B284600F04BFBA246049A431BC5
:100B80000028EED1D00644BF20238DF85330110742
:100B900099F8001044BF2B238DF853302A294ED1E9
:100BA000039B19680433002903937ADB079199F8B2
:100BB00001102E2959D05548032200F029FB40B1DD
:100BC000524A049B801A4022824013430AF1010AD0
:100BD00004931AF8011B4E488DF82810062200F0E5
:100BE00017FB002863D04B48002853D003AA00927B
:100BF000494B3A4604A94046AFF30080421C06D058
:100C0000099B034409939AF80030002B8DD1BB89CE
:100C10005B0676D409981CB0BDE8F087B9EB0A04EE
:100C2000F5D02346524639464046FFF77FFE013055
:100C3000EDD0099B99F800202344099382E7A1F1A4
:100C40003002092A88BFCA46B3D8079B00E00134A6
:100C5000217803EB830302EB4303A1F13002092A5D
:100C6000F5D92E290793A246A5D19AF801102A2971
:100C700026D1039B9AF802101A6805920433002AC1
:100C80000AF102000393B8BF4FF0FF338246B8BFAA
:100C9000059390E7039B073323F00703083303937F
:100CA000AEE7494242F00202079104927FE703AAAD
:100CB0000092194B3A4604A9404600F0A1FB9DE77B
:100CC000A1F130020023092A05930AF1010A3FF637
:100CD00072AF1AF8011F03EB830302EB4303A1F188
:100CE0003002092AF5D9059365E7402100F03EF965
:100CF0003860386110B140237B6109E70C23C8F8E4
:100D000000304FF0FF3086E7603601086836010892
:100D10006C360108000000002D0900088842F0B57B
:100D200014D98B18834211D9032A00EB020166D82B
:100D300002F1FF3C4AB16FEA0C0C0A469C4413F8DE
:100D4000011D02F8011D6345F9D1F0BD032A0FD83A
:100D5000034602F1FF3C002AF7D00CF1010C013BE5
:100D60008C4411F8012B03F8012F6145F9D1F0BD36
:100D700041EA00039B073ED10F2A64D9A2F1100378
:100D800001F1100423F00F032031A446194400F1AF
:100D9000100E5CF8105C4EF8105C5CF80C5C4EF8C1
:100DA0000C5C5CF8085C4EF8085C5CF8045C4EF87F
:100DB000045C0CF1100C8C450EF1100EE9D1E11819
:100DC00012F00C0F034402F00F0E03F1100338D0A1
:100DD0002EF00305043D1A1F5E198C465CF8044B87
:100DE00042F8044FB242F9D10431043329442B4470
:100DF0000EF00302ADE702F1FF3C0346ADE741EA26
:100E00000304A4071F4602D002F1FF3C93E7A2F1BE
:100E1000040E2EF003068E1B4FEA9E0E8C4664468F
:100E200053F8045D4CF8045DB442F8D1CEEB8E73F8
:100E300001EB830107EB83073B1F043902F0030238
:100E400076E7724685E703469646C1E72DE9F84303
:100E50000746884616464FF00009D6E90154013D81
:100E600010D4A389012B08D9B4F90E3001332146DF
:100E7000384602D0C04749EA0009013D6B1C04F125
:100E80006804EED13668002EE7D14846BDE8F88305
:100E900010B50C46B1F90E1000F0E8F8002803DB9D
:100EA000636D0344636510BDA38923F48053A3815C
:100EB00010BD00BF002070472DE9F0410C46B1F98C
:100EC0000C101F46CB05054616460BD421F4805165
:100ED000A1813B46B4F90E1032462846BDE8F041E8
:100EE00000F0E6B9B4F90E100223002200F044F934
:100EF000B4F90C10EAE700BF10B50C46B1F90E10BA
:100F000000F03AF9B4F90C30421C0EBF23F48053C0
:100F100043F480536065A38110BD00BFB1F90E108A
:100F200000F018B970B5104E336805460C46B3B1E1
:100F30002146284600F0B2FB431C0CD0C41C24F010
:100F40000304A04205D0211A284600F0A7FB013077
:100F500001D0204670BD4FF0FF34204670BD1946C9
:100F600000F09CFB3060E3E7680200202DE9F843C5
:100F7000CD1C25F0030508350C2D38BF0C25002DA0
:100F8000064618DBA94216D8DFF8DC8000F03CF9F1
:100F9000D8F80420A2B1144603E0636822467BB16E
:100FA0001C4623685B1BF8D40B2B1FD8A242636836
:100FB00054D053600CE00C2333600020BDE8F8836C
:100FC00029463046FFF7AEFF431C044619D00560A2
:100FD000304600F01BF904F10B00231D20F0070040
:100FE000C21A1CBF1B1AA350BDE8F8836119A242A4
:100FF000256014BF5160C8F80410635163684B60EA
:10100000E6E7D8F804701FB33C467F68002FFBD199
:1010100023683946304604EB030900F03FFB814565
:1010200016D12368ED1A29463046FFF77BFF0130C1
:101030000ED02368D8F804202B442360536883B172
:10104000A34203D01A465B689C42FBD10023B0E761
:101050000C233360304600F0D9F8AEE7C8F804300E
:10106000B6E7C8F80470B3E76802002038B50D464B
:10107000084C8446114628461A46002323606546DC
:1010800008F000F9431C00D038BD2368002BFBD0CA
:101090002B6038BD70020020002950D038B551F8BF
:1010A000043C0C1F002BB8BFE418054600F0ACF858
:1010B000274A13682BB1A3420CD9216860188342D8
:1010C0002CD0636028461460BDE8384000F09EB81C
:1010D000A3420FD81A465B68002BF9D1116850184B
:1010E000844217D02CD3636054602846BDE8384052
:1010F00000F08CB811685018A04214D020D8216894
:1011000060188342EFD118685B680844C4E90003A3
:101110005460EAE723680B441360E6E718685B68ED
:1011200008442060CDE720680144501883421160D4
:10113000DBD1D3E900040144C2E90014D5E77047CC
:101140000C232B602846BDE8384000F05FB800BF94
:101150006C02002038B5074D0022044608462A607C
:1011600008F0AEF8431C00D038BD2B68002BFBD034
:10117000236038BD7002002038B50D46084C844607
:10118000114628461A4600232360654608F0A2F857
:10119000431C00D038BD2368002BFBD02B6038BD2A
:1011A000700200202DE9F041144641B30AB306460F
:1011B0000D4600F06BFA8442074602D8B4EB500F9C
:1011C00013D821463046FFF7D1FE804650B1BC42CD
:1011D0002246294628BF3A46FFF736F829463046C8
:1011E000FFF75AFF4046BDE8F081A8464046BDE8FB
:1011F000F081A046FFF750FF4046BDE8F081BDE812
:10120000F0411146FFF7B2BE704700BF704700BF04
:1012100001F0FF01102A2BDB10F0070F08D010F8A7
:10122000013B013A8B422DD010F0070F42B3F6D1AB
:10123000F0B441EA012141EA014122F007047FF0C4
:1012400000070023F0E80256083C85EA010586EA1B
:10125000010685FA47F5A3FA87F586FA47F6A5FA57
:1012600087F68EB9EED1F0BC01F0FF0102F0070263
:1012700032B110F8013B013A83EA010313B1F8D10E
:101280000020704701387047002D06BF35460338EF
:10129000073815F0010F07D1013015F4807F02BF28
:1012A000013015F4C03F0130F0BC0138704700BF79
:1012B00038B50D46084C8446114628461A46002388
:1012C0002360654607F0EEFF431C00D038BD23685D
:1012D000002BFBD02B6038BD700200202DE9F84FA9
:1012E00092461F460A698B68DDF828909A42B8BF7B
:1012F0001A46CAF8002091F843300C46064613B14E
:101300000132CAF80020226891065CD5DAF8003074
:101310000233CAF80030226812F0060F11461DD1C0
:10132000E1689942D8BF114618DD4FF0000804F17A
:10133000190B05E0E568DAF80030ED1A45450CDDDB
:1013400001235A4639463046C847013008F10108A2
:10135000F0D14FF0FF30BDE8F88F216894F84330AA
:10136000003B18BF01238A060AD5E1181A4630202F
:1013700081F84300224494F8451082F84410023367
:1013800004F1430239463046C8470130E1D02368B2
:10139000A268216903F00603042B1BD08A4224DDD6
:1013A0004FF00008521A90441A34002501E04545D8
:1013B0001BDA0123224639463046C847013005F181
:1013C0000105F4D1C5E712F0060F11D0003B18BF9C
:1013D0000123D5E7DAF80000E3688A42A3EB0003B3
:1013E00023EAE378DEDC002BDEDC0020BDE8F88FAA
:1013F000E168DAF800309942D8BF114695DCADE7D4
:101400002DE9F047174684B00A7E0C9D0C4606462F
:10141000984601F1430C002A35D0A2F15803D9B205
:10142000202969D8202B67D8DFE813F0E500660093
:10143000660066006600660066006600660066007C
:101440006600AB0070006600660066006600700013
:10145000660066006600660021008200C500660026
:101460006600B5006600820066006600EB002B682F
:1014700022686169181D286010061B6802D4520694
:1014800000F1DF8019600023E1462361CDF8008080
:101490003B4603AA21463046FFF720FF013020D00B
:1014A00023694A4639463046C047013019D023687F
:1014B000E068DDF80C909B0718D5484516DD00253F
:1014C00004F1190A04E0E068A0EB0903AB420DDD6A
:1014D0000123524639463046C047013005F1010527
:1014E000F1D14FF0FF3004B0BDE8F0874845B8BFF8
:1014F000484604B0BDE8F08784F84220012004F19A
:1015000042090023206184F84330BFE72A6823683A
:10151000111D1806296002D4590600F19480126842
:101520001146002AC0F2938056484FF00A0E13E08D
:1015300020682B6810F0800F53F8041B02D140067E
:1015400048BF89B26F2A4F482B6000F08F804FF060
:101550000A0E002384F843306268A260002A52DB3E
:10156000236823F00403236000294CD1002A40F0B3
:101570008280E146BEF1080F56D0ACEB090323612F
:1015800084E72B681A6804332B6004F1420984F85D
:1015900042200120B5E72B686268191D2960D3F845
:1015A000009000214846FFF733FE002861D0A0EBF1
:1015B00009006060A5E7236843F0200323607822D8
:1015C000314884F845202A6813F0800F52F8041B34
:1015D00003D113F0400F18BF89B22A60DA0744BF65
:1015E00043F02003236019B9236823F0200323600C
:1015F0004FF0100EADE7582384F84530214823689A
:10160000E1E72368DBE77546E146B1FBF5F305FB4F
:10161000131A0A46AA4210F80A1009F8011D1946C1
:10162000F3D2BEF1080FA8D12368DD07A5D5626803
:1016300023699A42A1DC302309F8013C09F1FF3902
:101640009BE719801FE7B2F900100A4669E7626854
:10165000A2602D20002A84F8430002DB23F004035B
:1016600023600A2507484942AE46CDE74FF0080EF1
:101670006FE7606845E7037884F8423004F1420977
:1016800078E700BF743601088836010851F8043C39
:10169000181F002BBCBF0B58C018704738B5074D3A
:1016A0000022044608462A6007F0B8FD431C00D01B
:1016B00038BD2B68002BFBD0236038BD70020020A2
:1016C0007BB972B90029BEBF00204FF0004106E08F
:1016D00008BF00281CBF6FF000414FF0FF3000F042
:1016E000D3B9ADF1080C6DE904CE002909DB002B5C
:1016F0001ADB00F04DF8DDF804E0DDE9022304B068
:101700007047404261EB4101002B1BDB00F040F8C9
:10171000DDF804E0DDE9022304B0404261EB410161
:10172000524263EB43037047524263EB430300F0C2
:101730002FF8DDF804E0DDE9022304B0404261EB5C
:1017400041017047524263EB430300F021F8DDF89A
:1017500004E0DDE9022304B0524263EB4303704727
:1017600053B94AB9002908BF00281CBF4FF0FF3108
:101770004FF0FF3000F088B9ADF1080C6DE904CEF0
:1017800000F006F8DDF804E0DDE9022304B070475C
:101790002DE9F047089D0F4604468C46002B48D1A2
:1017A0008A42164661D9B2FA82F34BB1C3F12002E4
:1017B00001FA03FC20FA02F29E4042EA0C0C9C4023
:1017C0004FEA164EB7B2BCFBFEF1220C0EFB11CC59
:1017D00042EA0C4201FB07F0904209D9B21801F12C
:1017E000FF3C80F0EE80904240F2EB8002393244C0
:1017F000121AA4B2B2FBFEF00EFB102244EA02441D
:1018000000FB07F7A74209D9341900F1FF3280F035
:10181000DA80A74240F2D7803444023840EA0140DF
:10182000E41B00211DB1DC400023C5E90043BDE8F5
:10183000F0878B4206D90DB1C5E9000100210846A9
:10184000BDE8F087B3FA83F1002948D1BB4202D347
:10185000824200F20781841A67EB0302012094465A
:10186000002DE4D0C5E9004CE1E7002A00F09280A9
:10187000B2FA82F3002B40F0A8808A1A4FEA164E83
:101880001FFA86FC0121200CB2FBFEF70EFB17228B
:1018900040EA02420CFB07F0904207D9B21807F168
:1018A000FF3802D2904200F2E2804746121AA4B2F8
:1018B000B2FBFEF00EFB102244EA02440CFB00FCDB
:1018C000A44507D9341900F1FF3202D2A44500F231
:1018D000CB801046A4EB0C0440EA0740A2E7C1F11C
:1018E00020068B4022FA06FC4CEA030C07FA01F4AE
:1018F00020FA06F3F7404FEA1C49234300FA01F8A7
:101900001FFA8CFEB7FBF9F01C0C09FB107744EAB8
:10191000074400FB0EF7A74202FA01F20AD91CEBBA
:10192000040400F1FF3A80F09B80A74240F29880C7
:1019300002386444E41B9FB2B4FBF9F309FB13447F
:1019400047EA044403FB0EFEA64509D91CEB040438
:1019500003F1FF3780F08280A6457FD9023B6444C3
:1019600043EA0040A4EB0E04A0FB02E7BC4273462E
:10197000B94663D360D05DB1B8EB030264EB0904F0
:1019800004FA06F622FA01F31E43CC40C5E90064CE
:1019900000214CE76208480842EAC1710B0C43EA97
:1019A00000438AB242EA0342B3FBF6F1E407B446CD
:1019B0003746B6461F23B0FBF6F0D21B41EA004182
:1019C00061E7614614E7104628E7C3F1200120FAD9
:1019D00001F29E4027FA01F19F403A434FEA164E2A
:1019E0001FFA86FCB1FBFEF70EFB1710110C41EA43
:1019F000004107FB0CF8884504FA03F43AD9711842
:101A000007F1FF3001D288451FD8A1EB0801B1FBD7
:101A1000FEF808FB0CF70EFB181192B242EA0142E5
:101A2000BA422FD2B21808F1FF31C6D2BA42C4D29C
:101A3000A8F102013244C0E7F0459CD2BEEB02039C
:101A400067EB0C070138B94695E7A6EB0808414457
:101A5000B81EB1FBFEF808FB0CF7DCE73B467FE75E
:101A6000504667E70846FBE63444023832E7023F57
:101A700032441BE7A1EB08013846B1FBFEF808FB36
:101A80000CF7C8E7414698E7704700BF08B410B5A7
:101A9000002A9DB0044636DB4FF40273ADF81430D3
:101AA0004FF000031B930291069120AB17D0013A2F
:101AB0004FF6FF7104920792ADF816101F9A01932A
:101AC00002A9FFF717F8421C01DA8B232360029B5F
:101AD00000221A701DB0BDE8104001B070474FF6EB
:101AE000FF7104920792ADF816101F9A019302A994
:101AF000FFF700F8431C01DA8B2323601DB0BDE81B
:101B0000104001B070478B2303604FF0FF30F5E7C2
:101B10000CB410B5214B00291C689CB038DB4FF089
:101B200000034FF402721B93ADF81420029006904C
:101B30001FAB18D001394FF6FF7204910791ADF831
:101B4000162002A91E9A01932046FEF7D3FF421CDD
:101B500001DA8B232360029B00221A701CB0BDE8BF
:101B6000104002B070474FF6FF7204910791ADF834
:101B7000162002A91E9A01932046FEF7BBFF431CC4
:101B800001DA8B2323601CB0BDE8104002B070471F
:101B90008B2323604FF0FF30F5E700BF00000020EB
:101BA00038B5124B1D682A6B04461AB10023C2E9EE
:101BB000044338BD182000F053FE0246286378B174
:101BC00001200021C2E90401094B0A480A49916039
:101BD000C2E900030B2393810023C2E9044338BD0B
:101BE000064B0748462100F073F800BF00000020B4
:101BF00034126DE60E33CDABECDE0500A03B0108E0
:101C0000B83B01081C4B10B51C68226B8AB11369E4
:101C10001A4954691A4803FB01F100FB0411A3FBA4
:101C20000030013341EB0001C2E9043121F00040F2
:101C300010BD182000F014FE0246206388B1114C3C
:101C4000114B0E48114991609FED097BC2E9004399
:101C50000B2393810E4B014682ED047BC2E90431D4
:101C600010BD0C4B0C48522100F032F8AFF300804D
:101C70000100000000000000000000202DF4515879
:101C80002D7F954C0E33CDAB34126DE6ECDE0500A6
:101C90002E7F954CA03B0108B83B010810B4044CC2
:101CA00003460A4620685DF8044B194600F090BED2
:101CB0000000002000B5054B83B0014601AA18685A
:101CC00000F086FE03B05DF804FB00BF00000020BA
:101CD00000B50B4C25681446EE681A4685B00346DD
:101CE0000D464CB107490095CDE90114304606492F
:101CF00000F022FF00F0B4FB04490C46F3E700BFFC
:101D000000000020E43B0108F43B0108F03B01081F
:101D100008B513460022FFF7DBFF00BF01292DE9BC
:101D2000F0415BD94FF00108C64600244FF0FF3563
:101D3000434608E0A3EB05081C464FF0010E04EBF8
:101D40000E03994210D900EB050CC75C1CF80E601D
:101D5000B742EFD332D04FF001082546C64644447F
:101D600004EB0E039942EED80127C2F80080BE466C
:101D700000244FF0FF363B4607E09F1B1C464FF008
:101D8000010E04EB0E03994210D900EB060C10F87B
:101D900003801CF80EC0E045EFD817D00127264677
:101DA000BE463C4404EB0E039942EED80136681C53
:101DB000864201D317603046BDE8F081C6450ABFB0
:101DC00074440EF1010E4FF0010EB8E7BE450ABF94
:101DD00074440EF1010E4FF0010ED2E701270026E8
:101DE000E8E700BF2DE9F04F174687B005AA804607
:101DF0008946384619461C46FFF790FF059B02931B
:101E000082460246F918384600F0DCFF00285FD110
:101E100044F400630193029BE31A06460546A9EBCE
:101E200004010393CAF1010BA9421BD35645334663
:101E300038BF53469C4223D9581EEA1838444244BE
:101E400002E001339C421BD012F801CB10F801EFE5
:101E5000E645F6D09C4213D95D441D44A9424FF09B
:101E60000006E3D2019908EB090000F0D9FF814494
:101E7000A9EB0401A942D9D2002007B0BDE8F08F38
:101E800056450AF1FF337AD205EB0A02424407EBCA
:101E90000A00009502E09E4211D0734610F801CD71
:101EA00012F8015DAC4503F1FF3EF4D0009D013313
:101EB00001369E4207D8029B039E1D44B4E70136BB
:101EC0009E42009DF7D908EB050007B0BDE8F08FF2
:101ED000A4EB0A03534538BF534603F1010B07EB4C
:101EE0000A03CDF814B000250193CAF10106544548
:101EF00041D90AF1FF3CA9EB040E05EB0A0242446A
:101F000007EB0C015346CDF800C002E001339C42C0
:101F100031D012F8010B11F801CF8445F6D09C4264
:101F2000DDF800C027D935441D44AE4517D35445CC
:101F3000E3D805EB0A01019A414401E0BB42C2D05B
:101F400012F801CD11F8010D84451346F6D05D4419
:101F5000A9EB04039D4202D85445CAD8E9E708EB2F
:101F6000090044F4006100F05BFF8144A9EB040325
:101F7000AB42BCD280E7BAF1000FDAD1A3E75346F7
:101F800096E700BF2DE9F04FADF21C4D934605AD2D
:101F90002A4680468A46584619461C46FFF7BEFE2A
:101FA0002B4681460DF2144243F8044F9342FBD175
:101FB0006CB1601E58440BF1FF3212F8011FA31AD6
:101FC000013B06AE5B44824246F82130F5D12B68D6
:101FD00001934A460BEB0301584600F0F3FE00283C
:101FE00078D144F4006307460546AAEB040E029339
:101FF000661EAE4511D308EB050C06AA1CF8063088
:1020000052F82330C3B11FB1019A9A4288BFA31A74
:102010001D44AE454FF00007EDD208EB0A000299CF
:1020200000F0FEFE8244AAEB040EAE45E3D200208F
:102030000DF21C4DBDE8F08F4F453B4638BF4B4677
:102040009E4218D9591EEA1859444244009502E0AC
:1020500001339E420ED012F8010B11F8015F854248
:10206000F6D09E42009D06D9C9F101022A44D51836
:102070000027BEE7009D4F4509F1FF3380F08180C6
:1020800005EB090242440BEB09010095CDF80C90D9
:1020900002E09F4213D04B4611F8015D12F8010D8A
:1020A000854203F1FF39F4D0009DDDF80C90013337
:1020B00001379F4209D8019B1D44E71A99E7013770
:1020C0009F42009DDDF80C90F5D960460DF21C4D45
:1020D000BDE8F08FA4EB09034B4538BF4B460133F5
:1020E0002B60019344F400630025AAEB040E0093D7
:1020F000661EAE4509D308EB050006AA835D52F8BB
:1021000023306BB11D44AE45F5D208EB0A000099AF
:1021100000F086FE8244AAEB040EAE45EBD286E7C1
:10212000B14517D209F1FF3105EB09025944424488
:102130004B4602E00133B3420CD012F8017B11F898
:1021400001CFBC45F6D09E4204D9C9F101022A4410
:10215000D518CEE7B9F1000F3FF46AAF05EB0901DE
:1021600041440BEB090202E05B453FF461AF12F81A
:1021700001CD11F8017DBC451346F5D0019B1D44EE
:10218000C1E74B4694E700BF2DE9F0410D460978C1
:1021900090B0044600294AD06A78002A6AD0AB7809
:1021A000002B48D0E878002878D02B79002B66D017
:1021B000284600F065FB064640F40071204600F01A
:1021C0002FFE864245D8FE2E00F28180801B271804
:1021D0004022711C6846FEF7D1F86EB16A1E5FFAA4
:1021E00086FC901912F8013F03F03F036B44A91AD3
:1021F000614490421970F5D1013CA35D03F03F03A7
:102200006B441B781C44A74203D227E04444A742F6
:1022100024D314F806C00CF03F0CEC443246294697
:1022200020469CF8008000F0CDFD0028EED120462D
:1022300010B0BDE8F081007842EA014238B140EACE
:1022400003439A4214F8010FF8D1023CEFE79A4297
:10225000FBD00024204610B0BDE8F081BB5DB8196A
:10226000002BF6D04FF4006100F0DAFD0744A742DE
:10227000C2D2EEE710B0BDE8F04100F019B9227803
:10228000002AE6D0296809BA42EA0323204614F856
:10229000012FB2B19942F7D1C41EC8E7120442EA35
:1022A0000162217842EA0323024641EA020059B161
:1022B000B3EB002F14F8011F4FEA0022F5D1033CC5
:1022C000B5E79942C5D1E7E79342C2D1F7E70146A6
:1022D00033462A46204610B0BDE8F04152E600BF22
:1022E0002DE9F047074649480E46354616F801EBFA
:1022F00010F80EC01CF0080CF7D1BEF12D0F5AD00B
:10230000BEF12B0F03BF96F800E06446AE1C644696
:102310004BB9BEF1300F5CD00A23DFF8F4804FF0E8
:10232000050A99460AE0102B4AD04FF0FF38B8FB57
:10233000F3F803FB08FA6FEA0A0A994600252846D3
:1023400005E02CD009FB00C0012516F801EBAEF129
:10235000300CBCF1090F06D9AEF1410CBCF1190FDC
:102360000BD8AEF1370C634510DDB5F1FF3FECD073
:102370004045E6D94FF0FF35E7E7AEF1610CBCF11F
:10238000190F03D8AEF1570C6345EEDC6B1C0BD074
:1023900004B140420AB165B91160BDE8F087D44587
:1023A000D0DD4FF0FF35D0E722233B602846002ADE
:1023B000F3D0711EF0E796F800E00124AE1CA7E709
:1023C000BEF1300F11D04FF00F0A6FF070489946F0
:1023D000B4E7337803F0DF03582B0BD008234FF01A
:1023E000070A6FF060489946A8E7307800F0DF00F0
:1023F0005828E8D14FF0100996F801E04FF00F0A85
:1024000002366FF070484B4698E700BF6D34010804
:102410009999991964E700BF10B4044C8446134697
:1024200020685DF8044B0A46614659E70000002029
:1024300010B4044C8446134620685DF8044B0A46E9
:1024400061464DE70000002010B4044C03460A46E4
:1024500020685DF8044B194600F00AB8000000201F
:1024600008B5062000F010FC012006F005FF00BFB3
:1024700070B5A1FB025454B92946FEF777FD064614
:1024800018B12A462146FDF779FF304670BD0C226F
:1024900002600026F9E700BF10B4044C03460A4668
:1024A00020685DF8044B1946FEF77CBE0000002052
:1024B00011F0FF01034600F0030239D08ABB026825
:1024C00010B501EB012E0EEB0E4E8EEA0204A2F1C6
:1024D000013323EA0203A4F1013222EA0402134386
:1024E00013F0803F0FD150F8044F84EA0E0CA4F192
:1024F0000133ACF1013223EA040322EA0C02134354
:1025000013F0803FEFD0037823B936E010F8013F95
:10251000002B32D09942F9D110BD8A4228D09A07B7
:1025200029D01A7818460133002AF6D11046704790
:10253000CAB90268A2F1013323EA020313F0803F13
:1025400008D150F8042FA2F1013323EA020313F05B
:10255000803FF6D003785BB110F8013F002BFBD130
:102560007047990705D0184613F8012B002AF8D1B7
:1025700070471846DDE71846A1E7184610BD00BFB2
:1025800002780B78012A28BF9A4240F0D8806DE982
:10259000044540EA0104CDE902676FF0000C4FEA00
:1025A00044721AB380EA010414F0070F6BD100F0F3
:1025B000070420F0070004F0030521F007014FEAAB
:1025C000C505F0E8042314F0040FF1E804670CFAE1
:1025D00005F462EA040266EA04060BD063EA040327
:1025E000624667EA0407664604E000BFF0E8042399
:1025F000F1E8046782FA4CF582EA0604A4FA8CF446
:102600006CBB83FA4CF583EA0705A5FA8CF595B9FE
:1026100050E9022351E9026782FA4CF582EA060486
:10262000A4FA8CF483FA4CF583EA0705A5FA8CF535
:102630002543DBD09CB92DBAB5FA85F424F0070404
:1026400027FA04F1DDE9026723FA04F303F0FF003F
:1026500001F0FF01FDE80445A0EB0100704724BA3A
:10266000B4FA84F424F0070426FA04F1DDE90267E1
:1026700022FA04F202F0FF0001F0FF01FDE8044538
:10268000A0EB0100704714F0030F3CD110F00304DD
:1026900028D150F8082B51F8083B82FA4CF582EA11
:1026A0000305A5FA8CF55DB950F8042C51F8043CEB
:1026B00082FA4CF582EA0305A5FA8CF5002DE8D0E4
:1026C0002DBAB5FA85F424F0070423FA04F122FAAE
:1026D00004F202F0FF0001F0FF01FDE80445A0EB69
:1026E000010070474FEAC40420F0030050F8082BA3
:1026F00021F0030151F8083B0CFA04F462EA0402E9
:1027000063EA0403C9E710F003041DD0A1EB040140
:1027100020F00300E40750F8042B06D012D28B7887
:102720005FFAA2F4E41A06D12BB1CB785FFAB2F4C7
:10273000E41A00D133B920465DF8104B7047A2EB84
:102740000300704701F1040150F8042BCC0721F07D
:10275000030151F8043B48D824D222F07F4482FA86
:102760004CF594EA1325A5FA8CF50AD165B951F810
:10277000043B84EA0204B4EB036F0ED150F8042B3F
:10278000EBE74FEA132355E035F07F454DD108784C
:10279000FDE80445C0F1000070474FEA126203F003
:1027A000FF0347E002EA1C4482FA4CF594EA134521
:1027B000A5FA8CF50AD165B951F8043B84EA020404
:1027C000B4EB034F0CD150F8042BEBE74FEA134363
:1027D00030E015EA1C4528D10B884FEA124229E067
:1027E0004FEA124203EA1C4324E002F0FF0482FA9B
:1027F0004CF594EA1365A5FA8CF50AD165B951F840
:10280000043B84EA0204B4EB032F09D150F8042BF3
:10281000EBE74FEA13630DE015F0FF0F05D10B68EE
:102820004FEA122223F07F4304E04FF00000FDE85E
:102830000445704712BA1BBA82FA4CF482EA0304C8
:10284000A4FA8CF5B5FA85F402FA04F203FA04F35B
:102850004FEA1260FDE80445A0EB1360704700BF2B
:10286000024B01461868FEF781BB00BF0000002044
:10287000024B01461868FEF70FBC00BF00000020A5
:1028800030B490F800F020F007016FF0000C10F069
:10289000070491F820F040F048804FF000046FF0FA
:1028A0000700D1E9002391F840F000F1080082FA16
:1028B0004CF2A4FA8CF283FA4CF3A2FA8CF34BBBE1
:1028C000D1E9022382FA4CF200F10800A4FA8CF25A
:1028D00083FA4CF3A2FA8CF3E3B9D1E9042382FA28
:1028E0004CF200F10800A4FA8CF283FA4CF3A2FA3D
:1028F0008CF37BB9D1E9062301F1200182FA4CF275
:1029000000F10800A4FA8CF283FA4CF3A2FA8CF3DB
:10291000002BC6D0002A04BF04301A4612BAB2FAFD
:1029200082F200EBD20030BC7047D1E9002304F002
:102930000305C4F100004FEAC50514F0040F91F837
:1029400040F00CFA05F562EA05021CBF63EA0503D4
:1029500062464FF00004AAE78AB330B540EA0104AA
:10296000A40786460B4617D1032A07D814E0043A79
:1029700023D01CF0803F20D1032A26D9DEF8004066
:10298000194653F8045BA4F1013CAC4270462CEAB2
:10299000040C0EF1040EEAD003780C78013AA3423D
:1029A00008BF121807D00CE06BB110F8013F11F806
:1029B000014FA34205D19042F6D1002030BD104610
:1029C0007047181B30BD184630BD70461946E3E706
:1029D0002DE9F047DFF8749007460E46904600F068
:1029E000EDF9D9F800504DB133781C466BB134463F
:1029F00002E014F8013F3BB13D2BFAD1384600F01C
:102A0000DFF90020BDE8F087A41B28680028F5D076
:102A100022463146FFF7A0FF28B92868035D3D2B09
:102A200000EB040A04D055F8040F0028F0D1E5E7C4
:102A3000D9F80030EB1A9B103846C8F8003000F087
:102A4000BFF90AF10100BDE8F08700BF6C0000206B
:102A500000B583B001AAFFF7BBFF03B05DF804FB2C
:102A600080EA0102844612F0030F4FD111F0030FE8
:102A700032D14DF8044D11F0040F51F8043B0BD046
:102A8000A3F101329A4312F0803F04BF4CF8043B9B
:102A900051F8043B16D100BF51F8044BA3F10132A9
:102AA0009A4312F0803FA4F101320BD14CF8043B61
:102AB000A24312F0803F04BF51F8043B4CF8044B92
:102AC000EAD023460CF8013B13F0FF0F4FEA332303
:102AD000F8D15DF8044B704711F0010F06D011F8E2
:102AE000012B0CF8012B002A08BF704711F0020FD0
:102AF000BFD031F8022B12F0FF0F16BF2CF8022BBB
:102B00008CF8002012F47F4FB3D1704711F8012BDD
:102B10000CF8012B002AF9D1704700BF0CB400B5A6
:102B200083B004AB53F8042B019300F0EFF903B02A
:102B30005DF804EB02B070470EB410B583B005AB7E
:102B4000064C53F8042B01930146206800F0DEF98F
:102B500003B0BDE8104003B0704700BF0000002084
:102B600038B5C46B0CB1002038BD80210546FEF796
:102B7000FDF90246E86330B1031F7C3243F8044F8D
:102B80009342FBD1EFE74FF0FF3038BD30B51F293E
:102B900083B0054608D8C36B0C465BB153F82400DC
:102BA00043F8242003B030BD162303604FF0FF30FC
:102BB00003B030BD80210192FEF7D8F9019AE86395
:102BC00003460028F2D0011F00F17C05002041F8E7
:102BD000040FA942FBD1E1E71F2938B505461ED8ED
:102BE000C26B0C466AB152F8213053B1012B06D0AA
:102BF000591C10D0002142F824102046984700208C
:102C000038BD284600F03AF9224601462846BDE87C
:102C1000384000F01DB916230360012038BD16238B
:102C200003604FF0FF3038BD1F2929D8C26B38B57B
:102C30000C4605469AB152F8243053B1591C0CD0B9
:102C4000012B08D00025204642F8245098472846FA
:102C500038BD012038BD032038BD022038BD802199
:102C6000FEF784F90246E86338B1031F00217C3087
:102C700043F8041F8342FBD1DDE74FF0FF3038BD3E
:102C80004FF0FF30704700BF38B5134B1F281D6849
:102C90001DD8EA6B044662B152F820304BB1012BCB
:102CA00005D0591C0FD0002142F820109847002071
:102CB00038BD284600F0E2F8224601462846BDE825
:102CC000384000F0C5B816232B60012038BD16230C
:102CD0002B604FF0FF3038BD00000020114B1F2843
:102CE00070B51E6808D8F36B04460D464BB153F817
:102CF000240043F8245070BD162333604FF0FF309A
:102D000070BD80213046FEF731F90346F06300289C
:102D1000F4D0021F00217C3042F8041F8242FBD114
:102D2000E5E700BF0000002038B50B4B1D68EC6BD9
:102D30000CB1002038BD80212846FEF717F9E86362
:102D400038B1031F00F17C0243F8044F9342FBD1DA
:102D5000EFE74FF0FF3038BD0000002038B5164BCC
:102D60001F281D6825D8EA6B04469AB152F8243012
:102D700053B1591C0CD0012B08D00025204642F835
:102D800024509847284638BD012038BD032038BD5F
:102D9000022038BD80212846FEF7E8F80246E863A5
:102DA00038B1031F00217C3043F8041F8342FBD15C
:102DB000DCE74FF0FF3038BD00000020704700BF57
:102DC000704700BF032A30B412D941EA0004A407B7
:102DD00084460B4621D11946604653F8044B5CF8F3
:102DE000045BA54219D1043A032AF4D86046194677
:102DF000541E7AB1431E0139021901E09A4209D0EA
:102E000013F8010F11F801CF6045F7D0A0EB0C00CB
:102E100030BC7047002030BC7047541EEAE700BF4A
:102E200099B110B4034601EB000C01E09C4508D0B9
:102E30001A4601331478002CF8D1101A5DF8044BAF
:102E4000704708465DF8044B70470846704700BF5E
:102E500070B50C46084D03460026204611461C4618
:102E60002E6006F001FA431C00D070BD2B68002BC9
:102E7000FBD0236070BD00BF7002002006F0F2B9E5
:102E80009368013B002B936011DA10B49469A3425C
:102E900009DB0A2907D01368581C1060197008460E
:102EA0005DF8044B70475DF8044B00F0DDB9136822
:102EB000581C106019700846704700BF9BB1F8B5E8
:102EC000134406460F46541E5D1E01E0AC4208D076
:102ED00014F8011F3A463046FFF7D2FF431CF5D1E4
:102EE000F8BD0020F8BD0020704700BF936810B502
:102EF00014461BB918460023636010BD00F08EFA1B
:102F00000023A3600023636010BD00BF2DE9F04FD4
:102F10009FB00F4692461C46039018B1036A002BDF
:102F200000F00881BB891D0740F18B803B69002BB5
:102F300000F0878000230B9343F22003ADF831307B
:102F40009AF800307D4D05940126002B72D0D146B1
:102F500003E019F8013F002B7DD0252BF9D1B9EB07
:102F60000A0B7BD199F80030002B63D000234FF07F
:102F7000FF32CDE9072309F10109069309938DF882
:102F80005B301C9304E006FA03F313430693A14657
:102F90004C46052214F8011B2846FEF739F9A246D3
:102FA000069A431B0028EED1D00644BF20238DF89B
:102FB0005B30110799F8001044BF2B238DF85B306C
:102FC0002A2961D1059B1968043300290593C0F2B1
:102FD0008D80099199F801102E296BD05848032251
:102FE000FEF716F940B1564A069B801A40228240ED
:102FF00013430AF1010A06931AF8011B51488DF890
:1030000030100622FEF704F9002875D04E4800283B
:1030100065D005AA00924D4B03983A4606A9AFF336
:103020000080421C06D00B9B03440B939AF800309F
:10303000002B8CD1BB895B060AD40B981FB0BDE86E
:10304000F08F0398394600F091F800283FF472AFF2
:103050004FF0FF30F2E7B9EB0A0BEBD00AF1FF3883
:103060004446039818F8011F3A46FFF709FF023457
:103070000130A4EB0A04DDD0A345F1D80B9A99F8EE
:1030800000305A440B926FE7A1F13002092A88BF41
:10309000CA46A1D8099B00E00134217803EB8303E1
:1030A00002EB4303A1F13002092AF5D92E29099335
:1030B000A24693D19AF801102A2926D1059B9AF8A5
:1030C00002101A6807920433002A0AF102000593DD
:1030D000B8BF4FF0FF338246B8BF07937EE7059B2A
:1030E000073323F00703083305939CE7494242F076
:1030F0000202099106926DE705AA0092134B03980C
:103100003A4606A9FEF77CF98BE7A1F130020023CD
:10311000092A07930AF1010A3FF660AF1AF8011F66
:1031200003EB830302EB4303A1F13002092AF5D933
:10313000079353E7FDF7FEFAF4E600BF6036010897
:10314000683601086C36010800000000BD2E00083A
:1031500010B4054C8446134620685DF8044B0A46BB
:103160006146FFF7D3BE00BF0000002038B53D4BDD
:103170001B6805460C4613B11A6A002A5AD0B4F9E6
:103180000C3019070BD522699AB113F0010221D135
:103190009B075ABF6369A360A260002038BDDA06AE
:1031A00058D558071CD4226943F00803A381002A8C
:1031B000EBD1990528D5180603F0800124D4D8074F
:1031C00041D49D073CD5A2600029E6D043F04003DE
:1031D000A38144E0636900225B42A260A361DCE753
:1031E000616B51B104F14402914204D02846FDF7CD
:1031F00053FFB4F90C300022626322690021C4E954
:10320000002123F02403CFE72146284600F07CF874
:10321000B4F90C30226913F001010FD0616900206C
:103220004942A060A161002AB7D103F080010029C2
:10323000B3D0CBE71846FDF77DFAA0E7980700D496
:103240006169A160EFE76069A2604042A061002966
:10325000A3D0BBE7092243F040032A60A3814FF0CB
:10326000FF3038BD00000020F8B50D461446064674
:1032700010B1036A002B37D0A389A269A2601A0794
:1032800019D52369BBB122686169D31AEDB299429D
:103290002F4620DD0133A1680139A160511C216056
:1032A000157062699A420DD0A389DB0701D50A2DFA
:1032B00008D03846F8BD21463046FFF757FF38B9E9
:1032C0002369E0E721463046FDF7EEFA0028F0D00A
:1032D0004FF0FF37EDE721463046FDF7E5FA0028CD
:1032E000F6D122680123D6E7FDF724FAC4E700BF30
:1032F00010B4044C03460A4620685DF8044B194696
:10330000FFF7B2BF0000002070B5B1F90C300C46D9
:10331000990796B007D504F147030122C4E90432A6
:10332000236016B070BDB4F90E100029054629DBE4
:103330006A4600F0F7F9002822DB4FF48061284646
:10334000019EFDF713FE88B3A389206043F080033C
:1033500006F47046A381B6F5005F4FF48063C4E9BC
:103360000403DED1B4F90E10284600F0C9F9002894
:10337000D7D0A38923F0030343F00103A381D0E74F
:10338000B4F90C3013F0800F14BF40264FF4806660
:1033900031462846FDF7EAFD40B1A389206043F09D
:1033A0008003C4E90406A38116B070BDB4F90C30E3
:1033B0009A05B6D423F0030304F1470243F0020355
:1033C0000121C4E90421A3812260AAE770B50C465B
:1033D000B1F90E10002996B015461E4613DB6A4659
:1033E00000F0A0F900280EDB019901F47041A1F56D
:1033F0000051B1FA81F14FF4806349090020316036
:103400002B6016B070BDA18911F0800102D000219F
:103410004023F3E74FF48063F0E700BF9368002B8D
:1034200000F0B6802DE9F04FB1F90CC01CF0080F88
:1034300083B0174680460C4627D00B692BB31CF08F
:1034400002033D682DD04FF0000ADFF8B0B25646B7
:10345000B9465E453346524628BF5B464046002E7D
:1034600000F08580216AA76AB847002840F3888069
:10347000D9F808301B1A8244361AC9F80830002BD4
:10348000E7D1002003B0BDE8F08F21464046FFF7AA
:103490006DFE002879D1B4F90CC03D681CF0020320
:1034A000D1D11CF0010975D14E460097002E5AD09B
:1034B0001CF4007F2068D4F808B000F0B180B34558
:1034C0005A4600F2DF801CF4906F32D023696269A3
:1034D000A0EB030A02EB420202EBD2720AF10101F5
:1034E00052103144914292BF93468B460A461CF4D7
:1034F000806F00F0E58011464046FDF737FD00285B
:1035000000F0F580524621690190FCF79DFEA289EA
:10351000019B22F4906242F08002A28103EB0A0038
:103520002361ABEB0A03C4F814B0A3602060B34678
:10353000324649460192FDF7F1FBA368019AA3EBDD
:103540000B012368A1601344B24623600026009A51
:103550009368A3EB0A03D1449360002B91D0B4F994
:103560000CC0002EA4D1D5E9009608359EE7D5E918
:1035700000A608356DE721464046FDF795F970B382
:10358000B4F90C3043F04003A3814FF0FF3079E7EA
:10359000002070471E46BA469946184600951F46B9
:1035A0005EB3002831D04A46D4E904132068B24201
:1035B00028BF3246884204D9A16803EB010B5A4563
:1035C00070DC934261DC216AA56A3A464046A8470E
:1035D000B0F1000BD4DDB9EB0B09CCD00120DAF847
:1035E0000830A3EB0B035F44A6EB0B06CAF80830C8
:1035F000002B3FF446AF002ED3D1009A56681346F5
:1036000008320092002EF8D01F6832460A21384650
:10361000FDF7FEFD002867D00130A0EB0709C2E7E7
:103620002369834216D36269B24213D86FF0004314
:10363000B34228BF3346216A93FBF2F3A76A02FB29
:1036400003F340464A46B847B0F1000A98DDA6EBBE
:103650000A067CE7B345DA4628BFB24652464946D9
:10366000FDF75CFBA3682268A3EB0A035244A36046
:103670002260002BEBD121464046FDF715F90028CA
:10368000E5D07DE7B346324653E739460192FDF770
:1036900045FB019AA3689B1AA36023681344236027
:1036A000934698E739465A46FDF738FB23685B4452
:1036B000236021464046FDF7F7F800288BD05FE7EE
:1036C00019464046FDF76EFD034600287FF426AFFD
:1036D00021694046FDF7E0FCB4F90C300C22C8F833
:1036E000002023F080034DE7721C91465CE70C221A
:1036F000B4F90C30C8F8002044E700BF00FCFF7F9D
:1037000038B5074D0022044608462A6005F0E0FD62
:10371000431C00D038BD2B68002BFBD0236038BD84
:103720007002002070B50C46084D03460026204666
:1037300011461C462E6005F0C6FD431C00D070BD2E
:103740002B68002BFBD0236070BD00BF70020020EF
:103750000FB400B5C3B044AB53F8042B01934FF43E
:10376000807102A8FCF758FE002809DDFF2800DD63
:10377000FF204FF47A7382B202A9044803F03DFAA5
:1037800043B05DF804EB04B0704700BFE4050020CF
:1037900008B50268034B9A4200D008BD02F06CFFE6
:1037A000FBE700BF0010004072B6FEE710B594B012
:1037B00008AC302200212046FCF7E0FD00230393F3
:1037C00004930593069307930193224A116C41F0E9
:1037D00080511164126C02F080520192019A02939E
:1037E0001D4B1A6842F480421A601B6803F4804340
:1037F0000293029B052308934FF48033099301231E
:103800000A9302230E934FF480020F920822109223
:103810004FF4A8721192129304231393204601F0DF
:1038200041FF90B90F2303930223049300230593D0
:103830004FF4A05306934FF480530793052103A838
:1038400002F09AF918B914B010BDFFF7ADFFFFF7F9
:10385000ABFF00BF003802400070004008B502F026
:10386000F1FEFFF7A3FF00F02DF800F0BDFA00F025
:1038700083FB00F0D9F900F063FA00F053FE00F08A
:10388000B1FB00F0E5FB00F019FC00F0B9FD00F021
:103890002FFE00F067FE00F0DBFA05F01DFD00F0E2
:1038A00013FB0648FFF754FF0548FFF751FF05F0EB
:1038B000D7F800F08BF905F0E5F8FEE77035010860
:1038C000883501082DE9F04F8DB007AE002407942C
:1038D000089409940A940B9401946F4B1A6B42F06C
:1038E00010021A631A6B02F010020192019A0294FC
:1038F0001A6B42F004021A631A6B02F0040202927D
:10390000029A03941A6B42F080021A631A6B02F057
:1039100080020392039A04941A6B42F001021A6324
:103920001A6B02F001020492049A05941A6B42F099
:1039300002021A631A6B02F002020592059A0694BB
:103940001A6B42F008021A631B6B03F0080306931C
:10395000069BDFF850A122460621504602F0A0FB4C
:10396000DFF84481224640F6BC01404602F098FB55
:10397000DFF8389122460121484602F091FB0122EE
:103980000621484602F08CFB22468121434802F082
:1039900087FB434F22464FF60471384602F080FB06
:1039A00001228021384602F07BFB4FF0060BCDF858
:1039B0001CB00894012509953146384802F07AFA7E
:1039C000CDF81CB0089509940A953146504602F08E
:1039D00071FABC230793089509940A95314640462D
:1039E00002F068FA079508954FF0020ACDF824A076
:1039F0000A953146484602F05DFACDF81CB00895AC
:103A000009940A953146484602F054FA81230793F7
:103A1000089509940A953146204802F04BFA4FF474
:103A20007F430793089509940A953146384602F07A
:103A300041FA4FF48853079308940995314640465C
:103A400002F038FA4FF4006307930895CDF824A0EC
:103A50000A953146404602F02DFA04230793089553
:103A6000CDF824A00A953146384602F023FA1823EF
:103A70000793089409953146384602F01BFA8023D3
:103A800007931123089309940A953146384602F0AA
:103A900011FA0DB0BDE8F08F00380240001002406E
:103AA000000C0240000802400000024000040240F6
:103AB00008B5012005F05CF8FBE7000010B59EB0EA
:103AC000354B0193354B0093354B364A364901202F
:103AD00007F01EFA02AC204607F09CF90DF1640EC7
:103AE000A446BCE80F00AEE80F00DCF80030CEF8CA
:103AF00000302E4B19932E4B1A932E4B1B932E4BAB
:103B00001C9319A807F094F920B94FF47A7005F0C6
:103B10002FF8FAE702AC204607F0A8F90DF1640C83
:103B20000FCCACE80F002368CCF8003019AB0022B2
:103B300011460CA807F0ACF820B14FF47A7005F0EC
:103B400017F8FAE70CAB1D4A1D490AA807F0EAF876
:103B500020B14FF47A7005F00BF8FAE707F05EFE3B
:103B60000246184B0AA909A807F018F920B14FF42A
:103B70007A7004F0FDFFFAE700230893002208A9F9
:103B800009A807F061F8089B013308934FF47A7095
:103B900004F0EEFFF2E700BFE9A90008AFA90008B2
:103BA000A1A9000889A90008E405002025A80008AB
:103BB00045A8000865A80008A5A80008F03B010872
:103BC000B0350108C03501087047000008B50C4841
:103BD00004F0DCFF0B4B18600B4804F0D7FF0B4BD5
:103BE00018600B4A00210B4804F068FF0A4B18606C
:103BF0000A4A00210A4804F061FF0A4B186008BD18
:103C0000343C010878020020243C010874020020A2
:103C1000683C0108B13A000880020020443C0108D9
:103C2000BD3A00087C02002000B585B00023009357
:103C30000193029303931548154A02604FF48032B2
:103C4000426083600361037680F82030C362114ACA
:103C50008262C3600122C26180F83030426101F0AB
:103C60002BFC60B90E230093012301930293694654
:103C7000064801F04DFC28B905B05DF804FBFFF7DC
:103C800093FDEFE7FFF790FDF6E700BFE4020020A9
:103C9000002001400100000F30B589B000230393DC
:103CA0000493059306930793026803F1804303F599
:103CB00090339A4201D009B030BD044600250195E9
:103CC00003F58C335A6C42F480725A645A6C02F4D5
:103CD00080720192019A02951A6B42F004021A63F3
:103CE0001B6B03F004030293029B10230393032333
:103CF000049303A90F4802F0DDF80F480F4B03604F
:103D000045608560C5604FF4806303614FF40063D4
:103D100043614FF400538361C5610562456202F05F
:103D200041FA18B9044BA3639C63C4E7FFF73CFD59
:103D3000F8E700BF0008024084020020106402403F
:103D400008B50B480B4B03601023436000238360CE
:103D5000C36003614361037643768376C37603775A
:103D6000437702F09BFC00B908BDFFF71DFDFBE7A0
:103D70002C0300200064004000B589B000230393A9
:103D800004930593069307930268154B9A4202D059
:103D900009B05DF804FB0021019103F5EA331A6CC8
:103DA00042F000721A641A6C02F000720192019AD9
:103DB00002911A6B42F008021A631B6B03F00803AE
:103DC0000293029B0323039302230493012306938C
:103DD0000923079303A9034802F06CF8D8E700BF52
:103DE00000640040000C024010B582B00024009432
:103DF000164B1A6B42F480021A631A6B02F48002AB
:103E00000092009A01941A6B42F400121A631B6B21
:103E100003F400130193019B224605210C2002F0BC
:103E2000FDFB0C2002F00AFC224605210E2002F0C8
:103E3000F5FB0E2002F002FC22460521382002F09C
:103E4000EDFB382002F0FAFB02B010BD0038024052
:103E500008B50948094B0360002343607F22826054
:103E6000FF22C26003614361836102F00FFD00B96C
:103E700008BDFFF799FCFBE7540300200028004031
:103E800000B585B000230093019302930393026869
:103E90000B4B9A4202D005B05DF804FB022300935D
:103EA0004FF480730393684601F05AFF20B9054B25
:103EB0000122C3F83C2EEEE7FFF776FCF7E700BFE0
:103EC000002800400000474200B587B0002304935B
:103ED000059300930193029303932548254A0260BA
:103EE0005322426083604FF6FF72C26003614361F8
:103EF000836101F007F840BB00230493059304A9F4
:103F00001B4801F0CDF918BB0A230093012301934C
:103F10000022029203926946154801F05BF9D0B97C
:103F200004226946124801F055F9B8B908226946D9
:103F30000F4801F04FF9A0B90C2269460C4801F076
:103F400049F988B907B05DF804FBFFF72DFCD3E70A
:103F5000FFF72AFCD8E7FFF727FCE1E7FFF724FC8F
:103F6000E4E7FFF721FCE7E7FFF71EFCEAE700BF05
:103F7000DC0400200000014010B58CB003AC24220A
:103F800000212046FCF7FAF900230193029314481C
:103F90004FF080420260436083604FF0FF32C260A6
:103FA0000361802383610323039301220592052388
:103FB000079309920B93214600F0D0FF48B90023E4
:103FC0000193029301A9064801F06AF920B90CB0E7
:103FD00010BDFFF7E9FBF2E7FFF7E6FBF7E700BFED
:103FE0009404002010B58CB003AC2422002120469C
:103FF000FCF7C4F90023019302931348134A0260AB
:10400000436083604FF6FF72C260036183610323E4
:104010000393012205920523079309920B932146EE
:1040200000F09CFF48B900230193029301A90648C0
:1040300001F036F920B90CB010BDFFF7B5FBF2E77F
:10404000FFF7B2FBF7E700BF4C040020000400407C
:1040500010B58CB003AC242200212046FCF78EF969
:104060000023019302931348134A02604360836064
:104070004FF6FF72C2600361836103230393012241
:1040800005920523079309920B93214600F066FFE2
:1040900048B900230193029301A9064801F000F9F1
:1040A00020B90CB010BDFFF77FFBF2E7FFF77CFBF8
:1040B000F7E700BF040400200008004010B58CB0F2
:1040C00003AC242200212046FCF758F90023019379
:1040D00002931348134A0260436083604FF0FF323B
:1040E000C2600361836103230393012205920523C8
:1040F000079309920B93214600F030FF48B9002343
:104100000193029301A9064801F0CAF820B90CB046
:1041100010BDFFF749FBF2E7FFF746FBF7E700BFEB
:10412000BC030020000C004000B589B000230393BD
:1041300004930593069307930268154B9A4202D0A5
:1041400009B05DF804FB0021019103F59C335A6C22
:1041500042F001025A645A6C02F001020192019A83
:1041600002911A6B42F010021A631B6B03F01003EA
:104170000293029B4FF4D4430393022304930693C8
:104180000123079303A9034801F094FED8E700BF79
:104190000000014000100240F0B58FB000230993E9
:1041A0000A930B930C930D930368B3F1804F0BD0DC
:1041B000654A934249D0654A934270D0644A93421B
:1041C00000F097800FB0F0BD0024009403F50E338B
:1041D0001A6C42F001021A641A6C02F00102009299
:1041E000009A01941A6B42F001021A631A6B02F0F2
:1041F00001020192019A02941A6B42F002021A63C0
:104200001B6B03F002030293029B4FF400430993DC
:1042100002270A9701250C950D9509AE31464D48A8
:1042200001F048FE082309930A970B940C950D950D
:104230003146494801F03EFE224605211C2002F08D
:10424000EDF91C2002F0FAF9BCE700240394434B7B
:104250001A6C42F002021A641A6C02F00202039213
:10426000039A04941A6B42F002021A631B6B03F068
:1042700002030493049B3023099302230A9301222F
:104280000C920D9309A9344801F014FE2246052131
:104290001D2002F0C3F91D2002F0D0F992E700249E
:1042A00005942E4B1A6C42F004021A641A6C02F048
:1042B00004020592059A06941A6B42F002021A63F0
:1042C0001B6B03F002030693069BC0230993022392
:1042D0000A9301220C920D9309A91F4801F0EAFDEF
:1042E000224605211E2002F099F91E2002F0A6F9AF
:1042F00068E700240794194B1A6C42F008021A640C
:104300001A6C02F008020792079A08941A6B42F09E
:1043100001021A631B6B03F001030893089B03233C
:10432000099302230A9301220C920D9309A90948CB
:1043300001F0C0FD22460521322002F06FF9322043
:1043400002F07CF93EE700BF000400400008004096
:10435000000C00400000024000040240003802400F
:1043600002680E4B9A4200D0704700B583B000221D
:10437000019203F59A33596C41F0020159645B6C68
:1043800003F002030193019B05212C2002F046F962
:104390002C2002F053F903B05DF804FB0004014047
:1043A00000B587B000230193029303930493059310
:1043B000026803F1804303F582339A4202D007B0CA
:1043C0005DF804FB002300930B4B1A6B42F00402D0
:1043D0001A631B6B03F004030093009B4FF470738C
:1043E00001930223029304930323059301A9034835
:1043F00001F060FDE3E700BF003802400008024022
:1044000010B592B000241094119409940A940B945E
:104410000C940D940E940F942022214601A8FBF7D2
:10442000ADFF3148314B03604460846042F2CF03FA
:10443000C360046144618023836100F037FD00287C
:104440003CD100231093119310A9274800F028FFB6
:10445000002836D16023099300220A920B920C9215
:104460000D920E920F9209A91F4800F007FE58BB4B
:10447000042209A91C4800F001FE40BB082209A93A
:10448000194800F0FBFD28BB0C2209A9164800F0D2
:10449000F5FD10BB0023019302930393049305934E
:1044A0004FF400520692089301A90F4800F03EFF16
:1044B000B0B90D48FFF774FF12B010BDFFF774F9E3
:1044C000BFE7FFF771F9C5E7FFF76EF9D0E7FFF730
:1044D0006BF9D3E7FFF768F9D6E7FFF765F9D9E796
:1044E000FFF762F9E5E700BF740300200004014014
:1044F00008B50A480A4B03604FF4E13343600023D8
:104500008360C36003610C2242618361C36102F076
:1045100044FB00B908BDFFF747F9FBE7740600202C
:104520000010014008B50C480C4B03600C4B436075
:10453000002383604FF40052C2604FF48062026136
:104540000C2242618361C36102F027FB00B908BD00
:10455000FFF72AF9FBE700BF2C06002000440040CB
:10456000A086010008B50A480A4B03604FF4E13306
:10457000436000238360C36003610C224261836156
:10458000C36102F00AFB00B908BDFFF70DF9FBE7B4
:10459000E4050020004800402DE9F04F8DB00023D5
:1045A0000793089309930A930B930368804A9342F5
:1045B00009D004467F4A934244D07F4A93427ED03A
:1045C0000DB0BDE8F08F002401947C4B5A6C42F092
:1045D00010025A645A6C02F010020192019A02947D
:1045E0001A6B42F001021A631B6B03F00103029382
:1045F000029B4FF4007307934FF00209CDF820900F
:1046000001250A954FF00708CDF82C8007AF6C4EB6
:104610003946304601F04EFC4FF480630793CDF8E5
:10462000209009950A95CDF82C803946304601F046
:1046300041FC22460521252001F0F0FF252001F054
:10464000FDFFBDE7002403945C4B1A6C42F400327A
:104650001A641A6C02F400320392039A04941A6BDF
:1046600042F008021A631B6B03F008030493049BD7
:10467000202307934FF00209CDF8209001250A95D9
:104680004FF00708CDF82C8007AF4E4E3946304624
:1046900001F010FC40230793CDF8209009950A956E
:1046A000CDF82C803946304601F004FC2246052125
:1046B000262001F0B3FF262001F0C0FF80E700258F
:1046C00005953E4B1A6C42F480221A641A6C02F46F
:1046D00080220592059A06951A6B42F004021A632D
:1046E0001B6B03F004030693069B4FF48067079748
:1046F0004FF0020BCDF820B001260A964FF0070AC2
:10470000CDF82CA00DF11C09DFF8CC8049464046BD
:1047100001F0D0FB4FF400630793CDF820B0099669
:104720000A96CDF82CA04946404601F0C3FB264826
:10473000264B03604FF0006343608560C5600761EE
:10474000456185614FF48073C3614FF44033036268
:10475000456201F027FD28BB1B4BE3639C631C48AB
:104760001C4B03604FF000634360402383600023D1
:10477000C3604FF48062026143618361C3614FF49F
:1047800040320262436201F00DFD70B9104BA36329
:104790009C6300220521272001F040FF272001F023
:1047A0004DFF0DE7FFF700F8D6E7FEF7FDFFEDE759
:1047B0000010014000440040004800400038024022
:1047C00000000240000C02408405002028600240E6
:1047D000240500205860024000080240FEE7FEE782
:1047E000FEE7FEE7FEE770477047000008B50248A5
:1047F00001F0CEFD08BD00BF8405002008B50248C9
:1048000001F0C6FD08BD00BF2405002008B5024820
:1048100000F008FA08BD00BF9404002008B5024863
:1048200000F000FA08BD00BF4C04002008B50248A3
:1048300000F0F8F908BD00BF0404002008B50248E4
:1048400005F066FD08BD00BF6094002008B5024871
:1048500005F02DFE08BD00BF6094002008B5024899
:1048600002F09AFB08BD00BF7406002008B502489C
:1048700002F092FB08BD00BF2C06002008B50248DC
:1048800002F08AFB08BD00BFE405002008B502481D
:1048900000F0C8F908BD00BF7403002008B5024845
:1048A00000F0C0F908BD00BFBC03002008B50248F5
:1048B00000F0B8F908BD00BFBC06002008B50248EA
:1048C00001F066FD08BD00BF8402002010B582B073
:1048D00000240094114B5A6C42F480425A645A6C82
:1048E00002F480420092009A01941A6C42F08052C5
:1048F0001A641B6C03F080530193019B22460F2125
:104900006FF0010001F08AFE22460521084601F001
:1049100085FE052001F092FE02B010BD0038024075
:1049200030B589B0044600230193214B1A6C42F044
:1049300010021A641B6C03F010030193019B02A97F
:1049400003A801F0EFF9069BCBB901F0CBF90346C0
:10495000184AA2FB03239B0C013B1748174A02602D
:1049600040F2E732C26043600023036183608361E9
:1049700000F070FA054630B1284609B030BD01F0AC
:10498000B1F94300E4E70C4800F006F905460028B9
:10499000F2D1362001F052FE0F2C01D90125EBE7B0
:1049A00000222146362001F039FE054B1C60E3E76A
:1049B0000038024083DE1B43BC060020001000408C
:1049C0006000002030B4036A026A22F00102026231
:1049D0004268846924F0730C0C6844EA0C0423F0E8
:1049E000020C8B6843EA0C03114DA84203D005F575
:1049F0008065A84205D123F00803CD682B4323F03E
:104A000004030B4DA84203D005F58065A84207D1E9
:104A100022F440724D6945EA020C8A6942EA0C02AE
:104A2000426084614A684263036230BC704700BFE1
:104A30000000014030B4036A026A22F4807202620C
:104A40004268C46924F0730C0C6844EA0C0523F432
:104A500000738C6843EA0423114CA04203D004F590
:104A60008064A04206D123F40063CC6843EA0423A7
:104A700023F480630A4CA04203D004F58064A04272
:104A800007D122F440524C6942EA04128C6942EA8E
:104A900004124260C5614A68C263036230BC704759
:104AA0000000014030B4036A026A22F480520262BC
:104AB0004468C26922F4E6420D6842EA052223F402
:104AC00000538D6843EA0533094DA84203D005F52C
:104AD0008065A84204D124F480444D6944EA8514D9
:104AE0004460C2614A680264036230BC704700BF20
:104AF0000000014030B4056A046A24F01004046226
:104B0000846924F4407C4CEA022C2CF4704C1B0386
:104B10009BB243EA0C0325F0A005090101F0A001B6
:104B200029438361016230BC704730B4056A046A6E
:104B300024F480740462C46924F0030C4CEA020C6F
:104B40002CF0F00C1B01DBB243EA0C0325F42065CA
:104B5000090201F420612943C361016230BC70473E
:104B600030B4056A046A24F480540462C46924F4ED
:104B7000407C4CEA022C2CF4704C1B039BB243EAA1
:104B80000C0325F42045090301F420412943C361A6
:104B9000016230BC7047704790F83D30012B37D12F
:104BA000022380F83D300268D36843F00103D360EC
:104BB0000368194A934220D0B3F1804F1DD0A2F56B
:104BC0007C42934219D002F58062934215D002F5DF
:104BD0008062934211D002F5784293420DD002F5E3
:104BE0007052934209D0A2F59432934205D01A68CC
:104BF00042F001021A60002070479A6802F0070232
:104C0000062A07D01A6842F001021A600020704795
:104C10000120704700207047000001407047704736
:104C20007047704770B504460368DE681D6915F06B
:104C3000020F10D016F0020F0DD06FF002021A61B1
:104C40000123037703689B6913F0030F5ED0FFF71E
:104C5000E6FF0023237715F0040F12D016F0040F9F
:104C60000FD023686FF004021A61022323772368B0
:104C70009B6913F4407F4FD02046FFF7D0FF0023FD
:104C8000237715F0080F12D016F0080F0FD0236805
:104C90006FF008021A61042323772368DB6913F09D
:104CA000030F40D02046FFF7BAFF0023237715F00B
:104CB000100F12D016F0100F0FD023686FF01002F3
:104CC0001A61082323772368DB6913F4407F31D00E
:104CD0002046FFF7A4FF0023237715F0010F02D031
:104CE00016F0010F2DD115F0800F02D016F0800FB5
:104CF0002FD115F0400F02D016F0400F31D115F032
:104D0000200F02D016F0200F33D170BDFFF786FFC1
:104D10002046FFF785FF9CE72046FFF77FFF2046F0
:104D2000FFF77EFFABE72046FFF778FF2046FFF74F
:104D300077FFBAE72046FFF771FF2046FFF770FFC5
:104D4000C9E723686FF001021A612046FEF720FDD3
:104D5000C9E723686FF080021A61204600F010FB5B
:104D6000C7E723686FF040021A612046FFF759FF3A
:104D7000C5E723686FF020021A61204600F0FFFAB1
:104D8000C3E700000368324A904212D0B0F1804F6E
:104D90000FD0A2F57C4290420BD002F58062904287
:104DA00007D002F58062904203D002F5784290422B
:104DB00003D123F070034A681343254A90422AD056
:104DC000B0F1804F27D0A2F57C42904223D002F56B
:104DD000806290421FD002F5806290421BD002F5A3
:104DE0007842904217D002F57052904213D002F5EB
:104DF000806290420FD002F5806290420BD0A2F503
:104E00009832904207D002F58062904203D002F5BA
:104E10008062904203D123F44073CA68134323F0A5
:104E200080034A6913438A68C2620A688262084A38
:104E3000904203D002F58062904201D10A69026378
:104E4000026842F00402026001224261036070477E
:104E50000000014040B310B5044690F83D30F3B176
:104E6000022384F83D30214651F8040BFFF78AFFF6
:104E7000012384F8463084F83E3084F83F3084F8CB
:104E8000403084F8413084F8423084F8433084F86C
:104E9000443084F8453084F83D30002010BD80F85F
:104EA0003C30FFF778FEDBE70120704740B310B5D8
:104EB000044690F83D30F3B1022384F83D3021469A
:104EC00051F8040BFFF75EFF012384F8463084F8A5
:104ED0003E3084F83F3084F8403084F8413084F824
:104EE000423084F8433084F8443084F8453084F804
:104EF0003D30002010BD80F83C30FFF731FADBE791
:104F00000120704740B310B5044690F83D30F3B12E
:104F1000022384F83D30214651F8040BFFF732FF9D
:104F2000012384F8463084F83E3084F83F3084F81A
:104F3000403084F8413084F8423084F8433084F8BB
:104F4000443084F8453084F83D30002010BD80F8AE
:104F50003C30FFF7E9F8DBE701207047002853D029
:104F6000F8B50D46044690F83D30002B47D002239B
:104F700084F83D302268936823F4804323F00703CC
:104F80009360214651F8040BFFF7FCFE21688B6803
:104F90008A690E6A2868184322F4407222F00302DC
:104FA000AB68AF6943EA0723134323F47C4323F040
:104FB000FC03EA68EF6942EA07221A432B6A1B03E3
:104FC0002F6943EA0713134326F0AA066A686D693E
:104FD00042EA05123243886021688B6123681A62B5
:104FE000012384F8463084F83E3084F83F3084F85A
:104FF000423084F8433084F83D300020F8BD80F81A
:105000003C30FFF7C9F8B2E70120704730B4036ABB
:10501000026A22F0100202624468826922F4E642C7
:105020000D6842EA052223F020038D6843EA051348
:10503000114DA84203D005F58065A84206D123F0A2
:105040008003CD6843EA051323F040030A4DA842CC
:1050500003D005F58065A84207D124F440644D696A
:1050600044EA85048D6944EA8504446082614A68A3
:105070008263036230BC70470000014038B590F88D
:105080003C30012B66D004460D46012380F83C30AD
:105090000C2A5AD8DFE802F0075959591B595959B7
:1050A0003059595944000068FFF78CFC2268936915
:1050B00043F0080393612268936923F0040393612A
:1050C0002268936929690B43936100203EE00068E0
:1050D000FFF79CFF2268936943F4006393612268A1
:1050E000936923F48063936122689369296943EA91
:1050F00001239361002029E00068FFF79BFC2268F0
:10510000D36943F00803D3612268D36923F0040311
:10511000D3612268D36929690B43D361002015E06C
:105120000068FFF7BFFC2268D36943F40063D361D2
:105130002268D36923F48063D3612268D369296923
:1051400043EA0123D361002000E00120002384F81A
:105150003C3038BD0220FCE770B49446066A046A0D
:1051600024F0010404628469184DA8421CD0B0F1F7
:10517000804F19D0164A904216D002F580629042B4
:1051800012D002F5806290420ED002F57842904231
:105190000AD002F57052904206D0A2F594329042A5
:1051A00002D044F0010203E024F0030242EA0C02C0
:1051B00022F0F0021B01DBB2134326F00A0201F0D9
:1051C0000A0111438361016270BC70470000014015
:1051D0000004004038B590F83C30012B5ED0044606
:1051E0000D46012380F83C300C2A52D8DFE802F04B
:1051F00007515151195151512C5151513E00CB6819
:105200004A6809680068FFF7A7FF2268936923F0DE
:105210000C03936122689369A9680B439361002092
:1052200038E0CB684A6809680068FFF763FC2268C9
:10523000936923F44063936122689369A96843EA00
:1052400001239361002025E0CB684A680968006863
:10525000FFF76BFC2268D36923F00C03D36122684B
:10526000D369A9680B43D361002013E0CB684A6877
:1052700009680068FFF774FC2268D36923F440636F
:10528000D3612268D369A96843EA0123D36100206E
:1052900000E00120002384F83C3038BD0220FCE708
:1052A00090F83C20012A3DD010B40346012280F83A
:1052B0003C20022280F83D2002685068946820F06B
:1052C000700C086840EA0C0050601A681648824268
:1052D0001AD0B2F1804F17D0A0F57C40824213D093
:1052E00000F5806082420FD000F5806082420BD0D2
:1052F00000F57840824207D000F57050824203D01A
:10530000A0F59430824204D124F0800449682143FE
:105310009160012283F83D20002083F83C005DF875
:10532000044B70470220704700000140024690F88D
:105330003C30012B21D0012380F83C30CB6823F492
:1053400040738868034323F480634868034323F46D
:1053500000630868034323F480530869034323F47C
:1053600000534869034323F48043C9690B43116820
:105370004B64002082F83C00704702207047704761
:10538000704700004A4B5A6822F440325A605A680B
:1053900041680A435A600268536823F4807353607B
:1053A00002685368016943EA012353600268536845
:1053B00023F0407353600268536881680B43536065
:1053C0000268936823F40063936002689368C1687D
:1053D0000B439360826A374B9A4257D002689368B6
:1053E00023F07063936002689368816A0B43936053
:1053F0000268936823F04053936002689368C16A1F
:105400000B4393600268936823F002039360026881
:105410009368017E43EA4103936090F82030002BAB
:105420003FD00268536843F40063536002685368D6
:1054300023F46043536001684B68426A013A43EACF
:1054400042334B600268D36A23F47003D36201686D
:10545000CB6AC269013A43EA0253CB62026893689D
:1054600023F4007393600268936890F8301043EA65
:10547000412393600268936823F480639360026819
:105480009368416943EA8123936070470268936897
:1054900023F0706393600268936823F04053936035
:1054A000B0E70268536823F400635360CAE700BFA3
:1054B000002301400100000F38B310B50446036C0F
:1054C00043B1236C13F0100F0BD00120002384F89C
:1054D0003C3010BDFEF7E0FB0023636484F83C30F1
:1054E000EFE7236C23F4885323F0020343F0020315
:1054F00023642046FFF746FF00206064236C23F0FE
:10550000030343F001032364E0E701207047000038
:1055100030B482B00022019290F83C20012A00F0C1
:10552000B6800346012280F83C200A68092A40D947
:105530000468E06892B202EB42021E3A4FF0070C98
:105540000CFA02F220EA0202E2601C68E0680A88B3
:1055500002EB42021E3A8D6805FA02F20243E26053
:105560004A68062A3CD81C68606B02EB8202053A46
:105570004FF01F0C0CFA02F220EA020262631C6870
:10558000606B4A6802EB8202053AB1F800C00CFA7F
:1055900002F20243626318683E4A904250D0186893
:1055A0003C4A904255D0002083F83C0002B030BC09
:1055B00070470468206992B202EB42024FF0070C78
:1055C0000CFA02F220EA020222611C6820690A88B1
:1055D00002EB42028D6805FA02F202432261BFE744
:1055E0000C2A16D81D68286B02EB8202233A1F246E
:1055F00004FA02F220EA02022A631D68286B4A6854
:1056000002EB8202233A0C8804FA02F202432A6374
:10561000C1E71D68E86A02EB8202413A1F2404FADE
:1056200002F220EA0202EA621D68E86A4A6802EBB6
:105630008202413A0C8804FA02F20243EA62AAE7C3
:105640000A68122AABD11448426842F480024260D0
:10565000A5E70A68103A012AA5D80F48426842F423
:10566000000242600A68102A9DD10C4A12680C4957
:10567000A1FB0212920C02EB82025200019202E0A4
:10568000019A013A0192019A002AF9D18BE702208E
:105690008CE700BF0020014000230140640000208F
:1056A00083DE1B43002800F0E08170B582B0044621
:1056B000036813F0010F3BD09F4B9B6803F00C0372
:1056C000042B2CD09C4B9B6803F00C03082B21D09F
:1056D0006368B3F5803F4FD0B3F5A02F52D0964BFF
:1056E0001A6822F480321A601A6822F480221A6042
:1056F0006368002B50D000F0CBFF05468E4B1B6833
:1057000013F4003F14D100F0C3FF401B6428F5D907
:105710000320B1E1884B5B6813F4800FD8D0864B2F
:105720001B6813F4003F03D06368002B00F09F81D7
:10573000236813F0020F54D07F4B9B6813F00C0FBB
:105740003ED07D4B9B6803F00C03082B33D0E368FD
:10575000002B68D0794B01221A6000F099FF0546B2
:10576000754B1B6813F0020F54D100F091FF401BE2
:105770000228F5D903207FE16F4A136843F4803390
:105780001360B5E76C4B1A6842F480221A601A68FD
:1057900042F480321A60ABE700F07AFF0546664BB0
:1057A0001B6813F4003FC3D000F072FF401B642855
:1057B000F5D9032060E1604B5B6813F4800FC6D11C
:1057C0005D4B1B6813F0020F03D0E368012B40F020
:1057D0005081594A136823F0F803216943EAC10351
:1057E0001360236813F0080F42D063696BB3534B07
:1057F0000122C3F8802E00F04BFF05464E4B5B6F35
:1058000013F0020F34D100F043FF401B0228F5D9FA
:10581000032031E1484A136823F0F803216943EA81
:10582000C1031360DDE7454B00221A6000F030FF32
:105830000546414B1B6813F0020FD2D000F028FF41
:10584000401B0228F5D9032016E13C4B0022C3F887
:10585000802E00F01DFF0546374B5B6F13F0020FE3
:1058600006D000F015FF401B0228F5D9032003E104
:10587000236813F0040F77D02F4B1B6C13F0805F5D
:1058800033D1002301932C4B1A6C42F080521A64DE
:105890001B6C03F080530193019B0125284B1B686F
:1058A00013F4807F23D0A368012B34D0052B38D08C
:1058B000214B1A6F22F001021A671A6F22F00402BC
:1058C0001A67A368002B3DD000F0E2FE06461A4B93
:1058D0001B6F13F0020F46D100F0DAFE801B41F27D
:1058E00088339842F3D90320C6E00025D6E7144A4E
:1058F000136843F48073136000F0CAFE0646104B31
:105900001B6813F4807FCED100F0C2FE801B0228FA
:10591000F5D90320B0E0084A136F43F00103136781
:10592000CFE7054B1A6F42F004021A671A6F42F074
:1059300001021A67C5E700BF003802400000474275
:105940000070004000F0A4FE0646524B1B6F13F09F
:10595000020F08D000F09CFE801B41F28833984271
:10596000F3D9032088E0EDB9A369002B00F0838010
:10597000484A926802F00C02082A51D0022B17D034
:10598000454B00221A6600F083FE0446414B1B681B
:1059900013F0007F42D000F07BFE001B0228F5D9F7
:1059A000032069E03B4A136C23F080531364DBE768
:1059B000394B00221A6600F06BFE0546354B1B681A
:1059C00013F0007F06D000F063FE401B0228F5D9DB
:1059D000032051E0E369226A1343626A43EA8213B7
:1059E000A26A5208013A43EA0243E26A43EA0263C6
:1059F000284A5360284B01221A6600F049FE0446EB
:105A0000244B1B6813F0007F06D100F041FE001B01
:105A10000228F5D903202FE000202DE000202BE004
:105A2000012B2BD01B4B5B6803F48001E269914290
:105A300026D103F03F02216A8A4223D1616A47F6E8
:105A4000C0721A40B2EB811F1ED103F44031A26A2A
:105A50005208013AB1EB024F18D103F07063E26AC9
:105A6000B3EB026F14D1002006E001207047012043
:105A700002E0012000E0002002B070BD0120FBE741
:105A80000120F9E70120F7E70120F5E70120F3E71E
:105A90000120F1E7003802400000474208B5334BCF
:105AA0009B6803F00C03042B5BD0082B5BD12F4BBE
:105AB0005A6802F03F025B6813F4800F2CD02B4B26
:105AC0005868C0F388104FEA401CBCEB000C6EEB2A
:105AD0000E0E4FEA8E1343EA9C634FEA8C11B1EB32
:105AE0000C0163EB0E03DB0043EA5173C90011EBB9
:105AF000000C43F10003590200234FEA4C2041EA15
:105B0000DC51FBF72DFE194B5B68C3F301430133F6
:105B10005B00B0FBF3F008BD144B5868C0F388106D
:105B20004FEA401CBCEB000C6EEB0E0E4FEA8E13DE
:105B300043EA9C634FEA8C11B1EB0C0163EB0E035B
:105B4000DB0043EA5173C90011EB000C43F1000381
:105B5000990200234FEA8C2041EA9C51FBF700FE9A
:105B6000D1E70348D7E70348D5E700BF0038024034
:105B700000127A000024F400002800F09B8070B529
:105B80000D4604464F4B1B6803F007038B4208D2B7
:105B9000CBB24C4A1370136803F007038B4240F0FA
:105BA0008B80236813F0020F17D013F0040F04D07A
:105BB000454A936843F4E0539360236813F0080F59
:105BC00004D0414A936843F4604393603E4A93682B
:105BD00023F0F003A1680B439360236813F0010FD7
:105BE00032D06368012B21D09A1E012A25D9364A6A
:105BF000126812F0020F61D033498A6822F0030262
:105C000013438B6000F044FD06462F4B9B6803F066
:105C10000C036268B3EB820F16D000F039FD801BD5
:105C200041F288339842F0D9032042E0264A1268B4
:105C300012F4003FE0D101203BE0234A126812F049
:105C4000007FD9D1012034E01E4B1B6803F007030D
:105C5000AB4207D9EAB21B4B1A701B6803F007036B
:105C6000AB422DD1236813F0040F06D0164A936877
:105C700023F4E053E1680B439360236813F0080FAB
:105C800007D0114A936823F46043216943EAC103B2
:105C90009360FFF703FF0C4B9B68C3F303130B4A9E
:105CA000D35CD8400A4B18600A4B1868FEF738FEE0
:105CB000002070BD012070470120FAE70120F8E7BD
:105CC0000120F6E7003C0240003802409C3C0108FD
:105CD0006400002060000020014B1868704700BF7E
:105CE0006400002008B5FFF7F7FF044B9B68C3F37F
:105CF0008223034AD35CD84008BD00BF003802406D
:105D0000943C010808B5FFF7E7FF044B9B68C3F319
:105D10004233034AD35CD84008BD00BF003802407C
:105D2000943C01080F2303600B4B9A6802F00302B6
:105D300042609A6802F0F00282609A6802F4E052CF
:105D4000C2609B68DB0803F4E0530361034B1B68EC
:105D500003F007030B60704700380240003C02402C
:105D600030B583B00446036813F0050F06D12368ED
:105D700013F0020F2ED1002003B030BD4A4B002299
:105D80009A6600F085FC0546484B1B6813F0006FCF
:105D900006D000F07DFC431B022BF5D90320EBE776
:105DA0006268A3681B0743EA8213404AC2F8843042
:105DB0003D4B01229A6600F06BFC05463B4B1B688D
:105DC00013F0006FD3D100F063FC431B022BF5D915
:105DD0000320D1E700230193344B1A6C42F0805228
:105DE0001A641B6C03F080530193019B304A1368C3
:105DF00043F48073136000F04BFC05462C4B1B688A
:105E000013F4807F06D100F043FC431B022BF5D92D
:105E10000320B1E7254B1B6F13F4407314D0E268E5
:105E200002F440729A420FD0204B1A6F22F4407253
:105E30001D490120C1F8400E0020C1F8400E1A672C
:105E40001B6F13F0010F13D1E36803F44072B2F536
:105E5000407F1ED0154A936823F4F81393601349CA
:105E60000B6FE268C2F30B0213430B67002083E75A
:105E700000F00EFC05460D4B1B6F13F0020FE3D133
:105E800000F006FC401B41F288339842F3D903200E
:105E900072E706498A6822F4F81223F0704323F46B
:105EA000407313438B60DAE700004742003802403A
:105EB0000070004000230F2B00F2E98070B582B023
:105EC00065E085684FEA430E032404FA0EF425EAE0
:105ED0000405CC6804FA0EF42C438460446824EA78
:105EE00002044A68C2F300129A40224342605CE016
:105EF000DC08083450F8242003F00705AD004FF00B
:105F00000F0E0EFA05FE22EA0E0E0A69AA4042EAB8
:105F10000E0240F824205CE0072200E0002202FA92
:105F20000EF22A4302345A4D45F82420594A946807
:105F30006FEA0C0224EA0C054E6816F4801F01D0AB
:105F40004CEA0405534CA560E46802EA04054E6877
:105F500016F4001F01D04CEA04054E4CE56064685D
:105F600002EA04054E6816F4003F01D04CEA04052D
:105F7000484C6560246822404D6815F4803F01D08C
:105F80004CEA0402434C226001330F2B7DD80122DE
:105F90009A400C6804EA020C32EA0404F4D14C681A
:105FA00004F00304013C012C8BD94A6802F003027F
:105FB000032A09D0C4685D000322AA4024EA02042F
:105FC0008A68AA402243C2604A6802F00302022A99
:105FD0008ED004684FEA430E032202FA0EF224EA3E
:105FE00002044A6802F0030202FA0EF2224302603F
:105FF0004A6812F4403FC7D000220192264A546CEE
:1060000044F480445464526C02F480420192019A38
:106010009C08A51C1E4A52F8255003F0030E4FEAB7
:106020008E0E0F2202FA0EF225EA02051B4A90425A
:106030003FF474AF02F5806290421AD002F580629C
:10604000904218D002F58062904216D002F580622C
:10605000904214D002F58062904212D002F5806224
:10606000904210D002F5806290423FF455AF082272
:1060700055E7012253E7022251E703224FE70422AA
:106080004DE705224BE7062249E702B070BD704795
:1060900000380140003C014000380240000002404E
:1060A0000AB18161704709048161704730B40568A5
:1060B0002C6824F480242C60046863608368402B7F
:1060C00005D0036899600368DA6030BC70470368E4
:1060D0009A600368D960F8E710B40368D9B2103940
:1060E0000A4AA2FB01421209094CA25CC2655F295F
:1060F00007D96FF3090304338365806D5DF8044BA2
:1061000070476FF309038365F7E700BFABAAAAAA3C
:106110008C3C0108836A826992B9012B0AD0022B58
:1061200002D00BB100207047C36A13F0807F28D1E2
:1061300000207047C36AB3F1C07F24D000207047AD
:10614000B2F5005F09D0022B25D9032B25D1C36AF4
:1061500013F0807F23D100207047032B03D8DFE8A2
:1061600003F01404140A00207047C36A13F0807F00
:106170000DD100207047C36AB3F1C07F09D0002061
:1061800070470120704701207047012070470120AF
:1061900070470120704701207047002070470120A0
:1061A0007047000070B5044600F072FA002C5BD016
:1061B0000546022384F83530002384F83430226801
:1061C000136823F00103136023681A6812F0010FAB
:1061D0000AD000F05DFA431B052BF5D92023636537
:1061E000032084F8350070BD1A68204911406268A8
:1061F000A0680243E06802432069024360690243E9
:10620000A0690243E0690243206A02430A43616ACB
:1062100004291ED01A602668756925F00705636A8F
:106220001D43042B07D1A36A1D43E36A1BB120461B
:10623000FFF770FF90B975612046FFF74DFFE26DE3
:106240003F239340836000206065012384F835304C
:10625000C9E7E16A206B01430A43DBE7402363653A
:10626000012084F83500BEE70120BCE73F8010F034
:1062700038B50446856D90F8340001282AD00120F5
:1062800084F8340094F83500012804D0002384F801
:106290003430022038BD022084F8350000206065CB
:1062A0002046FFF703FFE26D3F239340AB60226877
:1062B000136843F016031360236C23B1226813683C
:1062C00043F0080313602268136843F0010313606E
:1062D0000020DFE70220DDE770B50446866D00F0A0
:1062E000D7F994F83530022B06D08023636500235C
:1062F00084F83430012070BD05462268136823F00D
:10630000160313602268536923F080035361236CE2
:10631000E3B12268136823F008031360226813684E
:1063200023F00103136023681B6813F0010F11D0E1
:1063300000F0AEF9431B052BF5D92023636503203C
:1063400084F83500002384F83430D4E7A36C002BA4
:10635000DFD1E3E7E26D3F239340B360012384F88C
:106360003530002084F83400C5E790F83530022B32
:1063700003D08023436501207047052380F8353022
:106380000268136823F001031360002070470000C7
:10639000F0B583B0044600230193724B1D68724B25
:1063A000A3FB0535AD0A876D3E68C26D0823934097
:1063B000334210D003681A6812F0040F0BD01A6829
:1063C00022F004021A60C26D08239340BB60436D43
:1063D00043F001034365E26D01239340334209D04A
:1063E0002268526912F0800F04D0BB60636D43F0E5
:1063F00002036365E26D04239340334209D02268AF
:10640000126812F0020F04D0BB60636D43F0040306
:106410006365E26D10239340334224D022681268F2
:1064200012F0080F1FD0BB6023681A6812F4802F87
:106430000DD01B6813F4002F04D1236C9BB12046B0
:10644000984710E0A36C73B1204698470BE01A6898
:1064500012F4807F03D11A6822F008021A60236CBC
:106460000BB120469847E26D20239340334254D02D
:106470002268126812F0100F4FD0BB6094F83530CC
:10648000052B0ED023681A6812F4802F33D01B68B6
:1064900013F4002F2AD1636C002B3ED0204698477E
:1064A0003BE02268136823F01603136022685369E7
:1064B00023F080035361236CA3B12268136823F097
:1064C00008031360E26D3F239340BB60012384F80F
:1064D0003530002384F83430236D002B3FD0204624
:1064E00098473CE0A36C002BE7D1EBE7E36BA3B14B
:1064F0002046984711E01A6812F4807F09D11A6883
:1065000022F010021A60012384F83530002384F849
:106510003430E36B0BB120469847636DFBB1636D7C
:1065200013F0010F17D0052384F835302268136863
:1065300023F001031360019B01330193AB4204D8A4
:1065400023681B6813F0010FF5D1012384F835305F
:10655000002384F83430E36C0BB12046984703B035
:10656000F0BD00BF64000020B5814E1B90F83500DF
:1065700070470000002807DB00F01F0240090123DC
:106580009340024A42F82030704700BF00E100E02B
:10659000002808DB0901C9B200F1604000F5614044
:1065A00080F80013704700F00F000901C9B2014BD9
:1065B0001954704714ED00E000B500F00700C0F179
:1065C000070CBCF1040F28BF4FF0040C031D062B71
:1065D0000FD9C31E4FF0FF3E0EFA0CF021EA000166
:1065E00099400EFA03FE22EA0E0241EA02005DF82B
:1065F00004FB0023EEE70000074AD36823F4E063BE
:106600001B041B0C000200F4E060034343F0BF6373
:1066100043F40033D360704700ED00E010B504464A
:10662000054BD868C0F30220FFF7C6FF014620469D
:10663000FFF7AEFF10BD00BF00ED00E008B5FFF7AB
:1066400099FF08BD08B50B4B1A6842F400721A6036
:106650001A6842F480621A601A6842F480721A6002
:106660000320FFF7C9FF0F20FEF75AF9FEF72EF9B6
:10667000002008BD003C0240034A1168034B1B7810
:106680000B441360704700BF040700205C0000202B
:10669000014B1868704700BF04070020002800F075
:1066A000A18038B5044690F82030D3B12268136831
:1066B00043F001031360FFF7EBFF054623685A68B8
:1066C00012F0010F10D1FFF7E3FF401B0A28F5D9A4
:1066D000636A43F400336362052384F820300120A9
:1066E00038BDFDF749FBE1E71A6822F002021A60A3
:1066F000FFF7CEFF054623685A6812F0020F0DD04F
:10670000FFF7C6FF401B0A28F5D9636A43F400333C
:106710006362052384F820300120E1E7227E012A0C
:106720003DD01A6822F080021A60637E012B3BD0B4
:106730002268136823F040031360A37E012B39D035
:106740002268136823F020031360E37E012B37D007
:106750002268136843F010031360237F012B35D0A8
:106760002268136823F008031360637F012B33D082
:106770002268136823F004031360A368E2681343DC
:1067800022691343626913436268013A2168134323
:10679000CB6100206062012384F82030A0E71A68F2
:1067A00042F080021A60C0E72268136843F0400399
:1067B0001360C2E72268136843F020031360C4E744
:1067C0002268136823F010031360C6E72268136879
:1067D00043F008031360C8E72268136843F004031A
:1067E0001360CAE70120704738B5044603680A4AB7
:1067F000DA60FFF74DFF05462368DB6813F0200FD2
:1068000007D1FFF745FF401BB0F57A7FF4D903208D
:1068100000E0002038BD00BF5F7F010070B5036855
:10682000DA6812F0400F02D00025284670BD0446F9
:10683000DA6842F08002DA60FFF72AFF0646002598
:106840002368DB6813F0400FEFD1002DEDD1FFF787
:106850001FFF831BB3F57A7FF2D9042363770125E9
:10686000EEE70268D36823F08003D36003689B6877
:1068700013F0200F01D00020704710B50446FFF739
:10688000B3FF10B104236377012010BD00284AD064
:1068900010B50446437F53B1022363772368DA6857
:1068A00012F0100F07D000200123637710BD03778B
:1068B000FDF7E6FAF0E7CA225A62236853225A62C9
:1068C0002046FFF7ABFF28B12368FF225A62002859
:1068D000ECD1E9E72268936823F4E00323F0400356
:1068E000936021688A686368206903436069034391
:1068F00013438B602368E2681A6122681369A168F8
:1069000043EA014313612046FFF7ABFF0028DBD1C8
:106910002268136C23F4802313642268136CA1692A
:106920000B431364D0E701207047026802F10C03A7
:1069300053E8003F23F0C0030C3242E80031002945
:10694000F3D1202380F841307047026802F10C0334
:1069500053E8003F23F490730C3242E800310029E1
:10696000F3D1026802F1140353E8003F23F001035E
:10697000143242E800310029F3D1036B012B05D01A
:10698000202380F84230002303637047026802F13D
:106990000C0353E8003F23F010030C3242E80031AF
:1069A0000029F3D1ECE790F84130212B01D00220EF
:1069B00070478368B3F5805F17D0036A5A1C026280
:1069C0001A7803685A60C38C9BB2013B9BB2C384A4
:1069D0004BB90268D36823F08003D3600268D368A0
:1069E00043F04003D360002070470369002BE4D1DB
:1069F000036A1B880268C3F308035360036A023307
:106A00000362E0E710B504460268136923F44053BB
:106A1000C1680B431361836802691A4343691A43CF
:106A2000C3691A430168CB6823F4164323F00C03AF
:106A30001343CB600268536923F4407381690B43AD
:106A400053610368314A934206D002F58062934253
:106A500002D0FFF747F901E0FFF754F9E369B3F516
:106A6000004F29D00021031849411B1841F10001B2
:106A7000C90041EA5371DB00181863684FEA8302CA
:106A80004FEA937341F10001FAF76AFE204AA2FB34
:106A900000314909642303FB11031B013233A2FBBC
:106AA00003235B0903F0F00202EB011203F00F0372
:106AB000216813448B6010BD0023021843EB0301CF
:106AC000121841F10001C90041EA5271D2001018B8
:106AD00041F10001626892185B41FAF741FE0C4AED
:106AE000A2FB00314909642303FB1103DB003233AD
:106AF000A2FB03235B095A0002F4F87202EB0112B5
:106B000003F00703216813448B60D4E700100140B1
:106B10001F85EB512DE9F04383B005460E4617461D
:106B20009946DDF828802B681C6836EA04040CBFFF
:106B300001240024BC4228D1B8F1FF3FF3D0FFF775
:106B4000A7FDA0EB0900404523D8B8F1000F22D0E3
:106B50002B68DA6812F0040FE5D0802EE3D0402EC7
:106B6000E1D01A6812F0080FDDD0002401941A68F1
:106B700001925B680193019B2846FFF7E6FE08231C
:106B80006B6485F84040012000E0002003B0BDE8C0
:106B9000F0830320FAE70320F8E760B310B504465A
:106BA00090F8413013B3242384F841302268D3682D
:106BB00023F40053D3602046FFF724FF22681369B3
:106BC00023F4904313612268536923F02A0353612D
:106BD0002268D36843F40053D3600020606420230C
:106BE00084F8413084F84230606310BD80F8403052
:106BF000FDF7D2FCD7E7012070472DE9F04182B0C4
:106C00001E4690F84130202B56D104460D46904642
:106C1000002955D00AB901204FE000234364212305
:106C200080F84130FFF734FD0746A4F82480A4F82B
:106C30002680A368B3F5805F02D04FF0000814E00F
:106C400023692BB34FF000080FE0202384F8413074
:106C5000032032E038F8023B2268C3F30803536094
:106C6000E28C92B2013A92B2E284E38C9BB293B18D
:106C700000963B46002280212046FFF74BFF00286C
:106C8000E3D1002DE6D015F8012B23685A60E7E721
:106C9000A8460025E9E700963B4600224021204611
:106CA000FFF738FF18B9202384F8413005E020238E
:106CB00084F84130032000E0022002B0BDE8F081FA
:106CC0000120FAE738B5134690F84120202A36D142
:106CD0000446002935D00BB9012031E001628384DC
:106CE000C38400224264212084F84100A06B164D29
:106CF000C563A06B154D0564A06B154DC564A06BF5
:106D0000026522680432A06BFFF7B2FA30B110239B
:106D10006364202384F84130012011E023686FF080
:106D200040021A60226802F1140353E8003F43F066
:106D30008003143242E800310029F3D100E0022040
:106D400038BD0120FCE700BFD76D00083F6E00088A
:106D50004F6E000810B5044603685B6990F8412047
:106D6000212A09D023685B6903F0400394F842208C
:106D7000222A19D0002010BD03F08003002BF1D08F
:106D8000226802F1140353E8003F23F08003143219
:106D900042E800310029F3D1A06B08B1FFF79CFA5B
:106DA0002046FFF7C2FDDDE7002BE3D0226802F1A9
:106DB000140353E8003F23F04003143242E800314B
:106DC0000029F3D1E06B08B1FFF786FA2046FFF700
:106DD000BCFDCFE7704708B50346806B1B681B6896
:106DE00013F4807F1AD10023C384026802F11403D4
:106DF00053E8003F23F08003143242E800310029B9
:106E0000F3D1026802F10C0353E8003F43F0400362
:106E10000C3242E800310029F3D108BDFFF7DAFF58
:106E2000FBE708B50168CA6822F04002CA60202268
:106E300080F84120FFF7CEFF002008BD704708B55D
:106E4000806BFFF7FBFF08BD70477047704710B5B8
:106E5000846B23685B6994F84120212A0FD0236852
:106E60005B6903F0400394F84220222A11D0636C3E
:106E700043F0100363642046FFF7E8FF10BD03F002
:106E80008003002BEBD00023E3842046FFF74DFD69
:106E9000E5E7002BEBD00023E3852046FFF755FD07
:106EA000E5E708B5806B0023C385FFF7CFFF08BD7A
:106EB000704790F84230222B69D18368B3F5805F28
:106EC0004FD0826AB3F5805F04D0002B56D103699E
:106ED000002B53D103685B681370836A01338362AC
:106EE000C38D9BB2013B9BB2C385002B51D100B532
:106EF00083B00268D36823F02003D3600268D368AC
:106F000023F48073D3600268536923F00103536153
:106F1000202380F8423000234363036B012B33D1DD
:106F200000230363026802F10C0353E8003F23F0DF
:106F300010030C3242E800310029F3D103681A68CB
:106F400012F0100F06D0002201921A6801925B68BD
:106F50000193019B818DFFF7ABFF002003B05DF82B
:106F600004FB0269002AACD1826A03685B68C3F340
:106F700008031380836A02338362B1E703685B68A6
:106F800003F07F031370A8E7FFF75EFFE5E7022039
:106F9000704700207047000010B582B004460268B8
:106FA0001368D068516913F00F0F09D113F0200F47
:106FB0000CD010F0200F09D02046FFF77AFF16E022
:106FC00011F0010115D110F4907F12D1216B01292C
:106FD00079D013F0800F03D010F0800F40F02181A2
:106FE00013F0400F03D010F0400F40F01E8102B0AC
:106FF00010BD13F0010F06D010F4807F03D0626C37
:1070000042F00102626413F0040F04D019B1626C03
:1070100042F00202626413F0020F04D019B1626CF4
:1070200042F00402626413F0080F07D010F0200F42
:1070300000D119B1626C42F008026264626C002AED
:10704000D5D013F0200F02D010F0200F29D12368E3
:107050005B6903F04003626C12F0080F00D163B368
:107060002046FFF772FC23685B6913F0400F20D0C5
:10707000226802F1140353E8003F23F04003143266
:1070800042E800310029F3D1E36B73B1694A1A6514
:10709000E06BFFF76AF90028A9D0E06B036D984711
:1070A000A5E72046FFF705FFD1E72046FFF7CEFE14
:1070B0009DE72046FFF7CAFE99E72046FFF7C6FE88
:1070C0000023636493E713F0100F82D010F0100FC9
:1070D0003FF47FAF0023019313680193536801933A
:1070E000019B536913F0400F5FD0E26B13685B683C
:1070F0009BB2002B4AD0A18D994247D9E385D36931
:10710000B3F5807F37D0226802F10C0353E8003FCB
:1071100023F480730C3242E800310029F3D1226855
:1071200002F1140353E8003F23F00103143242E854
:1071300000310029F3D1226802F1140353E8003F23
:1071400023F04003143242E800310029F3D1202318
:1071500084F8423000232363226802F10C0353E8D1
:10716000003F23F010030C3242E800310029F3D134
:10717000E06BFFF7B1F802236363A18DE38D9BB24F
:10718000C91A89B22046FFF793FE30E7A18D9942D4
:107190007FF42DAFD369B3F5807F7FF428AF02234E
:1071A00063632046FFF784FE21E7A18DE38D9BB248
:1071B000C91A89B2E38D9BB2002B3FF418AF0029A6
:1071C0003FF415AF226802F10C0353E8003F23F4AB
:1071D00090730C3242E800300028F3D1226802F1AB
:1071E000140353E8003F23F00103143242E8003057
:1071F0000028F3D1202384F842300023236322683F
:1072000002F10C0353E8003F23F010030C3242E874
:1072100000300028F3D1022363632046FFF748FEC5
:10722000E5E62046FFF7BFFBE1E62046FFF7F9FD64
:10723000DDE600BFA36E000808B5806B0123436341
:10724000036B012B02D0FFF700FE08BD818D4908BA
:10725000FFF72EFEF9E708B50346806B1B681B6835
:1072600013F4807F2BD10023C385026802F10C0345
:1072700053E8003F23F480730C3242E800310029C8
:10728000F3D1026802F1140353E8003F23F0010335
:10729000143242E800310029F3D1026802F11403EC
:1072A00053E8003F23F04003143242E80031002944
:1072B000F3D1202380F84230036B012B07D0002349
:1072C0004363036B012B0FD0FFF7BEFD08BD0268BF
:1072D00002F10C0353E8003F23F010030C3242E8A4
:1072E00000310029F3D1EAE7818DFFF7E1FDEDE7F9
:1072F00030B583B004461346816282850022426421
:10730000222084F84200E06B244DC563E06B244DDD
:107310000564E06B234DC564E06B026520680A4696
:10732000011DE06BFEF7A4FF00282FD1002301937D
:1073300023681A6801925B680193019B23695BB122
:10734000226802F10C0353E8003F43F480730C32CF
:1073500042E800310029F3D1226802F1140353E816
:10736000003F43F00103143242E800310029F3D119
:10737000226802F1140353E8003F43F04003143243
:1073800042E800310029F3D103B030BD102363641B
:10739000202384F842300120F6E700BF577200082E
:1073A000397200084F6E000808B590F84230202B63
:1073B00008D149B10AB9012008BD00230363FFF7D2
:1073C00097FFF9E70220F7E70120F5E7034AD2F833
:1073D000883043F47003C2F88830704700ED00E055
:1073E00000F1080343604FF0FF328260C360036125
:1073F00000230360704700230361704743684B60BC
:107400009A688A605160996008610368013303607B
:10741000704730B40D68B5F1FF3F11D000F108039B
:107420001C465B681A68AA42FAD963684B60996087
:107430008C606160086103680133036030BC704791
:107440000469F2E70369416882688A6041685160B3
:107450005A68824206D0002202611A68013A1A6014
:107460001868704782685A60F5E710B5044601F065
:1074700081FDA26BE36B9A4204D0002401F09CFDD5
:10748000204610BD0124F9E710B5044601F072FD55
:10749000A36B23B9012401F08FFD204610BD002409
:1074A000F9E770B504461546866B026C5AB9036855
:1074B0001BB100200136A66370BD806801F052F850
:1074C0000023A360F6E76DB94068F8F7BDFE636876
:1074D000226C13446360A268934219D323686360EB
:1074E0002846E7E7C068F8F7AFFEE368226C514230
:1074F0009B1AE3602268934202D2A3680B44E360C4
:10750000022D01D00020D5E726B1013E0020D1E7B1
:107510002846CFE70020CDE70346026C6AB110B5DC
:107520000846D9681144D9609C68A14201D3196802
:10753000D960D968F8F788FE10BD704738B50546A0
:1075400001F018FD95F8454064B201E0013C64B2D9
:10755000002C0ADD6B6A43B105F1240000F03AFF0C
:107560000028F3D000F0E8FFF0E7FF2385F845306E
:1075700001F022FD01F0FEFC95F8444064B201E008
:10758000013C64B2002C0ADD2B6943B105F1100007
:1075900000F020FF0028F3D000F0CEFFF0E7FF233B
:1075A00085F8443001F008FD38BD38B5E0B10D462E
:1075B000044601F0DFFC2368E26B216C01FB023022
:1075C000A0600020A0636360013A02FB0133E36026
:1075D000FF2384F8443084F84530FDB9236963B94A
:1075E00001F0EAFC012038BD4FF0500383F311880D
:1075F000BFF36F8FBFF34F8FFEE704F1100000F071
:10760000E9FE0028ECD04FF0E0234FF08052C3F8A1
:10761000042DBFF34F8FBFF36F8FE1E704F110002C
:10762000FFF7DEFE04F12400FFF7DAFED8E738B5F5
:107630001D46049C0B4649B92460E0632364012184
:107640002046FFF7B2FF84F84C5038BD2260F4E7C3
:1076500040B94FF0500383F31188BFF36F8FBFF32E
:107660004F8FFEE710B584B01C46844653B192B1EB
:1076700089B94FF0500383F31188BFF36F8FBFF3C5
:107680004F8FFEE74FF0500383F31188BFF36F8FE6
:10769000BFF34F8FFEE76AB150230393039B502B38
:1076A00013D04FF0500383F31188BFF36F8FBFF3F4
:1076B0004F8FFEE70029EFD04FF0500383F311887E
:1076C000BFF36F8FBFF34F8FFEE7039B012384F857
:1076D000463000949DF818306046FFF7A8FF20461A
:1076E00004B010BD40B94FF0500383F31188BFF3CD
:1076F0006F8FBFF34F8FFEE7F0B583B00D46144692
:10770000064601FB00F0503001F008FB074650B17F
:10771000002380F846300090234600F150022946AD
:107720003046FFF784FF384603B0F0BDF0B585B0B2
:10773000019288B10F461D460446B1B1022D20D1F9
:10774000E36B012B1DD04FF0500383F31188BFF37F
:107750006F8FBFF34F8FFEE74FF0500383F3118815
:10776000BFF36F8FBFF34F8FFEE7036C002BE5D0A5
:107770004FF0500383F31188BFF36F8FBFF34F8F28
:10778000FEE700F0DFFE064658B9019B002B48D00B
:107790004FF0500383F31188BFF36F8FBFF34F8F08
:1077A000FEE700263DE02A4639462046FFF779FEEF
:1077B000636A7BB948B14FF0E0234FF08052C3F8C1
:1077C000042DBFF34F8FBFF36F8F01F0F5FB012046
:1077D00005B0F0BD04F1240000F0FCFD0028F4D059
:1077E0004FF0E0234FF08052C3F8042DBFF34F8FCA
:1077F000BFF36F8FE9E701F0DFFB0020E8E702A8A5
:1078000000F04AFE012619E0002384F8443021E00C
:10781000002384F8453023E02046FFF78FFE00F078
:107820009DFC01F0A7FBA26BE36B9A42BBD3022D38
:10783000B9D0019B002BDED0002EE0D001F0BCFBC4
:1078400000F0F2FB01F096FB94F8442052B2B2F142
:10785000FF3FD9D094F8452052B2B2F1FF3FD7D0C4
:1078600001F0AAFB01A902A800F022FED8B9204627
:10787000FFF7FBFD0028CFD0019904F1100000F0C4
:1078800075FD2046FFF75AFE00F068FC0028C8D1BD
:107890004FF0E0234FF08052C3F8042DBFF34F8F19
:1078A000BFF36F8FBDE72046FFF748FE00F056FCA0
:1078B00000208DE748B108B5002181600160C160FA
:1078C0000B460A46FFF732FF08BD704710B5024667
:1078D00000210120FFF706FF0446FFF7EBFF2046DB
:1078E00010BD10B582B00B46009000221146012059
:1078F000FFF7AEFE0446FFF7DDFF204602B010BDE5
:107900002DE9F84390B10F4616461C460546B1B125
:10791000022C20D1EB6B012B1DD04FF0500383F3D1
:107920001188BFF36F8FBFF34F8FFEE74FF0500307
:1079300083F31188BFF36F8FBFF34F8FFEE7036CA4
:10794000002BE5D04FF0500383F31188BFF36F8F06
:10795000BFF34F8FFEE701F033FCEFF311884FF0D8
:10796000500383F31188BFF36F8FBFF34F8FAA6B60
:10797000EB6B9A4206D3022C04D0002088F31188C6
:10798000BDE8F88395F845904FFA89F9AB6B22462C
:1079900039462846FFF785FDB9F1FF3F06D009F1CA
:1079A00001035BB285F845300120E7E76B6A0BB94C
:1079B0000120E3E705F1240000F00CFD18B126B129
:1079C00001203060DAE70120D8E70120D6E7F0B5E2
:1079D00085B0019290B10F460446C1B100F0B2FDEE
:1079E000064600BB019B002B5ED04FF0500383F393
:1079F0001188BFF36F8FBFF34F8FFEE74FF0500337
:107A000083F31188BFF36F8FBFF34F8FFEE7036CD3
:107A1000002BE3D04FF0500383F31188BFF36F8F37
:107A2000BFF34F8FFEE700263EE039462046FFF7C2
:107A300073FD013DA563236923B901F0BDFA01205F
:107A400005B0F0BD04F1100000F0C4FC0028F4D033
:107A50004FF0E0234FF08052C3F8042DBFF34F8F57
:107A6000BFF36F8FE9E701F0A7FA0020E8E702A86B
:107A700000F012FD012621E0002384F8443029E0C3
:107A8000002384F845302BE02046FFF757FD00F037
:107A900065FB09E02046FFF751FD00F05FFB204643
:107AA000FFF7F2FC00283FD101F064FAA56B002D2E
:107AB000BBD1019B002BD6D0002ED8D001F07CFA90
:107AC00000F0B2FA01F056FA94F844305BB2B3F128
:107AD000FF3FD1D094F845305BB2B3F1FF3FCFD038
:107AE00001F06AFA01A902A800F0E2FC0028D1D155
:107AF0002046FFF7C9FC0028C6D0019904F12400F4
:107B000000F034FC2046FFF719FD00F027FB0028A9
:107B1000CAD14FF0E0234FF08052C3F8042DBFF3D9
:107B20004F8FBFF36F8FBFE7002089E70023072B3C
:107B30000CD8074A52F833200AB10133F7E7044A58
:107B400042F8331002EBC30250607047704700BF29
:107B50000807002070B504460D46164601F00AFAE3
:107B600094F844305BB2B3F1FF3F0DD094F8453048
:107B70005BB2B3F1FF3F0BD001F01EFAA36B5BB118
:107B80002046FFF7DBFC70BD002384F84430EDE7AE
:107B9000002384F84530EFE73246294604F12400FB
:107BA00000F0FCFBECE70000084B1B681B6823B9E6
:107BB000074B4FF0FF321A607047044B1B68DB68BD
:107BC000DB685A68024B1A60704700BFB807002094
:107BD000500700202DE9F04780460D46174699468C
:107BE000089EDDF824A00A9C9200A521206BF8F7DE
:107BF000C5FB236B07F18042013A03EB820727F0B4
:107C00000707A5B34FF0000CBCF10F0F09D815F80A
:107C10000C3004EB0C0282F8343013B10CF1010C7F
:107C2000F2E7002384F84330372E00D93726E66286
:107C3000E66400252565201DFFF7DDFB04F1180033
:107C4000FFF7D9FB2461C6F13806A6616462656559
:107C500084F858504A464146384601F05DF92060A4
:107C6000BAF1000F01D0CAF80040BDE8F087002348
:107C700084F83430D8E7000038B5002407E004EB7E
:107C8000840293000E481844FFF7AAFB0134372CF6
:107C9000F5D90C4D2846FFF7A3FB0B4C2046FFF708
:107CA0009FFB0A48FFF79CFB0948FFF799FB09482F
:107CB000FFF796FB084B1D60084B1C6038BD00BFEA
:107CC000E4070020D0070020BC070020A007002008
:107CD0008C07002074070020B8070020B40700209C
:107CE00010B5044601F046F9224A136801331360C7
:107CF000214B1B685BB1214B1B686BB91E4B1B688A
:107D0000DA6AE36A9A4207D81B4B1C6004E01A4BFC
:107D10001C601368012B29D0194A136801331360C2
:107D20006364E06A174B1B68984201D9154B1860D1
:107D300000EB8000211D144B03EB8000FFF75EFB7E
:107D400001F03AF90D4B1B687BB10B4B1B68DA6AEB
:107D5000E36A9A4209D24FF0E0234FF08052C3F811
:107D6000042DBFF34F8FBFF36F8F10BDFFF784FF5C
:107D7000D2E700BF70070020440C002064070020F9
:107D80005407002068070020E407002010B50446CF
:107D900090F8593063B1012B11D0022B0ED04FF067
:107DA000500383F31188BFF36F8FBFF34F8FFEE74C
:107DB000006B01F035F8204601F032F810BD01F0FB
:107DC0002FF8FBE70F4B1B68D3B110B501F0D2F8C9
:107DD0000D4BDB68DC68201DFFF734FB0B4A136892
:107DE000013B1360074A1368013B136001F0E4F89C
:107DF0002046FFF7CBFF034B1B68002BE6D110BDDD
:107E0000704700BF880700208C0700207007002003
:107E100008B5FFF7D7FF074B1B68012BF9D94FF0C7
:107E2000E0234FF08052C3F8042DBFF34F8FBFF310
:107E30006F8FEEE7E407002070B504460D46174B40
:107E40001E68174B18680430FFF7FCFAB4F1FF3FC7
:107E50000DD03444124B1B685C60A64210D9114B04
:107E600018680F4B19680431FFF7D3FA70BD002D65
:107E7000EFD00B4B196804310B48FFF7BFFAF5E759
:107E80000A4B1868064B19680431FFF7C2FA084B11
:107E90001B68A342EAD9064B1C60E7E76C07002089
:107EA000440C0020B407002074070020B80700200D
:107EB0005007002030B587B00B9C7CB10C9DB5B14C
:107EC0005C250495049D5C2D1AD04FF0500383F37C
:107ED0001188BFF36F8FBFF34F8FFEE74FF0500352
:107EE00083F31188BFF36F8FBFF34F8FFEE74FF01F
:107EF000500383F31188BFF36F8FBFF34F8FFEE7FB
:107F0000049D0C9D2C63022485F8594000240394A1
:107F1000029505AC01940A9C0094FFF75BFE0C9857
:107F2000FFF7DEFE059807B030BD2DE9F04385B0C0
:107F30000746884614461E46900000F0EFFE08B340
:107F400081465C2000F0EAFE0546A8B1C0F83090FA
:107F5000002380F85930039302900D9B01930C9BF2
:107F600000933346224641463846FFF733FE284603
:107F7000FFF7B6FE012007E0484600F051FF4FF042
:107F8000FF3001E04FF0FF3005B0BDE8F0830000A6
:107F900010B588B000240594069407AA06A905A880
:107FA00000F040FE059B0293069B0193009423463C
:107FB000079A17491748FFF77DFF174B1860C0B1A4
:107FC00000F084FB012815D14FF0500383F3118892
:107FD000BFF36F8FBFF34F8F104B4FF0FF321A601C
:107FE0000F4B01221A600F4B00221A6001F05CF85F
:107FF00003E00020B0F1FF3F01D008B010BD4FF00A
:10800000500383F31188BFF36F8FBFF34F8FFEE7E9
:1080100048360108117E00084C0700205007002058
:10802000640700206C070020024A136801331360C4
:10803000704700BF48070020014B1868704700BF19
:108040006C070020F8B53A4B1B68002B69D1394BFF
:108050001D6801351D60C5B9374B1B681B6843B1EE
:108060004FF0500383F31188BFF36F8FBFF34F8F2F
:10807000FEE7314A1168314B186810601960304AC8
:10808000136801331360FFF78FFD2E4B1B68AB4263
:108090003DD900272C4B1B68DB6A03EB83039A0056
:1080A0002A4B9B58012B00D90127294B1B68002B19
:1080B0003CD001273AE001271F4B1B681B6843B3E4
:1080C0001D4B1B68DB68DC6863689D4226D3261D58
:1080D0003046FFF7B7F9A36A1BB104F11800FFF7A8
:1080E000B1F9E36A1B4A1268934201D9194A136035
:1080F00003EB83039A00314614481044FFF77EF9DE
:10810000E26A114B1B68DB6A9A42D4D2D4E700279B
:10811000D2E70C4B4FF0FF321A60BBE7094A1360FD
:10812000B8E70D4A13680133136000273846F8BDDD
:10813000480700206C070020B8070020B407002083
:108140005807002050070020440C0020E4070020BE
:108150005C070020680700206007002038B5354B19
:108160001B6843B94FF0500383F31188BFF36F8F3F
:10817000BFF34F8FFEE700F0FDFE2E4B1A68013A69
:108180001A601B68002B4FD12B4B1B680BB90024C6
:108190004BE00024294B1B681BB3284BDB68DC68D1
:1081A00004F11800FFF74EF9251D2846FFF74AF99C
:1081B000E06A234B1B68984201D9214B186000EB01
:1081C000800029461F4B03EB8000FFF717F9E26A96
:1081D0001D4B1B68DB6A9A42DCD31C4B01221A60E0
:1081E000D8E70CB1FFF7E0FC194B1C6884B9174BBA
:1081F0001C68D4B14FF0E0234FF08052C3F8042D37
:10820000BFF34F8FBFF36F8F01240EE0013C07D007
:10821000FFF718FF0028F9D00C4B01221A60F5E790
:108220000B4B00221A60E2E7002400F0C5FE204656
:1082300038BD00BF4807002070070020A0070020BD
:1082400068070020E4070020440C00205C070020A1
:108250006007002010B5A8B10446104B1B6843B15D
:108260004FF0500383F31188BFF36F8FBFF34F8F2D
:10827000FEE7FFF7D9FE00212046FFF7DDFDFFF7FF
:108280006DFF48B94FF0E0234FF08052C3F8042D42
:10829000BFF34F8FBFF36F8F10BD00BF48070020A3
:1082A00008B52D4B1B681BB12C4B01221A6008BD71
:1082B0002A4B00221A602A4B1B681B6B1A68B2F10A
:1082C000A53F03D15A68B2F1A53F10D0244B1868DE
:1082D00019683431FBF778FC224B1B6803EB8301F0
:1082E0008A0021498A58A2B953B1013BF6E79A683E
:1082F000B2F1A53FEAD1DB68B3F1A53FE6D1EBE7E8
:108300004FF0500383F31188BFF36F8FBFF34F8F8C
:10831000FEE7084603EB83018A000244516849687E
:10832000516003EB830C4FEA8C0208320244914205
:108330000BD003EB830291000B4A0A445268D168C8
:10834000074A1160074A1360B1E748686246910026
:10835000054A0A445060ECE7480700205C0700200B
:10836000440C002068070020E407002058B110B535
:108370000C46094A11681831FFF74BF801212046D5
:10838000FFF75AFD10BD4FF0500383F31188BFF380
:108390006F8FBFF34F8FFEE7440C002038B570B1EC
:1083A0000D4614460A4A11681831FFF727F80CB138
:1083B0004FF0FF3521462846FFF73EFD38BD4FF010
:1083C000500383F31188BFF36F8FBFF34F8FFEE726
:1083D000440C002038B5C368DC6824B304F11805E8
:1083E0002846FFF72FF8184B1B682BBB251D284686
:1083F000FFF728F8E06A154B1B68984201D9134B28
:10840000186000EB80002946114B03EB8000FEF75B
:10841000F5FFE26A0F4B1B68DB6A9A4211D9012013
:108420000D4B186038BD4FF0500383F31188BFF334
:108430006F8FBFF34F8FFEE729460848FEF7DEFF38
:10844000E7E70020EEE700BF4807002068070020AC
:10845000E4070020440C00205C070020A007002057
:1084600060B110B5044600F085FD094B1B68236020
:10847000084B1B68636000F09FFD10BD4FF0500378
:1084800083F31188BFF36F8FBFF34F8FFEE700BFF9
:10849000580700206C070020034B1B680360034B48
:1084A0001B684360704700BF580700206C0700201E
:1084B000E0B170B50C46054609B300F05BFD1C4BFE
:1084C00019686B68C81A2268B2F1FF3F28D0DFF83C
:1084D00064C0DCF800C02E68664501D08B4224D908
:1084E000824215D80023236001241AE04FF0500384
:1084F00083F31188BFF36F8FBFF34F8FFEE74FF009
:10850000500383F31188BFF36F8FBFF34F8FFEE7E4
:108510005B1A134423602846FFF7BEFF002400E0E7
:10852000002400F049FD204670BD0124F9E700BF9A
:108530006C07002058070020014B01221A60704789
:108540005C070020054B1B6833B1054B1B680BB162
:108550000020704702207047012070476407002008
:108560004807002000283BD038B504461E4B1B6846
:10857000834208D04FF0500383F31188BFF36F8F0D
:10858000BFF34F8FFEE7036D43B94FF0500383F302
:108590001188BFF36F8FBFF34F8FFEE7013B036579
:1085A000C16AC26C91421DD00BB1002038BD051DBF
:1085B0002846FEF747FFE06CE062C0F13803A36194
:1085C0000A4B1B68984201D9084B186000EB8000E9
:1085D0002946074B03EB8000FEF710FF0120E5E77B
:1085E000002070470020E1E7440C002068070020CD
:1085F000E4070020064B1A6813682BB901230360B7
:1086000023B9D368186870470023F8E70020704743
:10861000480D002008B54160006191420CD8D21A83
:1086200083699A4201D3012008BD011D094B1868D6
:10863000FEF7EFFE0020F7E79A4201D2994206D2F8
:10864000011D054B1868FEF7E4FE0020ECE7012051
:10865000EAE700BF440D0020480D002030B583B08C
:1086600000F088FC114B1B681BB100F0A5FC03B0A7
:1086700030BD0F4D2846FEF7B3FE0E4C2046FEF7E8
:10868000AFFE0D4B1D600D4B1C60002300930C4B87
:108690000C4A10210A20FEF7DBFF044B186000286B
:1086A000E3D00949FFF742FADFE700BF400D0020A1
:1086B000600D00204C0D0020480D0020440D0020CE
:1086C000480C0020980C00205036010810B588B0E6
:1086D000FFF7C4FF124B1B68CBB10024059406942E
:1086E00007AA06A905A800F0A9FA059B0293069B14
:1086F0000193022300932346079A0A490A48FFF789
:10870000D9FB0A4B186010B1012008B010BD4FF022
:10871000500383F31188BFF36F8FBFF34F8FFEE7D2
:10872000400D002058360108318A00083C0D002019
:10873000B8B19C4603461848006858B300B585B0E8
:1087400000910192029305291CDCFFF7FBFE022831
:1087500010D000231A4669460F480068FEF7E6FF6E
:1087600015E04FF0500383F31188BFF36F8FBFF311
:108770004F8FFEE70023069A694607480068FEF718
:10878000D5FF04E0002362466946FFF7B9F805B05B
:108790005DF804FB00207047400D002070B582B0EA
:1087A0001B4B1B681A6862B3DB681E68DC68251DFA
:1087B0002846FEF747FE236A2046984794F828305B
:1087C00013F0040FECD0A36933449E4207D26360D8
:1087D000246129460E4B1868FEF71BFEE0E70021D6
:1087E00000910B4632462046FFF7A2FF0028D7D162
:1087F0004FF0500383F31188BFF36F8FBFF34F8F98
:10880000FEE7044A106802490860136002B070BDB8
:10881000480D0020440D002038B50546FFF70CFC3C
:108820000446074B1B68834205D800232B60044B8A
:108830001C60204638BDFFF7B1FF01232B60F6E72F
:10884000380D002070B582B006460D4617490968FC
:10885000C968CC68201DFEF7F5FD94F828C01CF00F
:10886000040F08D12CF0010C84F828C0236A20469C
:10887000984702B070BDA16933462A46314420466C
:10888000FFF7C8FE0028F1D0002100910B463246C8
:108890002046FFF74DFF0028E8D14FF0500383F347
:1088A0001188BFF36F8FBFF34F8FFEE7480D002095
:1088B00070B582B006460C46FFF7B6FB01A8FFF77D
:1088C000ABFF019B33BB0546E4B9B04213D222464D
:1088D000711B124B1868FFF73DF9FFF73FFCD8B941
:1088E0004FF0E0234FF08052C3F8042DBFF34F8FB9
:1088F000BFF36F8F10E0FFF731FC29463046FFF7DA
:10890000A1FF09E0064A126812680AB90124DEE7ED
:108910001C46DCE7FFF722FC02B070BD400D0020D2
:10892000440D002010B588B002E0049B002B0FDA44
:10893000002204A93D4B1868FFF749F8002872D0BF
:10894000049B002BF1DA07990698059B9847ECE702
:10895000069C636913B1201DFEF774FD03A8FFF7A1
:108960005BFF0246049B092BE2D8DFE803F0050514
:10897000052F364E05052F3694F8283043F00103B5
:1089800084F82830059BA16919442046FFF742FE70
:108990000028CDD0236A2046984794F8283013F059
:1089A000040FC5D0A269002100910B46059802442E
:1089B0002046FFF7BDFE0028BAD14FF0500383F3E5
:1089C0001188BFF36F8FBFF34F8FFEE794F8283005
:1089D00023F0010384F82830AAE794F8283043F004
:1089E000010384F828300599A16129B103460144A7
:1089F0002046FFF70FFE9BE74FF0500383F31188EB
:108A0000BFF36F8FBFF34F8FFEE794F8283013F05A
:108A1000020F04D023F0010384F8283088E72046B1
:108A200000F0FEF984E708B010BD00BF400D002043
:108A300000B583B001A8FFF7DDFD0199FFF738FF0E
:108A4000FFF770FFF6E708B54FF0E0231B69FFF76B
:108A500079FD012800D108BD00F0FCFAFBE7000019
:108A6000EFF305832BB9064B186828B901221A6069
:108A700070476FF0050070474FF0FF30704700BF40
:108A80002C140020EFF3058373B90A4B1B68012BEC
:108A90000DD110B50024084BDC77064B02221A607A
:108AA000FFF776FA204610BD6FF0050070474FF0D3
:108AB000FF3070472C14002000ED00E0F0B587B0C7
:108AC00000240594EFF3058404BBF8B1002A34D0E8
:108AD000156893692BB11E46013B372B02D9002044
:108AE00015E01826536813F0010F3FD1546984B183
:108AF0004FEA940C93682BB1D7685B2F02D91769A2
:108B000007B184B943B14FF0FF330BB3059807B0F9
:108B1000F0BD4FF0800CEDE7D368A3B91369ABB19A
:108B20004FF0FF33F1E70293019700960B46624640
:108B30002946FFF7BFF90590E8E7154600231826F8
:108B40004FF0800CE1E74FF0FF33DEE70023DCE776
:108B500005AB019300960B461FFA8CF22946FFF7EE
:108B6000E4F90128D2D000230593CFE70020CEE717
:108B700008B5EFF3058333B908B9002008BDFFF746
:108B800069FB0020FAE76FF00500F7E770B5EFF337
:108B90000586002E3ED1044608B3436813F0010653
:108BA00000D0012613F0080F37D154B3A16811B1DA
:108BB000E3684F2B1AD8A1B14FF0FF337BBB26B32C
:108BC0000420FEF783FE05462DB304B12468214638
:108BD0002846FEF7ABFFF6B145F001051BE0334632
:108BE000E0E7E3687BB14FF0FF33E7E726B104200D
:108BF000FEF777FE0546E7E70120FEF772FE054621
:108C0000E2E70023DAE70023D8E70120FEF75EFE63
:108C10000546D9E70025284670BD0025FBE700255D
:108C2000F9E70000034B0360034B0B6080231360E4
:108C3000704700BFD0130020D0110020034B036009
:108C4000034B0B604FF48073136070477411002066
:108C5000740D0020124A12F0070F1ED0D11D21F012
:108C60000701C1F5004313440A460E480260002183
:108C700041601344083B23F007030B48036059602D
:108C80001960991A51601360084B1960084B1960FC
:108C9000084B4FF000421A6070474FF40043E4E77E
:108CA0005014002048140020441400203C140020DC
:108CB0004014002030140020164B1A461B688342D3
:108CC000FBD3516802EB010C844509D0416800EBED
:108CD000010C634509D00360904219D010607047C1
:108CE0004068014451601046F0E710B40A4C246813
:108CF000A3420BD05B681944416013681B68036092
:108D0000904200D010605DF8044B70470460F7E7B4
:108D1000704700BF481400204414002038B50446B2
:108D2000FFF782F9384B1B68B3B1384B1B681C4204
:108D300050D1002C50D004F1080214F0070F02D0DB
:108D400022F007020832002A55D0314B1B689342AB
:108D500053D330490C6804E0FFF77CFFE5E7214678
:108D60001C466368934202D22368002BF7D1264B3E
:108D70001B68A34243D00D68083523680B60636805
:108D80009B1A102B10D9A01810F0070F08D04FF025
:108D9000500383F31188BFF36F8FBFF34F8FFEE74C
:108DA00043606260FFF788FF626819490B689B1A8D
:108DB0000B60194909688B4201D217490B60134BAC
:108DC0001B681343636000232360144A1368013354
:108DD000136002E0002500E00025FFF7BFF915F061
:108DE000070F0ED04FF0500383F31188BFF36F8F3E
:108DF000BFF34F8FFEE70025EFE70025EDE70025E5
:108E0000EBE7284638BD00BF441400203014002092
:108E100040140020481400203C1400203814002086
:108E2000002834D038B50446A0F1080550F8043CB9
:108E3000174A1268134208D14FF0500383F3118888
:108E4000BFF36F8FBFF34F8FFEE750F8081C41B19F
:108E50004FF0500383F31188BFF36F8FBFF34F8F31
:108E6000FEE723EA020340F8043CFFF7DDF854F87C
:108E7000041C084A13680B4413602846FFF71CFFC4
:108E8000054A136801331360FFF768F938BD70476E
:108E900030140020401400203414002082B000233D
:108EA00001930D4B1B68B3F1FF3F08D04FF0500307
:108EB00083F31188BFF36F8FBFF34F8FFEE74FF03F
:108EC000500383F31188BFF36F8FBFF34F8F019B64
:108ED000002BFCD002B070476800002008480068F2
:108EE000006880F308884FF0000080F3148862B6B1
:108EF00061B6BFF34F8FBFF36F8F00DF00BF00007D
:108F000008ED00E0DFF80C00016841F47001016039
:108F10007047000088ED00E04FF0807340F8043C9B
:108F200021F0010140F8081C054B40F80C3C40F8CA
:108F3000202C6FF0020340F8243C4438704700BFF7
:108F40009D8E0008000000000000000000000000EE
:108F5000074B19680868B0E8F04F80F30988BFF341
:108F60006F8F4FF0000080F311887047AFF30080DF
:108F7000440C00204FF0500383F31188BFF36F8F30
:108F8000BFF34F8F0B4A136801331360012B00D0DE
:108F900070474FF0E023D3F8043D13F0FF0FF7D0F4
:108FA0004FF0500383F31188BFF36F8FBFF34F8FE0
:108FB000FEE700BF68000020094B1B6843B94FF073
:108FC000500383F31188BFF36F8FBFF34F8FFEE71A
:108FD000013B034A13600BB983F31188704700BF4C
:108FE00068000020000000000000000000000000F9
:108FF000EFF30980BFF36F8F154B1A681EF0100F47
:1090000008BF20ED108A20E9F04F106009B44FF03E
:10901000500080F31188BFF34F8FBFF36F8FFFF7BE
:109020003FF94FF0000080F3118809BC1968086807
:10903000B0E8F04F1EF0100F08BFB0EC108A80F3BC
:109040000988BFF36F8F7047AFF30080AFF30080E4
:10905000440C002008B54FF0500383F31188BFF390
:109060006F8FBFF34F8FFEF7EDFF28B14FF0E02376
:109070004FF08052C3F8042D002383F3118808BDFC
:109080004FF0E022002313619361054B1B680549F3
:10909000A1FB03139B09013B536107231361704735
:1090A00064000020D34D62104FF0E023D3F8002D70
:1090B0003D4B9A421CD04FF0E023D3F8002D3B4BA0
:1090C0009A421ED030B583B0394B1A78D2B2019291
:1090D000FF221A701B78DBB28DF803309DF8033045
:1090E00003F05003334A1370334B07221A601BE01E
:1090F0004FF0500383F31188BFF36F8FBFF34F8F8F
:10910000FEE74FF0500383F31188BFF36F8FBFF377
:109110004F8FFEE7284A1368013B13609DF8033028
:109120005B00DBB28DF803309DF8033013F0800F45
:10913000F0D1214B1B68032B08D04FF0500383F371
:109140001188BFF36F8FBFF34F8FFEE71B021A4AE0
:10915000136003F4E0631360019BDBB2144A1370E5
:109160004FF0E024D4F8203D43F47003C4F8203DD0
:10917000D4F8203D43F07043C4F8203DFFF780FF52
:1091800000250E4B1D60FFF7BDFED4F8343F43F0C1
:109190004043C4F8343FFFF7A1FEFFF781F8FFF723
:1091A0007DFE284603B030BD71C20F4170C20F4131
:1091B00000E400E054940020509400206800002057
:1091C000EFF305830F2B0ED9114A9A5C114B1B78D4
:1091D0009A4208D24FF0500383F31188BFF36F8F88
:1091E000BFF34F8FFEE74FF0E023D3F80C3D03F4BD
:1091F000E063094A1268934208D94FF0500383F3A1
:109200001188BFF36F8FBFF34F8FFEE7704700BF2A
:10921000F0E300E0549400205094002010B5034681
:109220000C4A0D490D48006840B10C4800680344E1
:10923000521A934206D8094A136010BD0748084CD9
:109240000460F2E7F7F75EF90C2303604FF0FF309C
:10925000F3E700BF00000220000400005894002043
:10926000E86701200120704708B5F7F74BF916238E
:1092700003604FF0FF3008BD08B54FF0FF31FFF736
:10928000F3FFFEE770B50C461646002506E0AFF387
:109290000080214601F8010B01350C46B542F6DB92
:1092A000304670BD70B50C461646002504E014F833
:1092B000010BAFF300800135B542F8DB304670BDDD
:1092C0004FF0FF3070474FF400534B600020704761
:1092D000012070470020704708B50B480B4B036016
:1092E0000B4B436000238360C3604FF480420261F4
:1092F00043618361C361036200F030FA00B908BDC5
:10930000FAF752FAFBE700BF6094002000540040D7
:10931000A086010030B589B0002303930493059320
:109320000693079302681C4B9A4201D009B030BDE6
:1093300000250195194C236B43F002032363236B33
:1093400003F002030193019B4FF440730393122334
:109350000493012306930423079303A91048FCF701
:10936000A9FD0295236C43F400132364236C03F4DA
:1093700000130293029B2A4605211F20FDF74EF998
:109380001F20FDF75BF92A4605212020FDF746F94D
:109390002020FDF753F9C9E700540040003802408F
:1093A0000004024003685A6912F0800F01D00022C5
:1093B0001A61704790F83E30402B10D00369B3F526
:1093C000804F1BD0036D002B38D1436CC3F3C813FF
:1093D000026803F0060343F0F00313617047036D66
:1093E0002BB9436C026803F0FE0313617047436CB2
:1093F000026843F00103DBB21361704790F83D301F
:10940000212B0FD0436C026843F00103DBB21361E0
:10941000436B6BB1DB6B5BB10268536843F4006371
:1094200053607047436C026803F0FE031361EFE77B
:10943000836B33B1DB6B002BEED102E0036D012BAC
:1094400000D07047436CC3F3C813026803F00603EF
:1094500043F0F1031361F4E7436C0268DBB213617C
:10946000436B3BB1DB6B2BB10268536843F4006381
:1094700053607047836B002BFBD0DB6B002BF3D169
:10948000F7E7000010B48BB090F83E30C16A046B6F
:1094900090F83D20222A0BD00023099303685A69D3
:1094A00009929B690993099B0BB05DF8044B7047C7
:1094B000DBB2026D0AB9402B17D0036D1BB90369EB
:1094C000B3F5404F1AD0438D9BB2002B26D10293A7
:1094D00003685A6902929A690292029A1A6842F4DF
:1094E00000721A6000230365DEE70023009303681F
:1094F0005A6900929B690093009BD5E70023019372
:1095000003685A6901929A690192019A1A6842F4B1
:1095100080721A60036D01330365C5E7438D9BB20A
:10952000012B26D0438D9BB2022B7CD0026813689E
:1095300043F48063136003685A6812F4006F0FD01D
:10954000202900F2AE800829C0F0A7800839574AC8
:10955000CA4012F0010F03D05A6842F480525A6098
:109560000023089303685A6908929B690893089B33
:10957000B8E711F5803F11D0082934D0202932D026
:10958000122C2ED0042940D002293ED010293CD0E4
:109590000268136823F4806313603BE00268136879
:1095A00023F48063136003685A6812F4006F0CD0D0
:1095B0001A6822F480621A600023039303685A69D0
:1095C00003929B690393039B8CE7002204925A69E0
:1095D00004929A690492049A1A6842F400721A601A
:1095E00080E70129D0D00268136823F480631360F8
:1095F0000023069303685A6906929A690692069AAE
:109600001A6842F400721A606CE70268136843F447
:10961000806313600023059303685A6905929B6970
:109620000593059B5EE710290AD8214BCB4013F028
:10963000010F05D00268136843F48063136009E0EA
:109640000268136823F4806313600268136843F4AC
:109650000063136003685A6812F4006F0DD020296C
:1096600017D8082912D30839104ACA4012F0010F3E
:1096700003D05A6842F480525A600023079303686B
:109680005A6907929B690793079B2BE70129F4D13D
:10969000EFE711F5803FF0D1EBE701297FF460AFF0
:1096A0005AE711F5803F7FF45BAF55E701010001F8
:1096B00014000100438D9BB25BB1426A03681278CB
:1096C0001A61436A01334362438D9BB2013B9BB2F3
:1096D00043857047438D9BB25BB103681A69436A47
:1096E0001A70436A01334362438D9BB2013B9BB2C4
:1096F0004385704782B0002301930E4B1B68DB0843
:109700000D4AA2FB03231B0A03EB83030193019B76
:10971000013B0193019B33B103681B6813F4007F85
:10972000F5D1002004E0036C43F020030364012022
:1097300002B070476400002089B5F814C36AB3F51D
:109740002A0F04D0C36AB3F12A4F03D07047012314
:10975000C36270470823C362F8E70000002800F0E6
:10976000CC8070B5044690F83D30002B77D0242390
:1097700084F83D302268136823F0010313602268E7
:10978000136843F4004313602268136823F4004312
:109790001360FCF7A7FA62685A4B9A4264D85A4B96
:1097A00098428CBF00230123002B40F0A88057492A
:1097B000A1FB00318B0C25686A6822F03F0242EA67
:1097C00091426A6021680A6A22F03F0266684D4D44
:1097D000AE424FD8013313430B622168CA6922F4A9
:1097E0004F4222F0FF026568464B9D424CD8431E13
:1097F0006D00B3FBF5F3013340F6FC70034278D003
:10980000C3F30B031A43CA6121680B6823F0C0033A
:10981000E269206A024313430B6021688B6823F4DA
:10982000034323F0FF032269E068024313438B6084
:109830002168CB6823F0FF036269A06902431343E8
:10984000CB602268136843F001031360002020649A
:10985000202384F83D30206384F83E0070BD80F8FA
:109860003C30FFF757FD82E7294B98428CBF00231D
:10987000012399E74FF4967505FB03F3254DA5FBEE
:1098800003539B090133A6E7A668BEB9431E05EB47
:10989000450CB3FBFCF30133C3F30B03B3FA83F3BF
:1098A0005B0943BBC6B9431E05EB4505B3FBF5F3A6
:1098B0000133C3F30B0343F40043A3E7431E05EB5B
:1098C000850C0CEB8C0CB3FBFCF30133C3F30B03E3
:1098D000B3FA83F35B09E4E7431E05EB850505EB6B
:1098E0008505B3FBF5F30133C3F30B0343F44043A6
:1098F00088E7042386E7012384E7012070470120DD
:10990000ACE700BFA08601007F841E0083DE1B43FE
:10991000FF083D00D34D621070477047704708B58F
:1099200090F83D30DAB2438D9BB283B1416A03684F
:1099300009781961436A01334362438D9BB2013B4D
:109940009BB24385438D9BB20BB9292A00D008BD39
:109950000268536823F48063536021230363282340
:1099600080F83D30FFF7DAFFF1E7704708B590F86F
:109970003D30DAB2438D9BB283B103681969436A03
:109980001970436A01334362438D9BB2013B9BB222
:109990004385438D9BB20BB92A2A00D008BD0268CB
:1099A000536823F48063536022230363282380F8E1
:1099B0003D30FFF7DAFFF1E7704700B583B090F86C
:1099C0003D3003F02803282B0CD0002301930268BC
:1099D0005169019192690192019A80F83C3003B07B
:1099E0005DF804FB0268536823F48063536011F050
:1099F000040F0BD0002311F0800F09D182890021C0
:109A000080F83C101946FFF7D7FFE8E70123F2E79B
:109A1000028BF4E77047000010B5044690F83D3023
:109A2000DBB2C26A082A01D0202A01D1282B06D035
:109A3000212B1FD023686FF480625A6110BD1D4B2B
:109A4000E3622268536823F4E063536023686FF491
:109A500080625A612268136823F4806313600023D4
:109A60002363202284F83D2084F83E302046FFF70F
:109A7000D1FFE3E70F4BE36221232363202384F824
:109A80003D30002384F83E302268536823F4E063BD
:109A9000536023686FF480625A612268136823F46C
:109AA000806313602046FFF77DFC2046FFF736FFFA
:109AB000C4E700BF0000FFFF704708B5C26A90F816
:109AC0003D30212B00D008BD438D9BB263B1426A6B
:109AD000036812781A61436A01334362438D9BB273
:109AE000013B9BB24385EEE7082A04D0202A02D02E
:109AF00012F5803F18D10268536823F4E063536085
:109B00000268136843F40073136000230363202387
:109B100080F83D3090F83E30402B15D0002380F87F
:109B20003E30FFF7F9FECEE70268536823F4E063A6
:109B3000536011230363002380F83E30202380F814
:109B40003D30FFF7E9FEBEE7002380F83E30FFF727
:109B5000B3FFB8E708B590F83D30026D9AB9C36C11
:109B6000012B08D0836C0268C3F307231361036DD4
:109B70000133036508BD836C0268DBB21361036DBA
:109B800002330365F6E7DBB2026D012A23D0026DD2
:109B9000022A3ED1222B26D0428D92B20AB1212B2D
:109BA0002AD0428D92B2002AE4D1212BE2D1026860
:109BB000536823F4E06353600268136843F400734E
:109BC000136000230363202280F83D2080F83E309C
:109BD000FFF772FFCEE7836C0268DBB21361036D9F
:109BE00001330365C6E70268136843F480731360AA
:109BF000036D01330365BDE7426A036812781A6199
:109C0000436A01334362438D9BB2013B9BB2438560
:109C1000B0E7FFF7C7FBADE710B590F83D30DBB21A
:109C200090F83E20D2B2C46A018D00293AD1212B8E
:109C300002D0402A41D010BD082C04D0202C02D0E4
:109C400014F5803F18D10268536823F4E063536031
:109C50000268136843F40073136000230363202336
:109C600080F83D3090F83E30402B15D0002380F82E
:109C70003E30FFF751FEDEE70268536823F4E063ED
:109C8000536011230363002380F83E30202380F8C3
:109C90003D30FFF741FECEE7002380F83E30FFF76E
:109CA0000BFFC8E7212BC4D1438D9BB243B9026897
:109CB000536823F480635360BDE7222BBBD1F3E7E5
:109CC00090F83E30402B0CD0426A036812781A613B
:109CD000436A01334362438D9BB2013B9BB2438590
:109CE000A9E7FFF737FFA6E7704708B5C26A438DBB
:109CF0009BB2042B14D0438D9BB2032B22D0438DF7
:109D00009BB2022B39D003681A69436A1A70436AFE
:109D100001334362438D9BB2013B9BB2438510E00C
:109D20000268536823F48063536003681A69436AC6
:109D30001A70436A01334362438D9BB2013B9BB26D
:109D4000438508BD01684B6823F480634B60042A97
:109D500006D0022A04D00268136823F480631360DB
:109D600003681A69436A1A70436A01334362438D78
:109D70009BB2013B9BB24385E3E7531E0F2B15D8E3
:109D8000DFE803F0080E140E141414141414141441
:109D90001414140801680B6823F480630B600AE054
:109DA00001680B6843F480630B6004E001680B6892
:109DB00043F400730B6003681969436A1970416AC0
:109DC0004B1C4362438D9BB2013B9BB243850368AE
:109DD0001B694B70436A01334362438D9BB2013B65
:109DE0009BB2438501684B6823F440734B6020238A
:109DF00080F83D3090F83E30402B09D0002380F8A9
:109E00003E30082A0BD0202A09D01223036308E031
:109E1000002380F83E300363FFF766FF91E70023DD
:109E20000363FFF77AFD8CE7704738B590F83D3053
:109E3000222B00D038BD0446C56A438D9BB2032B4C
:109E400015D903681A69436A1A70436A0133436279
:109E5000438D9BB2013B9BB24385438D9BB2032B49
:109E6000E8D10268536823F480635360E2E7C26A72
:109E7000022A01D0012B05D92268536823F480639C
:109E80005360D7E7FFF736FC002834D12268136807
:109E900023F4806313602268536823F4E063536003
:109EA00023681A69636A1A70636A01336362638D97
:109EB0009BB2013B9BB26385202384F83D3094F82C
:109EC0003E30402B09D0002384F83E30082D0CD0C2
:109ED000202D0AD01223236309E0002384F83E30AA
:109EE00023632046FFF700FFA4E7002323632046F7
:109EF000FFF713FD9EE72268536823F4E063536085
:109F000023681A69636A1A70636A01336362638D36
:109F10009BB2013B9BB26385202384F83D30002334
:109F200084F83E302046FFF77FFF83E7704700004C
:109F300000B583B000230193806B90F83D20D2B22E
:109F4000314B1B68DB083149A1FB03131B0A03EBF0
:109F50008303C3EBC3030193019B43B1019B013B0B
:109F6000019303681B6813F4007FF5D103E0036CD1
:109F700043F020030364436B0BB10021D963836B6F
:109F80000BB10021D96301680B6823F480630B6077
:109F900000234385436B0BB100211965836B0BB123
:109FA0000021196501680B6823F001030B6090F82C
:109FB0003D30602B0ED002F02802282A14D0202336
:109FC00080F83D30002380F83E30FFF72DFF03B0CE
:109FD0005DF804FB202380F83D30002380F83E30FC
:109FE0000364FFF7A3FFF2E70268136843F001037D
:109FF00013600268136843F48063136000230363F3
:10A00000282380F83D30E0E76400002089B5F8148B
:10A0100010B5044690F83D30DBB290F83E20102A8F
:10A0200036D0D1B2402933D003F02802282A37D0C5
:10A030002268526812F4006F07D1602B05D02023EC
:10A0400084F83D30002384F83E30002323632368E6
:10A050005A6812F4006F47D05A6822F400625A60BE
:10A06000636B93F83520012A20D0444A1A65606B4F
:10A07000FCF77BF9002848D02268136823F001031D
:10A080001360202384F83D30606B036D98473CE0FB
:10A09000222BC9D121680A6822F400620A60C3E752
:10A0A00000232363282384F83D30D0E7A36B334A91
:10A0B0001A65A06BFCF759F938B323685A6912F096
:10A0C000400F05D01A69636A1A70636A01336362CC
:10A0D0002268136823F001031360202384F83D30C5
:10A0E000A06B036D984710E094F83D20602A1FD0C4
:10A0F0005A6912F0400F05D01A69636A1A70636AD0
:10A10000013363622046FFF78FFE236C13F00F0FBD
:10A1100004D02268536823F4E063536094F83D3020
:10A12000DBB2226C12F0040F01D0282B18D010BD26
:10A13000202284F83D20002222645A6912F0400F48
:10A1400005D01A69636A1A70636A01336362226810
:10A15000136823F0010313602046FFF7E7FED4E7FE
:10A16000074BE36200232363202284F83D2084F818
:10A170003E302046FFF74EFCD9E700BF319F000874
:10A180000000FFFF30B583B0044690F83D50EDB2BB
:10A190000268536823F4E06353600023019303686B
:10A1A0005A6901921A6842F001021A60019B026822
:10A1B000136823F48063136003685A6812F4006F15
:10A1C00038D0222D21D02A2D1FD0426B1268526820
:10A1D00092B24285428D92B21AB1026C42F00402F0
:10A1E00002645A6822F400625A60606BFCF7BEF9A0
:10A1F00001281FD0636B444A1A65606BFCF7B5F801
:10A20000C0B1606B036D984714E0A26B126852688E
:10A2100092B26285628D92B21AB1226C42F004024F
:10A2200022645A6822F400625A60A06BFCF79EF91F
:10A23000012841D1638D9BB233B323685A6912F070
:10A24000040F0AD01A69636A1A70636A0133636281
:10A25000638D9BB2013B9BB2638523685A6912F000
:10A26000400F0AD01A69636A1A70636A0133636225
:10A27000638D9BB2013B9BB26385638D9BB21BB127
:10A28000236C43F004032364236C0BBB2A2D24D0DE
:10A2900094F83D30282B29D0236B222B01D0222D7E
:10A2A00019D100232363202284F83D2084F83E3016
:10A2B0002046FFF75AFB0EE0A36B134A1A65A06B0A
:10A2C000FCF753F80028B5D0A06B036D9847B1E7B1
:10A2D0002046FFF79DFE03B030BD002323632823F3
:10A2E00084F83D302046FFF740FBD1E7074BE3629F
:10A2F00000232363202284F83D2084F83E3020464A
:10A30000FFF788FBE7E700BF319F00080000FFFF71
:10A31000F8B5044603685868E66A94F83E10CDB272
:10A3200094F83D20D2B2102913D0402D11D0216CC9
:10A33000002979D05D69002115F0020F77D010F463
:10A34000007F74D0226C02B199692046FFF735FB7B
:10A35000F8BD9F69596911F0010F06D1B6F52A0FB2
:10A36000F6D0B6F12A4F03D1F2E710F4007F29D1DD
:10A3700011F0080F02D010F4007F2AD111F0020F63
:10A3800002D010F4007F28D117F0040F31D05B68A1
:10A3900013F4006FDCD111F0800F05D010F4806F42
:10A3A00002D011F0040F1CD011F0040FD0D010F423
:10A3B000007FCDD0212A18D0402DC9D12046FFF7EB
:10A3C000C9FBC5E72046FFF7B9F92046FEF7F2FFC3
:10A3D000BEE72046FFF740F8BAE72046FFF752F8FD
:10A3E000B6E72046FFF718FCB2E72046FFF765FB0B
:10A3F000AEE75B6813F4006FAAD111F0400F05D0EF
:10A4000010F4806F02D011F0040F09D011F0040F86
:10A410009ED010F4007F9BD02046FFF766FC97E7A4
:10A420002046FFF702FD93E799695D6984E715F01F
:10A43000100F02D010F4007F18D1212A1AD0292A37
:10A4400018D015F0400F05D010F4806F02D015F031
:10A45000040F28D015F0040F3FF47AAF10F4007FFA
:10A460003FF476AF2046FFF735F971E72046FFF756
:10A4700089FE6DE715F0800F05D010F4806F02D0D3
:10A4800015F0040F0BD015F0040F3FF461AF10F47A
:10A49000007F3FF45DAF2046FFF70CF958E72046F8
:10A4A000FFF73DFA54E72046FFF760FA50E7F8B5AA
:10A4B000044603685D695F6890F83E20D2B2C5F338
:10A4C000002615F4807F08D0C7F3002617F4807F9C
:10A4D00003D06FF480715961012615F4007F08D014
:10A4E00017F4807F05D046F0020623686FF40071F0
:10A4F000596115F4806F19D017F4807F16D0638DE1
:10A5000099B294F83D30DBB2206B202A1BD023682F
:10A510006FF48061596146F00406102A01D0402A88
:10A5200004D12268136843F40073136015F4006FBC
:10A5300017D017F4807F14D046F0080623686FF414
:10A5400000625A610EE00029E1D1212B05D0292BB0
:10A5500003D0282BDBD12128D9D12046FFF75CFA84
:10A56000E4E72EB1236C334323642046FFF750FD0C
:10A57000F8BD0000124A12F0070F1ED0D11D21F0C5
:10A580000701C1F5004313440A460E48026000214A
:10A5900041601344083B23F007030B4803605960F4
:10A5A0001960991A51601360084B1960084B1960C3
:10A5B000084B4FF000421A6070474FF40043E4E745
:10A5C000CC940020C4940020C0940020B8940020B3
:10A5D000BC940020B4940020164B1A461B6883429A
:10A5E000FBD3516802EB010C844509D0416800EBB4
:10A5F000010C634509D00360904219D01060704788
:10A600004068014451601046F0E710B40A4C2468D9
:10A61000A3420BD05B681944416013681B68036058
:10A62000904200D010605DF8044B70470460F7E77B
:10A63000704700BFC4940020C094002038B5044681
:10A64000FDF7F2FC364B1B68B3B1364B1B681C425E
:10A650004CD1002C4CD004F1080214F0070F02D0AA
:10A6600022F007020832002A51D02F4B1B68934278
:10A670004FD32E490C6804E0FFF77CFFE5E7214645
:10A680001C466368934202D22368002BF7D1244B07
:10A690001B68A3423FD00D68083523680B606368D0
:10A6A0009B1A102B10D9A01810F0070F08D04FF0EC
:10A6B000500383F31188BFF36F8FBFF34F8FFEE713
:10A6C00043606260FFF788FF626817490B689B1A56
:10A6D0000B60174909688B4201D215490B60114B79
:10A6E0001B68134363600023236002E0002500E041
:10A6F0000025FDF733FD15F0070F0ED04FF0500386
:10A7000083F31188BFF36F8FBFF34F8FFEE70025F0
:10A71000EFE70025EDE70025EBE7284638BD00BF51
:10A72000C0940020B4940020BC940020C494002065
:10A73000B894002080B338B50446A0F1080550F85D
:10A74000043C164A1268134208D14FF0500383F3B9
:10A750001188BFF36F8FBFF34F8FFEE750F8081CCF
:10A7600041B14FF0500383F31188BFF36F8FBFF3F4
:10A770004F8FFEE723EA020340F8043CFDF754FC48
:10A7800054F8041C064A13680B4413602846FFF76C
:10A7900023FFFDF7E3FC38BD704700BFB4940020F1
:10A7A000BC94002050F8043C024A106823EA0000E0
:10A7B000704700BFB494002070B505460C46FDF705
:10A7C00033FC2046FFF73AFF064678B175B12846BC
:10A7D000FFF7E8FF0838844200D3044622462946A2
:10A7E0003046F5F731FD2846FFF7A4FFFDF7B6FC2C
:10A7F000304670BD38B505460C46FDF715FC05FB27
:10A8000004F42046FFF71AFF0546034603E0002143
:10A8100003F8011B1446621E002CF8D1FDF79EFCC4
:10A82000284638BD08B505490A6802440A6004494B
:10A830000A6802440A60FFF701FF08BDD014012036
:10A84000CC14012058B110B50446FFF7ABFF044A01
:10A8500013681B1A13602046FFF76CFF10BD70478A
:10A86000CC14012038B50C460C4A13680B44136015
:10A870000B4A13680B44136058B10546FFF792FF6B
:10A88000074A13681B1A136021462846FFF794FFF6
:10A8900038BD0846FFF7D2FEFAE700BFD01401200A
:10A8A000CC14012010B501FB00F3054C22681A44BA
:10A8B0002260044C22681A442260FFF79BFF10BDFF
:10A8C000D0140120CC1401202DE9F04107460E469A
:10A8D000144615A3D3E90023F6F7F2FE0D46804691
:10A8E0002060616010A3D3E9002338463146F6F7B3
:10A8F000E7FEA260002A01DBBDE8F081084981FB88
:10A900000231D317C3EB21730133B8EB030165EBBD
:10A91000E37521606560034901FB0322A260EBE758
:10A92000A12FB84400CA9A3B00CA9A3B000000001D
:10A9300070B582B00D466846002400940194FDF77E
:10A940008FFD009E019A4FEA461C4CEAD26C5301DF
:10A950009B1A6CEB060C4FEA4C2C4CEAD35C5B0266
:10A960009B1846EB0C0C4FEA8C1141EA936198015D
:10A97000C01A61EB0C0180182A4646EB0101FFF773
:10A98000A3FF204602B070BD08B54FF40062034932
:10A99000D0F88C02FCF708FD012008BDDC14012072
:10A9A00008B5D0F88C02FCF7D5F9012008BD70B5C8
:10A9B000D0F88C5295F84130202B01D0002070BD8A
:10A9C000144692B22846FCF77DF906463EB995F842
:10A9D0004130202B03D00120FEF7CAF8F6E70EB96C
:10A9E0002046ECE70020EAE72DE9F8430D4614463F
:10A9F0001F46D0F88C82002672B6D8F83C301B680F
:10AA00005868C0F50060DFF85490C9F8000062B6DD
:10AA100001360120FEF7ACF80E4B1B68D9F8002078
:10AA2000934214D1BE42E7DB002008E00A49C95C2A
:10AA300029540133C3F30A0306490B600130054B67
:10AA40001B689A4201D0A042F0D3BDE8F8830020F1
:10AA5000F5E700BFD8140120DC140120D414012034
:10AA6000DFF834D0FCF7B2FC0C480D490D4A002346
:10AA700002E0D458C4500433C4188C42F9D30A4AB3
:10AA80000A4C002301E013600432A242FBD3F5F725
:10AA90003FFDF8F7E3FE70470000022000000020B1
:10AAA000100100200C40010810010020E86701207F
:10AAB000FEE70000014B1868704700BFAC3C01087E
:10AAC0002DE9F04788B0109D002D69D005F150099F
:10AAD000044648460E4690461F4600F0D5F9002829
:10AAE0005ED0002C5CD0D4F800A0BAF1000F04D0E6
:10AAF0006427384608B0BDE8F087304604F0A2FF6E
:10AB0000002852D0B8F1000F4AD0002F48D0CDE92C
:10AB100003AA07AA059205F1580393E807008DE8F8
:10AB20000700CDF81CA0394699E80C00304604F027
:10AB3000DDFF074600284FD12B6D296EC8209847AE
:10AB4000206000284ED0304604F09EFF05F16403DB
:10AB50000093079A27682B46414600F053FA236872
:10AB6000C7F8C400D3F8C40070B303F1700100F05B
:10AB700027FB23680746D0B995F8482083F8B8200A
:10AB8000294670221846F5F75FFB3268C0F8C020EE
:10AB900007986B6D296E9847384608B0BDE8F08776
:10ABA0000B27384608B0BDE8F087C827A1E78BB16E
:10ABB000D3F8C42042B1304604F066FF2368D3F8CE
:10ABC000C41000F00DFB23686A6D296E184690478B
:10ABD000002323600127DBE76728D9D0692803D049
:10ABE0000A28F7D10A27D3E76727D1E770B5144DB4
:10ABF000144988B0044650222846F5F725FB02A8E0
:10AC000000F034F90DF1080CBCE80F0005F1500E0E
:10AC1000AEE80F006E46DCF80030CEF8003030466B
:10AC200000F072F996E8030005F1640383E803007D
:10AC3000702229462046F5F707FB204608B070BD74
:10AC4000E01C0120B03C0108F8B1036870B504466F
:10AC5000B3B11646D3F8C42092B1D3F8C0000D4664
:10AC600004F02CFB60B12368D3F8C40040B155B1A7
:10AC70003246294600F066F9003818BF012070BD41
:10AC80004FF4967070BD0B2070BD4FF496707047F6
:10AC90002DE9F04186B0B8B31C46ABB30F469046E1
:10ACA000064604F05FFC04F10C03059093E80300F2
:10ACB0008DE8030005A894E80E0004F055FC054655
:10ACC000E0B902AD284604F0EFFA95E803003346F8
:10ACD00086E8030005AA4146384604F055FB0546C0
:10ACE000B8B9B460224606F10C01032004F0BEFF9F
:10ACF000054670B905A804F09DFC08B100F0E8F81D
:10AD0000284606B0BDE8F0810B25284606B0BDE810
:10AD1000F08100F0DDF805A804F08CFC0028EFD0ED
:10AD2000ECE700BFB8B32DE9F0430D46A1B029B35D
:10AD300016461AB31F460BB30DF1100804464046E1
:10AD400004F030FD98E803000DF1180984E80300D1
:10AD5000484604F09FFE404604F024FDCDF80090E4
:10AD600098E803003B4684E8030032462946204623
:10AD700004F022FD30B921B0BDE8F0830B2021B0F2
:10AD8000BDE8F083039000F0A3F800F0A1F8039869
:10AD900021B0BDE8F0830B20704700BF68B32DE9F8
:10ADA000F0410D46A0B021B3164612B31F4603B3BF
:10ADB0000446FFF77FFE0DF1100820604046FFF7C4
:10ADC00015FF0F4950224046F5F73EFACDF80080B6
:10ADD0003B46324629462046FFF772FE10B920B0A6
:10ADE000BDE8F081039000F073F8039820B0BDE84F
:10ADF000F0810B2020B0BDE8F0810B20704700BF30
:10AE0000003D0108F7F720BBF7F746BBF7F730BD69
:10AE1000F7F726BD10B5054C864684460FCCACE846
:10AE20000F002368CCF80030704610BD503D01087B
:10AE3000A8B10268A2B14168A1B110B4C46864B1FC
:10AE4000806838B1084B1A600022C3E90342C3E9A5
:10AE5000011001205DF8044B70472046FAE7704767
:10AE600010467047084670477000002010B5054C2A
:10AE7000864684460FCCACE80F002368CCF800303F
:10AE8000704610BD7000002058B1036843B143689C
:10AE900033B1C36823B18068003818BF0120704700
:10AEA00018467047064B1B783BB1064B1A780AB917
:10AEB00001221A70044B18787047044B18787047B9
:10AEC000501D0120691D0120681D01209C360108CC
:10AED0009FED077B084A094809490023138082ED4A
:10AEE000027B084A03700B7013707047AFF3008049
:10AEF0000000000000000000581D0120691D012015
:10AF0000681D0120501D012000220260027170475F
:10AF100070B4DDE9035662B15BB155B14EB1064C78
:10AF20002070C4E90112C4E903356661002070BCD9
:10AF300070470B2070BC70476C1D0120C96F02F078
:10AF40003DBB00BF002853D070B50D468EB0002920
:10AF50004BD00446006800F047FC002845D06668E6
:10AF6000002E42D0B469284623699847F3690590BA
:10AF700013B105A898470598D6F880301B69009052
:10AF80007269B16F03F5287006AB03F003F9D8B10D
:10AF9000A36806A928469847336A04460BB106A859
:10AFA000984796F87A30012BD6F8803022D018696D
:10AFB000F16F00F5287002F001FB2040C4B284F06C
:10AFC0000100C0B20EB070BDD6F880301869059B84
:10AFD00000930B4B019302967269B16F00F52870D4
:10AFE00006AB03F007F90028D2D101200EB070BDE6
:10AFF00001207047186900F5287001F059FFDEE75D
:10B000003DAF00082DE9F04F87B0002800F0CC805C
:10B010000E46002900F0C880044600681546984690
:10B0200000F0E2FB002800F0BF80002D00F0BC80A3
:10B030002B78002B00F0B880B8F1000F00F0B4803E
:10B040005C48D4F8049005F00FFB002800F0AC80B9
:10B050008468C4F8884005F02BFB04F19C0AC4F80E
:10B060008400C4F88CA02846F7F70AFC01303C287D
:10B0700004F1840700F291804F4A2B463C21504650
:10B08000F6F746FD4FF47A73E3674146C4F88090C3
:10B09000502204F12800F5F7D7F898F8083047490E
:10B0A000022BD9F810300CBFD3F87C33D3F87833A7
:10B0B000A3670023C4E90733304600F0A3FB002850
:10B0C0006BD04268A261002A67D0294643464846B1
:10B0D00005F07EFD6062002863D0D9F8103003F5DA
:10B0E00080530321B3F89805421CA3F8982501F07A
:10B0F00091FDD4F88020D9F810302061D3F8843342
:10B1000010690625009519682269D9F8143000F5F0
:10B11000287001F0D9FC0246D9F81000D0F88C3321
:10B12000D0F8841300F0E0FAB8B3D9F8103003F582
:10B1300080530521B3F89A05421CA3F89A2501F023
:10B1400069FDD4F8803060611E69D9F81030D4F8F8
:10B1500024B00DF1100A41465046D3F8848300F024
:10B16000DFFA03959AE803000190ADF80810DBF8C8
:10B170001030009306F52876D4E90432D8F8001090
:10B18000304601F0D1FC0246D9F81000D0F88C33DB
:10B19000D0F8841300F0A8FA38B9606A08B100F05A
:10B1A00047FA384600F0ECF90027384607B0BDE80A
:10B1B000F08F00BF64660120D4360108A036010874
:10B1C00050B108B50B4649B14168502228311846A4
:10B1D000F5F73AF8002008BD0B2070470B2008BD9A
:10B1E000F8B528B1044600680D4600F0FDFA10B924
:10B1F00001242046F8BD6368002BF9D0002DF7D05C
:10B20000286800F0F1FA0028F2D06C68002CEFD02A
:10B21000606AD4F8807005F02BFDD4F88030626944
:10B220001869D0F8883300F52870196801F098FB88
:10B23000D4F8803022691B69D3F888130446096862
:10B2400003F5287001F08CFB3E692246D6F8903356
:10B25000D6F888130446304600F046FA3E69224686
:10B26000D6F89033D6F888130446304600F03CFAFE
:10B270002CB120B10024284600F082F9B9E702245D
:10B28000F9E700BFE2B12DE9F041057B0646ADB913
:10B29000C823C0E90055836040F20113174683813B
:10B2A0000C46A84621463046013505F0EDF9AF427F
:10B2B000A46084F80C8004F1C804F3D1BDE8F081E7
:10B2C000704700BFE2B12DE9F041057B0646ADB9FC
:10B2D000C823C0E90055836040F2011317468381FB
:10B2E0000C46A84621463046013505F0CDF9AF425F
:10B2F000A46084F80C8004F1C804F3D1BDE8F081A7
:10B30000704700BFE2B12DE9F041057B0646ADB9BB
:10B31000D823C0E90055836040F2011317468381AA
:10B320000C46A84621463046013505F0ADF9AF423E
:10B33000A46084F80C8004F1D804F3D1BDE8F08156
:10B34000704700BFE2B12DE9F041057B0646ADB97B
:10B35000D823C0E90055836040F20113174683816A
:10B360000C46A84621463046013505F08DF9AF421E
:10B37000A46084F80C8004F1D804F3D1BDE8F08116
:10B38000704700BFE2B12DE9F041057B0646ADB93B
:10B39000A423C0E90055836040F20113174683815E
:10B3A0000C46A84621463046013505F06DF9AF42FE
:10B3B000A46084F80C8004F1A404F3D1BDE8F0810A
:10B3C000704700BFEAB12DE9F843057B0646B5B9E1
:10B3D000C0E9005541F2A85840F201131746C0F8E1
:10B3E00008800C468381A94621463046013505F088
:10B3F0004BF9AF42A46084F80C904444F4D1BDE80A
:10B40000F8837047E2B12DE9F041057B0646ADB9FE
:10B410001C23C0E90055836040F201131746838165
:10B420000C46A84621463046013505F02DF9AF42BD
:10B43000A46084F80C8004F11C04F3D1BDE8F08111
:10B44000704700BFEAB12DE9F041057B0646B5B96A
:10B450004FF40463C0E90055836040F201131746BE
:10B4600083810C46A84621463046013505F00CF98B
:10B47000AF42A46084F80C8004F50464F3D1BDE805
:10B48000F0817047E2B12DE9F041057B0646ADB988
:10B490002C23C0E90055836040F2011317468381D5
:10B4A0000C46A84621463046013505F0EDF8AF427E
:10B4B000A46084F80C8004F12C04F3D1BDE8F08181
:10B4C000704700BFE2B12DE9F041057B0646ADB9FA
:10B4D0001C23C0E90055836040F2011317468381A5
:10B4E0000C46A84621463046013505F0CDF8AF425E
:10B4F000A46084F80C8004F11C04F3D1BDE8F08151
:10B50000704700BFE2B12DE9F041057B0646ADB9B9
:10B510002023C0E90055836040F201131746838160
:10B520000C46A84621463046013505F0ADF8AF423D
:10B53000A46084F80C8004F12004F3D1BDE8F0810C
:10B54000704700BF0146014805F09EB8846601209F
:10B5500038B50446006828B1074B1968F7F710F8AA
:10B5600040B92060616829B1002504480D6105F0EB
:10B570008BF8656038BD00BFEC3D010854660120C2
:10B5800010B50446006828B1064B1968F6F7F8FFB5
:10B5900038B92060616821B1034805F075F80023CF
:10B5A000636010BDEC3D01086466012010B50446DF
:10B5B000006828B1064B1968F6F7E2FF38B9206039
:10B5C000616821B1034805F05FF80023636010BD96
:10B5D000EC3D0108A466012010B50446006828B1BE
:10B5E000064B1968F6F7CCFF38B92060616821B1C5
:10B5F000034805F049F80023636010BDEC3D0108E5
:10B600007466012010B50446006828B1064B19681D
:10B61000F6F7B6FF38B92060616821B1034805F03C
:10B6200033F80023636010BDEC3D0108881D012044
:10B6300010B504462146034805F026F80023A3610F
:10B6400010BD00BFB466012082B030B525490D6839
:10B6500003AC84E80C001C46002D41D02B46002191
:10B660009A685B68D2F81428904208BF0131002B19
:10B67000F6D19DF80C30022B29D007D9032B05D029
:10B680000021BDE83040084602B0704714B38C4238
:10B6900020D8002DF4D000214FF0FF3C6FF0004483
:10B6A00002E06D68002DECD0AB68D3F8142890420E
:10B6B000F7D1D3F8182803F50263624553F8043C28
:10B6C00073EB040EEDDA94461C462946E9E70CB10B
:10B6D0008C42D5D9BDE83040024802B004F0C4BF66
:10B6E0002946C6E79466012010B58C7886B0012CF7
:10B6F000ADF80E200CD01946012300930DF10E0277
:10B700000DF1170300F5287001F07EFF06B010BDA3
:10B7100000F5287001F0CCFB204606B010BD00BF3C
:10B720004A7A91F808C0022A18BF002202700A78EB
:10B7300089888180ACF1020CA2F10202BCFA8CFC77
:10B74000B2FA82F24FEA5C1C520980F801C08270A2
:10B75000704700BF30B500230B70036887B01446F4
:10B76000D3B10F4A15460392009542680D480190E7
:10B7700008460D490492059102910C4A2146F6F7BC
:10B78000C7F9002805DB8442D4BF0020012007B0A0
:10B7900030BD002007B030BD054B014A1D46E2E731
:10B7A000C4360108DC360108D8360108C83601085D
:10B7B000F03B010810B582B014460090084B094ACE
:10B7C00008462146F6F7A4F9002805DB8442D4BFD9
:10B7D0000020012002B010BD002002B010BD00BF4B
:10B7E000643D0108E036010810B5044640B104F09C
:10B7F0005FFF01462046F6F7C3FEB0FA80F040092D
:10B8000010BD00BF8368184710B504460068F6F7FE
:10B81000B7FE00280CBF2046002010BD044B1A685C
:10B820000AB103487047034A014812681A6070471A
:10B830008C00002008010020024A034B12681A60A5
:10B84000704700BF080100208C00002005F03EBCBE
:10B8500005F040BC044B1A680AB103487047034A1C
:10B86000014812681A607047D40000200C010020C3
:10B8700008B50421002001F007F8043008BD00BF1E
:10B8800009B100F019BF0846704700BF38B108B5CC
:10B890000B461846042100F0F7FF043008BD70473E
:10B8A0000A4618B10168104600F06EBE704700BF2E
:10B8B00030B108B50421002000F0E6FF043008BDD7
:10B8C000704700BF00487047E000002038B50D46C3
:10B8D0000121044600F08CFF48B1A3681D70A268E6
:10B8E000236901210A440B44A26023616175A07D94
:10B8F00080F0010038BD00BF38B50D460121044677
:10B9000000F076FF60B1A268236912F8011B0039CC
:10B9100018BF0121297001330121A26023616175E3
:10B92000A07D80F0010038BD38B50D4601210446E8
:10B9300000F05EFF48B1A3681D70A2682369012171
:10B940000A440B44A26023616175A07D80F0010070
:10B9500038BD00BF38B50D460121044600F048FF50
:10B9600050B1A3681B782B70A268236901210A4497
:10B970000B44A26023616175A07D80F0010038BD99
:10B980002DE9F04182B00B4602210446ADF80630A5
:10B9900000F082FF01462046677D00F0C1FF0221D2
:10B9A000204600F019FF78BBD4E90135AB4226D917
:10B9B0005E1BA3602369C6F102083344236141463C
:10B9C000204600F015FF00283BD0237D012B4AD0F4
:10B9D0009DF807302B70002E40D09DF806306B701C
:10B9E0002369A268A07D02339E1B4244022380F09B
:10B9F0000100A2602661637502B0BDE8F0810221FA
:10BA0000204600F0F5FE90B1237D012BA36814D0F1
:10BA10009DF807201A70A3689DF806205A70A26846
:10BA20002369023202330221A26023616175A07D85
:10BA300080F0010002B0BDE8F081BDF806201A8058
:10BA4000EDE7A2682369A07D6775921B9B1B80F0C0
:10BA50000100A260236102B0BDE8F081A3689DF8F7
:10BA600006201A70BCE728460DF106052946324625
:10BA7000F4F7EAFBA0684246A919F4F7E5FBAFE743
:10BA80002DE9F04383B00D4602210446ADF80620AF
:10BA900000F002FF0146204694F8158000F040FFB8
:10BAA0000221204600F098FE70BBD4E90167BE4237
:10BAB00025D92369A660F61B3344C6F10209236128
:10BAC0004946204600F094FE002839D0012D4AD086
:10BAD0009DF807303B70002E40D09DF806307B70FB
:10BAE0002369A268A07D02334A449B1B022180F097
:10BAF0000100A2602361617503B0BDE8F0830221FB
:10BB0000204600F075FE88B1012DA36814D09DF881
:10BB100007201A70A3689DF806205A70A26823694E
:10BB2000023202330221A26023616175A07D80F0A0
:10BB3000010003B0BDE8F083BDF806201A80EDE7F0
:10BB4000A2682369A07D84F81580921B9B1B80F05E
:10BB50000100A260236103B0BDE8F083A3689DF8F3
:10BB600006201A70BCE70DF1060529463246384614
:10BB7000F4F76AFBA0684A46A919F4F765FBAFE73A
:10BB80002DE9F8430D460221044600F085FE0146EA
:10BB9000204694F8158000F0C3FE0221204600F0F4
:10BBA0001BFE60BBD4E90167BE4223D92369A660AE
:10BBB000F61B3344C6F1020923614946204600F0D2
:10BBC00017FE002834D0237D012B42D07B782B70C8
:10BBD000002E3AD03B786B702369A268A07D0221C9
:10BBE00002334A449B1B6175A260236180F001000F
:10BBF000BDE8F8830221204600F0FAFD80B1237DE4
:10BC0000012BA36811D05B782B70A3681B786B7035
:10BC1000A2682369023202330221A26023616175A6
:10BC2000A07D80F00100BDE8F8831B882B80EFE742
:10BC3000A2682369A07D84F81580921B9B1BA260DB
:10BC4000236180F00100BDE8F883A3681B786B7066
:10BC5000C2E7394632462846F4F7F6FAA1684A4662
:10BC6000A819F4F7F1FAB7E72DE9F0470E460221DB
:10BC70000446154600F010FE0146204694F8159043
:10BC800000F04EFE0221204600F0A6FD70BBD4E974
:10BC90000178474525D92369A760A7EB08073B44EE
:10BCA000C7F1020A23615146204600F0A1FD002899
:10BCB00034D0012E43D098F801302B70002F3AD0A9
:10BCC00098F800306B702369A268A07D02210233CE
:10BCD0005244DB1B6175A260236180F00100BDE866
:10BCE000F0870221204600F083FD78B1012EA36881
:10BCF00011D05B782B70A3681B786B70A2682369E6
:10BD0000023202330221A26023616175A07D80F0BE
:10BD10000100BDE8F0871B882B80EFE7A26823694C
:10BD2000A07D84F81590D21BDB1BA260236180F0FC
:10BD30000100BDE8F087A3681B786B70C3E741463C
:10BD40003A462846F4F780FAA1685246E819F4F713
:10BD50007BFAB8E72DE9F04182B004460191042155
:10BD600000F09AFD01462046677D00F0D9FD0421D0
:10BD7000204600F031FD002839D1D4E90135AB422D
:10BD800030D95E1BA3602369C6F1040833442361E4
:10BD90004146204600F02CFD00284CD0237D012B8D
:10BDA00063D09DF807302B70002E51D09DF80630DF
:10BDB0006B70012E50D09DF80530AB70022E4FD025
:10BDC0009DF80430EB702369A268A07D04339E1BAC
:10BDD0004244042380F00100A2602661637502B032
:10BDE000BDE8F0810421204600F002FDD0B1237DA2
:10BDF000012BA3681CD09DF807201A70A3689DF83A
:10BE000006205A70A3689DF805209A70A3689DF8D3
:10BE10000420DA70A2682369043204330421A2608A
:10BE200023616175A07D80F0010002B0BDE8F08162
:10BE3000019A1A60EEE7A2682369A07D6775921BDC
:10BE40009B1B80F00100A260236102B0BDE8F0817D
:10BE5000A3689DF806201A70A3689DF805201A7043
:10BE6000A3689DF804201A70ADE7284601AD294665
:10BE70003246F4F7E9F9A0684246A919F4F7E4F963
:10BE8000A1E700BF2DE9F04383B00D46042104462D
:10BE9000019200F001FD0146204694F8158000F063
:10BEA0003FFD0421204600F097FC002838D1D4E95A
:10BEB0000176B7422FD92369A760BF1B3B44C7F166
:10BEC000040923614946204600F092FC00284AD02C
:10BED000012D63D09DF807303370002F51D09DF8AD
:10BEE00006307370012F50D09DF80530B370022FCB
:10BEF0004FD09DF80430F3702369A268A07D04330D
:10BF00004A44DB1B042180F00100A26023616175BB
:10BF100003B0BDE8F0830421204600F069FCC8B1FD
:10BF2000012DA3681CD09DF807201A70A3689DF806
:10BF300006205A70A3689DF805209A70A3689DF8A2
:10BF40000420DA70A2682369043204330421A26059
:10BF500023616175A07D80F0010003B0BDE8F0832E
:10BF6000019A1A60EEE7A2682369A07D84F8158023
:10BF7000D21BDB1B80F00100A260236103B0BDE88F
:10BF8000F083A3689DF806201A70A3689DF8052029
:10BF90001A70A3689DF804201A70ADE701AD294618
:10BFA0003A463046F4F750F9A0684A46E919F4F7E2
:10BFB0004BF9A1E72DE9F8430D460421044600F0B2
:10BFC0006BFC0146204694F8158000F0A9FC042182
:10BFD000204600F001FC002838D1D4E90176B742B0
:10BFE0002FD92369A760BF1B3B44C7F10409236114
:10BFF0004946204600F0FCFB002846D0237D012B5B
:10C000005CD0F3782B70002F4CD0B3786B70012F7D
:10C0100005F102034AD07378AB70022F05F10303D8
:10C0200048D03378EB702369A268A07D04210433E3
:10C030004A44DB1B6175A260236180F00100BDE80A
:10C04000F8830421204600F0D3FBB0B1237D012BFF
:10C05000A36817D0DB782B70A3689B786B70A368FC
:10C060005B78AB70A3681B78EB70A268236904321D
:10C0700004330421A26023616175A07D80F001007A
:10C08000BDE8F8831B682B60EFE7A2682369A07DF9
:10C0900084F81580D21BDB1BA260236180F00100B5
:10C0A000BDE8F883A3689B786B70AB1CA2685278DC
:10C0B00003F8012BA26812781A70B4E731463A46A9
:10C0C0002846F4F7C1F8A1684A46E819F4F7BCF825
:10C0D000A9E700BF2DE9F0470E46042104461546A6
:10C0E00000F0DAFB0146204694F8159000F018FCA9
:10C0F0000421204600F070FB00283CD1D4E9013730
:10C10000BB4233D9A3EB0708A3602369C8F1040A33
:10C11000434423615146204600F06AFB002848D082
:10C12000012E61D0FB782B70B8F1000F50D0BB7896
:10C130006B70B8F1010F05F102034DD07B78AB7045
:10C14000B8F1020F05F103034AD03B78EB70236985
:10C15000A268A07D042104335244A3EB0803617557
:10C16000A260236180F00100BDE8F0870421204631
:10C1700000F03EFBA8B1012EA36817D0DB782B702E
:10C18000A3689B786B70A3685B78AB70A3681B781F
:10C19000EB70A2682369043204330421A260236196
:10C1A0006175A07D80F00100BDE8F0871B682B6001
:10C1B000EFE7A2682369A07D84F81590A2EB08023E
:10C1C000A3EB0803A260236180F00100BDE8F087C3
:10C1D000A3689B786B70AB1CA268527803F8012BA4
:10C1E000A26812781A70B2E7394642462846F4F738
:10C1F0002BF8A168524605EB0800F4F725F8A6E7EE
:10C200002DE9F041082182B00446CDE9002300F079
:10C2100043FB01462046677D00F082FB0821204653
:10C2200000F0DAFA00284ED1D4E90135AB4245D905
:10C230005E1BA3602369C6F10808334423614146AD
:10C24000204600F0D5FA002874D0237D012B00F0A1
:10C250009B809DF807302B70002E78D09DF806301B
:10C260006B70012E77D09DF80530AB70022E76D022
:10C270009DF80430EB70032E75D09DF803302B71C0
:10C28000042E74D09DF802306B71052E73D09DF88A
:10C290000130AB71062E72D09DF80030EB7123692E
:10C2A000A268A07D08339E1B4244082380F0010051
:10C2B000A2602661637502B0BDE8F08108212046C6
:10C2C00000F096FA50B3237D012B2DD0A3689DF882
:10C2D00007201A70A3689DF806205A70A3689DF87D
:10C2E00005209A70A3689DF80420DA70A3689DF871
:10C2F00003201A71A3689DF802205A71A3689DF863
:10C3000001209A71A3689DF80020DA71A268236960
:10C31000083208330821A26023616175A07D80F096
:10C32000010002B0BDE8F0816B4603CBA368186042
:10C330005960EBE7A2682369A07D6775921B9B1B80
:10C3400080F00100A260236102B0BDE8F081A36823
:10C350009DF806201A70A3689DF805201A70A3683E
:10C360009DF804201A70A3689DF803201A70A36832
:10C370009DF802201A70A3689DF801201A70A36826
:10C380009DF800201A708AE728466D4629463246F5
:10C39000F3F75AFFA0684246A919F3F755FF7EE765
:10C3A0002DE9F04182B00B4602210446ADF806307B
:10C3B00000F072FA01462046677D00F0B1FA0221D2
:10C3C000204600F009FA78BBD4E90135AB4226D902
:10C3D0005E1BA3602369C6F1020833442361414612
:10C3E000204600F005FA00283BD0237D012B4AD0DF
:10C3F0009DF807302B70002E40D09DF806306B70F2
:10C400002369A268A07D02339E1B4244022380F070
:10C410000100A2602661637502B0BDE8F0810221CF
:10C42000204600F0E5F990B1237D012BA36814D0DC
:10C430009DF807201A70A3689DF806205A70A2681C
:10C440002369023202330221A26023616175A07D5B
:10C4500080F0010002B0BDE8F081BDF806201A802E
:10C46000EDE7A2682369A07D6775921B9B1B80F096
:10C470000100A260236102B0BDE8F081A3689DF8CD
:10C4800006201A70BCE728460DF1060529463246FB
:10C49000F3F7DAFEA0684246A919F3F7D5FEAFE735
:10C4A0002DE9F8430D460221044600F0F5F9014656
:10C4B000204694F8158000F033FA0221204600F05F
:10C4C0008BF960BBD4E90167BE4223D92369A6601A
:10C4D000F61B3344C6F1020923614946204600F0A9
:10C4E00087F9002834D0237D012B42D07B782B7034
:10C4F000002E3AD03B786B702369A268A07D0221A0
:10C5000002334A449B1B6175A260236180F00100E5
:10C51000BDE8F8830221204600F06AF980B1237D4E
:10C52000012BA36811D05B782B70A3681B786B700C
:10C53000A2682369023202330221A260236161757D
:10C54000A07D80F00100BDE8F8831B882B80EFE719
:10C55000A2682369A07D84F81580921B9B1BA260B2
:10C56000236180F00100BDE8F883A3681B786B703D
:10C57000C2E7394632462846F3F766FEA1684A46C6
:10C58000A819F3F761FEB7E72DE9F04182B0044640
:10C590000191042100F080F901462046677D00F0FA
:10C5A000BFF90421204600F017F9002839D1D4E959
:10C5B0000135AB4230D95E1BA3602369C6F1040884
:10C5C000334423614146204600F012F900284CD044
:10C5D000237D012B63D09DF807302B70002E51D0A6
:10C5E0009DF806306B70012E50D09DF80530AB7071
:10C5F000022E4FD09DF80430EB702369A268A07D15
:10C6000004339E1B4244042380F00100A260266193
:10C61000637502B0BDE8F0810421204600F0E8F81F
:10C62000D0B1237D012BA3681CD09DF807201A7080
:10C63000A3689DF806205A70A3689DF805209A709B
:10C64000A3689DF80420DA70A268236904320433D9
:10C650000421A26023616175A07D80F0010002B019
:10C66000BDE8F081019A1A60EEE7A2682369A07D17
:10C670006775921B9B1B80F00100A260236102B0D2
:10C68000BDE8F081A3689DF806201A70A3689DF8A4
:10C6900005201A70A3689DF804201A70ADE728469B
:10C6A00001AD29463246F3F7CFFDA0684246A919ED
:10C6B000F3F7CAFDA1E700BF2DE9F8430D460421B9
:10C6C000044600F0E9F80146204694F8158000F091
:10C6D00027F90421204600F07FF8002838D1D4E95A
:10C6E0000176B7422FD92369A760BF1B3B44C7F12E
:10C6F000040923614946204600F07AF8002846D014
:10C70000237D012B5CD0F3782B70002F4CD0B378B5
:10C710006B70012F05F102034AD07378AB70022FC2
:10C7200005F1030348D03378EB702369A268A07D3C
:10C73000042104334A44DB1B6175A260236180F04D
:10C740000100BDE8F8830421204600F051F8B0B1A3
:10C75000237D012BA36817D0DB782B70A3689B780F
:10C760006B70A3685B78AB70A3681B78EB70A268F2
:10C770002369043204330421A26023616175A07D22
:10C7800080F00100BDE8F8831B682B60EFE7A2682A
:10C790002369A07D84F81580D21BDB1BA260236176
:10C7A00080F00100BDE8F883A3689B786B70AB1C38
:10C7B000A268527803F8012BA26812781A70B4E7C5
:10C7C00031463A462846F3F73FFDA1684A46E81944
:10C7D000F3F73AFDA9E700BF837D3BB9D0E9010338
:10C7E0001944884234BF0020012070470020704760
:10C7F000837D43B9D0E90121914210B5044605D2A9
:10C800000123184610BD00231846704782693AB1CB
:10C81000C169904780F00103DBB2A075184610BDD6
:10C820000120A075FAE700BFC0E90612704700BFFB
:10C8300010B4019C01600A4442600A191C44C0E91A
:10C84000033482609DF8083003750022C0E9062297
:10C850005DF8044B42758275704700BF10B582B019
:10C86000049C009401240194FFF7E2FF02B010BD84
:10C8700010B582B000240094FFF7F0FF02B010BDA5
:10C880000023FFF7F5BF00BFB0FBF1F303FB11007E
:10C89000081A013908407047437D8B4208D200696D
:10C8A000B0FBF1F301FB1300081A0139084070478F
:10C8B0000020704738B504460D46FFF7EDFFA3682A
:10C8C000216965751A1863689342084428BF1346A6
:10C8D0002061A36038BD00BF82680068101A7047ED
:10C8E000D0E90120101A704738B5837D63B9D0E9CB
:10C8F00001329A4204460D4608D339B1836963B1C7
:10C90000C1699847A07508B1002038BD2046FFF7DF
:10C91000E7FFA84228BF284638BD01238375F3E707
:10C9200038B504460D46FFF757FF78B12369A26872
:10C930002B44236101232A446375A26038BDA26899
:10C940002369024403442D1AA2602361294601226F
:10C950002046FFF7C9FF0028F1D10123637538BDD8
:10C9600010B500238EB0CDE90132032300930422D9
:10C9700006AB0446039101F06FF818B9044620464F
:10C980000EB010BD029905AA204601F09BF905A939
:10C99000044606A802F000FB20460EB010BD00BF02
:10C9A00010B5C2F3074C8CB0CDE90221BCF1010FE8
:10C9B0000CBF03F0010200220E339DF838100191E4
:10C9C0001A4401230093039904AB92B2044601F088
:10C9D00043F818B9044620460CB010BD02990F9ACE
:10C9E000204601F06FF90F99044604A802F030FACE
:10C9F00020460CB010BD00BF70B5ADF5167D11AC72
:10CA0000ADF854320323CDE9022123729A9B9DF89D
:10CA10006C6201220021054622718DF81410CBB101
:10CA20008DF81C2008934FF4007215A909A8FFF790
:10CA300027FF05A909A801F0D9FE0D9B00960194D6
:10CA4000DDE90221E36028469BB2FFF7A9FF0DF55F
:10CA5000167D70BD8DF81C30E5E700BF70B5ADF5F3
:10CA6000187DCDE903320591054697A918460223A2
:10CA70009DF878628DF8503000F0EEF89C9B06939C
:10CA80009D9B0A9303238DF8543001234FF40072C9
:10CA90008DF8243017A900230BA88DF81C30FFF760
:10CAA000EFFE06A90BA801F0C3FE0F9B169313AC73
:10CAB000DDE90421009601949BB22846FFF770FF40
:10CAC0000DF5187D70BD00BFF0B5ADF28C4D05467B
:10CAD00005911846032692A9CDE903329DF8A0746A
:10CAE0008DF83C6000F0B8F800234FF4007212A9F2
:10CAF00006A88DF84C328DF854328DF84060FFF75F
:10CB0000BFFE93A906A801F047FF0A9B11930EAC44
:10CB1000DDE90421009701949BB22846FFF740FF0E
:10CB20000DF28C4DF0BD00BF2DE9F041ADF5227D39
:10CB30001DACCDE90332BDF8A85205910646A1A966
:10CB40001846052323719DF8AC82032700F084F872
:10CB5000A89827720EA900F07FF80023ADF8445082
:10CB60009DF8A5228DF86430003D18BF01258DF891
:10CB700046308DF84C308DF85430ADF840300123FC
:10CB80008DF842508DF83A308ABBADF840304FF006
:10CB9000230E4FF0130C0B252122112109209DF8A3
:10CBA000A63223B9ADF840707246614628469DF81A
:10CBB000A432012B25D0032B29D02BB34FF40072C4
:10CBC00021A906A8FFF75CFE0EA906A801F05AFFEE
:10CBD0000A9BCDF800800194DDE90421E360304632
:10CBE0009BB2FFF7DDFE0DF5227DBDE8F0814FF031
:10CBF000220E4FF0120C0A252022102108200227B5
:10CC0000CDE7ADF84010D9E7ADF84000D6E7ADF874
:10CC10004020D3E782B000238DF80610BDF806202F
:10CC200060F30F0362F31F43184602B0704700BF62
:10CC30004378017882B003F00F028DF806201B09BB
:10CC4000BDF8062003EB0113002063F30F0062F32D
:10CC50001F4002B0704700BF0246C0F3034382B0DA
:10CC6000C2F30B1C03EB021081F800C0487002B045
:10CC7000704700BF00B58BB00146042202A8FFF741
:10CC8000FFFD0DF105030DF1060201A902A801F057
:10CC90009BF99DF804300D2B03D000200BB05DF8FC
:10CCA00004FB9DF8053013F0020F14BF0220012091
:10CCB0000BB05DF804FB00BF70B50025ADF5347D09
:10CCC00004464FF424720E4610A82946CDE90355B8
:10CCD000F3F754FB03A9304602F04AF9BDF80C30D3
:10CCE000ADF84030204600F0E5FF2B4600900C22C6
:10CCF00005A908A8FFF7B2FD10A908A802F0AAF933
:10CD0000089B2A462946204600F07EFF08A8FFF728
:10CD1000E3FD236F024605A9D3E90004A0470DF502
:10CD2000347D70BD70B592B005460E46144600F0D5
:10CD3000C1FF05A9009000230AA81122FFF78EFD6C
:10CD4000182202FB04540023052250340A210AA8A9
:10CD500001F020F903A9204604F0BEFD40BAADF869
:10CD60000E0003A90AA88DF8106002F0E3F9002272
:10CD70000A9B1146284600F047FF0AA8FFF7ACFDC2
:10CD80002B6F024605A9D3E90004A04712B070BD7D
:10CD900010B59FED0D7B0023C0E91C130446C0E9CC
:10CDA0001E33C0E92033C0E92233C0E9243380EDCB
:10CDB000267B80F8A030812100F092FE04F108006B
:10CDC000BDE8104001F002B80000000000000000C3
:10CDD000C0E92012704700BFC0E92212704700BFAF
:10CDE000C0E92912704700BFC0E92B12704700BF8D
:10CDF00010B584B0CDE90021044600F05BFFDDE909
:10CE00000021034604F1080004B0BDE8104001F021
:10CE100027B800BF10B588B0CDE9042104460393BC
:10CE200000F048FFDDE903320090059904F10800A5
:10CE300001F02AF80022C3B263F30702C0F307230C
:10CE400063F30F22C0F3074363F31742030E63F348
:10CE50001F62104608B010BD82B0083002B001F069
:10CE60002DB800BF10B584B00B4C0094083001F011
:10CE70003BF80022C3B263F30702C0F3072363F356
:10CE80000F22C0F3074363F31742030E63F31F62DD
:10CE9000104604B010BD00BF75CC000810B50446A4
:10CEA00001F0D8F8D4E92632C01A61EB020110BDB6
:10CEB0002DE9F047037E84B00446002B35D04FF0B7
:10CEC000000948460DF1020803AF02AE06E0237EDA
:10CED00009F101095FFA89F0834226D9012211463E
:10CEE00004EB001500F01EFF0835844643463A4621
:10CEF00031462846CDF804C004F074FD0028E6D081
:10CF0000029BBDF802209DF80410204600F07CFE34
:10CF1000236F039A5D6818680299A84709F101090F
:10CF2000237E5FFA89F08342D8D894F848308BB3D7
:10CF30004FF000090DF1020803AF02AE484601228E
:10CF4000022100EB800500F0EDFE04EBC505203565
:10CF500001900DE0BDF802209DF80410029B00F046
:10CF600053FE236F039AD3F804A002991868D047A0
:10CF700043463A463146284604F052FF03462046CF
:10CF8000002BE7D194F8483009F101095FFA89F0E4
:10CF90008342D4D804B0BDE8F08700BF2DE9F0414A
:10CFA0000D46ADF5247D69460746284601F0EEFEA4
:10CFB00002A9044628469DF80580FEF79DFC9DF8D1
:10CFC00008300440E4B25BB987A92846FEF794FC18
:10CFD0009DF81C3206464BB90DF5247DBDE8F08165
:10CFE00003A9284601F07AFD0440EDE788A9284608
:10CFF000FEF7B0FC3442EFD00028EDD09DF820328F
:10D000000D2BE9D18AA92846FFF74AFA40B1BDF9AC
:10D010002832002B07DDB8F1000F14BF01200220D9
:10D0200087F8B500D8E70020FAE700BF2DE9F04FF8
:10D0300097B0C14E099204460D464FF001080DF11C
:10D040002F030CAA0DF12E01284600F0BDFF002889
:10D0500000F03E819DF82E309DF82620023B0D2BDE
:10D06000EDD801A151F823F0C7D200083FD0000845
:10D07000B7D2000855D200084BD200083FD00008B4
:10D080003FD00008ABD100083BD10008FBD000081E
:10D090003FD000083FD000083FD00008A1D00008D2
:10D0A00010A9284602F096F8D4F89090B9F1000F34
:10D0B00000F0168100F0CEFF159F02460B46149833
:10D0C00000218C46C0FB067CCDE9047C1098119FA2
:10D0D0008C46C0FB067CE246BC46DDE91207C0FB7D
:10D0E0000671CDE902CACDE90071D4F89410069119
:10D0F0002046C84784F8A080A1E710A9284602F07E
:10D1000057F800219DF8440000F036FEC0F30727D1
:10D110000F90394604F1080000F01CFF00288ED063
:10D12000BDF84010BDF8422004F0CAFB9DF83C1049
:10D130003A462046FFF7F6FD81E710A9284602F09F
:10D140000FF800219DF8440000F016FE0D90C0F38A
:10D15000072104F1080000F0E9FE074600283FF42B
:10D160006EAF9DF842309DF84310BDF8402001EBB2
:10D17000032189B204F0FEFE384604F0BBFE0DF137
:10D18000380AADF8320006E0236F0F9AD3F8049006
:10D190000E991868C8470DF132030FAA5146384658
:10D1A00004F0AAFE0028EFD149E79DF825308DF85C
:10D1B00035300DF1380A9DF827308DF8373051465B
:10D1C0009DF82430BDF830709DF82F908DF83620F2
:10D1D00028468DF8343001F023FD50460FA90DF19B
:10D1E000320200F08DFDD4F880B00F99BDF832A066
:10D1F0001091043F09F00E09BFB2BBF1000F06D039
:10D20000D4F884300093524600232046D847E26F7A
:10D210006AB1606F0021023802E00131914206D00C
:10D2200030F8023F5345F8D1A36F00225A54BDF89D
:10D23000321002910F9901910D9900914B463A4697
:10D240002946204604F01AFFF9E629462046FFF752
:10D25000A5FEF4E6002A3ED010A9284601F0DCFE27
:10D260000EA90DAA10A800F04BFDD4F880A00E99CD
:10D270009DF84490BDF834700F91BAF1000F06D0BC
:10D28000D4F8843000933A464B462046D047E26FAC
:10D29000002A3FF4D4AE606F0021023803E0013170
:10D2A00091423FF4CCAE30F8023FBB42F7D1A36FBE
:10D2B00003F80190C3E6002A7FF4C1AE2946204658
:10D2C00000F064FCBBE629462046FFF7F5FCB6E615
:10D2D00017B0BDE8F08F2946204600F063FCAEE6AB
:10D2E00000F0B8FE149B159A4F46C3FB0627121890
:10D2F000129B139847EB01014F46C3FB06073B46C1
:10D300008446DDE91070C7FB06091CEB000C4F4694
:10D3100043EB0703B2EB0C0C61EB0303DA0F12EBE8
:10D320000C0243F10003520842EAC3725B10C4F8D6
:10D330009820C4F89C30DDE600CA9A3B2DE9F04FF6
:10D340000B1E9DB0B8BF6FF000438046059300F000
:10D3500067FE98F848208146002A00F0A180002648
:10D360006FF000434FF0FF3B039330460F460FE052
:10D37000D3E90E2303995A4506F1010673EB010127
:10D38000F0B201DA9346039398F84830834260D9AB
:10D3900000EB80040221012200F0C4FCE40004F14F
:10D3A0002005454401463B464A462846099104F07B
:10D3B00077FD08EB04030028DAD09DF824309DF8AF
:10D3C00025500493404600F075FC01350DF1500ADC
:10D3D00005EB850508EBC5050023112200900CA97B
:10D3E0005046FFF73BFA002305220B21504600F080
:10D3F000D1FD6889012104F00BFF2B89ADF82A309B
:10D400000246049BADF828200AA950468DF82C301E
:10D4100001F0BAFE00221146149B404600F0F4FBD6
:10D420005046FFF759FAD8F8703002460CA9D3E9F4
:10D4300000054444A847D4E90E2303995A4506F150
:10D44000010673EB0101F0B29CDB98F8483083428F
:10D450009ED8039A6FF000439A4208BFBBF1FF3F8A
:10D460001ED0ABEB09030599D8F87020002B08BF3C
:10D4700001239942A8BF19469468106889460B4653
:10D4800008AA07A9A04768B9059BA3EB0903002BCD
:10D4900005933FF75CAF044620461DB0BDE8F08F12
:10D4A000059BE0E7DDE9071204460CA8FFF7E8F961
:10D4B00000250DF11A0306AA0CA940468DF8185054
:10D4C00000F0B6FB18B920461DB0BDE8F08F294624
:10D4D0009DF8180000F050FCC0F30745012DCDE980
:10D4E0000900BDF81AA0C0F307264BD0022D0FD0BB
:10D4F000002DE8D12946284600F03EFC0CA9024642
:10D5000040460A92FFF792FD20461DB0BDE8F08F1D
:10D51000314608F108009DF8249000F01BFD0746F5
:10D5200038B30E9A03920CA8FFF7DAF903460DF10F
:10D5300019000090039A5146384604F0C7F8C0B16C
:10D540009DF8193093B314AD4FF0020A0AE08DF83C
:10D5500028908DF829608DF82AA00A9A294640461D
:10D56000FFF764FD04222946384604F02FF900280D
:10D57000EDD1404632464946FFF7D4FB20461DB068
:10D58000BDE8F08F314608F1080000F0D9FC002812
:10D5900099D0514604F006F8002894D08DF82A500E
:10D5A0000A9A0CA94046FFF741FD8CE78DF82A50F6
:10D5B0000A9A0CA94046FFF739FDC4E72DE9F0416E
:10D5C00006460D4600F02CFD07463046FFF770FC7E
:10D5D000002D06F10808A8BF2C4607DA0EE0FFF779
:10D5E000ADFE00F01DFDC31BEC1A07D4404600F051
:10D5F000BBFC034621463046002BF0D04046BDE838
:10D60000F04100F0B1BC00BF2DE9F843089C06468C
:10D610000F4691461D46FFF74BFC24B12246FF21E1
:10D620002846F2F7ABFEC6E91D95F46700F0F8FC5A
:10D63000013DA9F10209804639463046FFF77EFEDA
:10D6400000F0EEFCA0EB0800391A44B32846AC46C3
:10D65000012302E0A3420DD201331CF801EFBEF119
:10D66000FF0FF7D1A34239F8132013D2002AF3D0C9
:10D670000029E2DC0023F3672C4401E0012B12D8DF
:10D6800010F8013F8442F9D1012B8CBF002001200A
:10D69000BDE8F8830029EDDD002ACED1EAE7F46782
:10D6A0000120BDE8F8830020BDE8F8832DE9F04FA4
:10D6B00004469DB0FF2060710393002B00F0B680FC
:10D6C0008A4691464FF0000B236F4A46D3E9000586
:10D6D0005146A84700F0A4FC4FF47A73054609E0D0
:10D6E00000F09EFC401BC0F57A73002B40DD607992
:10D6F000FF2845D1226F08A99668106809AAB0478B
:10D700000028EDD0DDE908120CA8FFF7B9F80026D3
:10D710000DF11E0307AA0CA920468DF81C6000F02D
:10D7200087FA0028DCD031469DF81C0000F024FB6D
:10D73000C0F30747BDF81E300293012FCDE90A0060
:10D74000C0F307265CD0022F20D0002FC8D1394665
:10D75000384600F011FB0CA902460B902046FFF75B
:10D7600065FC00F05DFC401BC0F57A73002BBEDC4D
:10D77000039B60790BF1010B5B4501D0FF28A3D01F
:10D78000FF3818BF01201DB0BDE8F08F9DF828308C
:10D790000493314604F1080000F0DCFB804648B3F6
:10D7A0000E9A05920CA8FFF79BF803460DF11D0099
:10D7B0000090059A0299404603F088FFD0B19DF889
:10D7C0001D30002B3AD0049F0AE04FF002038DF881
:10D7D0002C708DF82D608DF82E300B9AFFF726FCFB
:10D7E00014A90422404603F0F1FF034614A9204681
:10D7F000002BEAD1049932462046FFF793FA6FE7EF
:10D80000314604F1080000F09BFB00283FF468AFAC
:10D81000029903F0C7FE00283FF462AF8DF82E7026
:10D820000B9A0CA92046FFF701FC59E7236FD3E9B7
:10D830000004A04701201DB0BDE8F08F8DF82E70C8
:10D840000B9A0CA92046FFF7F1FBBCE730B58FB06F
:10D8500004460D4600F02EFA00231022009002A983
:10D8600006A8FEF7FBFF06A9204600F073F9002288
:10D870001146069B204600F0C7F906A8FFF72CF8D2
:10D880002B46024602A92046FFF710FF18B1607927
:10D89000B0FA80F040090FB030BD00BF2DE9F04F65
:10D8A00000F1080BABB00446584600F099FA204648
:10D8B00000F000FA002300901C220BA912A8FEF72A
:10D8C000CDFF236F1A8A043A92B212A9204600F0C3
:10D8D00017F91299204600F083F912A8FEF7FCFF11
:10D8E000FF2363710A23DA4603938346236F5A4664
:10D8F000D3E900050BA9A84700F092FB4FF47A7317
:10D90000054609E000F08CFB401BC0F57A73002B44
:10D91000627938DDFF2A3CD1226F07A9966810682A
:10D9200008AAB0470028EDD0DDE907121AA8FEF7D3
:10D93000A7FF00260DF11A0306AA1AA920468DF8A2
:10D94000186000F075F90028DCD031469DF8180009
:10D9500000F012FAC0F30746012ECDE90900BDF828
:10D960001A90C0F3072753D0022E18D0002EC9D129
:10D970003146304600F000FA1AA902460A902046C5
:10D98000FFF754FBBEE7039B013B039301D0FF2A43
:10D99000ACD0002A51D000202BB0BDE8F08F9DF80C
:10D9A000243004933946504600F0D4FA804648B3F8
:10D9B0001C9A05921AA8FEF793FF03460DF1190071
:10D9C0000090059A4946404603F080FED0B19DF88C
:10D9D0001930002B38D0049E0AE04FF002038DF876
:10D9E00028608DF829708DF82A300A9AFFF71EFBFF
:10D9F00022A90422404603F0E9FE034622A920465C
:10DA0000002BEAD104993A462046FFF78BF979E7D3
:10DA10003946504600F094FA00283FF473AF494667
:10DA200003F0C0FD00283FF46DAF8DF82A600A9A1C
:10DA30001AA92046FFF7FAFA64E7504600F0D0F939
:10DA400001202BB0BDE8F08F8DF82A600A9A1AA940
:10DA50002046FFF7EBFABEE72DE9F04782B0824699
:10DA6000104615461E469DF828709DF82C800191A1
:10DA7000C1F3072400F0CEFA9DF8063005F1040941
:10DA8000012B81441DD0022B16D121460AF108003A
:10DA900000F04CFA044658B14946324604F052F8B8
:10DAA00004462CB14346AAB23946304600F072FA19
:10DAB000204602B0BDE8F0870024204602B0BDE851
:10DAC000F08721460AF1080000F028FA04460028F1
:10DAD000EED04946324603F065FF0446E1E700BF59
:10DAE000130E4370C2F30723C2F3074C0170C370D7
:10DAF0000921FF2380F802C00271C1804371704781
:10DB000030B589B00023124D0793ADF81C200122D7
:10DB10000193C2808DF804202A680092AA88ADF88B
:10DB20000620D0F8012002920C4602780393194691
:10DB30008DF80C2020461022CDE90433069300F026
:10DB400029FA6946204601F081F909B030BD00BFCD
:10DB50006034010810B50C4B82B0B3F808C0ADF8C2
:10DB600006C00C4602224FF40073C280ADF80430A8
:10DB7000042200230321204600F00CFA01A92046CC
:10DB800001F00AFA02B010BD6034010810B588B087
:10DB90000446084601A901F00FFA9DF804306371AC
:10DBA00008B010BD10B5044684B0084602A901F0C3
:10DBB00033FAE388022B01D004B010BD0DF10A0046
:10DBC000FFF736F89DF808209DF8093003EB022393
:10DBD0009BB2022B04BF9DF80C30637104B010BDE2
:10DBE00010B508228AB004460DEB0200FEF748FE8D
:10DBF00014F8011B009400231A4601F0800102A8CA
:10DC000000F0C2FB0AB010BD30B58DB004460D4621
:10DC10000392194604A80822FEF732FE14F8011BED
:10DC2000039B00942A4604A800F0AEFB0DB030BD63
:10DC30002DE9F041074684B008460C4615461E46BD
:10DC4000FEF74EFE082803D8002004B0BDE8F0819E
:10DC50000DF10C0833462A46CDF8008020460DF120
:10DC60000B0100F0AFFB3A789DF80B309342EBD1FB
:10DC70001B061CD49DF80C207B789A4203D001200F
:10DC800080F00100E1E79DF80D20BB789A4207F192
:10DC90000201F4D19DF80E2011F8013F9A42EED115
:10DCA0009DF80F204B789A42E9D10020E8E7012047
:10DCB000CBE700BF90F90030002BACBF0820042058
:10DCC000704700BF10B5C38882B04FF6F47401915D
:10DCD000A3F10A0189B2A1420ED801339CB2C3F369
:10DCE0000721DBB2C480019811705370911CFEF7BC
:10DCF000B3FF204602B010BD0A2300211C46F1E705
:10DD000070B5044602300D461646FEF791FFC0F38B
:10DD10000F4328806B802278637803EB02233380E3
:10DD200070BD00BF012982B01DD002294FF0000C48
:10DD30001ED000236CF3070360F30F2361F3174336
:10DD400062F31F63DAB2002062F30700C3F3072215
:10DD500062F30F20C3F3074262F317401B0E63F315
:10DD60001F6002B0704700F1010C5FFA8CFCE0E725
:10DD700080F0800CDDE700BF82B030B1030620D414
:10DD8000421ED2B24FF0010C01E08446024600234D
:10DD900060F3070362F30F236CF3174361F31F6310
:10DDA000DAB2002062F30700C3F3072262F30F2008
:10DDB000C3F3074262F317401B0E63F31F6002B008
:10DDC000704780F080024FF0020CE0E700230374FC
:10DDD00080F8403080F8443080F86030704700BFF1
:10DDE00070B5037C044653B106460025304603F067
:10DDF000D3FD237C0135AB4206F11006F6D894F82A
:10DE0000443063B104F142060025304603F0C6FBFE
:10DE100094F844300135AB4206F10206F5D894F887
:10DE2000403063B104F118060025304603F060FE6F
:10DE300094F840300135AB4206F12806F5D894F845
:10DE4000603063B104F148060025304603F01AFC47
:10DE500094F860300135AB4206F11806F5D870BD74
:10DE600010B5047C04F1010C82B080F810C000EB06
:10DE7000041003F087FD01221146204602B0BDE8E0
:10DE80001040FFF74FBF00BF10B584B084469DF827
:10DE9000180000909CF84040282000FB04C004F1CA
:10DEA000010E18308CF840E003F0EAFD0122022157
:10DEB000204604B0BDE81040FFF734BF10B590F81D
:10DEC00044400346621C04F1210082B003EB400091
:10DED00083F8442003F05EFB00220121204602B0BB
:10DEE000BDE81040FFF71EBF10B584B08446069809
:10DEF00000909CF86040182000FB04C004F1010E63
:10DF000048308CF860E003F091FB002202212046AB
:10DF100004B0BDE81040FFF705BF00BF037C8B4293
:10DF20008CBF00EB01100020704700BF90F840301C
:10DF30008B4283BF282303FB010018300020704769
:10DF400090F844308B4286BF213100EB4100002025
:10DF5000704700BF90F860308B4283BF182303FBEB
:10DF6000010048300020704790F8403083B170B510
:10DF7000064600F11805002401E0283538B128468E
:10DF800004F026F896F840300134A342F5D870BD6D
:10DF900001207047F8B504460E46042115461F4679
:10DFA000FEF788FC012347EA030231462375204629
:10DFB0002B4600F027FA2046FEF792FCA84234BF19
:10DFC00000200120F8BD00BF2DE9F04104460D46B8
:10DFD000042116469846FEF76DFC2046FEF780FCAD
:10DFE00003288CBF0127002702D83846BDE8F081FE
:10DFF000334642462046294600F018FA98F8003089
:10E0000003F0010203F0FE0388F800302275384661
:10E01000BDE8F08110F0030018BFC0F104007047A4
:10E0200010B584B069460120FCF782FC9DE815001C
:10E030000649A0FB0103001901FB023141EBE47129
:10E04000034A0023F3F73CFB04B010BD00CA9A3B1F
:10E0500040420F0010B584B069460120FCF768FC0F
:10E06000064A00980299019CA0FB0203401802FB9B
:10E07000043343EBE17104B010BD00BF00CA9A3B0A
:10E080002DE9F0410C468AB091F8C110064604F122
:10E090000800FFF74BFF054603F0A4FF68B9D4E979
:10E0A0002E312046984718B901200AB0BDE8F0810A
:10E0B000284603F097FF0028F6D02989EB89287BB2
:10E0C0006A68B2FBF1F8B3FBF1F201FB1231C0F563
:10E0D0007F4089B208FB01F1FC30A8F10408D4F8B4
:10E0E000C430404487B2DB1BC4F8C4302B68043111
:10E0F0001944424651F8043C009302A80023FEF75D
:10E10000ADFBD4F8C42002F10803434528D93A46B0
:10E1100000230D2102A8FFF73DFF2989EB89B3FBFE
:10E12000F1F201FB12339BB26A68B2FBF1F202FB1F
:10E1300003F32A6842F80380E889012104F068F8B3
:10E140000499039AE881521A3046FEF799FB30464B
:10E150000F492246FEF768FB00200AB0BDE8F081B7
:10E1600092B202230D2102A8FFF714FF2889EB8940
:10E17000B3FBF0F100FB1133D4F8C4206968B1FBA4
:10E18000F0F19BB201FB03F329680832CA50D3E7D0
:10E1900081E00008F0B587B0072702920C9A03913E
:10E1A00000250432CDE900751C460646FFF754FCF5
:10E1B00080F00102D2B2A27512B1284607B0F0BDBC
:10E1C00005AA02993046FFF77DFD05A905462046C0
:10E1D00000F0A0FFD4E90121A669E769521A2046A0
:10E1E000FEF74EFB20463A463146FEF71DFB284619
:10E1F00007B0F0BD2DE9F04F91B00546059108300C
:10E20000C1F307211E460492FFF790FE9DF81630D9
:10E21000012B00F091800446002800F08D8003F06F
:10E22000E1FE002800F083802289E789B7FBF2F93C
:10E2300002FB19791FFA89F96368B3FBF2F22368CC
:10E24000039202FB09F909F104099944237B59F867
:10E25000048C4345A2F1040B7AD3ABF1040AAAEB78
:10E26000030A5A460023494608A8CDF80080FEF765
:10E27000F5FA1A9B1FFA8AFA524603F1080ADA45A0
:10E2800034BF022300230D2108A8FFF783FE218954
:10E29000B7FBF1F201FB127292B26368B3FBF1F3C8
:10E2A00002FB03F32268384642F803B0012103F071
:10E2B000AFFF039B08F10401A3F10802A2EB0802DF
:10E2C000494407463046FEF7DBFA1A9BE7811A1DE0
:10E2D000B2F5803F28BF0022002392B207213046CA
:10E2E000FFF758FE049907AA2846FFF7EBFC0446FF
:10E2F00018B307A9304600F00DFFD6E901213046DA
:10E30000521AFEF7BDFA059BC5F8C0301B9BC5F835
:10E31000B8301C9B1B49C5F8C4A03046C5F8BC30BA
:10E320002A46FEF781FA204611B0BDE8F08F1C990D
:10E330001B9B2846984720B90024204611B0BDE811
:10E34000F08F204603F04EFE00287FF46DAFF3E718
:10E350003846012103F05CFF2189B0FBF1F201FB9B
:10E3600012091FFA89F26368B3FBF1F9236802FB13
:10E3700009F909F1040999440746237B59F8048CEB
:10E380006BE700BF81E00008F0B583B01646044695
:10E3900001930D46089FFDF7C7FA31462046FDF769
:10E3A000C3FA019A01212046FDF76AFB2B0601D52D
:10E3B00003B0F0BD04223946204603B0BDE8F0406A
:10E3C00002F0EEBEF0B583B01646044601930D464A
:10E3D000089FFDF7BFFA31462046FDF7BBFA019AC8
:10E3E00001212046FDF740FC95F90030002B01DAB1
:10E3F00003B0F0BD04223946204603B0BDE8F0402A
:10E4000002F032BF30B583B0154604460193FDF7E4
:10E410008BFA29462046FDF787FA019A012120460A
:10E4200003B0BDE83040FDF72BBB00BF30B583B073
:10E43000154604460193FDF78DFA29462046FDF75F
:10E4400089FA019A0121204603B0BDE83040FDF76A
:10E450000BBC00BF2DE9F84304220E46054602F02E
:10E460009FFE02220746311D284602F099FE3840E1
:10E470000222B11DC7B2284602F092FE04220740D4
:10E4800006F10801284602F08BFE317B0740284642
:10E49000FDF74AFA717B07402846FDF717FA737BB0
:10E4A00007EA00083BB9B18B2846FDF769FA08EA8C
:10E4B0000000BDE8F88331692846FDF74BFC33695D
:10E4C000E3B1C0B137464FF0000901E0083794B11D
:10E4D0007969284602F084FFB9690446284602F0AB
:10E4E0007FFF336909F1010904409945E4B2EDD396
:10E4F00008EA0408D7E74FF00008D4E708EA000864
:10E50000D1E700BF2DE9F84304220C46054602F08E
:10E51000ABFE02220746211D284602F0A5FE384028
:10E520000222A11DC6B2284602F09EFE0422064029
:10E5300004F10801284602F097FE04F10C010640A0
:10E540002846FDF707FA04F10D0106EA0007284600
:10E55000FDF7D2F9637B07403BB904F11C01284663
:10E56000FDF70EFB3840BDE8F88304F110012846A2
:10E57000FDF720FD2369012B03D90123AB7500278B
:10E58000EBE70BB30028FAD0A0464FF0000901E0FA
:10E59000002EF4D0D8F814104FF40072284602F080
:10E5A0002FFF4FF400720646D8F81810284602F0E4
:10E5B00027FF236909F101090640994508F1080878
:10E5C000F6B2E5D33740C8E70740C6E72DE9F84380
:10E5D00004220F46054602F0E3FD02220446391DDF
:10E5E000284602F0DDFD20400222B91DC4B22846B3
:10E5F00002F0D6FD397A04402846FDF767F93B7AE8
:10E6000000EA040813B94046BDE8F883F9682846D3
:10E61000FDF7A0FBFB6803B3D0B13E464FF0000905
:10E6200001E00836A4B13169284602F0D9FE7169CB
:10E630000446284602F0D4FEFB6809F101090440B3
:10E640009945E4B2EDD308EA04084046BDE8F883F2
:10E650004FF000084046BDE8F88308EA0008D2E71A
:10E6600070B50D4609780646FDF75EF9044630B1EF
:10E670002B78022B0CD0032B10D0012B08D00222B8
:10E6800005F50271304602F08BFD2040C0B270BD2E
:10E690006968304602F0A4FE0446F0E72946304699
:10E6A00051F8042F043102F06FFE0446E7E700BF83
:10E6B00070B50B78013B0C4605460D2B54D8DFE8AE
:10E6C00003F030071B1B07070707530C0C0C4E49C0
:10E6D000BDE870400431FFF7C3BF0979FDF724F9A5
:10E6E000E8B12379012B01D0022B3DD1A168284646
:10E6F000BDE8704002F074BE0979FDF715F90646D1
:10E7000020B12379022B39D0032B2FD0022204F51C
:10E710000371284602F044FD3040C0B270BD0020B5
:10E7200070BD0979FDF700F9064658B12379022B2F
:10E7300003D0032B28D0012B04D1A168284602F076
:10E740004FFE0646B4F90C122846FDF729FE30406C
:10E75000C0B270BDBDE870400431FFF77BBEBDE8BC
:10E7600070400431FFF732BF012070BDA26804F190
:10E770000C01284602F008FE0646C7E7A1682846B5
:10E7800002F02EFE0646C1E7A26804F10C012846FD
:10E7900002F0FAFD0646D5E770B506460D46FDF7D0
:10E7A000D9F8044630B12B78022B0CD0032B12D0B1
:10E7B000012B08D0022205F50271304602F054FD0B
:10E7C0002040C0B270BD69684FF40072304602F05C
:10E7D00017FE0446EEE72B1D4FF4007205F1080109
:10E7E000304602F0E3FD0446E4E700BF70B50D4695
:10E7F00009780646FDF76AF82B7804464BB9297A62
:10E800003046FDF763F82B7A0440E4B243B9204662
:10E8100070BD6968304602F0E3FD0440E4B2EEE703
:10E82000E968304602F0DCFD0440204670BD00BFC0
:10E8300070B50D460968064602F0D2FD29790446F6
:10E840003046FDF743F82B790440E4B243B9297B05
:10E850003046FDF73BF82B7B04403BB9204670BDAA
:10E86000A968304602F0BCFD0440F0E72969304653
:10E8700002F0B6FD0440E4B2204670BD2DE9F0413F
:10E880000C4609780646FDF721F8237805466BB952
:10E8900094F828103046FDF719F894F82830054010
:10E8A000EDB2002B69D12846BDE8F08161683046A1
:10E8B000FDF750FA6368002B6BD0002867D0A16881
:10E8C000304602F08DFD6368012B53D900285ED0DD
:10E8D000E168304602F084FD6368022B4AD90028C3
:10E8E00055D02169304602F07BFD6368032B41D986
:10E8F00000284CD06169304602F072FD6368042B39
:10E9000038D9002843D0A169304602F069FD636818
:10E91000052B2FD900283AD0E169304602F060FD7E
:10E920006368062B26D990B3216A304602F058FD61
:10E930006368072B1ED950B3616A304602F050FD60
:10E940006368082B16D910B3A16A304602F048FD5F
:10E950006368092B0ED9D0B104F12C08092700E017
:10E96000A8B158F8041B304602F03AFD626801373E
:10E970009742F5D30540EDB28AE7E26A04F130012F
:10E98000304602F001FD05402846BDE8F081002533
:10E990007EE72840C5B27BE770B50D46097806468C
:10E9A000FCF794FF2B7804464BB9297A3046FCF7E4
:10E9B0008DFF2B7A0440E4B243B9204670BD6968EC
:10E9C000304602F00DFD0440E4B2EEE705F10C0123
:10E9D0003046FFF753FF0440204670BD2DE96843E1
:10E9E000884609888146FCF7CBFF98F80210064656
:10E9F0004846FCF76BFF98F802300640F5B2EBB9D9
:10EA000098F806104846FCF761FF98F80630054074
:10EA10007BBB98F80C104846FCF758FF98F80C3070
:10EA20000540F3B998F814104846FCF74FFF98F8E2
:10EA3000143005404BB92846BDE86883B8F8041087
:10EA40004846FCF79DFF0540DAE7D8F8182008F1A2
:10EA50001C01484602F098FC2840C5B22846BDE893
:10EA60006883D8F810104846FDF774F92840C5B2FD
:10EA7000D8E7D8F808104846FDF76CF92840C5B229
:10EA8000C7E700BFF8B502220D46064602F088FB34
:10EA9000A97804463046FCF719FFAB780440E4B28D
:10EAA0000BB92046F8BD05F108013046FFF796FF87
:10EAB00095F82C1007463046FCF708FF95F82C30E7
:10EAC0003840C7B213B93C402046F8BDD5E90C2305
:10EAD0003046FDF795FB0740F5E700BF70B50546EA
:10EAE0000E46FCF737FF68B13378013B04460D2B27
:10EAF00009D8DFE803F0410A23230A0A0A0A0810AA
:10EB000010105C560024204670BD311D2846BDE81B
:10EB10007040FFF741BE311D2846FCF71BFF00285F
:10EB2000F0D03379012B01D0022BECD1B16828460B
:10EB30004FF40072BDE8704002F062BC311D2846FF
:10EB4000FCF708FF044670B13379022B4CD0032B3D
:10EB500009D106F108034FF4007206F10C012846B2
:10EB600002F024FC0446022206F50371284602F056
:10EB70007BFB2040C4B2C6E7311D2846FCF7EAFE05
:10EB8000044630B13379022B36D0032B3CD0012B15
:10EB900032D006F503712846FDF782FC2040C4B24E
:10EBA000B1E7311D2846BDE87040FFF7ABBC042239
:10EBB000B118284602F058FB022206F1080104466B
:10EBC000284602F051FB0222044006F10A012846C1
:10EBD00002F04AFBE4B2034606F10C0128461C4051
:10EBE000FCF78AFE04408EE7B1684FF400722846B5
:10EBF00002F006FC0446B6E7B1684FF400722846FE
:10EC000002F0FEFB0446C4E706F108034FF400726D
:10EC100006F10C01284602F0C9FB0446B9E700BF23
:10EC200070B5022205460E4602F01EFB0222044683
:10EC3000B118284602F018FB2040C0B270BD00BFDA
:10EC40002DE9F0470D4609780746FCF76DFE814631
:10EC500038B12B78062B00F082800D2B16D0052BB7
:10EC600002D04846BDE8F087B5F908103846FDF7F0
:10EC700097FBD5E9042381463846FDF7C1FA09EA36
:10EC800000005FFA80F94846BDE8F087B5F9081042
:10EC90003846FDF785FBE96881463846FDF75AF8A6
:10ECA000EB68002BEBD020B305F10C08002606EB37
:10ECB000460A05EBCA0A9AF810103846FCF734FEEB
:10ECC000002853D09AF8103006EB46017400C900B2
:10ECD000032B54D8DFE803F03221100241443846B8
:10ECE000896802F07DFBEA680136964242D200282C
:10ECF000DDD14FF00009B4E7083141441022384615
:10ED000002F04EFA344405EBC4030446596A38460F
:10ED1000FDF720F82040C0B2E5E708314144042265
:10ED2000384602F03DFA344405EBC4030446198B1F
:10ED30003846FCF725FE2040C0B2D4E708314144F4
:10ED40000222384602F02CFA344405EBC403044690
:10ED5000997D3846FCF7E8FD2040C0B2C3E7B5F91D
:10ED600008103846BDE8F047FDF71ABBEA680136DF
:10ED7000B242BED809EA00095FFA89F971E7EB6887
:10ED800001369E420AF1180A95D36AE72DE9F0414F
:10ED9000022206460F4602F067FA0222B91805461B
:10EDA000304602F061FA391D80463046FCF7D2FD4C
:10EDB000791D04463046FCF7CDFD05EA08052C40D8
:10EDC0002040C0B2BDE8F0812DE9F0410E4609783F
:10EDD0000746FCF7A9FD717804463846FCF7A4FD08
:10EDE000B17804403846FCF771FDB378E4B20440D2
:10EDF0004BB9317A3846FCF769FD337A044043B9A0
:10EE00002046BDE8F0817168384602F0E9FA044016
:10EE1000EFE771893846FCF7B3FDB18905463846FE
:10EE2000FCF7AEFDF18905403846FCF7A9FD318AB3
:10EE300080463846FCF7A4FDEDB2254008EA0505FA
:10EE400000EA05042046BDE8F08100BFFFF702BBE1
:10EE5000F8B5022207460E4602F0A2F90222B118C6
:10EE60000546384602F09CF9317904463846FCF7ED
:10EE70005BFD70B133792C40013BE4B20D2B09D816
:10EE8000DFE803F04C0A23230A0A0A0A08121212C6
:10EE9000453E00242046F8BD06F108013846FFF73C
:10EEA000DFFB04402046F8BD317A3846FCF73CFDD4
:10EEB0000028EED0337A012B01D0022BEAD1F16881
:10EEC000384602F08DFA0440E4E7317A3846FCF720
:10EED0002BFD054658B1337A022B34D0032B06D1D3
:10EEE000F26806F11001384602F04EFA0546022299
:10EEF00006F50471384602F053F928400440C9E78A
:10EF000006F108013846FFF7A5FA0440C2E706F10A
:10EF100008013846FFF75AFB0440BBE7317A384610
:10EF2000FCF702FD054630B1337A022B11D0032BDA
:10EF300015D0012B0DD0B6F910123846FDF730FA76
:10EF400028400440A6E7F168384602F049FA054631
:10EF5000CDE7F168384602F043FA0546EBE7F26880
:10EF600006F11001384602F00FFA0546E3E700BF4C
:10EF700070B5022205460E4602F076F90222B1185B
:10EF80000446284602F070F9311D04402846FDF77A
:10EF900011F8E4B2204070BD70B5022205460E465D
:10EFA00002F0FEF802220446B118284602F0F8F8F2
:10EFB0002040C0B270BD00BF2DE9F04105460E46AD
:10EFC000FCF7C8FC711C04462846FCF7C3FC04226D
:10EFD000B1188046284602F047F906F108010746B5
:10EFE0000222284602F040F904EA0803DBB203EAF1
:10EFF00007040222074606F10A01284602F034F906
:10F0000006F10C01034628461D46FCF775FC3C4002
:10F0100025402840BDE8F0812DE9F0410222064656
:10F020000F4602F021F90222B9180546304602F0D7
:10F030001BF9391D80463046FCF78CFC791D0446CF
:10F040003046FCF787FC05EA08052C402040C0B29A
:10F05000BDE8F0812DE9F04102220C46054602F0A0
:10F060009FF80222A1188046284602F099F82179DB
:10F0700007462846FCF758FC617906462846FCF707
:10F0800053FC08EA070806EA08060640217A2846E3
:10F09000FCF71CFC237AF7B206466BB994F81C12F5
:10F0A0002846FCF713FC94F81C323040C6B283B9F2
:10F0B00006EA0700BDE8F081217B2846FCF734FC16
:10F0C00088B104F10C012846FFF7F2FA3040C6B2CD
:10F0D000E4E704F508712846FFF7B2FD064006EAAA
:10F0E0000700BDE8F0810646D8E700BF70B50222F0
:10F0F00005460E4602F054F80222B118044628468E
:10F1000002F04EF8311D04402846FFF75DFEE4B2E0
:10F11000204070BD70B5022205460E4602F040F850
:10F1200002220446B118284602F03AF82040C0B244
:10F1300070BD00BF70B50C460E4634F8021B054684
:10F14000FCF71EFC022221460446284602F028F85D
:10F15000317904402846FCF7E7FBE4B2204070BD5B
:10F1600070B505460E46FCF70BFD0222B1180446A9
:10F17000284602F079F8311D04402846FCF7EAFBE6
:10F18000E4B2204070BD00BF70B50D460988064648
:10F19000FCF7F6FB698804463046FCF7F1FB297959
:10F1A00004403046FCF7C0FBE4B2204070BD00BF15
:10F1B00070B505460E46FCF7E3FCB11C0446284634
:10F1C000FCF7DEFC311D04402846FCF7C3FBE4B22B
:10F1D000204070BD2DE9F04105460E46FDF76CFA62
:10F1E000311D07462846FCF7E5FE06F1080180467A
:10F1F0002846FDF761FA06F10C0104462846FCF7A3
:10F20000D9FE07EA08073C4006F1100104402846F1
:10F21000FDF752FA06F1140107462846FCF7CAFE2C
:10F22000E4B23C402040BDE8F08100BF2DE9F04150
:10F230000C2204460D4602F017F8032205F10C01DA
:10F240000746204602F010F805F10F0180462046DF
:10F25000FCF780FB05F1100106462046FDF72CFA6D
:10F2600005F114010346204607EA08071C46FCF78F
:10F27000A1FE3E4034402040C0B2BDE8F08100BF56
:10F280000B280DDC002809DB0B2807D8DFE800F08D
:10F29000070606070606060606060707012070474A
:10F2A000CB2818BF01207047034A034692E80300A9
:10F2B00083E8030018467047A83D010818B140686C
:10F2C000003818BF012070472DE9F8430646006852
:10F2D00000237360002849D04769D0F80480D0F833
:10F2E000109037B1143000F0A5F90746002844D13A
:10F2F0003068036B43B1283001F038FC18B1002F9F
:10F300003ED0FBF7E5FD3068036ADBB1D0E9062C9F
:10F31000012A7CF1000111DB0024254653F824006A
:10F320004946B8B1C0473368D3E9062C013445F1EA
:10F330000005944275EB0C011B6AEFDB1846494649
:10F34000C04730684946C0470023C6E90033384605
:10F35000BDE8F883013445F10005944275EB0C01DA
:10F36000DCDB18464946C0473068EBE70746002318
:10F37000C6E900333846BDE8F883FBF7A9FDB7E7D7
:10F38000FFF77EFF0746BCE72DE9F047051E9CB05E
:10F390000E4690461F4640F39980002900F0998060
:10F3A000A1F1040E4FF0000C5EF8044F0CF1010CBB
:10F3B000002C00F08E806545F6D1B8F1000F00F00A
:10F3C0008880D8F80040002C00F083800FCC0DF12D
:10F3D0005C0CACE80F002368CCF8003017A8FBF7F2
:10F3E00053FD002875D0002F73D03B68002B75D1DA
:10F3F000DDE91A3278210120984704463860002858
:10F4000000F0A08002A800F0CBFF02A904F12800C0
:10F41000502217ACF0F718FF0FCCD7F800E0F446F5
:10F42000ACE80F002368CCF800300EF11401404620
:10F4300000F02AF90446002844D1D7F800904FEA9A
:10F44000E578C9F82000C9F81850C9F81C80002DCB
:10F450004BD0002E49D0DDE91A32042128469847C6
:10F46000C9F82000D7F80090D9F82030CA4643B335
:10F47000012D78F1000338DB0024043EA1460BE0A7
:10F480003168F0F7E1FE013449F10009C84508BFD1
:10F49000A54228D0D7F800A056F8040FF3F7F0F9EA
:10F4A000421C179B1B99DAF820A00192104698473E
:10F4B0003B684AF824001B6A019A53F8240000288C
:10F4C000DED10A243846FFF7FFFE03E000293FF4AF
:10F4D00074AF0B2420461CB0BDE8F087642420469E
:10F4E0001CB0BDE8F087D7F800901D490B680133C8
:10F4F00023D00B601A460024D9F814007B60436ABD
:10F5000082610133C4611FD090F830304BB9303084
:10F5100000F026F904460028D4D1D7F80090D9F895
:10F52000140009F12801183001F0EAF90446002816
:10F53000D0D0FFF7A5FE0446C4E701221C460A60AE
:10F540001346D9E70A24C5E7243003F013FB044629
:10F550000028B7D1D7F80090D9F81400D4E700BF3D
:10F56000D46601200020704784B0F0B597B01DAE7E
:10F5700086E80E00002858D00368054633B164249D
:10F58000204617B0BDE8F04004B070473046FBF7A6
:10F590007BFC002849D0B446BCE80F0011AC0FC476
:10F5A000DCF80030236021991D9B502098470446C9
:10F5B000286000283BD00DF1440C8646BCE80F00C3
:10F5C000AEE80F00DCF80030CEF8003002A800F002
:10F5D000F7FE0DF1080EBEE80F0004F1180C2F68BD
:10F5E000ACE80F00BEE80F00ACE80F00BEE80F006B
:10F5F000ACE80F009EE8030020AC8CE8030094E820
:10F6000003008DE8030096E80E0007F1180001F0F2
:10F6100055F804460028B3D021991E9B28689847C6
:10F620002046FFF72DFE0446AAE70B24A8E70A248C
:10F63000A6E700BF30B587B0F0B103680446DBB180
:10F640009C46BCE80F000DF1040EAEE80F00DCF89C
:10F650000030CEF8003001A8FBF716FC60B120683E
:10F66000183001F001F9054650B92068029B059950
:10F670009847284607B030BD0B25284607B030BD57
:10F68000FFF7FEFD0546F8E72DE9F04194B00028AC
:10F6900058D004460068002854D00E46FBF7F4FB0F
:10F6A00000284FD0002E4DD0336823B1642420466B
:10F6B00014B0BDE8F0812768BC46BCE80F000FAD70
:10F6C0000FC5DCF80030D7F800802B6019465020B9
:10F6D000C04705463060D0B30DF13C0C8646BCE80F
:10F6E0000F00AEE80F00DCF80030CEF800306846BE
:10F6F00000F066FEEE46BEE80F0005F1180C246827
:10F700003568ACE80F00BEE80F00ACE80F00BEE8BB
:10F710000F00ACE80F009EE803008CE8030004F142
:10F72000180005F1180101F02BF804460028BED09E
:10F73000FBF7B8FBFBF7CCFB3046FFF77BFF40B194
:10F740000446B4E70B24204614B0BDE8F0810A2437
:10F75000ADE7204614B0BDE8F041FFF791BD00BF12
:10F7600010B582B000230193B8B1044601A90C483A
:10F7700000F02AFB10B1012002B010BD019B13B1B3
:10F780001A78312A04D002230020237002B010BD61
:10F790005B78002BF7D10123F6E70B2002B010BDF8
:10F7A000F8370108034A034692E8030083E80300A0
:10F7B00018467047B03D01082DE9F04FA9B0044646
:10F7C000DDF8C88023A80E4615461F4603F0FAFB55
:10F7D000B8F1000F00F0E6804046FBF755FB00282B
:10F7E00000F0E080002E00F0DD80002D00F0DA80D7
:10F7F000002C00F0D780D4F80490B9F1000F40F04D
:10F80000FD80002F00F0CE803846FFF757FD82467E
:10F81000002800F0CD804A4622A93046CDF88890D5
:10F8200000F0C4FE8146002840F0BE8022980028E7
:10F8300040F0F0802846F3F723F8002840F0BB8022
:10F840007C4D22A90022284600F092FE8146002825
:10F8500040F0AA8082462298002840F0E080D8F844
:10F860000030D8F810107820984781466060002852
:10F8700000F0CA8000220023C9E91A23C9E91C2329
:10F8800008A800F007F908A948466822F0F7DCFC50
:10F8900061682760404600F00BF9002858D12846DF
:10F8A000F2F7EEFF284410F8013CCDE903562F2B68
:10F8B000D8F8103000930CBF5F4B604B02934FF4AD
:10F8C0000063019398E80F00D4F8049000F094FAD4
:10F8D0002368C9F874001868314628302A466668DB
:10F8E00001F062FA6368B066986E002832D001F0C9
:10F8F000EFFA814660B3D8F80030D8F81010666887
:10F90000082098476368F066D3F86CB0BBF1000F2D
:10F9100020D006A803F0C6FA06A803C86368C44648
:10F92000D3F86CE08BE80300BCE80F0023AE0FC6F1
:10F93000DCF80030336028AB13E90F008DE80F00CE
:10F940004946239B3A46704603F0B6FA814628B3EF
:10F950006368F3B1586F28B1D8F80430D8F81010A4
:10F9600098476368986E10B101F036FA6368D86EF4
:10F9700048B103F001FB6368D8F81010D86ED8F8CE
:10F98000043098476368D8F810101846D8F8043047
:10F9900098470023C4E900334FF00109BAF1000F82
:10F9A00025D101E04FF00B09484629B0BDE8F08FA2
:10F9B0004FF06509F8E72B782F2B3FF442AF039502
:10F9C000D8F8103000931E4B02934FF4006301935C
:10F9D00098E80F0000F010FA054640B3002222A973
:10F9E000229200F0C5FD814600283FF434AFD8F8DC
:10F9F0000430D8F8101028469847D5E74FF064092E
:10FA0000484629B0BDE8F08F4FF00A09BAF1000F5F
:10FA1000EDD1C9E700F01CFE4FF0C909C4E700F0C2
:10FA2000B9FD4FF0CA09BAF1000FE0D1BCE74FF0C1
:10FA30000A09B9E710380108E0360108183801084A
:10FA40001438010830B1436823B19B6E13B10068CC
:10FA5000FFF734BC0020704720B1406810B1806EC1
:10FA600000B18068704700BF20B1406810B1806E5F
:10FA700000B1C068704700BF28B1406818B1836EFC
:10FA8000002B08BF0020704710B1406800B1806EA5
:10FA9000704700BF10B5682204460021F0F76EFCE5
:10FAA0002046FBF7E3F901232375204610BD00BF74
:10FAB000D0B170B50C46A9B18842844612D0054633
:10FAC000868A8E460FCDAEE80F002B68CEF8003048
:10FAD0000CF118015022A68204F11800F0F7B4FBD3
:10FAE000002070BD0B2070BD0B20704782B02DE947
:10FAF000F04F91B01AAC84E80C009DF87C8000288F
:10FB00003BD00C460546FFF7B7FF002837D0284604
:10FB1000FFF7A2FF06462846FFF7A6FF0DF1680E85
:10FB20008146BEE80F000BADAC46ACE80F00DEF836
:10FB30000030CCF80030219BFBB18A46DDF878B06C
:10FB400000F0B2FA10AB089013E907008DE8070047
:10FB5000002195E80C0008A800F01EFB074680B1C4
:10FB6000FBF7A0F9FBF7B4F90A2F18BF01273846B5
:10FB700011B0BDE8F04F02B070470B27F7E701273F
:10FB8000F5E70990079008A803F086F90746A8B1A1
:10FB90000A28079C00D0012708A800F03DFB002898
:10FBA0003DD109985946D04759462046D047B8F12B
:10FBB000000FDCD0672F08BF6827D8E709AB059393
:10FBC0000FCDEC46ACE80F002B68CCF800304A466D
:10FBD0003146204608AB03F001F80746B8B9099C46
:10FBE000099002460AA9204600F0FEFB88B90A9D4A
:10FBF000D5B9219B08A81C6000F00EFB0746A8B1F0
:10FC0000FBF750F92C46FBF763F90127C9E7079C7E
:10FC1000C2E7FBF747F90127FBF75AF9BCE7FBF707
:10FC200041F9FBF755F9BCE76727B5E7099859464D
:10FC3000D04759463846D04799E700BF084600F0FC
:10FC40005FBB00BF084600F083BB00BF037A10B55E
:10FC50000C4633B1052100F081F8C4E90001002011
:10FC600010BDBDE81040084600F04ABBF8B5054697
:10FC7000104614460E46FBF707F928B1032D03D8AA
:10FC8000DFE805F01D2E53064FF00B0C6046F8BD63
:10FC9000002EF9D0002CF7D00023C6E90133DFF89D
:10FCA000B4E0336106F114059C4603270FCC0FC561
:10FCB00023682B603770C6F80CE06046F8BD002E54
:10FCC000E2D000233370C6E90133C6E903339C4612
:10FCD0000FCC06F114050FC523682B606046F8BDF4
:10FCE000002ED1D0002CCFD000273770A446BCE81E
:10FCF0000F0006F11405C6E90177C6E903770FC5C1
:10FD0000DCF800302B6021692368102098473061AF
:10FD1000D0B100220023C0E90023012307720C4A5E
:10FD20003370BC46F2606046F8BD002EACD0002CAB
:10FD3000AAD00023C6E90133DFF81CE0336106F1E5
:10FD400014059C460227B1E74FF00A0C9EE700BF5E
:10FD50004DFC000845FC00083DFC000880EA10410D
:10FD600081F03D01154A164B01EBC10181EA1111E9
:10FD700002FB01F181EAD131A3FB01231B0903EB53
:10FD80004302C3EBC203D0B40E4CC91A62184FF041
:10FD9000010CD2E84F3FC2E846CF002EF9D1BFF3A5
:10FDA0005B8FDBB2002BF4D1D0E90067BFF35B8F30
:10FDB000635430463946D0BC704700BF2DEBD42782
:10FDC000C94216B2D866012068B110B50C4629B1F7
:10FDD000F1F770FF20B12060002010BD034810BD76
:10FDE000034B236010BD0348704700BF3C38010837
:10FDF000F03B0108203801080FB4F0B583B008AC1F
:10FE00000E9E84E80F004EB308A8FBF73DF828B318
:10FE100000210FAB32460846CDE9003300F0F4F87C
:10FE2000431C05461AD00D9B0C99471C9F4284BF6A
:10FE30001F4603F1FF353846089B9847044668B1D2
:10FE4000019B3246394600F0DFF8002802DB002330
:10FE5000635504E0099B0C992046984700242046EE
:10FE600003B0BDE8F04004B0704700BF2DE9F04F8B
:10FE70002DED028B87B080460846CDF8048008EE51
:10FE8000102A8A469946F2F7FBFC00264746029064
:10FE9000B3461025B0461DE00BF1010B5E4511D2B3
:10FEA0002E44D9F80830D9F81020B100984700281E
:10FEB00000F0888005EB4505B5F5801F804628BF1A
:10FEC0004FF48015019A08EB8B03A21A43F8042C17
:10FED000029BE71851463846F2F756F90446404669
:10FEE000002CD9D1B84607464046F2F7C9FC019B21
:10FEF000A8EB03031C180494BBF1000F4AD018EEC2
:10FF0000100AF2F7BDFC029BD9F81010C31A0BFBC4
:10FF100003431A4605930646D9F80030501C98470B
:10FF2000039000284FD0DDF804803A684146F0F78E
:10FF30008BF93D68039B0197BA461D44029FCDF89B
:10FF400008900124D14618EE10AA0AE0D9F8005012
:10FF5000AA1A8518F0F778F9A34504F1010235D9FA
:10FF60001446324651462846F0F76EF959F8042BEC
:10FF7000A3453A4405EB060008EB0201E6D1049BD9
:10FF80009A1ADDE90179F0F75FF9039A05990023E0
:10FF900053540BE02046D9F80030D9F81010013046
:10FFA0009847039010B10199F2F75AFD3846D9F8F5
:10FFB0000430D9F810109847039807B0BDEC028BB5
:10FFC000BDE8F08F474600230393EFE7DDE90179B1
:10FFD000DBE700BF0CB430B583B006AB53F8042B9D
:10FFE000019352B138B141B1F0F716FA03B0BDE850
:10FFF000304002B070470029F6D0F0F783FA16239C
:020000040801F1
:1000000003604FF0FF30F1E770B53AB120B129B18C
:10001000BDE87040F0F700BA0029F9D0F0F772FAA5
:10002000162303604FF0FF3070BD00BF84B070B581
:1000300082B007AC84E80E000546B0B1F2F720FCB0
:10004000421C079B0B9901920646104698470446AE
:1000500028B1019A2946F0F7F7F80023A355204666
:1000600002B0BDE8704004B070470446F7E700BF37
:1000700082B0F8B506AC84E80C00054688B14F1C88
:100080000E4638460A999047044628B13A46294612
:10009000F0F7DAF80023A3552046BDE8F84002B097
:1000A00070470446F8E700BF014B00201860704716
:1000B000F066012000285FD02DE9F0410C46016870
:1000C00082B0054629B1CB68A34206D91C46002957
:1000D000F9D11F2002B0BDE8F0818B68A34247D060
:1000E0000E6A002C34D0B4F1804F43D2A700D1F86F
:1000F0001880086832463946C04700283AD02B6835
:100100003246186039465868C047002832D02D68FA
:10011000AB686860A34226D22A6800EB070C02EBAA
:10012000830EE6454FEA830100EB830603D202EB20
:10013000070C664522D3E31A9A007046002101920B
:10014000F0F71CF9019A00213046F0F717F90AE0A0
:100150004F6908683146B8472B68314658681C60BB
:10016000B8472D686C600020AC6002B0BDE8F0813B
:100170000020AFE70A20ADE70B2070470B1F1844A3
:100180001344043A1744002243F8042FBB4240F8BA
:10019000042FF9D1E7E700BF82B070B504AC84E862
:1001A0000C0080B3066804462EB11E252846BDE823
:1001B000704002B0704704A80D46FAF765FE10B310
:1001C000049B089924209847206010B30DF1100E6D
:1001D000C0E90066C0E9026600F1100CBEE80F003D
:1001E000ACE80F00DEF80030CCF80030294620469D
:1001F000FFF760FF05460028D8D0059B08992068C6
:1002000098472660D2E70B252846BDE8704002B02B
:1002100070470A25CAE700BF2DE9F04182B00028E7
:100220003AD004680646002C32D0A3682BB30025D0
:1002300022682F4652F82500E0B1216AD4F81480D4
:100240000191C047D4E9002342F82570019953F881
:100250002500C047E3686268013B42F82570E3600F
:100260003468A36801359D4207D2226852F8250000
:100270000028E2D101359D42DCD300213046FFF752
:1002800019FF044620B930684369016A9847346011
:10029000204602B0BDE8F0810B24204602B0BDE844
:1002A000F08100BF2DE9F84F00B30768FFB1884621
:1002B000E1B1D7F808A03E68BAF1000F16D0914618
:1002C000043E002456F8045F4FEA840B28460134AC
:1002D00055B1F2F7D5FA48450246294638BF4A4695
:1002E0004046F2F739FB28B1A245EBD1002738464A
:1002F000BDE8F88F7B6853F80B703846BDE8F88F7F
:1003000008B370B584B0044669460120FAF710FBC3
:10031000DDE90035002D13DB029900290DDB0B4EC2
:10032000A3FB06325B1806FB05224FF0000042EBF0
:10033000E172C4E9003204B070BD53EA0502EED1A7
:10034000022004B070BD0B20704700BF00CA9A3B6A
:1003500008B370B584B0044669460020FAF7E8FA9D
:10036000DDE90035002D13DB029900290DDB0B4E72
:10037000A3FB06325B1806FB05224FF0000042EBA0
:10038000E172C4E9003204B070BD53EA0502EED157
:10039000022004B070BD0B20704700BF00CA9A3B1A
:1003A00010B50446103000F00BF8002300200021A7
:1003B000C4E90001C4E91233A360204610BD00BFA8
:1003C00010B5382204460021EFF7D8FF04F11000E1
:1003D00000F006F84FF0FF33E360204610BD00BF89
:1003E0000022027042607047002857D02DE9F0418A
:1003F0000D46002954D016460446F2F741FA48B19A
:1004000023782F2B0DD002232B603EB100203060CB
:10041000BDE8F08101232B60002EF7D10020BDE85C
:10042000F081431EE25C2F2A3CD0631E03EB0008E0
:10043000C4F1010E0EEB030713F8011F21F0200297
:10044000413A192AA1F12F0C0BD95F2909D0BCF12F
:100450000A0F06D904232B60002EDFD0376000205E
:10046000D6E74345E6D11A4F012304E0984204F150
:1004700001041CD91346984203F10102F6D02178F9
:100480002F29F3D161782F291CD0C95D4907EDD5FB
:1004900006222A60002EC1D03360BFE70B207047D0
:1004A0000B20B5E703222A60002EF5D1B6E7F72826
:1004B00002D800202860ABE707232B60002EADD0C8
:1004C000F623E9E705222A60002EE5D1A6E700BF62
:1004D0006D34010840B370B51446C2B032B301297F
:1004E0000D461E4602D103782F2B12D001AA694671
:1004F000FFF77AFF78B9009B4BB1072B07D05A1E44
:10050000052A2BD8DFE802F02724211E1B14F52D25
:1005100003D80020206042B070BD07232360002E66
:10052000F9D0F4233360F6E70B2070470B20F2E795
:1005300006232360002EEED0019B3360EBE70523FA
:100540002360F7E704232360F4E703232360F1E744
:1005500002232360EEE701232360EBE7034A4FF415
:10056000807102A8FFF736FD0120D4E75838010852
:1005700068B170B50D4616460446F2F781F9334668
:1005800001462A462046BDE87040FFF7A3BF0B2076
:10059000704700BF07289ABF024B53F8200002485B
:1005A000704700BFB83D0108A838010800283BD0BB
:1005B0002DE9F0410D46002938D016460446F2F7E1
:1005C0005FF9E0B1631E03EB0008C4F10101CF182D
:1005D00013F801EFAEF130022EF0200C092AACF135
:1005E000410C14D9BCF1190F11D9BEF15F0F0ED017
:1005F00002232B6006B137600020BDE8F0810123A3
:100600002B60002EF8D000203060BDE8F08143451B
:10061000DDD122780D4BD35C13F0040310D1FF28F9
:1006200006D82B601846E8E70B2070470B20E4E75C
:1006300004222A60002EDFD0FE2232601846DCE75A
:1006400003232B60002EDED1D6E700BF6D340108F6
:1006500004289ABF024B53F820000248704700BF9D
:10066000D83D0108503A01080346406858B1426835
:100670005A600AB1002111601A68426002B110602C
:1006800000220260186070470B680BB14A685A601C
:100690004A6802B1136003688B42436808BF026076
:1006A0004B6003B1196000230B604160704700BFCD
:1006B000014B1868704700BFEC3D010884B0F0B5ED
:1006C00083B009AD85E80E0030B104462846FAF73C
:1006D000DBFB08B1A6682EB10B2003B0BDE8F040EB
:1006E00004B0704700220023C4E90023204B1B689C
:1006F000A3600FCD04F1200CACE80F006F462B680F
:10070000CCF800303846E661E660FFF769FE97E80E
:10071000030004F1100383E803000322154816497F
:100720002676FAF7AFFE1348FFF79EFFF0B1134AA3
:10073000836851681078636318745961D168D9610E
:1007400011691962516992689A615962FDF782FCD8
:10075000F1F726FAF1F756FA636B98620028F9D0A0
:10076000002003B0BDE8F04004B070470120B4E7BA
:10077000EC3D010844660120E01E01206C1D0120B3
:1007800070B588B060B10D4651B10446806828B19B
:10079000334B1968F1F7F4FE002854D1AB681BB154
:1007A0000B24204608B070BD23462A4604F13006CB
:1007B000D3F800C058689968D3F80CE0C2F80CE090
:1007C0001033B342C2F800C05060916002F11002D1
:1007D000EED119685B685360116004F1200EBEE829
:1007E0000F000DF10C0C6646ACE80F00DEF800308F
:1007F000CCF800303046FAF747FB0028D0D008ABE1
:1008000013E903008DE8030096E80E00E069FFF7A6
:100810000DFCE861E36903B1F8B11248FFF724FF6A
:10082000A8B183686B63626B02F1100C03F11005D1
:10083000BCE80F000FC59CE80700002485E807000E
:10084000204608B070BD0C24204608B070BD049B43
:100850000799E86998470124A3E70A24A1E700BFA4
:10086000EC3D010844660120002841D010B5044643
:100870008EB02030FAF708FB80B3A06820B11E4B81
:100880001968F1F77DFE88BB1C4B196851B3626B88
:1008900001E0496831B38B689A42FAD11748FFF7F3
:1008A000F3FE216B636AE06998476846FFF788FDAD
:1008B000EE46BEE80F00A446ACE80F00BEE80F000D
:1008C000ACE80F00BEE80F00ACE80F009EE80300A4
:1008D0008CE80300002318460EB010BD0B23184609
:1008E0000EB010BD012318460EB010BD0C23F2E768
:1008F0000B231846704700BFEC3D010844660120F9
:100900002DE9F04383B0002800F0D3800E46002983
:1009100000F0CF80436B0546002B00F0CA80784B77
:1009200080681F6828B13946F1F72AFE002840F098
:10093000CA80D5E90023734C73497448B760C6E98F
:100940000023EB68B3640122FAF73CFD20467049AE
:100950000422FAF777FD4FF000086C4884F80D8008
:10096000FFF782FE002800F0A9808468686B416A66
:1009700090F810C0D0E906230191006A009004F1BC
:1009800010096146484600F0BFFD04F580534FF45E
:100990007A72C4E9E32204F55E72C4E9E1225D499A
:1009A000C3F89485C3F89885C3F89C85C3F8A085DF
:1009B0005948C4E9DA780122F464FAF7E3FC5749AC
:1009C00057480522FAF7BEFC564957480A22FAF75B
:1009D00099FC564956480122FAF754FC55495648A5
:1009E0000122FAF76FFC554955480F22FAF70AFD24
:1009F000544955480322FAF745FD54495448042206
:100A0000FAF760FD534954480422FAF77BFD696BFD
:100A1000F06C424600F006FB0746002858D16B6B8D
:100A200004F528759A6A04F522712846FCF7B0F996
:100A30004A4922462846FCF7CFF949493A46284612
:100A4000FCF7C6F947493A462846FCF7C9F9464932
:100A50003A462846FCF7C8F9B4F8982204239200D5
:100A600004F565712846FCF7FDF9B4F89822C4F83E
:100A700074039200042304F694312846FCF7CAF963
:100A8000C4F878032846FCF7E7F904F59C51C4F84C
:100A90008003B4F8982214312846FCF7A9F9C4F869
:100AA0007C032846FCF7FAFEF8B1384603B0BDE8EF
:100AB000F0830B27384603B0BDE8F08301273846A2
:100AC00003B0BDE8F0830C27384603B0BDE8F083DF
:100AD000484600F05BFD0D482146FFF7D5FD38463E
:100AE000C6F84C8003B0BDE8F083484600F04EFDE8
:100AF00006482146FFF7C8FDF7640127D5E700BF88
:100B0000EC3D010894660120402901208466012003
:100B1000E83E0120641F012054660120E85F0120A7
:100B2000A4660120082001206466012078280120A5
:100B300074660120981D0120881D01202064012079
:100B4000B4660120E01E012044660120C465012036
:100B5000C4660120601E012034660120A93101080D
:100B6000A131010841320108DD320108174BC16C87
:100B700070B51C68054634B30026D4E9014002690B
:100B80008A4218D0002CF8D189B1D1F888339B78EB
:100B9000012B01F5287014BF0A210021FCF756FE35
:100BA000E86CFAF7CFFCE86C103000F0EFFC0023A3
:100BB000EB64304670BD183000F00EF9E96C064663
:100BC000002CDAD1E0E72646DEE700BF54660120BC
:100BD0002DE9F041054684B022480F461646FFF73E
:100BE00043FD0446002839D02B698468DFF87C80F7
:100BF00003F58053C4E90565B3F89605421C02214C
:100C0000A3F89625FCF706F83C22206141463846B9
:100C1000FAF7D0FDF0B1144F304664223946FAF7A6
:100C200099FDB8B128690623D0F88423CDF8008057
:100C3000CDE9017300F5287011686B692269FBF733
:100C40000DFF02462869D0F88C33D0F88413FAF7E8
:100C50004BFD18B92046FAF7EBFC0024204604B0FF
:100C6000BDE8F081B466012030670120F466012000
:100C700038B58569D5B1044628692269D0F888332A
:100C800000F528701968FBF76BFE02462869D0F85A
:100C90009033D0F88813FAF727FD0028204614BFB8
:100CA00000240224FAF7C4FC204638BD0124204663
:100CB00038BD00BF2DE9F04383B0002B5FD006465E
:100CC00035480F4690461D46FFF7CEFC002856D00B
:100CD0008468EB6C2361FFF7EBFC04F12C09C4E999
:100CE0000604C4F820903046F1F7CAFD421C3C2AA5
:100CF00004F1180540D84846314604F16809EFF779
:100D0000A3FAC4F824903846F1F7BAFD421C3C2AF5
:100D100032D839464846EFF797FA236903F58053EE
:100D20000121B3F894054218A3F89425FBF772FF4C
:100D300060613B782F2B27D17B782BBB174A184853
:100D400033463C21F0F7E4FE20691549D0F88423AE
:100D5000009106210191116862691FFA88F300F57C
:100D60002870FBF749FE02462069D0F88C33D0F892
:100D70008413FAF7B9FC18B92846FAF7E9FB0025FD
:100D8000284603B0BDE8F083064A00963B463C2166
:100D90000348F0F7BDFED7E754660120D4360108BA
:100DA000946701201838010899B10B788C4683B1FB
:100DB00010B414464AB113783BB1826C0346214605
:100DC00060465DF8044BFFF775BF00205DF8044BEB
:100DD00070470020704700BFF8B528B30746006889
:100DE00020B1364B1968F1F7CBFBE8B97D68DDB16E
:100DF000334B1C68002C5FD00026D4E90141D1F8A8
:100E000080309D4213D0002CF7D12E4B1C68C4B10A
:100E1000D4E901410B6A9D42F9D17C31384600F09A
:100E2000A1F801280646F2D101263046F8BD8431EA
:100E30003846FAF7D5F901280646F5D0002CDCD162
:100E4000E3E7214B1C686CB1D4E901418B6F9D42F3
:100E5000F9D17C31384600F041F801280646E3D04C
:100E6000002CF1D1194B1C686CB1D4E901418B6F96
:100E70009D42F9D17C31384602F07AFA01280646C3
:100E8000D2D0002CF1D128696A69D0F8883300F5F6
:100E900028701968FBF764FD02462869D0F8903382
:100EA000D0F88813FAF720FC002808BF022638463D
:100EB000FAF74EFB3046F8BD2646A6E7EC3D0108A2
:100EC00064660120A466012074660120881D01204B
:100ED0004368186900F55A70704700BF70B528B1B3
:100EE000044600680D46FAF77FFC10B9012420463D
:100EF00070BD6368002BF9D0002DF7D02868FAF791
:100F000073FC0028F2D06E68002EEFD0646832695E
:100F10002069D0F8883300F52870196801F082F84C
:100F200002462069D0F89033D0F88813FAF7DCFB3A
:100F300020693269D0F8883300F528701968FBF70A
:100F40000FFD02462069D0F89033D0F88813FAF7E5
:100F5000CBFB0028284614BF00240224FAF73CFBF0
:100F6000C5E700BFF8B528B1044600680D46FAF79A
:100F70003BFC10B901242046F8BD6368002BF9D072
:100F8000002DF7D02868FAF72FFC0028F2D06C6803
:100F9000002CEFD0266A62693069D0F8883300F5FA
:100FA0002870196801F03EF802463069D0F8903395
:100FB000D0F88813FAF798FBE069FFF759FE236A27
:100FC00062691869D0F8883300F528701968FBF752
:100FD000C7FC236A22691B69D3F888130446096891
:100FE00003F52870FBF7BCFC37692246D7F890332D
:100FF000D7F8881304463846FAF776FB3669224656
:10100000D6F89033D6F8881304463046FAF76CFBCE
:101010002CB120B100242846FAF7C8FAABE7022425
:10102000F9E700BF08B508B100F1100239B149690C
:10103000104600F077FA80F00100C0B208BD044B02
:101040001046596800F06EFA80F00100C0B208BD89
:101050006C1D0120054B1B6823B1986800F52870B2
:10106000FBF71CBF00200021704700BF84660120F1
:101070002DE9F0410568044628460E46F1F780FA4E
:10108000C8B1114B1B689D4212D1D4F80480D8F826
:1010900000406CB1D8F808500027043D55F8040F03
:1010A0003146F1F76DFABB0040B10137BC42F5D1D2
:1010B0000020BDE8F0812046BDE8F081D8F810207E
:1010C000BDE8F041D358184708010020003818BF88
:1010D00001207047704700BF2DE9F04119461F46B7
:1010E00005469046FBF778FBE0B93E4609E0A86864
:1010F000EFF7AAF8AB68286923442044361BAB609D
:101100002861314601222846FBF7EEFBB91B41441A
:10111000044602460028EAD10123A87D6B75584099
:10112000BDE8F0813A46A8684146EFF78DF8AA6815
:101130002B693A443B44AA602B61EDE72DE9F0416D
:1011400019461F4605469046FBF746FBE0B93E466A
:1011500009E0A968EFF778F8AB68286923442044D0
:10116000361BAB602861012231462846FBF7BCFBE9
:101170000446B81B40442246002CEAD10123A87D36
:101180006B755840BDE8F0813A46A9684046EFF7D4
:101190005BF8AA682B693A443B44AA602B61EDE7EF
:1011A0002DE9F0418846114617460546FBF714FB2A
:1011B000E0B93E4609E0A868EFF746F8AA682B694F
:1011C00022442344361BAA602B6131460122284663
:1011D000FBF78AFBB91B4144044602460028EAD1CA
:1011E0000123A87D6B755840BDE8F0813A46A86898
:1011F0004146EFF729F8AA682B693A443B44AA60B4
:101200002B61EDE72DE9F04119461F460546904652
:10121000FBF7E2FAE0B93E4609E0A868EFF714F8F8
:10122000AB68286923442044361BAB6028613146F3
:1012300001222846FBF758FBB91B414404460246ED
:101240000028EAD10123A87D6B755840BDE8F081E4
:101250003A46A8684146EEF7F7FFAA682B693A4478
:101260003B44AA602B61EDE72DE9F0418846114629
:1012700017460546FBF7B0FAE0B93E4609E0A96813
:10128000EEF7E2FFAA682B6922442344361BAA60CA
:101290002B61012231462846FBF726FB0446B81B8A
:1012A00040442246002CEAD10123A87D6B755840AA
:1012B000BDE8F0813A46A9684046EEF7C5FFAA6846
:1012C0002B693A443B44AA602B61EDE72DE9F041DC
:1012D00019461F4605469046FBF77EFAE0B93E46A2
:1012E00009E0A968EEF7B0FFAB6828692344204401
:1012F000361BAB602861012231462846FBF7F4FA21
:101300000446B81B40442246002CEAD10123A87DA4
:101310006B755840BDE8F0813A46A9684046EEF743
:1013200093FFAA682B693A443B44AA602B61EDE71E
:1013300070B515460E46017D0446FAF7A3FD0DB9BA
:10134000012070BD217D2B4632462046BDE870400D
:10135000FFF7C2BE2DE9F0411D4616460F461A465C
:10136000017D0446FAF7B6FE2B689E423CBF01227F
:10137000A27513B90120BDE8F081217D3A462046CF
:10138000BDE8F041FFF7DABE70B515460E46017DA7
:101390000446FAF777FD0DB9012070BD217D2B467B
:1013A00032462046BDE87040FFF72CBF2DE9F041E2
:1013B0001D4616460F461A46017D0446FAF78AFE78
:1013C0002B689E423CBF0122A27513B90120BDE8E3
:1013D000F081217D3A462046BDE8F041FFF776BF17
:1013E00010B582B0044608460191F1F749FA019917
:1013F000421C204602B0BDE81040FFF799BF00BF75
:1014000000B583B001ABFFF7A5FF03B05DF804FBA7
:10141000014B1878704700BFD06701202DE9F04FCD
:10142000934689B090F8002205938A46002104462D
:101430008DF81E1022B300F202290DF11F0805AF2E
:101440000DF11E064FF4007502E0059B002B0FDD29
:10145000D4F874122346CDE90278CDE9005622462D
:10146000484601F0F3F80028EFD09DF81E30B3B1E4
:101470000F4B9DF81F201A70002009B0BDE8F08FB7
:101480000DF11F020092D0F874524FF40072014621
:10149000A8470028ECD09DF81E30002BE8D1CBF8EF
:1014A00000000120CAF8004009B0BDE8F08F00BF7D
:1014B000D067012030B590F8004287B0154674B966
:1014C000D0F870420DF11703A04708B1A84215D01B
:1014D0000C4B9DF817201A70002007B030BD0B464A
:1014E00000220DF11701CDE901210246D0F870125A
:1014F000009500F2022000F0B1FEE6E7012007B0FF
:1015000030BD00BFD067012010B4019CC0F870420C
:10151000C0E99A23029B80F800125DF8044BC0F8E2
:101520007432704738B5D0F8683203B3D0F86C2203
:101530000446E2B1D0F87022CAB1D0F87422B2B138
:10154000C0F88C129847054688B194F800328BB9E0
:101550000B490C4B0C4AC4F880324FF40073C4E9B9
:101560009E41C4F88422A4F88832284638BD00255C
:10157000284638BD002104F2022000F069FEE7E7AA
:10158000B51401081D14010811140108D0F86C32BB
:10159000184700BF4FF6FF73038070474FF6FF7385
:1015A0000380704738B5044600880D4600F038FEC9
:1015B0000346002B4FEAD070B8BF258038BD00BF6E
:1015C00070B505460C462B68096820896268B2FB35
:1015D000F0F2A3EB010CBCFBF2FC0CF1010C1FFAC6
:1015E0008CF3B3FBF0F600FB16339BB202FB03F364
:1015F000181D0844267D50F8042C16B1002640F82A
:10160000046C032A01D8012070BD08331944284610
:101610002B69043AFBF72CF9284603492246FBF7CD
:1016200003F9002070BD00BFC115010800B5C0E975
:1016300000124FF0000E019A0381026180F814E05D
:10164000D3B1C1F800E0B0F808C0BCF1010F13D964
:101650000123B3FBFCF10CFB113189B24268B2FBF0
:10166000FCF201FB02F2016841F802E00133B0F83C
:1016700008C09BB29C45ECD84FF0FF33C3605DF8C7
:1016800004FB00BF0189E9B14FF0000C00B56346CF
:10169000E646B3FBF1F201FB12339BB24268B2FBA8
:1016A000F1F202FB03F3026842F803E00CF1010CD3
:1016B00001891FFA8CF39942EBD84FF0FF33C360D6
:1016C0005DF804FB4FF0FF33C36070472DE9F8432A
:1016D00004460D460189808990461F4600F098FD1A
:1016E00029460646A08900F09BFD00280ADB00265B
:1016F000E089294600F094FD002800DAE5813046B3
:10170000BDE8F8833046294600F08AFD0028EEDB6C
:1017100023694046984701218146A08900F078FD61
:10172000B9F1000F01D1854247D02289B5FBF2F013
:1017300002FB105080B26368B3FBF2F300FB03F3CB
:1017400020680433184450F8043C002BCFD14146A4
:101750003A46EEF779FD2189B5FBF1F201FB125211
:1017600092B26368B3FBF1F302FB03F32268D75034
:10177000089A01231370B9F1000FB8D0A68930463A
:10178000012100F045FD22896368B3FBF2F30646B0
:10179000B0FBF2F002FB106080B200FB03F32068A4
:1017A0000433184450F8043C002BA0D02369984718
:1017B000022808D00128E2D099E7089BA5810126DC
:1017C00083F8009094E7012692E700BF2DE9F047E7
:1017D00004460F4680890121904600F019FD2289B8
:1017E000B0FBF2F602FB1606B6B26368B3FBF2F387
:1017F00006FB03F3266804331E4456F8049CB9F133
:10180000000F23D02369054630469847824600B32F
:10181000B4F80CA00121504600F0FAFC2189B0FB7D
:10182000F1F2824601FB1202D4E9000392B2B3FB4B
:10183000F1F302FB03F30433184450F8043C2BB1DA
:101840002369984702281BD00128E3D00020BDE877
:10185000F0874A4631463846FBF712F82189B5FB36
:10186000F1F201FB125292B26368B3FBF1F302FB97
:1018700003F3226842F803A00120A581BDE8F087A8
:101880002089B5FBF0F300FB1355ADB26368B3FBE1
:10189000F0F303FB05F523680020585106EB08011F
:1018A000A9EB08023846FAF7EBFF3846034922460F
:1018B000FAF7BAFFA4F80CA00120C8E7C115010887
:1018C00038B511460446C089154600F0A9FC002829
:1018D000B8BFE58138BD00BF2DE9F843038985898C
:1018E00004460E46D3B12846012703E0674515D2CA
:1018F000A0890137B9B200F08BFCB4F808C0B0FB86
:10190000FCF30CFB13039AB2D4E90013B3FBFCF312
:1019100002FB03F3CB58002BE8D1054635800121AB
:101920002846E78900F078FC0146384600F074FC50
:10193000054618B34FF000094F464FF001081FFA53
:1019400089F1308800F064FCB4F808C0B0FBFCF307
:10195000D4E9001203FB1C0083B2B2FBFCF202FBD1
:1019600003F308FA09F2CB5809F101090BB917433F
:10197000BFB24D45E3D13846BDE8F8830746384647
:10198000BDE8F8834FF6FF7CC0E9013201600373C4
:10199000A0F80EC0704700BF027B42604FF6FF7395
:1019A000C3817047F0B5044683B040680D461646C3
:1019B000FCF730FB63681844A368421993422CBFBC
:1019C0000127002702D2384603B0F0BD00902168FD
:1019D00030460023FAF742FF6168384629446160C7
:1019E00003B0F0BD2DE9F04104461D464068237B5D
:1019F00098428CBF0126002602D83046BDE8F0810F
:101A00008846E0890121174600F002FC2368E08146
:101A10002880C8F8003063683B60237B63603046F1
:101A2000BDE8F08138B502680C4609682389A2EB4D
:101A3000010C6268B2FBF3F2BCFBF2FC0CF1010C8E
:101A40001FFA8CFCBCFBF3FE03FB1EC39BB202FB24
:101A500003F394F80CC0CA586344A2EB0C02083399
:101A600005461944043A0369FAF702FF2846034978
:101A70002246FAF7D9FE002038BD00BF251A01081A
:101A800010B49DF804C00381C0E9001280F80CC0B6
:101A9000D3B1C1F800C0B0F808C0BCF1010F13D930
:101AA0000123B3FBFCF10CFB113189B242680468DD
:101AB000B2FBFCF201FB02F2017BA1500133B0F852
:101AC00008C09BB29C45ECD84FF0FF326FF000434A
:101AD000C0E9062305495DF8044BC0F80E104FF627
:101AE000FF72002342820384704700BF0000FFFFA3
:101AF0000189B1B14FF0000C6346B3FBF1F201FB79
:101B000012339BB24268B2FBF1F2016802FB03F3AD
:101B1000027BCA500CF1010C01891FFA8CF3994227
:101B2000EBD84FF0FF326FF00043C0E906230449C1
:101B3000C0F80E104FF6FF720023428203847047F4
:101B40000000FFFF2DE9F04F044691B00089E689BF
:101B500023680492B6FBF0F200FB126292B2656851
:101B6000B5FBF0F505FB0232043252F8048C94F810
:101B70000C9003928B462F1F002800F04C814FF0F1
:101B8000000CE2466146B1FBF0F200FB121292B289
:101B900005FB02F20CF1010C9A584A4508BF0AF104
:101BA000010A1FFA8CF108BF1FFA8AFA8142EAD3B0
:101BB00040460421CDF814A0FAF766FE804408EBF5
:101BC0000B02BA4240F2CD80227B5A44BA4240F224
:101BD000B580C9F57F43FC33BAB213449BB20AFB0C
:101BE00003F9D94505930693C0F0B78008F10403C3
:101BF000BB4280F0DB80A2F10409A9EB0809059B38
:101C00001FFA89F9ABEB090BBBFBF3F203FB12B331
:101C1000002B00F0C880013292B20693524500F2C8
:101C20009C800DF1200B002A42D0CDF81C804FF093
:101C3000000ADDF8148005950DF1200B154600E033
:101C4000C1462089B6FBF0F200FB12618AB26368DC
:101C5000B3FBF0F1236802FB01F10431194458464B
:101C600051F8042C009200233A46FAF7F7FD4A4651
:101C700000230D215846FCF78DF92189B6FBF1F2BE
:101C800001FB126292B26368B3FBF1F302FB03F350
:101C900022683046D750012100F0BAFA0AF1010A51
:101CA0001FFA8AF39D420646CAD8DDF81C80059DBE
:101CB0002089B6FBF0F300FB136399B26368B3FBB2
:101CC000F0F301FB03F32168043319443A4651F859
:101CD000040C009000235846FAF7C0FDDDF8189078
:101CE00058461FFA89F202230D21FCF753F9039B92
:101CF0002789207B08F104010B441946B6FBF7F352
:101D000007FB1363A5F108029DB204306368B3FBBF
:101D1000F7F305FB03F325684844E850049DA2EB64
:101D200008022846FAF7ACFD28463C492246FAF755
:101D30007BFD0120E68111B0BDE8F08F0121E08933
:101D400000F066FA21890546608A00F061FA0146D2
:101D5000284600F065FA002842DD002011B0BDE8F9
:101D6000F08F2189608A059200F052FA01463046D0
:101D700000F056FA0028059AEFDC2789B6FBF7F346
:101D800007FB13639DB263682468B3FBF7F305FB9D
:101D900003F3DDE90310E2500023CDF80080FAF7E9
:101DA0005DFD0120DAE793B21A4637E7304601219C
:101DB000079200F02DFAB4F808C0B0FBFCF10CFB60
:101DC0001101064688B26368B3FBFCF12368079AE9
:101DD00000FB01F104310B44039353F8048C0AE730
:101DE0002189B5FBF1F301FB13539AB26368B3FB8E
:101DF000F1F32168049802FB03F30433227B1944B6
:101E00005A4441F8042C237B00930023FAF726FD63
:101E1000E5810120A2E78246CAE600BF251A010833
:101E2000F8B504460F46008A012116461D4600F00B
:101E3000EFF928802289B0FBF2F302FB130C1FFAA2
:101E40008CFC6368B3FBF2F30CFB03FC2368E189B1
:101E50000CF1040C63443B6023689C445CF8043C34
:101E6000336000F0DDF9002801DD0020F8BD237BA0
:101E700032689A42F9D9618A208A00F0CDF9238923
:101E80008342F2D02888E3892082984201D0012041
:101E9000F8BD012100F0BCF9E0810120F8BD00BFD0
:101EA00070B5018A0446408A15461E4600F0B8F90E
:101EB000002807DB4FF0FF326FF00043C4E9062330
:101EC000002070BD94F8200040B9012384F8203030
:101ED000643546F10006C4E9065670BDD4E9062310
:101EE000954276EB0303A5BF013084F82000002063
:101EF0000120EDE7408A70472DE9F04190F82180FC
:101F000082B0B8F1000F11D0044618880E4617466B
:101F10001D46012100F07CF92880218A00F080F91B
:101F2000002807DD4FF0000884F82180404602B009
:101F3000BDE8F081218928882368B0FBF1F201FB1C
:101F4000120C1FFA8CF201936368B3FBF1FC019B46
:101F500002FB0CFC0CF1040C634433602368634403
:101F600053F8043C3B60227B9A42D2D0404602B0F8
:101F7000BDE8F081F8B504460E461046012100F098
:101F80004BF9618A00F048F9C0B1054600270121EC
:101F9000608A00F03DF9B4F808C0B0FBFCF1D4E968
:101FA00000230CFB110189B20137B3FBFCF301FBE9
:101FB00003F3BD42217B6082D150E8D1003E4FF057
:101FC000000318BF012684F8203084F82160F8BD92
:101FD000018A408A08B500F023F9B0FA80F0400980
:101FE00008BD00BF0289DAB130B500214368056839
:101FF000047BB3FBF2FE08460B46B3FBF2FC02FB8C
:102000001C339BB20EFB03F3013155F803C064454A
:1020100008BF01308BB208BF80B29342EDD330BD10
:102020001046704710B594B00023029205920193B8
:102030000122ADF81C308DF81E30CDF82630CDF8D9
:102040002A3008238DF82420009310220CAB04467C
:102050000391FBF701FD18B90446204614B010BDEA
:10206000059906AA2046FBF72DFE06A904460CA8F2
:10207000FDF73CF8204614B010BD00BF2DE9F04339
:1020800095B0BDF8786013B115B0BDE8F0830C468B
:102090001546D1E9012107461C9804901D9805902A
:1020A000521A0CA899469DF87680FAF7E9FBD4E914
:1020B00006120CA8FAF7B8FBE2699AB1B8F1070F5B
:1020C00082F8149040D0B8F1080F2ED0B8F1060F66
:1020D00011D00123137529462046FAF721FC15B0CB
:1020E000BDE8F083B8F1070F2ED0B8F1080F1CD06F
:1020F000B8F1060FEFD1D7F88880B8F1000F11D0F2
:102100000CABCDE9003506238DF81630D7F88C30AE
:1021100002933246DDE904313846C0470123E269C3
:1021200087F8B430002AD4D1D5E7D7F8A430002BF3
:10213000F8D006A90CA8DDF84080FDF777F8A0B923
:10214000E269002AC5D1C6E7D7F8AC303BB106A991
:102150000CA8DDF84080FCF763FD60BBE269A36872
:102160002B44A360002AB4D1B5E7DDE90D21109B13
:10217000521AA8EB03080CA8FAF782FBA844D4E98A
:1021800006120CA8FAF750FB1FFA88F80CAB009364
:10219000CDF8048008218DF81610D7F8A810029108
:1021A00006AB32460599D7F8A4603846B0470123FC
:1021B00087F8B430C4E7DDE90D21109B521A0CA852
:1021C000A8EB0308FAF75CFBD4E906120CA8FAF7AF
:1021D0002BFB0CAB00939DF818109DF81930A84408
:1021E0001FFA88F8CDF8048003EB012307218DF84E
:1021F0001610D7F8B010029132469BB2D7F8AC60F7
:1022000005993846B047012387F8B430A6E700BFE8
:10221000084480B2704700BF401A80B2704700BFC8
:10222000884211D009D3884210D9401AB0F5004F26
:10223000D4BF01204FF0FF3070470B1AB3F5004FA9
:10224000F1DA4FF0FF3070470020704701207047EF
:102250000023417003708385704700BF2DE9F04F64
:102260001746427883B00E46A2F17D019A460129B5
:102270004FF07E03044680F83830DDF838B09DF822
:10228000340040F23781A0F17D0184F83920012922
:102290004FF0020284F8622040F28F800C9B84F899
:1022A0003A00DDB2A5F17D010322012984F8622004
:1022B00040F29A80A1180C9B81F83850C3F3072193
:1022C000A1F17D000132012884F8622040F2A08053
:1022D000A0180132D2B280F8381084F86220002BA6
:1022E00000F0A9804FF00009C8461AF80830A3F1A1
:1022F0007D01012940F2C380292A00F29F80A118A4
:102300000132D2B281F8383084F8622089EA0303BE
:102310008C49DBB208F1010831F8133083EA19293E
:102320000C9B4345E1D84FEA19235FFA89F80193E2
:102330004FF00009A8F17D0A5FFA8AF1012921D93D
:10234000292A40F2AF80002500E060B105F1380194
:10235000521B5B4621443846B04794F8622005443E
:102360009542F2D303D0002003B0BDE8F08F5FFAAE
:102370008AF14FF00003012984F862304FF0000227
:1023800000F29080511CC9B22929DCD8A51821443B
:10239000023288F0200848464FF07D03D2B285F81B
:1023A00038304FF0010981F8388084F86220002825
:1023B00040F08580DDF80480BCE711464FF0030C47
:1023C00004220C9B2144DDB24FF07D0E81F838E0F1
:1023D000A444A5F17D0180F0200001298CF838008B
:1023E00084F862203FF666AF0C9BA01885F02005AC
:1023F0004FF07D0CC3F3072180F838C080F83950C6
:10240000A1F17D000232012884F862203FF660AF1E
:10241000501CA51854FA80F0023281F02001D2B28B
:102420004FF07D0C85F838C080F8381084F86220B1
:10243000002B7FF457AF0193984679E7002501E020
:10244000002890D005F13801521B5B4621443846E4
:10245000B04794F8622005449542F1D383D14FF000
:10246000000384F862300C9B434564D91AF80830A5
:10247000A3F17D0101294FF000023FF63DAF511C51
:10248000C9B22929DAD8A01821444FF07D050232BB
:1024900080F83850D2B283F0200081F8380084F8F8
:1024A000622033E7A11801324846D2B281F8388061
:1024B0004FF0010984F8622000283FF47BAF00252B
:1024C00002E000283FF44FAF05F13801521B5B4694
:1024D00021443846B04794F8622005449542F0D331
:1024E0007FF441AF002384F862300C9B98B203B0B4
:1024F000BDE8F08F7D2182F0200284F83910A0F130
:102500007D0184F83A2001294FF0030284F862200B
:1025100004D811464FF0040C052252E70C9B84F8B6
:102520003B00DDB2A5F17D010422012984F862207F
:102530003FF6C0AE58E74FEA19235FFA89F80193D6
:102540000022F5E6F03D01082DE9F04F044683B086
:102550001F46DDF834B089469246FBF761FD94F8DA
:102560002C3094F82D60B342804661D01CD8751E83
:10257000ED1AEDB200265D451FD8AB195B4584BF4F
:10258000ABEB0506F6B2EDB94FF0000BFBF748FDDB
:102590003B68A0EB0808A3EB0803584623EAE37363
:1025A0003B6003B0BDE8F08F002E49D0C3F12A058F
:1025B000EDB2013E5D45F6B2DFD95FFA8BF500263C
:1025C000002DE1D094F82C1002310C9B00933B6855
:1025D00021442A465046C84794F82C301A4A0344EE
:1025E0005908A2FB012189082A2202FB11318346E6
:1025F00084F82C100028C7D0A842C7D1002EC5D01F
:102600000C9B009302313246214400235046C847B8
:1026100094F82C100C4A0B185908A2FB01129208CE
:102620002A2101FB123300EB050B84F82C30ADE7B7
:102630000026BBF1280FA685BFD902212925C4E7B2
:10264000C3F12905EDB296E7310CC3302DE9F04F07
:102650001E4690F82C5090F82D309D4283B00446D1
:102660008846914600F088812378C14DC14F072BE1
:10267000FDD8DFE813F01501F600D600B900900090
:102680004D003000080094F82C1094F82D30994239
:1026900000F04A81E21892787D2A00F09981013396
:1026A0005808A5FB001080082A2101FB10337E2A60
:1026B00084F82D3000F05282A38EE18E03EB0223CA
:1026C0009BB200229942A386227000F079810020FB
:1026D00003B0BDE8F08F94F82C1094F82D30994297
:1026E00000F03181E21890787D2800F0908101336C
:1026F0005A08A5FB021292082A2101FB12337E28F8
:1027000084F82D3000F01A820723A0862370AEE7EC
:10271000638EB4F830E09E4538D907EE908A2A21BE
:1027200020E09BF802C0BCF17D0F00F0D480BCF12A
:102730007E0F84F82D2000F0198206F803C0B4F84B
:1027400036A0638EB4F830E08AEA0C00C0B20133E0
:1027500037F810209BB282EA1A2273456386E2861C
:1027600080F0208194F82D0094F82CA000F1010C49
:102770004FEA5C02A5FB02829208824504EB000B43
:1027800001FB12C2CDD117EE908A9E4540F0118117
:10279000062323706BE794F82C0094F82D309842B0
:1027A00000F0C280E21891787D2900F04C8101335D
:1027B0005A08A5FB020292082A2000FB12337E2948
:1027C00084F82D3000F0CA81238E03EB01230C998D
:1027D0009BB200208B4223866086E08640F2DF8039
:1027E000207003B0BDE8F08F94F82C1094F82D30D1
:1027F000994200F0A880E21890787D2800F064816A
:1028000001335A08A5FB021292082A2101FB123358
:102810007E2884F82D3000F09181042320862370D7
:1028200025E794F82C0094F82D20904200F0B38016
:10283000A31899787D2900F0648101325008A5FB26
:10284000003080082A2303FB10227E2984F82D20E3
:1028500000F0888163788B420CBF03230023237030
:1028600005E794F82C1094F82D300022994284F852
:102870002E206CD0E21890787D2800F00181013381
:102880005A08A5FB021292082A2101FB12337E2866
:1028900084F82E0084F82D3059D002232370E6E608
:1028A00094F82CA094F82D204FF02A0E511C4B08C0
:1028B000A5FB03C39B080EFB1313924504EB020018
:1028C000DAB23FF404AF837884F82D207E2BEDD16B
:1028D00001232370CBE600F1010C4FEA5C02A5FB5B
:1028E0000282920801FB12C204EB020CD2B29245A2
:1028F00000F102003FF447AF42089CF802A0A5FB9C
:102900000282920801FB1200BAF17E0F8AF0200CBD
:1029100084F82D007FF411AF9E4517EE908A3FF4A6
:1029200037AF01232370A2E60F9B0093012301938D
:102930000E9B4A4641462046FFF706FE00283FF41C
:10294000C6AE237893E60F9B00930223EFE70F9B1D
:102950000093042301934A460E9B41462046FFF70D
:10296000F3FD0028EDD194F82E307E2BE9D0AEE6B1
:10297000310CC330F03D01080F9B009305230193F8
:102980000E9BFFF7E1FD94F82D2094F82C309A422D
:102990003FF49DAE68E60F9B00930323C7E7052332
:1029A000237064E617EE908A3FF4F2AEBCF17E0F1E
:1029B0008ED0AEEB0303023301930F9B0093B7E776
:1029C0000D9A94F82E301370208E03B0BDE8F08F6E
:1029D00003F1010C4FEA5C02A5FB020292082A20D7
:1029E00000FB12C25FFA82FC61459DD00233224493
:1029F00059089278A5FB01C1890800FB11337E2A92
:102A000084F82D3000F0AA8082F0200254E6581C91
:102A10004208A5FB02C292084FF02A0C0CFB1202DE
:102A2000D0B281428FD02244023390785A08A5FB5D
:102A3000021292080CFB12337E2884F82D307DD0D0
:102A400080F0200060E6591C4A08A5FB02C29208EB
:102A50004FF02A0C0CFB1212D1B288423FF464AF43
:102A60002244023391785A08A5FB020292080CFB1B
:102A700012337E2984F82D3070D081F02001A3E636
:102A800003F1010C4FEA5C02A5FB020292082A2026
:102A900000FB12C25FFA82FC61453FF458AF22444A
:102AA0000233917884F82E105A08A5FB02C29208CE
:102AB00000FB12337E2984F82D303FF448AF81F0BB
:102AC000200184F82E10E8E6581C4208A5FB02C23B
:102AD00092084FF02A0C0CFB1202D0B281423FF454
:102AE00032AF2244023390785A08A5FB02129208B2
:102AF0000CFB12337E2884F82D301FD080F020008C
:102B00008BE6511C4B08A5FB03C39B084FF02A0C16
:102B10000CFB1313D9B288423FF43DAF0232234479
:102B200050089B78A5FB001080080CFB10227E2B20
:102B300084F82D2016D083F020018BE60F9B0093A4
:102B4000022301934A460E9B41462046FFF7FCFCB8
:102B500000287FF4F6AE0123237088E50F9B0093D5
:102B60000123EEE70F9B00930323EAE717EE908A19
:102B7000AEE600BF30B583B000230093D0B1044669
:102B800069461548FDF720F9024610B1012003B04F
:102B900030BD009B8BB118780028F8D001A91846E9
:102BA0000192EFF745FC054650B1431C0DD025605E
:102BB0000020ECE70B2003B030BD184603B030BD59
:102BC000019B1B78002BF2D0E0E7EDF79BFC03683C
:102BD000222BECD1DAE700BF6C3B01082DE9F04F66
:102BE0008BB00693002800F0AD800E46002900F05F
:102BF000A9801746002A00F0A580002B00F0A280D3
:102C0000199B002B00F09E80002209A9804600F04D
:102C1000F5F90446002840F09680099B002B40F00F
:102C20009A80024609A93046FDF7C0FC002840F012
:102C30008E80099A002A40F0938009A93846FDF752
:102C400097FC002840F08380099C002C40F0ED8028
:102C50007B214046EFF72CFC98F800302F2B0546DF
:102C600000F09E807E2B40F0A2803846EFF708FEF1
:102C7000824A834B012818BF13460293189B009386
:102C8000CDE9037608F1010305934FF40063019346
:102C900014AB0FCBFDF7B0F88246002800F0C780D8
:102CA000002D00F0A2807B21EFF702FCD146054603
:102CB0000794D3464C46002D00F0BE807D2120466F
:102CC000EFF7F6FBA0EB050909F1010A6D48524642
:102CD0002946EFF741FE002867D06B485246294647
:102CE000EFF73AFE30B1694852462946EFF734FE15
:102CF000002837D1B94616AB93E807008DE80700E6
:102D000014AB28460CCB5146FDF7B2F90546002816
:102D100000F09C804A46204614AB2946FDF7A6F8F1
:102D20001899159B044628469847159B18995846AC
:102D30009847002C7BD07B212046EFF7B9FBA346B8
:102D40000546B8E70B2420460BB0BDE8F08FFCF732
:102D500097FA0446F7E7672420460BB0BDE8F08FEA
:102D6000C924F0E709F1FF320698691CFDF79AFAC9
:102D700081460028BFD1199B16AA186007CA8DE8A2
:102D8000070014AB0CCB51462846FDF771F9189992
:102D9000159B9847159B1899584669249847D2E780
:102DA00000285BD0C146A24682E7B146A3E70028CF
:102DB000F8D13846EFF764FD354A364BCDF8108030
:102DC000012818BF13464FF40061CDE90113189A8A
:102DD0000397009214AB0FCBFDF70EF882465346D3
:102DE0002BB3199BC3F800A0ADE79AF800302F2B46
:102DF000F7D03846EFF744FD254A264BCDF810A012
:102E0000012818BF13464FF40061CDE90113189A49
:102E10000397009214AB0FCBFCF7EEFF159B1899AC
:102E2000054650469847AA46D9E7CA248BE7199A1F
:102E3000002313600A2486E75B46079CDA46002BD2
:102E4000D3D198F800302F2BCBD0B2E7DDE91812A0
:102E5000159B1560584698470A2474E717AB93E80A
:102E600003008DE8030014AB0ECB4046FDF7DEF8FF
:102E7000199B0028186008BF0A2464E77C3B0108FE
:102E8000D0360108843B01088C3B0108943B0108C3
:102E900018380108E036010800280CBF0B2000207C
:102EA000704700BF034A034692E8030083E803002B
:102EB00018467047F03F010882B02DE9F04186B016
:102EC0000DF1300C04464CF8043F0E461746BCE8A2
:102ED0000F000DF1040EAEE80F00DCF80030CEF864
:102EE000003001A8F7F7D0FF50B34CB3D4F80480FA
:102EF000B8F1000F1ED11FB33846FCF7DFF928B335
:102F0000019B05991C2098470546606058B3FEB1A7
:102F1000066080F8048001AC0FCC05F1080CACE829
:102F20000F002368CCF80030002006B0BDE8F04167
:102F300002B07047642006B0BDE8F04102B07047AF
:102F40000B2006B0BDE8F04102B070476520F2E703
:102F50003868283000F050FA286065682E6826B17D
:102F600001232B71D7E70A20E5E72846029B059944
:102F7000984766600120DEE770B582B0F0B1436823
:102F8000044663B11868DE68996960B11D7965B956
:102F90001846B04700232846636002B070BD1D4646
:102FA000284602B070BD0546F2E7019100F038FAFC
:102FB000051E6368019918BF0125E9E70B2528461E
:102FC00002B070BDF0B587B006466846F7F74EFF11
:102FD000094BEE469C461D46BEE80F00ACE80F00CC
:102FE0000FCD3446DEF80070CCF800700FC43046C8
:102FF000276007B0F0BD00BFD467012000287AD059
:103000002DE9F0470E4600297CD017460546EFF71C
:1030100037FCB0B195F80090DFF880C11CF809309A
:1030200013F0040369D100F1FF3815F808202F2AA6
:103030000ED1022232606FB3C7F800801846BDE897
:10304000F087012333602FB300203860BDE8F0879C
:1030500005F1FF3A1C4619461AF8012FA2F1300E6D
:10306000BEF1090F19D922F0200EAEF1410EBEF1CA
:10307000190F12D95F2A19D02F2A51D07E2A48D091
:103080007B2A54D07D2A61D1002C55D10523336091
:1030900007B139600020BDE8F0871CF80220520714
:1030A00004D51CB111B14A1E9A422DD0013188427B
:1030B000D2D1002C45D1B9F17E0F4FD0204601234B
:1030C00006E08B4205F1010503F1010236D21346F9
:1030D000804500F10100F4D02A782F2AF1D16A78D6
:1030E0001CF802205407ECD504223260002FD1D006
:1030F0003B600020AAE70B20704704233360002FB9
:10310000A2D1C7E70B20A1E709233360002FC0D16C
:10311000C0E70029CAD006233360002FB9D1B9E730
:10312000002CC3D008233360002FB2D1B2E7002CAB
:10313000F8D10B460124B9E70024B7E7002030603E
:1031400084E705223260002FD2D1A3E7002C14BF00
:10315000082303233360002F9BD19BE701230AE060
:10316000012C13D0994204F1010405F1010503F18A
:103170000102E3D91346A045F4D02A782F2AEFD1D3
:103180006A781CF802205207ECD5ADE707233360BC
:10319000002F3FF47FAF3C60002057E76D340108FB
:1031A00082B002B0704700BF2DE9F041224A94B0CE
:1031B00012681A9DBDF86C60CDE91231C2B3BDF83A
:1031C0004C109DF84E0001E052688AB39468A38ABF
:1031D0008B42F9D1A37D8342F6D1482204F130011C
:1031E0006846EDF731F804F128030CCB2046F8F7D8
:1031F0002BFA0746E0B1D0F808803246284608F19D
:103200001001FEF731F830B90C48394614B0BDE86A
:10321000F041FDF739BAC8F81448C8F81068FDF74E
:1032200019FF08F50262052342E9020188F82038F7
:1032300014B0BDE8F08100BFA466012094660120AF
:103240002DE9F041234894B000681A9FBDF86C60E6
:10325000139100283BD01D4601E04068B8B3846854
:10326000218B9142F9D1482204F128016846ECF7FC
:10327000EBFF04F120030CCB2046F8F7E5F980467C
:1032800028B33846D8F80870324607F11001FDF728
:10329000EBFF30B91048414614B0BDE8F041FDF7EE
:1032A000F3B90FCD07F6280CC7F81448C7F8106813
:1032B000ACE80F0095E803008CE80300FDF7CAFEB8
:1032C00007F50262032342E9020187F8203814B0AF
:1032D000BDE8F08174660120946601202DE9F0417B
:1032E000214894B000681A9FBDF86C601391B8B380
:1032F0001D4601E0406898B38468218B9142F9D162
:10330000482204F128016846ECF79EFF04F12003EF
:103310000CCB2046F8F798F9804608B33846D8F821
:103320000870324607F11001FDF79EFF30B90F48D3
:10333000414614B0BDE8F041FDF7A6B90022C7F838
:103340002C28C7F81448C7F81068C7F82858FDF7A4
:1033500081FE07F50262042342E9020187F8203862
:1033600014B0BDE8F08100BF881D012094660120E3
:1033700070B528B1044600680D46F8F735FA10B963
:103380000124204670BD6368002BF9D0002DF7D0D2
:103390002868F8F729FA0028F2D06E68002EEFD0DE
:1033A000646832692069D0F8883300F5287019689C
:1033B000FEF738FE02462069D0F89033D0F8881323
:1033C000F8F792F920693269D0F8883300F528704F
:1033D0001968F9F7C5FA02462069D0F89033D0F899
:1033E0008813F8F781F90028284614BF0024022426
:1033F000F8F708F9C5E700BF38B505460748FDF7F7
:1034000033F948B1846800232374E561FDF750F96E
:10341000C4E9050404F1140038BD00BF346601207E
:1034200008B5084B196811B90AE0496841B18B68C1
:1034300014339842F9D10348FDF726F9002008BD5E
:10344000012008BD34660120F8B500BFF8BC08BCF7
:103450009E467047F8B500BFF8BC08BC9E46704752
:1034600058524345010F0000FFFE000000202020BD
:103470002020202020202828282828202020202024
:1034800020202020202020202020202020881010F4
:103490001010101010101010101010101004040450
:1034A000040404040404041010101010101041410E
:1034B00041414141010101010101010101010101FC
:1034C0000101010101010101101010101010424210
:1034D00042424242020202020202020202020202CC
:1034E000020202020202020210101010200000006C
:1034F00000000000000000000000000000000000CC
:1035000000000000000000000000000000000000BB
:1035100000000000000000000000000000000000AB
:10352000000000000000000000000000000000009B
:10353000000000000000000000000000000000008B
:10354000000000000000000000000000000000007B
:10355000000000000000000000000000000000006B
:10356000000000000000000000000000000000005B
:10357000555341525433207072696E7466207465DD
:103580007374204F4B0D0A005553415254333A2067
:10359000504331302054582C205043313120525860
:1035A0002C2031313532303020384E310D0A0000B8
:1035B00073746D3332663430375F6E6F646500004C
:1035C00073746D3332663430375F636F756E746554
:1035D000720000005072696E744D75746578000059
:1035E000446174614D757465780000004D696372C3
:1035F0006F526F735461736B00000000556C7472EE
:1036000061736F6E69635461736B00004C63645443
:1036100061736B00536275735461736B000000003B
:103620004D6F746F725069645461736B00000000D9
:10363000456E636F6465725461736B0064656661A7
:10364000756C745461736B0049444C450000000074
:10365000546D725100000000546D72205376630067
:10366000232D302B20000000686C4C0065666745F8
:10367000464700003031323334353637383941422D
:10368000434445460000000030313233343536378C
:1036900038396162636465660000000065000000FF
:1036A000726F7369646C5F74797065737570706F35
:1036B00072745F6D6963726F787263656464735F5F
:1036C000630000003A3A00002573257325732573C3
:1036D00025732573257300005F0000006464730088
:1036E00025732573000000007374645F6D73677346
:1036F00000000000726F7369646C5F7479706573A9
:103700007570706F72745F696E74726F73706563D9
:1037100074696F6E5F635F5F6765745F6D65737318
:103720006167655F747970655F737570706F7274CF
:103730005F68616E646C655F5F7374645F6D73670F
:10374000735F5F6D73675F5F496E743332000000B3
:10375000726F7369646C5F74797065737570706F84
:1037600072745F6D6963726F787263656464735FAE
:10377000635F5F6765745F6D6573736167655F74D1
:103780007970655F737570706F72745F68616E6475
:103790006C655F5F7374645F6D7367735F5F6D7398
:1037A000675F5F496E74333200000000726F7369A7
:1037B000646C5F74797065737570706F72745F6933
:1037C0006E74726F7370656374696F6E5F6300000F
:1037D0007374645F6D7367735F5F6D736700000080
:1037E00064617461000000007374645F6D736773DB
:1037F0003A3A6D7367000000524F535F4C4F43419C
:103800004C484F53545F4F4E4C5900002E0000005F
:103810002F0000002F25730025732F257300000053
:10382000617267756D656E7420656E765F6E616D31
:1038300065206973206E756C6C000000617267759D
:103840006D656E7420656E765F76616C7565206956
:1038500073206E756C6C0000726D775F76616C69B9
:10386000646174655F6E616D65737061636528295D
:103870003A20756E6B6E6F776E20726D775F766132
:103880006C69646174655F66756C6C5F746F706998
:10389000635F6E616D65282920726573756C742095
:1038A0002725642700000000756E6B6E6F776E2011
:1038B000726573756C7420636F646520666F722027
:1038C000726D77206E616D657370616365207661DE
:1038D0006C69646174696F6E000000006E616D65F3
:1038E0007370616365206D757374206E6F742062F0
:1038F0006520656D707479006E616D6573706163CC
:1039000065206D757374206265206162736F6C75DC
:1039100074652C206974206D757374206C65616406
:103920002077697468206120272F27006E616D65FC
:103930007370616365206D757374206E6F7420659C
:103940006E642077697468206120272F272C2075EA
:103950006E6C657373206F6E6C79206120272F2742
:10396000000000006E616D657370616365206D75A8
:103970007374206E6F7420636F6E7461696E206360
:10398000686172616374657273206F746865722018
:103990007468616E20616C7068616E756D657269C6
:1039A00063732C20275F272C206F7220272F27007E
:1039B0006E616D657370616365206D757374206EE3
:1039C0006F7420636F6E7461696E207265706561DB
:1039D00074656420272F27006E616D6573706163C5
:1039E00065206D757374206E6F7420686176652034
:1039F0006120746F6B656E207468617420737461EC
:103A000072747320776974682061206E756D6265C9
:103A1000720000006E616D6573706163652073688C
:103A20006F756C64206E6F742065786365656420C3
:103A300027524D575F4E414D4553504143455F4DD1
:103A400041585F4E414D455F4C454E475448270015
:103A5000756E6B6E6F776E20726573756C74206314
:103A60006F646520666F7220726D77206E6F64657B
:103A7000206E616D652076616C69646174696F6E3A
:103A8000000000006E6F6465206E616D65206D75CD
:103A90007374206E6F7420626520656D7074790098
:103AA0006E6F6465206E616D65206D757374206E38
:103AB0006F7420636F6E7461696E206368617261F8
:103AC0006374657273206F74686572207468616EC8
:103AD00020616C7068616E756D6572696373206FCB
:103AE0007220275F270000006E6F6465206E616D95
:103AF00065206D757374206E6F74207374617274B9
:103B000020776974682061206E756D6265720000AF
:103B10006E6F6465206E616D65206C656E6774689C
:103B20002073686F756C64206E6F742065786365B0
:103B30006564202732353527000000006364720079
:103B4000726D775F6D6963726F78726365646473B9
:103B500000000000726F7369646C5F747970657344
:103B60007570706F72745F6300000000524F535F96
:103B7000444F4D41494E5F494400000025732F25B5
:103B8000732573007B6E6F64657D00007B6E737DB3
:103B9000000000007B6E616D6573706163657D0080
:103BA0005245454E54206D616C6C6F632073756394
:103BB00063656564656400002E2E2F2E2E2F2E2E39
:103BC0002F2E2E2F2E2E2F2E2E2F6E65776C6962A4
:103BD0002F6C6962632F7374646C69622F72616EFB
:103BE000642E63002C2066756E6374696F6E3A20D4
:103BF00000000000617373657274696F6E20222586
:103C00007322206661696C65643A2066696C652080
:103C1000222573222C206C696E652025642573256E
:103C2000730A0000D4350108000000000000000005
:103C300000000000E0350108000000000000000066
:103C400000000000EC35010800000000000000004A
:103C50000000000000000000803E0000180000008E
:103C600000000000000000003C36010800000000D9
:103C70000000000000000000000000000002000042
:103C800018000000000000000000000000061016F0
:103C900000061016000000000102030400000000EE
:103CA00000000000010203040607080900000000EC
:103CB000010000000A0000000102000000000000F6
:103CC00000000000000000000000000000000000F4
:103CD00000000000000000000000000000000000E4
:103CE00000000000000000000000000000000000D4
:103CF00000000000000000000000000000000000C4
:103D0000010000000A0000000102000000000000A5
:103D100000000000000000000000000000000000A3
:103D20000000000000000000000000000000000093
:103D30000000000000000000000000000000000083
:103D40000000000000000000000000000000000073
:103D50000000000000000000000000000000000063
:103D60000000000072740000AC370108A0360108A2
:103D700002000000E8360108683D0108843D0108A2
:103D800084000020F436010850370108D0370108BC
:103D900048370108010000000400000098000020DE
:103DA0004DB8000851B800080000000000000000F5
:103DB000000000000000000000000000DC380108E6
:103DC000F83801082C39010864390108B0390108B4
:103DD000D8390108143A010800000000843A0108AB
:103DE000A03A0108E83A0108103B0108403B0108ED
:103DF0000000C1C081C1400101C3C003800241C2B3
:103E000001C6C006800741C70005C1C581C4400482
:103E100001CCC00C800D41CD000FC1CF81CE400E32
:103E2000000AC1CA81CB400B01C9C009800841C842
:103E300001D8C018801941D9001BC1DB81DA401AB2
:103E4000001EC1DE81DF401F01DDC01D801C41DC82
:103E50000014C1D481D5401501D7C017801641D6B2
:103E600001D2C012801341D30011C1D181D04010C2
:103E700001F0C030803141F10033C1F381F24032B2
:103E80000036C1F681F7403701F5C035803441F482
:103E9000003CC1FC81FD403D01FFC03F803E41FE32
:103EA00001FAC03A803B41FB0039C1F981F8403842
:103EB0000028C1E881E9402901EBC02B802A41EAB2
:103EC00001EEC02E802F41EF002DC1ED81EC402C82
:103ED00001E4C024802541E50027C1E781E64026B2
:103EE0000022C1E281E3402301E1C021802041E0C2
:103EF00001A0C060806141A10063C1A381A24062B2
:103F00000066C1A681A7406701A5C065806441A481
:103F1000006CC1AC81AD406D01AFC06F806E41AE31
:103F200001AAC06A806B41AB0069C1A981A8406841
:103F30000078C1B881B9407901BBC07B807A41BAB1
:103F400001BEC07E807F41BF007DC1BD81BC407C81
:103F500001B4C074807541B50077C1B781B64076B1
:103F60000072C1B281B3407301B1C071807041B0C1
:103F70000050C190819140510193C05380524192B1
:103F80000196C056805741970055C1958194405481
:103F9000019CC05C805D419D005FC19F819E405E31
:103FA000005AC19A819B405B0199C0598058419841
:103FB0000188C04880494189004BC18B818A404AB1
:103FC000004EC18E818F404F018DC04D804C418C81
:103FD0000044C184818540450187C04780464186B1
:103FE0000182C042804341830041C18181804040C1
:083FF0000000000000000000C9
:083FF80050C2FE7F0100000031
:084000002902000839B800088C
:0440080001020008A9
:10400C0004000020000000002C010020940100207E
:10401C00FC01002000000000000000000000000077
:10402C000000000000000000000000000000000084
:10403C000000000000000000000000000000000074
:10404C000000000000000000000000000000000064
:10405C0000000000030000002C0100200100000003
:10406C00100000000024F400AAAAAAAA5C94002064
:10407C0011AE00080DAE000809AE000805AE000830
:10408C000000000055B80008C5B80008000000008A
:10409C00703D010871100108E03701080D000000A7
:1040AC000000000000000000000000000000000004
:1040BC0000000000000000000000000000000000F4
:1040CC0000000000000000000000000000000000E4
:1040DC0000000000000000008C3D010809B8000839
:1040EC00A0360108EC00002009B80008E8370108E8
:1040FC0048370108A1B8000881B80008B1B8000819
:10410C008DB8000871B80008543B0108AC370108A1
:040000050800AA61E4
:00000001FF
