ARM GAS  /tmp/ccqAQKKp.s 			page 1


   1              		.cpu cortex-m4
   2              		.arch armv7e-m
   3              		.fpu fpv4-sp-d16
   4              		.eabi_attribute 27, 1
   5              		.eabi_attribute 28, 1
   6              		.eabi_attribute 20, 1
   7              		.eabi_attribute 21, 1
   8              		.eabi_attribute 23, 3
   9              		.eabi_attribute 24, 1
  10              		.eabi_attribute 25, 1
  11              		.eabi_attribute 26, 1
  12              		.eabi_attribute 30, 1
  13              		.eabi_attribute 34, 1
  14              		.eabi_attribute 18, 4
  15              		.file	"stm32f4xx_hal_rtc_ex.c"
  16              		.text
  17              	.Ltext0:
  18              		.cfi_sections	.debug_frame
  19              		.file 1 "Drivers/STM32F4xx_HAL_Driver/Src/stm32f4xx_hal_rtc_ex.c"
  20              		.section	.text.HAL_RTCEx_SetTimeStamp,"ax",%progbits
  21              		.align	1
  22              		.global	HAL_RTCEx_SetTimeStamp
  23              		.syntax unified
  24              		.thumb
  25              		.thumb_func
  27              	HAL_RTCEx_SetTimeStamp:
  28              	.LVL0:
  29              	.LFB239:
   1:Drivers/STM32F4xx_HAL_Driver/Src/stm32f4xx_hal_rtc_ex.c **** /**
   2:Drivers/STM32F4xx_HAL_Driver/Src/stm32f4xx_hal_rtc_ex.c ****   ******************************************************************************
   3:Drivers/STM32F4xx_HAL_Driver/Src/stm32f4xx_hal_rtc_ex.c ****   * @file    stm32f4xx_hal_rtc_ex.c
   4:Drivers/STM32F4xx_HAL_Driver/Src/stm32f4xx_hal_rtc_ex.c ****   * @author  MCD Application Team
   5:Drivers/STM32F4xx_HAL_Driver/Src/stm32f4xx_hal_rtc_ex.c ****   * @brief   Extended RTC HAL module driver.
   6:Drivers/STM32F4xx_HAL_Driver/Src/stm32f4xx_hal_rtc_ex.c ****   *          This file provides firmware functions to manage the following
   7:Drivers/STM32F4xx_HAL_Driver/Src/stm32f4xx_hal_rtc_ex.c ****   *          functionalities of the Real-Time Clock (RTC) Extended peripheral:
   8:Drivers/STM32F4xx_HAL_Driver/Src/stm32f4xx_hal_rtc_ex.c ****   *           + RTC Timestamp functions
   9:Drivers/STM32F4xx_HAL_Driver/Src/stm32f4xx_hal_rtc_ex.c ****   *           + RTC Tamper functions
  10:Drivers/STM32F4xx_HAL_Driver/Src/stm32f4xx_hal_rtc_ex.c ****   *           + RTC Wakeup functions
  11:Drivers/STM32F4xx_HAL_Driver/Src/stm32f4xx_hal_rtc_ex.c ****   *           + Extended Control functions
  12:Drivers/STM32F4xx_HAL_Driver/Src/stm32f4xx_hal_rtc_ex.c ****   *           + Extended RTC features functions
  13:Drivers/STM32F4xx_HAL_Driver/Src/stm32f4xx_hal_rtc_ex.c ****   *
  14:Drivers/STM32F4xx_HAL_Driver/Src/stm32f4xx_hal_rtc_ex.c ****   ******************************************************************************
  15:Drivers/STM32F4xx_HAL_Driver/Src/stm32f4xx_hal_rtc_ex.c ****   * @attention
  16:Drivers/STM32F4xx_HAL_Driver/Src/stm32f4xx_hal_rtc_ex.c ****   *
  17:Drivers/STM32F4xx_HAL_Driver/Src/stm32f4xx_hal_rtc_ex.c ****   * Copyright (c) 2016 STMicroelectronics.
  18:Drivers/STM32F4xx_HAL_Driver/Src/stm32f4xx_hal_rtc_ex.c ****   * All rights reserved.
  19:Drivers/STM32F4xx_HAL_Driver/Src/stm32f4xx_hal_rtc_ex.c ****   *
  20:Drivers/STM32F4xx_HAL_Driver/Src/stm32f4xx_hal_rtc_ex.c ****   * This software is licensed under terms that can be found in the LICENSE file
  21:Drivers/STM32F4xx_HAL_Driver/Src/stm32f4xx_hal_rtc_ex.c ****   * in the root directory of this software component.
  22:Drivers/STM32F4xx_HAL_Driver/Src/stm32f4xx_hal_rtc_ex.c ****   * If no LICENSE file comes with this software, it is provided AS-IS.
  23:Drivers/STM32F4xx_HAL_Driver/Src/stm32f4xx_hal_rtc_ex.c ****   *
  24:Drivers/STM32F4xx_HAL_Driver/Src/stm32f4xx_hal_rtc_ex.c ****   ******************************************************************************
  25:Drivers/STM32F4xx_HAL_Driver/Src/stm32f4xx_hal_rtc_ex.c ****   @verbatim
  26:Drivers/STM32F4xx_HAL_Driver/Src/stm32f4xx_hal_rtc_ex.c ****   ==============================================================================
  27:Drivers/STM32F4xx_HAL_Driver/Src/stm32f4xx_hal_rtc_ex.c ****                         ##### How to use this driver #####
  28:Drivers/STM32F4xx_HAL_Driver/Src/stm32f4xx_hal_rtc_ex.c ****   ==============================================================================
  29:Drivers/STM32F4xx_HAL_Driver/Src/stm32f4xx_hal_rtc_ex.c ****   [..]
ARM GAS  /tmp/ccqAQKKp.s 			page 2


  30:Drivers/STM32F4xx_HAL_Driver/Src/stm32f4xx_hal_rtc_ex.c ****     (+) Enable the RTC domain access.
  31:Drivers/STM32F4xx_HAL_Driver/Src/stm32f4xx_hal_rtc_ex.c ****     (+) Configure the RTC Prescaler (Asynchronous and Synchronous) and RTC hour
  32:Drivers/STM32F4xx_HAL_Driver/Src/stm32f4xx_hal_rtc_ex.c ****         format using the HAL_RTC_Init() function.
  33:Drivers/STM32F4xx_HAL_Driver/Src/stm32f4xx_hal_rtc_ex.c **** 
  34:Drivers/STM32F4xx_HAL_Driver/Src/stm32f4xx_hal_rtc_ex.c ****   *** RTC Wakeup configuration ***
  35:Drivers/STM32F4xx_HAL_Driver/Src/stm32f4xx_hal_rtc_ex.c ****   ================================
  36:Drivers/STM32F4xx_HAL_Driver/Src/stm32f4xx_hal_rtc_ex.c ****   [..]
  37:Drivers/STM32F4xx_HAL_Driver/Src/stm32f4xx_hal_rtc_ex.c ****     (+) To configure the RTC Wakeup Clock source and Counter use the
  38:Drivers/STM32F4xx_HAL_Driver/Src/stm32f4xx_hal_rtc_ex.c ****         HAL_RTCEx_SetWakeUpTimer() function.
  39:Drivers/STM32F4xx_HAL_Driver/Src/stm32f4xx_hal_rtc_ex.c ****         You can also configure the RTC Wakeup timer in interrupt mode using the
  40:Drivers/STM32F4xx_HAL_Driver/Src/stm32f4xx_hal_rtc_ex.c ****         HAL_RTCEx_SetWakeUpTimer_IT() function.
  41:Drivers/STM32F4xx_HAL_Driver/Src/stm32f4xx_hal_rtc_ex.c ****     (+) To read the RTC Wakeup Counter register, use the HAL_RTCEx_GetWakeUpTimer()
  42:Drivers/STM32F4xx_HAL_Driver/Src/stm32f4xx_hal_rtc_ex.c ****         function.
  43:Drivers/STM32F4xx_HAL_Driver/Src/stm32f4xx_hal_rtc_ex.c **** 
  44:Drivers/STM32F4xx_HAL_Driver/Src/stm32f4xx_hal_rtc_ex.c ****   *** Timestamp configuration ***
  45:Drivers/STM32F4xx_HAL_Driver/Src/stm32f4xx_hal_rtc_ex.c ****   ===============================
  46:Drivers/STM32F4xx_HAL_Driver/Src/stm32f4xx_hal_rtc_ex.c ****   [..]
  47:Drivers/STM32F4xx_HAL_Driver/Src/stm32f4xx_hal_rtc_ex.c ****     (+) To configure the RTC Timestamp use the HAL_RTCEx_SetTimeStamp() function.
  48:Drivers/STM32F4xx_HAL_Driver/Src/stm32f4xx_hal_rtc_ex.c ****         You can also configure the RTC Timestamp with interrupt mode using the
  49:Drivers/STM32F4xx_HAL_Driver/Src/stm32f4xx_hal_rtc_ex.c ****         HAL_RTCEx_SetTimeStamp_IT() function.
  50:Drivers/STM32F4xx_HAL_Driver/Src/stm32f4xx_hal_rtc_ex.c ****     (+) To read the RTC Timestamp Time and Date register, use the
  51:Drivers/STM32F4xx_HAL_Driver/Src/stm32f4xx_hal_rtc_ex.c ****         HAL_RTCEx_GetTimeStamp() function.
  52:Drivers/STM32F4xx_HAL_Driver/Src/stm32f4xx_hal_rtc_ex.c ****     (+) The Timestamp alternate function can be mapped either to RTC_AF1 (PC13)
  53:Drivers/STM32F4xx_HAL_Driver/Src/stm32f4xx_hal_rtc_ex.c ****         or RTC_AF2 (PI8) depending on the value of TSINSEL bit in RTC_TAFCR
  54:Drivers/STM32F4xx_HAL_Driver/Src/stm32f4xx_hal_rtc_ex.c ****         register.
  55:Drivers/STM32F4xx_HAL_Driver/Src/stm32f4xx_hal_rtc_ex.c ****         For STM32F446xx devices RTC_AF2 corresponds to pin PA0 and not to pin PI8.
  56:Drivers/STM32F4xx_HAL_Driver/Src/stm32f4xx_hal_rtc_ex.c ****         The corresponding pin is also selected by HAL_RTCEx_SetTimeStamp()
  57:Drivers/STM32F4xx_HAL_Driver/Src/stm32f4xx_hal_rtc_ex.c ****         or HAL_RTCEx_SetTimeStamp_IT() functions.
  58:Drivers/STM32F4xx_HAL_Driver/Src/stm32f4xx_hal_rtc_ex.c **** 
  59:Drivers/STM32F4xx_HAL_Driver/Src/stm32f4xx_hal_rtc_ex.c ****   *** Tamper configuration ***
  60:Drivers/STM32F4xx_HAL_Driver/Src/stm32f4xx_hal_rtc_ex.c ****   ============================
  61:Drivers/STM32F4xx_HAL_Driver/Src/stm32f4xx_hal_rtc_ex.c ****   [..]
  62:Drivers/STM32F4xx_HAL_Driver/Src/stm32f4xx_hal_rtc_ex.c ****     (+) To enable the RTC Tamper and configure the Tamper filter count, trigger
  63:Drivers/STM32F4xx_HAL_Driver/Src/stm32f4xx_hal_rtc_ex.c ****         Edge or Level according to the Tamper filter value (if equal to 0 Edge
  64:Drivers/STM32F4xx_HAL_Driver/Src/stm32f4xx_hal_rtc_ex.c ****         else Level), sampling frequency, precharge or discharge and Pull-UP use
  65:Drivers/STM32F4xx_HAL_Driver/Src/stm32f4xx_hal_rtc_ex.c ****         the HAL_RTCEx_SetTamper() function.
  66:Drivers/STM32F4xx_HAL_Driver/Src/stm32f4xx_hal_rtc_ex.c ****         You can configure RTC Tamper in interrupt mode using HAL_RTCEx_SetTamper_IT()
  67:Drivers/STM32F4xx_HAL_Driver/Src/stm32f4xx_hal_rtc_ex.c ****         function.
  68:Drivers/STM32F4xx_HAL_Driver/Src/stm32f4xx_hal_rtc_ex.c ****     (+) The TAMPER1 alternate function can be mapped either to RTC_AF1 (PC13)
  69:Drivers/STM32F4xx_HAL_Driver/Src/stm32f4xx_hal_rtc_ex.c ****         or RTC_AF2 (PI8) depending on the value of TAMP1INSEL bit in RTC_TAFCR
  70:Drivers/STM32F4xx_HAL_Driver/Src/stm32f4xx_hal_rtc_ex.c ****         register.
  71:Drivers/STM32F4xx_HAL_Driver/Src/stm32f4xx_hal_rtc_ex.c ****         The corresponding pin is also selected by HAL_RTCEx_SetTamper()
  72:Drivers/STM32F4xx_HAL_Driver/Src/stm32f4xx_hal_rtc_ex.c ****         or HAL_RTCEx_SetTamper_IT() functions.
  73:Drivers/STM32F4xx_HAL_Driver/Src/stm32f4xx_hal_rtc_ex.c ****     (+) The TAMPER2 alternate function is mapped to RTC_AF2 (PI8).
  74:Drivers/STM32F4xx_HAL_Driver/Src/stm32f4xx_hal_rtc_ex.c ****         For STM32F446xx devices RTC_AF2 corresponds to pin PA0 and not to pin PI8.
  75:Drivers/STM32F4xx_HAL_Driver/Src/stm32f4xx_hal_rtc_ex.c **** 
  76:Drivers/STM32F4xx_HAL_Driver/Src/stm32f4xx_hal_rtc_ex.c ****   *** Backup Data Registers configuration ***
  77:Drivers/STM32F4xx_HAL_Driver/Src/stm32f4xx_hal_rtc_ex.c ****   ===========================================
  78:Drivers/STM32F4xx_HAL_Driver/Src/stm32f4xx_hal_rtc_ex.c ****   [..]
  79:Drivers/STM32F4xx_HAL_Driver/Src/stm32f4xx_hal_rtc_ex.c ****     (+) To write to the RTC Backup Data registers, use the HAL_RTCEx_BKUPWrite()
  80:Drivers/STM32F4xx_HAL_Driver/Src/stm32f4xx_hal_rtc_ex.c ****         function.
  81:Drivers/STM32F4xx_HAL_Driver/Src/stm32f4xx_hal_rtc_ex.c ****     (+) To read the RTC Backup Data registers, use the HAL_RTCEx_BKUPRead()
  82:Drivers/STM32F4xx_HAL_Driver/Src/stm32f4xx_hal_rtc_ex.c ****         function.
  83:Drivers/STM32F4xx_HAL_Driver/Src/stm32f4xx_hal_rtc_ex.c **** 
  84:Drivers/STM32F4xx_HAL_Driver/Src/stm32f4xx_hal_rtc_ex.c ****   *** Coarse Digital Calibration configuration ***
  85:Drivers/STM32F4xx_HAL_Driver/Src/stm32f4xx_hal_rtc_ex.c ****   ================================================
  86:Drivers/STM32F4xx_HAL_Driver/Src/stm32f4xx_hal_rtc_ex.c ****   [..]
ARM GAS  /tmp/ccqAQKKp.s 			page 3


  87:Drivers/STM32F4xx_HAL_Driver/Src/stm32f4xx_hal_rtc_ex.c ****     (+) The Coarse Digital Calibration can be used to compensate crystal inaccuracy
  88:Drivers/STM32F4xx_HAL_Driver/Src/stm32f4xx_hal_rtc_ex.c ****         by setting the DCS bit in RTC_CALIBR register.
  89:Drivers/STM32F4xx_HAL_Driver/Src/stm32f4xx_hal_rtc_ex.c ****     (+) When positive calibration is enabled (DCS = ‘0’), 2 asynchronous prescaler
  90:Drivers/STM32F4xx_HAL_Driver/Src/stm32f4xx_hal_rtc_ex.c ****         clock cycles are added every minute during 2xDC minutes.
  91:Drivers/STM32F4xx_HAL_Driver/Src/stm32f4xx_hal_rtc_ex.c ****         This causes the calendar to be updated sooner, thereby adjusting the
  92:Drivers/STM32F4xx_HAL_Driver/Src/stm32f4xx_hal_rtc_ex.c ****         effective RTC frequency to be a bit higher.
  93:Drivers/STM32F4xx_HAL_Driver/Src/stm32f4xx_hal_rtc_ex.c ****     (+) When negative calibration is enabled (DCS = ‘1’), 1 asynchronous prescaler
  94:Drivers/STM32F4xx_HAL_Driver/Src/stm32f4xx_hal_rtc_ex.c ****         clock cycle is removed every minute during 2xDC minutes.
  95:Drivers/STM32F4xx_HAL_Driver/Src/stm32f4xx_hal_rtc_ex.c ****         This causes the calendar to be updated later, thereby adjusting the
  96:Drivers/STM32F4xx_HAL_Driver/Src/stm32f4xx_hal_rtc_ex.c ****         effective RTC frequency to be a bit lower.
  97:Drivers/STM32F4xx_HAL_Driver/Src/stm32f4xx_hal_rtc_ex.c ****     (+) DC is configured through bits DC[4:0] of RTC_CALIBR register. This number
  98:Drivers/STM32F4xx_HAL_Driver/Src/stm32f4xx_hal_rtc_ex.c ****         ranges from 0 to 31 corresponding to a time interval (2xDC) ranging from
  99:Drivers/STM32F4xx_HAL_Driver/Src/stm32f4xx_hal_rtc_ex.c ****         0 to 62.
 100:Drivers/STM32F4xx_HAL_Driver/Src/stm32f4xx_hal_rtc_ex.c ****     (+) In order to measure the clock deviation, a 512 Hz clock is output for
 101:Drivers/STM32F4xx_HAL_Driver/Src/stm32f4xx_hal_rtc_ex.c ****         calibration.
 102:Drivers/STM32F4xx_HAL_Driver/Src/stm32f4xx_hal_rtc_ex.c ****     (+) To configure the RTC Coarse Digital Calibration value and sign use the
 103:Drivers/STM32F4xx_HAL_Driver/Src/stm32f4xx_hal_rtc_ex.c ****         HAL_RTCEx_SetCoarseCalib() function.
 104:Drivers/STM32F4xx_HAL_Driver/Src/stm32f4xx_hal_rtc_ex.c **** 
 105:Drivers/STM32F4xx_HAL_Driver/Src/stm32f4xx_hal_rtc_ex.c ****   *** Smooth Digital Calibration configuration ***
 106:Drivers/STM32F4xx_HAL_Driver/Src/stm32f4xx_hal_rtc_ex.c ****   ================================================
 107:Drivers/STM32F4xx_HAL_Driver/Src/stm32f4xx_hal_rtc_ex.c ****   [..]
 108:Drivers/STM32F4xx_HAL_Driver/Src/stm32f4xx_hal_rtc_ex.c ****     (+) RTC frequency can be digitally calibrated with a resolution of about
 109:Drivers/STM32F4xx_HAL_Driver/Src/stm32f4xx_hal_rtc_ex.c ****         0.954 ppm with a range from -487.1 ppm to +488.5 ppm.
 110:Drivers/STM32F4xx_HAL_Driver/Src/stm32f4xx_hal_rtc_ex.c ****         The correction of the frequency is performed using a series of small
 111:Drivers/STM32F4xx_HAL_Driver/Src/stm32f4xx_hal_rtc_ex.c ****         adjustments (adding and/or subtracting individual RTCCLK pulses).
 112:Drivers/STM32F4xx_HAL_Driver/Src/stm32f4xx_hal_rtc_ex.c ****     (+) The smooth digital calibration is performed during a cycle of about 2^20
 113:Drivers/STM32F4xx_HAL_Driver/Src/stm32f4xx_hal_rtc_ex.c ****         RTCCLK pulses (or 32 seconds) when the input frequency is 32,768 Hz.
 114:Drivers/STM32F4xx_HAL_Driver/Src/stm32f4xx_hal_rtc_ex.c ****         This cycle is maintained by a 20-bit counter clocked by RTCCLK.
 115:Drivers/STM32F4xx_HAL_Driver/Src/stm32f4xx_hal_rtc_ex.c ****     (+) The smooth calibration register (RTC_CALR) specifies the number of RTCCLK
 116:Drivers/STM32F4xx_HAL_Driver/Src/stm32f4xx_hal_rtc_ex.c ****         clock cycles to be masked during the 32-second cycle.
 117:Drivers/STM32F4xx_HAL_Driver/Src/stm32f4xx_hal_rtc_ex.c ****     (+) To configure the RTC Smooth Digital Calibration value and the corresponding
 118:Drivers/STM32F4xx_HAL_Driver/Src/stm32f4xx_hal_rtc_ex.c ****         calibration cycle period (32s,16s and 8s) use the HAL_RTCEx_SetSmoothCalib()
 119:Drivers/STM32F4xx_HAL_Driver/Src/stm32f4xx_hal_rtc_ex.c ****         function.
 120:Drivers/STM32F4xx_HAL_Driver/Src/stm32f4xx_hal_rtc_ex.c **** 
 121:Drivers/STM32F4xx_HAL_Driver/Src/stm32f4xx_hal_rtc_ex.c ****   @endverbatim
 122:Drivers/STM32F4xx_HAL_Driver/Src/stm32f4xx_hal_rtc_ex.c ****   ******************************************************************************
 123:Drivers/STM32F4xx_HAL_Driver/Src/stm32f4xx_hal_rtc_ex.c ****   */
 124:Drivers/STM32F4xx_HAL_Driver/Src/stm32f4xx_hal_rtc_ex.c **** 
 125:Drivers/STM32F4xx_HAL_Driver/Src/stm32f4xx_hal_rtc_ex.c **** /* Includes ------------------------------------------------------------------*/
 126:Drivers/STM32F4xx_HAL_Driver/Src/stm32f4xx_hal_rtc_ex.c **** #include "stm32f4xx_hal.h"
 127:Drivers/STM32F4xx_HAL_Driver/Src/stm32f4xx_hal_rtc_ex.c **** 
 128:Drivers/STM32F4xx_HAL_Driver/Src/stm32f4xx_hal_rtc_ex.c **** /** @addtogroup STM32F4xx_HAL_Driver
 129:Drivers/STM32F4xx_HAL_Driver/Src/stm32f4xx_hal_rtc_ex.c ****   * @{
 130:Drivers/STM32F4xx_HAL_Driver/Src/stm32f4xx_hal_rtc_ex.c ****   */
 131:Drivers/STM32F4xx_HAL_Driver/Src/stm32f4xx_hal_rtc_ex.c **** 
 132:Drivers/STM32F4xx_HAL_Driver/Src/stm32f4xx_hal_rtc_ex.c **** /** @defgroup RTCEx RTCEx
 133:Drivers/STM32F4xx_HAL_Driver/Src/stm32f4xx_hal_rtc_ex.c ****   * @brief    RTC Extended HAL module driver
 134:Drivers/STM32F4xx_HAL_Driver/Src/stm32f4xx_hal_rtc_ex.c ****   * @{
 135:Drivers/STM32F4xx_HAL_Driver/Src/stm32f4xx_hal_rtc_ex.c ****   */
 136:Drivers/STM32F4xx_HAL_Driver/Src/stm32f4xx_hal_rtc_ex.c **** 
 137:Drivers/STM32F4xx_HAL_Driver/Src/stm32f4xx_hal_rtc_ex.c **** #ifdef HAL_RTC_MODULE_ENABLED
 138:Drivers/STM32F4xx_HAL_Driver/Src/stm32f4xx_hal_rtc_ex.c **** 
 139:Drivers/STM32F4xx_HAL_Driver/Src/stm32f4xx_hal_rtc_ex.c **** /* Private typedef -----------------------------------------------------------*/
 140:Drivers/STM32F4xx_HAL_Driver/Src/stm32f4xx_hal_rtc_ex.c **** /* Private define ------------------------------------------------------------*/
 141:Drivers/STM32F4xx_HAL_Driver/Src/stm32f4xx_hal_rtc_ex.c **** /* Private macro -------------------------------------------------------------*/
 142:Drivers/STM32F4xx_HAL_Driver/Src/stm32f4xx_hal_rtc_ex.c **** /* Private variables ---------------------------------------------------------*/
 143:Drivers/STM32F4xx_HAL_Driver/Src/stm32f4xx_hal_rtc_ex.c **** /* Private function prototypes -----------------------------------------------*/
ARM GAS  /tmp/ccqAQKKp.s 			page 4


 144:Drivers/STM32F4xx_HAL_Driver/Src/stm32f4xx_hal_rtc_ex.c **** /* Exported functions --------------------------------------------------------*/
 145:Drivers/STM32F4xx_HAL_Driver/Src/stm32f4xx_hal_rtc_ex.c **** 
 146:Drivers/STM32F4xx_HAL_Driver/Src/stm32f4xx_hal_rtc_ex.c **** /** @defgroup RTCEx_Exported_Functions RTCEx Exported Functions
 147:Drivers/STM32F4xx_HAL_Driver/Src/stm32f4xx_hal_rtc_ex.c ****   * @{
 148:Drivers/STM32F4xx_HAL_Driver/Src/stm32f4xx_hal_rtc_ex.c ****   */
 149:Drivers/STM32F4xx_HAL_Driver/Src/stm32f4xx_hal_rtc_ex.c **** 
 150:Drivers/STM32F4xx_HAL_Driver/Src/stm32f4xx_hal_rtc_ex.c **** /** @defgroup RTCEx_Exported_Functions_Group1 RTC Timestamp and Tamper functions
 151:Drivers/STM32F4xx_HAL_Driver/Src/stm32f4xx_hal_rtc_ex.c ****   * @brief    RTC Timestamp and Tamper functions
 152:Drivers/STM32F4xx_HAL_Driver/Src/stm32f4xx_hal_rtc_ex.c ****   *
 153:Drivers/STM32F4xx_HAL_Driver/Src/stm32f4xx_hal_rtc_ex.c **** @verbatim
 154:Drivers/STM32F4xx_HAL_Driver/Src/stm32f4xx_hal_rtc_ex.c ****  ===============================================================================
 155:Drivers/STM32F4xx_HAL_Driver/Src/stm32f4xx_hal_rtc_ex.c ****                  ##### RTC Timestamp and Tamper functions #####
 156:Drivers/STM32F4xx_HAL_Driver/Src/stm32f4xx_hal_rtc_ex.c ****  ===============================================================================
 157:Drivers/STM32F4xx_HAL_Driver/Src/stm32f4xx_hal_rtc_ex.c **** 
 158:Drivers/STM32F4xx_HAL_Driver/Src/stm32f4xx_hal_rtc_ex.c ****  [..] This section provides functions allowing to configure Timestamp feature
 159:Drivers/STM32F4xx_HAL_Driver/Src/stm32f4xx_hal_rtc_ex.c **** 
 160:Drivers/STM32F4xx_HAL_Driver/Src/stm32f4xx_hal_rtc_ex.c **** @endverbatim
 161:Drivers/STM32F4xx_HAL_Driver/Src/stm32f4xx_hal_rtc_ex.c ****   * @{
 162:Drivers/STM32F4xx_HAL_Driver/Src/stm32f4xx_hal_rtc_ex.c ****   */
 163:Drivers/STM32F4xx_HAL_Driver/Src/stm32f4xx_hal_rtc_ex.c **** 
 164:Drivers/STM32F4xx_HAL_Driver/Src/stm32f4xx_hal_rtc_ex.c **** /**
 165:Drivers/STM32F4xx_HAL_Driver/Src/stm32f4xx_hal_rtc_ex.c ****   * @brief  Sets Timestamp.
 166:Drivers/STM32F4xx_HAL_Driver/Src/stm32f4xx_hal_rtc_ex.c ****   * @note   This API must be called before enabling the Timestamp feature.
 167:Drivers/STM32F4xx_HAL_Driver/Src/stm32f4xx_hal_rtc_ex.c ****   * @param  hrtc pointer to a RTC_HandleTypeDef structure that contains
 168:Drivers/STM32F4xx_HAL_Driver/Src/stm32f4xx_hal_rtc_ex.c ****   *                the configuration information for RTC.
 169:Drivers/STM32F4xx_HAL_Driver/Src/stm32f4xx_hal_rtc_ex.c ****   * @param  RTC_TimeStampEdge Specifies the pin edge on which the Timestamp is
 170:Drivers/STM32F4xx_HAL_Driver/Src/stm32f4xx_hal_rtc_ex.c ****   *         activated.
 171:Drivers/STM32F4xx_HAL_Driver/Src/stm32f4xx_hal_rtc_ex.c ****   *          This parameter can be one of the following values:
 172:Drivers/STM32F4xx_HAL_Driver/Src/stm32f4xx_hal_rtc_ex.c ****   *             @arg RTC_TIMESTAMPEDGE_RISING: the Timestamp event occurs on
 173:Drivers/STM32F4xx_HAL_Driver/Src/stm32f4xx_hal_rtc_ex.c ****   *                                        the rising edge of the related pin.
 174:Drivers/STM32F4xx_HAL_Driver/Src/stm32f4xx_hal_rtc_ex.c ****   *             @arg RTC_TIMESTAMPEDGE_FALLING: the Timestamp event occurs on
 175:Drivers/STM32F4xx_HAL_Driver/Src/stm32f4xx_hal_rtc_ex.c ****   *                                        the falling edge of the related pin.
 176:Drivers/STM32F4xx_HAL_Driver/Src/stm32f4xx_hal_rtc_ex.c ****   * @param  RTC_TimeStampPin Specifies the RTC Timestamp Pin.
 177:Drivers/STM32F4xx_HAL_Driver/Src/stm32f4xx_hal_rtc_ex.c ****   *          This parameter can be one of the following values:
 178:Drivers/STM32F4xx_HAL_Driver/Src/stm32f4xx_hal_rtc_ex.c ****   *             @arg RTC_TIMESTAMPPIN_DEFAULT: PC13 is selected as RTC Timestamp Pin.
 179:Drivers/STM32F4xx_HAL_Driver/Src/stm32f4xx_hal_rtc_ex.c ****   *             @arg RTC_TIMESTAMPPIN_POS1: PI8 is selected as RTC Timestamp Pin.
 180:Drivers/STM32F4xx_HAL_Driver/Src/stm32f4xx_hal_rtc_ex.c ****   * @note RTC_TIMESTAMPPIN_POS1 corresponds to pin PA0 in the case of
 181:Drivers/STM32F4xx_HAL_Driver/Src/stm32f4xx_hal_rtc_ex.c ****   *       STM32F446xx devices.
 182:Drivers/STM32F4xx_HAL_Driver/Src/stm32f4xx_hal_rtc_ex.c ****   * @note RTC_TIMESTAMPPIN_POS1 is not applicable to the following list of devices:
 183:Drivers/STM32F4xx_HAL_Driver/Src/stm32f4xx_hal_rtc_ex.c ****   *       STM32F412xx, STM32F413xx and STM32F423xx.
 184:Drivers/STM32F4xx_HAL_Driver/Src/stm32f4xx_hal_rtc_ex.c ****   * @retval HAL status
 185:Drivers/STM32F4xx_HAL_Driver/Src/stm32f4xx_hal_rtc_ex.c ****   */
 186:Drivers/STM32F4xx_HAL_Driver/Src/stm32f4xx_hal_rtc_ex.c **** HAL_StatusTypeDef HAL_RTCEx_SetTimeStamp(RTC_HandleTypeDef *hrtc, uint32_t RTC_TimeStampEdge, uint3
 187:Drivers/STM32F4xx_HAL_Driver/Src/stm32f4xx_hal_rtc_ex.c **** {
  30              		.loc 1 187 1 view -0
  31              		.cfi_startproc
  32              		@ args = 0, pretend = 0, frame = 0
  33              		@ frame_needed = 0, uses_anonymous_args = 0
  34              		@ link register save eliminated.
  35              		.loc 1 187 1 is_stmt 0 view .LVU1
  36 0000 0346     		mov	r3, r0
 188:Drivers/STM32F4xx_HAL_Driver/Src/stm32f4xx_hal_rtc_ex.c ****   uint32_t tmpreg = 0U;
  37              		.loc 1 188 3 is_stmt 1 view .LVU2
  38              	.LVL1:
 189:Drivers/STM32F4xx_HAL_Driver/Src/stm32f4xx_hal_rtc_ex.c **** 
 190:Drivers/STM32F4xx_HAL_Driver/Src/stm32f4xx_hal_rtc_ex.c ****   /* Check the parameters */
 191:Drivers/STM32F4xx_HAL_Driver/Src/stm32f4xx_hal_rtc_ex.c ****   assert_param(IS_TIMESTAMP_EDGE(RTC_TimeStampEdge));
ARM GAS  /tmp/ccqAQKKp.s 			page 5


  39              		.loc 1 191 3 view .LVU3
 192:Drivers/STM32F4xx_HAL_Driver/Src/stm32f4xx_hal_rtc_ex.c ****   assert_param(IS_RTC_TIMESTAMP_PIN(RTC_TimeStampPin));
  40              		.loc 1 192 3 view .LVU4
 193:Drivers/STM32F4xx_HAL_Driver/Src/stm32f4xx_hal_rtc_ex.c **** 
 194:Drivers/STM32F4xx_HAL_Driver/Src/stm32f4xx_hal_rtc_ex.c ****   /* Process Locked */
 195:Drivers/STM32F4xx_HAL_Driver/Src/stm32f4xx_hal_rtc_ex.c ****   __HAL_LOCK(hrtc);
  41              		.loc 1 195 3 view .LVU5
  42              		.loc 1 195 3 view .LVU6
  43 0002 007F     		ldrb	r0, [r0, #28]	@ zero_extendqisi2
  44              	.LVL2:
  45              		.loc 1 195 3 is_stmt 0 view .LVU7
  46 0004 0128     		cmp	r0, #1
  47 0006 34D0     		beq	.L3
 187:Drivers/STM32F4xx_HAL_Driver/Src/stm32f4xx_hal_rtc_ex.c ****   uint32_t tmpreg = 0U;
  48              		.loc 1 187 1 view .LVU8
  49 0008 30B4     		push	{r4, r5}
  50              	.LCFI0:
  51              		.cfi_def_cfa_offset 8
  52              		.cfi_offset 4, -8
  53              		.cfi_offset 5, -4
  54              		.loc 1 195 3 is_stmt 1 discriminator 2 view .LVU9
  55 000a 0120     		movs	r0, #1
  56 000c 1877     		strb	r0, [r3, #28]
  57              		.loc 1 195 3 view .LVU10
 196:Drivers/STM32F4xx_HAL_Driver/Src/stm32f4xx_hal_rtc_ex.c **** 
 197:Drivers/STM32F4xx_HAL_Driver/Src/stm32f4xx_hal_rtc_ex.c ****   /* Change RTC state to BUSY */
 198:Drivers/STM32F4xx_HAL_Driver/Src/stm32f4xx_hal_rtc_ex.c ****   hrtc->State = HAL_RTC_STATE_BUSY;
  58              		.loc 1 198 3 view .LVU11
  59              		.loc 1 198 15 is_stmt 0 view .LVU12
  60 000e 0224     		movs	r4, #2
  61 0010 5C77     		strb	r4, [r3, #29]
 199:Drivers/STM32F4xx_HAL_Driver/Src/stm32f4xx_hal_rtc_ex.c **** 
 200:Drivers/STM32F4xx_HAL_Driver/Src/stm32f4xx_hal_rtc_ex.c ****   hrtc->Instance->TAFCR &= (uint32_t)~RTC_TAFCR_TSINSEL;
  62              		.loc 1 200 3 is_stmt 1 view .LVU13
  63              		.loc 1 200 7 is_stmt 0 view .LVU14
  64 0012 1D68     		ldr	r5, [r3]
  65              		.loc 1 200 17 view .LVU15
  66 0014 2C6C     		ldr	r4, [r5, #64]
  67              		.loc 1 200 25 view .LVU16
  68 0016 24F40034 		bic	r4, r4, #131072
  69 001a 2C64     		str	r4, [r5, #64]
 201:Drivers/STM32F4xx_HAL_Driver/Src/stm32f4xx_hal_rtc_ex.c ****   hrtc->Instance->TAFCR |= (uint32_t)(RTC_TimeStampPin);
  70              		.loc 1 201 3 is_stmt 1 view .LVU17
  71              		.loc 1 201 7 is_stmt 0 view .LVU18
  72 001c 1D68     		ldr	r5, [r3]
  73              		.loc 1 201 17 view .LVU19
  74 001e 2C6C     		ldr	r4, [r5, #64]
  75              		.loc 1 201 25 view .LVU20
  76 0020 2243     		orrs	r2, r2, r4
  77              	.LVL3:
  78              		.loc 1 201 25 view .LVU21
  79 0022 2A64     		str	r2, [r5, #64]
 202:Drivers/STM32F4xx_HAL_Driver/Src/stm32f4xx_hal_rtc_ex.c **** 
 203:Drivers/STM32F4xx_HAL_Driver/Src/stm32f4xx_hal_rtc_ex.c ****   /* Get the RTC_CR register and clear the bits to be configured */
 204:Drivers/STM32F4xx_HAL_Driver/Src/stm32f4xx_hal_rtc_ex.c ****   tmpreg = (uint32_t)(hrtc->Instance->CR & (uint32_t)~(RTC_CR_TSEDGE | RTC_CR_TSE));
  80              		.loc 1 204 3 is_stmt 1 view .LVU22
  81              		.loc 1 204 27 is_stmt 0 view .LVU23
ARM GAS  /tmp/ccqAQKKp.s 			page 6


  82 0024 1C68     		ldr	r4, [r3]
  83              		.loc 1 204 37 view .LVU24
  84 0026 A268     		ldr	r2, [r4, #8]
  85              		.loc 1 204 10 view .LVU25
  86 0028 22F40062 		bic	r2, r2, #2048
  87 002c 22F00802 		bic	r2, r2, #8
  88              	.LVL4:
 205:Drivers/STM32F4xx_HAL_Driver/Src/stm32f4xx_hal_rtc_ex.c **** 
 206:Drivers/STM32F4xx_HAL_Driver/Src/stm32f4xx_hal_rtc_ex.c ****   /* Configure the Timestamp TSEDGE bit */
 207:Drivers/STM32F4xx_HAL_Driver/Src/stm32f4xx_hal_rtc_ex.c ****   tmpreg |= RTC_TimeStampEdge;
  89              		.loc 1 207 3 is_stmt 1 view .LVU26
  90              		.loc 1 207 10 is_stmt 0 view .LVU27
  91 0030 0A43     		orrs	r2, r2, r1
  92              	.LVL5:
 208:Drivers/STM32F4xx_HAL_Driver/Src/stm32f4xx_hal_rtc_ex.c **** 
 209:Drivers/STM32F4xx_HAL_Driver/Src/stm32f4xx_hal_rtc_ex.c ****   /* Disable the write protection for RTC registers */
 210:Drivers/STM32F4xx_HAL_Driver/Src/stm32f4xx_hal_rtc_ex.c ****   __HAL_RTC_WRITEPROTECTION_DISABLE(hrtc);
  93              		.loc 1 210 3 is_stmt 1 view .LVU28
  94              		.loc 1 210 3 view .LVU29
  95 0032 CA21     		movs	r1, #202
  96              	.LVL6:
  97              		.loc 1 210 3 is_stmt 0 view .LVU30
  98 0034 6162     		str	r1, [r4, #36]
  99              		.loc 1 210 3 is_stmt 1 view .LVU31
 100 0036 1968     		ldr	r1, [r3]
 101 0038 5324     		movs	r4, #83
 102 003a 4C62     		str	r4, [r1, #36]
 103              		.loc 1 210 3 view .LVU32
 211:Drivers/STM32F4xx_HAL_Driver/Src/stm32f4xx_hal_rtc_ex.c **** 
 212:Drivers/STM32F4xx_HAL_Driver/Src/stm32f4xx_hal_rtc_ex.c ****   /* Copy the desired configuration into the CR register */
 213:Drivers/STM32F4xx_HAL_Driver/Src/stm32f4xx_hal_rtc_ex.c ****   hrtc->Instance->CR = (uint32_t)tmpreg;
 104              		.loc 1 213 3 view .LVU33
 105              		.loc 1 213 7 is_stmt 0 view .LVU34
 106 003c 1968     		ldr	r1, [r3]
 107              		.loc 1 213 22 view .LVU35
 108 003e 8A60     		str	r2, [r1, #8]
 214:Drivers/STM32F4xx_HAL_Driver/Src/stm32f4xx_hal_rtc_ex.c **** 
 215:Drivers/STM32F4xx_HAL_Driver/Src/stm32f4xx_hal_rtc_ex.c ****   /* Clear RTC Timestamp flag */
 216:Drivers/STM32F4xx_HAL_Driver/Src/stm32f4xx_hal_rtc_ex.c ****   __HAL_RTC_TIMESTAMP_CLEAR_FLAG(hrtc, RTC_FLAG_TSF);
 109              		.loc 1 216 3 is_stmt 1 view .LVU36
 110 0040 1968     		ldr	r1, [r3]
 111 0042 CA68     		ldr	r2, [r1, #12]
 112              	.LVL7:
 113              		.loc 1 216 3 is_stmt 0 view .LVU37
 114 0044 D2B2     		uxtb	r2, r2
 115 0046 62F40862 		orn	r2, r2, #2176
 116 004a CA60     		str	r2, [r1, #12]
 217:Drivers/STM32F4xx_HAL_Driver/Src/stm32f4xx_hal_rtc_ex.c **** 
 218:Drivers/STM32F4xx_HAL_Driver/Src/stm32f4xx_hal_rtc_ex.c ****   /* Clear RTC Timestamp overrun Flag */
 219:Drivers/STM32F4xx_HAL_Driver/Src/stm32f4xx_hal_rtc_ex.c ****   __HAL_RTC_TIMESTAMP_CLEAR_FLAG(hrtc, RTC_FLAG_TSOVF);
 117              		.loc 1 219 3 is_stmt 1 view .LVU38
 118 004c 1968     		ldr	r1, [r3]
 119 004e CA68     		ldr	r2, [r1, #12]
 120 0050 D2B2     		uxtb	r2, r2
 121 0052 62F48452 		orn	r2, r2, #4224
 122 0056 CA60     		str	r2, [r1, #12]
 220:Drivers/STM32F4xx_HAL_Driver/Src/stm32f4xx_hal_rtc_ex.c **** 
ARM GAS  /tmp/ccqAQKKp.s 			page 7


 221:Drivers/STM32F4xx_HAL_Driver/Src/stm32f4xx_hal_rtc_ex.c ****   /* Enable the Timestamp saving */
 222:Drivers/STM32F4xx_HAL_Driver/Src/stm32f4xx_hal_rtc_ex.c ****   __HAL_RTC_TIMESTAMP_ENABLE(hrtc);
 123              		.loc 1 222 3 view .LVU39
 124 0058 1968     		ldr	r1, [r3]
 125 005a 8A68     		ldr	r2, [r1, #8]
 126 005c 42F40062 		orr	r2, r2, #2048
 127 0060 8A60     		str	r2, [r1, #8]
 223:Drivers/STM32F4xx_HAL_Driver/Src/stm32f4xx_hal_rtc_ex.c **** 
 224:Drivers/STM32F4xx_HAL_Driver/Src/stm32f4xx_hal_rtc_ex.c ****   /* Enable the write protection for RTC registers */
 225:Drivers/STM32F4xx_HAL_Driver/Src/stm32f4xx_hal_rtc_ex.c ****   __HAL_RTC_WRITEPROTECTION_ENABLE(hrtc);
 128              		.loc 1 225 3 view .LVU40
 129              		.loc 1 225 3 view .LVU41
 130 0062 1A68     		ldr	r2, [r3]
 131 0064 FF21     		movs	r1, #255
 132 0066 5162     		str	r1, [r2, #36]
 133              		.loc 1 225 3 view .LVU42
 226:Drivers/STM32F4xx_HAL_Driver/Src/stm32f4xx_hal_rtc_ex.c **** 
 227:Drivers/STM32F4xx_HAL_Driver/Src/stm32f4xx_hal_rtc_ex.c ****   /* Change RTC state back to READY */
 228:Drivers/STM32F4xx_HAL_Driver/Src/stm32f4xx_hal_rtc_ex.c ****   hrtc->State = HAL_RTC_STATE_READY;
 134              		.loc 1 228 3 view .LVU43
 135              		.loc 1 228 15 is_stmt 0 view .LVU44
 136 0068 5877     		strb	r0, [r3, #29]
 229:Drivers/STM32F4xx_HAL_Driver/Src/stm32f4xx_hal_rtc_ex.c **** 
 230:Drivers/STM32F4xx_HAL_Driver/Src/stm32f4xx_hal_rtc_ex.c ****   /* Process Unlocked */
 231:Drivers/STM32F4xx_HAL_Driver/Src/stm32f4xx_hal_rtc_ex.c ****   __HAL_UNLOCK(hrtc);
 137              		.loc 1 231 3 is_stmt 1 view .LVU45
 138              		.loc 1 231 3 view .LVU46
 139 006a 0020     		movs	r0, #0
 140 006c 1877     		strb	r0, [r3, #28]
 141              		.loc 1 231 3 view .LVU47
 232:Drivers/STM32F4xx_HAL_Driver/Src/stm32f4xx_hal_rtc_ex.c **** 
 233:Drivers/STM32F4xx_HAL_Driver/Src/stm32f4xx_hal_rtc_ex.c ****   return HAL_OK;
 142              		.loc 1 233 3 view .LVU48
 234:Drivers/STM32F4xx_HAL_Driver/Src/stm32f4xx_hal_rtc_ex.c **** }
 143              		.loc 1 234 1 is_stmt 0 view .LVU49
 144 006e 30BC     		pop	{r4, r5}
 145              	.LCFI1:
 146              		.cfi_restore 5
 147              		.cfi_restore 4
 148              		.cfi_def_cfa_offset 0
 149 0070 7047     		bx	lr
 150              	.LVL8:
 151              	.L3:
 195:Drivers/STM32F4xx_HAL_Driver/Src/stm32f4xx_hal_rtc_ex.c **** 
 152              		.loc 1 195 3 discriminator 1 view .LVU50
 153 0072 0220     		movs	r0, #2
 154              		.loc 1 234 1 view .LVU51
 155 0074 7047     		bx	lr
 156              		.cfi_endproc
 157              	.LFE239:
 159              		.section	.text.HAL_RTCEx_SetTimeStamp_IT,"ax",%progbits
 160              		.align	1
 161              		.global	HAL_RTCEx_SetTimeStamp_IT
 162              		.syntax unified
 163              		.thumb
 164              		.thumb_func
 166              	HAL_RTCEx_SetTimeStamp_IT:
ARM GAS  /tmp/ccqAQKKp.s 			page 8


 167              	.LVL9:
 168              	.LFB240:
 235:Drivers/STM32F4xx_HAL_Driver/Src/stm32f4xx_hal_rtc_ex.c **** 
 236:Drivers/STM32F4xx_HAL_Driver/Src/stm32f4xx_hal_rtc_ex.c **** /**
 237:Drivers/STM32F4xx_HAL_Driver/Src/stm32f4xx_hal_rtc_ex.c ****   * @brief  Sets Timestamp with Interrupt.
 238:Drivers/STM32F4xx_HAL_Driver/Src/stm32f4xx_hal_rtc_ex.c ****   * @param  hrtc pointer to a RTC_HandleTypeDef structure that contains
 239:Drivers/STM32F4xx_HAL_Driver/Src/stm32f4xx_hal_rtc_ex.c ****   *                the configuration information for RTC.
 240:Drivers/STM32F4xx_HAL_Driver/Src/stm32f4xx_hal_rtc_ex.c ****   * @note   This API must be called before enabling the Timestamp feature.
 241:Drivers/STM32F4xx_HAL_Driver/Src/stm32f4xx_hal_rtc_ex.c ****   * @param  RTC_TimeStampEdge Specifies the pin edge on which the Timestamp is
 242:Drivers/STM32F4xx_HAL_Driver/Src/stm32f4xx_hal_rtc_ex.c ****   *         activated.
 243:Drivers/STM32F4xx_HAL_Driver/Src/stm32f4xx_hal_rtc_ex.c ****   *          This parameter can be one of the following values:
 244:Drivers/STM32F4xx_HAL_Driver/Src/stm32f4xx_hal_rtc_ex.c ****   *             @arg RTC_TIMESTAMPEDGE_RISING: the Timestamp event occurs on
 245:Drivers/STM32F4xx_HAL_Driver/Src/stm32f4xx_hal_rtc_ex.c ****   *                                        the rising edge of the related pin.
 246:Drivers/STM32F4xx_HAL_Driver/Src/stm32f4xx_hal_rtc_ex.c ****   *             @arg RTC_TIMESTAMPEDGE_FALLING: the Timestamp event occurs on
 247:Drivers/STM32F4xx_HAL_Driver/Src/stm32f4xx_hal_rtc_ex.c ****   *                                        the falling edge of the related pin.
 248:Drivers/STM32F4xx_HAL_Driver/Src/stm32f4xx_hal_rtc_ex.c ****   * @param  RTC_TimeStampPin Specifies the RTC Timestamp Pin.
 249:Drivers/STM32F4xx_HAL_Driver/Src/stm32f4xx_hal_rtc_ex.c ****   *          This parameter can be one of the following values:
 250:Drivers/STM32F4xx_HAL_Driver/Src/stm32f4xx_hal_rtc_ex.c ****   *             @arg RTC_TIMESTAMPPIN_DEFAULT: PC13 is selected as RTC Timestamp Pin.
 251:Drivers/STM32F4xx_HAL_Driver/Src/stm32f4xx_hal_rtc_ex.c ****   *             @arg RTC_TIMESTAMPPIN_POS1: PI8 is selected as RTC Timestamp Pin.
 252:Drivers/STM32F4xx_HAL_Driver/Src/stm32f4xx_hal_rtc_ex.c ****   * @note RTC_TIMESTAMPPIN_POS1 corresponds to pin PA0 in the case of
 253:Drivers/STM32F4xx_HAL_Driver/Src/stm32f4xx_hal_rtc_ex.c ****   *       STM32F446xx devices.
 254:Drivers/STM32F4xx_HAL_Driver/Src/stm32f4xx_hal_rtc_ex.c ****   * @note RTC_TIMESTAMPPIN_POS1 is not applicable to the following list of devices:
 255:Drivers/STM32F4xx_HAL_Driver/Src/stm32f4xx_hal_rtc_ex.c ****   *       STM32F412xx, STM32F413xx and STM32F423xx.
 256:Drivers/STM32F4xx_HAL_Driver/Src/stm32f4xx_hal_rtc_ex.c ****   * @retval HAL status
 257:Drivers/STM32F4xx_HAL_Driver/Src/stm32f4xx_hal_rtc_ex.c ****   */
 258:Drivers/STM32F4xx_HAL_Driver/Src/stm32f4xx_hal_rtc_ex.c **** HAL_StatusTypeDef HAL_RTCEx_SetTimeStamp_IT(RTC_HandleTypeDef *hrtc, uint32_t RTC_TimeStampEdge, ui
 259:Drivers/STM32F4xx_HAL_Driver/Src/stm32f4xx_hal_rtc_ex.c **** {
 169              		.loc 1 259 1 is_stmt 1 view -0
 170              		.cfi_startproc
 171              		@ args = 0, pretend = 0, frame = 0
 172              		@ frame_needed = 0, uses_anonymous_args = 0
 173              		@ link register save eliminated.
 174              		.loc 1 259 1 is_stmt 0 view .LVU53
 175 0000 0346     		mov	r3, r0
 260:Drivers/STM32F4xx_HAL_Driver/Src/stm32f4xx_hal_rtc_ex.c ****   uint32_t tmpreg = 0U;
 176              		.loc 1 260 3 is_stmt 1 view .LVU54
 177              	.LVL10:
 261:Drivers/STM32F4xx_HAL_Driver/Src/stm32f4xx_hal_rtc_ex.c **** 
 262:Drivers/STM32F4xx_HAL_Driver/Src/stm32f4xx_hal_rtc_ex.c ****   /* Check the parameters */
 263:Drivers/STM32F4xx_HAL_Driver/Src/stm32f4xx_hal_rtc_ex.c ****   assert_param(IS_TIMESTAMP_EDGE(RTC_TimeStampEdge));
 178              		.loc 1 263 3 view .LVU55
 264:Drivers/STM32F4xx_HAL_Driver/Src/stm32f4xx_hal_rtc_ex.c ****   assert_param(IS_RTC_TIMESTAMP_PIN(RTC_TimeStampPin));
 179              		.loc 1 264 3 view .LVU56
 265:Drivers/STM32F4xx_HAL_Driver/Src/stm32f4xx_hal_rtc_ex.c **** 
 266:Drivers/STM32F4xx_HAL_Driver/Src/stm32f4xx_hal_rtc_ex.c ****   /* Process Locked */
 267:Drivers/STM32F4xx_HAL_Driver/Src/stm32f4xx_hal_rtc_ex.c ****   __HAL_LOCK(hrtc);
 180              		.loc 1 267 3 view .LVU57
 181              		.loc 1 267 3 view .LVU58
 182 0002 007F     		ldrb	r0, [r0, #28]	@ zero_extendqisi2
 183              	.LVL11:
 184              		.loc 1 267 3 is_stmt 0 view .LVU59
 185 0004 0128     		cmp	r0, #1
 186 0006 42D0     		beq	.L10
 259:Drivers/STM32F4xx_HAL_Driver/Src/stm32f4xx_hal_rtc_ex.c ****   uint32_t tmpreg = 0U;
 187              		.loc 1 259 1 view .LVU60
 188 0008 30B4     		push	{r4, r5}
 189              	.LCFI2:
ARM GAS  /tmp/ccqAQKKp.s 			page 9


 190              		.cfi_def_cfa_offset 8
 191              		.cfi_offset 4, -8
 192              		.cfi_offset 5, -4
 193              		.loc 1 267 3 is_stmt 1 discriminator 2 view .LVU61
 194 000a 0120     		movs	r0, #1
 195 000c 1877     		strb	r0, [r3, #28]
 196              		.loc 1 267 3 view .LVU62
 268:Drivers/STM32F4xx_HAL_Driver/Src/stm32f4xx_hal_rtc_ex.c **** 
 269:Drivers/STM32F4xx_HAL_Driver/Src/stm32f4xx_hal_rtc_ex.c ****   /* Change RTC state to BUSY */
 270:Drivers/STM32F4xx_HAL_Driver/Src/stm32f4xx_hal_rtc_ex.c ****   hrtc->State = HAL_RTC_STATE_BUSY;
 197              		.loc 1 270 3 view .LVU63
 198              		.loc 1 270 15 is_stmt 0 view .LVU64
 199 000e 0224     		movs	r4, #2
 200 0010 5C77     		strb	r4, [r3, #29]
 271:Drivers/STM32F4xx_HAL_Driver/Src/stm32f4xx_hal_rtc_ex.c **** 
 272:Drivers/STM32F4xx_HAL_Driver/Src/stm32f4xx_hal_rtc_ex.c ****   hrtc->Instance->TAFCR &= (uint32_t)~RTC_TAFCR_TSINSEL;
 201              		.loc 1 272 3 is_stmt 1 view .LVU65
 202              		.loc 1 272 7 is_stmt 0 view .LVU66
 203 0012 1D68     		ldr	r5, [r3]
 204              		.loc 1 272 17 view .LVU67
 205 0014 2C6C     		ldr	r4, [r5, #64]
 206              		.loc 1 272 25 view .LVU68
 207 0016 24F40034 		bic	r4, r4, #131072
 208 001a 2C64     		str	r4, [r5, #64]
 273:Drivers/STM32F4xx_HAL_Driver/Src/stm32f4xx_hal_rtc_ex.c ****   hrtc->Instance->TAFCR |= (uint32_t)(RTC_TimeStampPin);
 209              		.loc 1 273 3 is_stmt 1 view .LVU69
 210              		.loc 1 273 7 is_stmt 0 view .LVU70
 211 001c 1D68     		ldr	r5, [r3]
 212              		.loc 1 273 17 view .LVU71
 213 001e 2C6C     		ldr	r4, [r5, #64]
 214              		.loc 1 273 25 view .LVU72
 215 0020 2243     		orrs	r2, r2, r4
 216              	.LVL12:
 217              		.loc 1 273 25 view .LVU73
 218 0022 2A64     		str	r2, [r5, #64]
 274:Drivers/STM32F4xx_HAL_Driver/Src/stm32f4xx_hal_rtc_ex.c **** 
 275:Drivers/STM32F4xx_HAL_Driver/Src/stm32f4xx_hal_rtc_ex.c ****   /* Get the RTC_CR register and clear the bits to be configured */
 276:Drivers/STM32F4xx_HAL_Driver/Src/stm32f4xx_hal_rtc_ex.c ****   tmpreg = (uint32_t)(hrtc->Instance->CR & (uint32_t)~(RTC_CR_TSEDGE | RTC_CR_TSE));
 219              		.loc 1 276 3 is_stmt 1 view .LVU74
 220              		.loc 1 276 27 is_stmt 0 view .LVU75
 221 0024 1C68     		ldr	r4, [r3]
 222              		.loc 1 276 37 view .LVU76
 223 0026 A268     		ldr	r2, [r4, #8]
 224              		.loc 1 276 10 view .LVU77
 225 0028 22F40062 		bic	r2, r2, #2048
 226 002c 22F00802 		bic	r2, r2, #8
 227              	.LVL13:
 277:Drivers/STM32F4xx_HAL_Driver/Src/stm32f4xx_hal_rtc_ex.c **** 
 278:Drivers/STM32F4xx_HAL_Driver/Src/stm32f4xx_hal_rtc_ex.c ****   /* Configure the Timestamp TSEDGE bit */
 279:Drivers/STM32F4xx_HAL_Driver/Src/stm32f4xx_hal_rtc_ex.c ****   tmpreg |= RTC_TimeStampEdge;
 228              		.loc 1 279 3 is_stmt 1 view .LVU78
 229              		.loc 1 279 10 is_stmt 0 view .LVU79
 230 0030 0A43     		orrs	r2, r2, r1
 231              	.LVL14:
 280:Drivers/STM32F4xx_HAL_Driver/Src/stm32f4xx_hal_rtc_ex.c **** 
 281:Drivers/STM32F4xx_HAL_Driver/Src/stm32f4xx_hal_rtc_ex.c ****   /* Disable the write protection for RTC registers */
 282:Drivers/STM32F4xx_HAL_Driver/Src/stm32f4xx_hal_rtc_ex.c ****   __HAL_RTC_WRITEPROTECTION_DISABLE(hrtc);
ARM GAS  /tmp/ccqAQKKp.s 			page 10


 232              		.loc 1 282 3 is_stmt 1 view .LVU80
 233              		.loc 1 282 3 view .LVU81
 234 0032 CA21     		movs	r1, #202
 235              	.LVL15:
 236              		.loc 1 282 3 is_stmt 0 view .LVU82
 237 0034 6162     		str	r1, [r4, #36]
 238              		.loc 1 282 3 is_stmt 1 view .LVU83
 239 0036 1968     		ldr	r1, [r3]
 240 0038 5324     		movs	r4, #83
 241 003a 4C62     		str	r4, [r1, #36]
 242              		.loc 1 282 3 view .LVU84
 283:Drivers/STM32F4xx_HAL_Driver/Src/stm32f4xx_hal_rtc_ex.c **** 
 284:Drivers/STM32F4xx_HAL_Driver/Src/stm32f4xx_hal_rtc_ex.c ****   /* Copy the desired configuration into the CR register */
 285:Drivers/STM32F4xx_HAL_Driver/Src/stm32f4xx_hal_rtc_ex.c ****   hrtc->Instance->CR = (uint32_t)tmpreg;
 243              		.loc 1 285 3 view .LVU85
 244              		.loc 1 285 7 is_stmt 0 view .LVU86
 245 003c 1968     		ldr	r1, [r3]
 246              		.loc 1 285 22 view .LVU87
 247 003e 8A60     		str	r2, [r1, #8]
 286:Drivers/STM32F4xx_HAL_Driver/Src/stm32f4xx_hal_rtc_ex.c **** 
 287:Drivers/STM32F4xx_HAL_Driver/Src/stm32f4xx_hal_rtc_ex.c ****   /* Clear RTC Timestamp flag */
 288:Drivers/STM32F4xx_HAL_Driver/Src/stm32f4xx_hal_rtc_ex.c ****   __HAL_RTC_TIMESTAMP_CLEAR_FLAG(hrtc, RTC_FLAG_TSF);
 248              		.loc 1 288 3 is_stmt 1 view .LVU88
 249 0040 1968     		ldr	r1, [r3]
 250 0042 CA68     		ldr	r2, [r1, #12]
 251              	.LVL16:
 252              		.loc 1 288 3 is_stmt 0 view .LVU89
 253 0044 D2B2     		uxtb	r2, r2
 254 0046 62F40862 		orn	r2, r2, #2176
 255 004a CA60     		str	r2, [r1, #12]
 289:Drivers/STM32F4xx_HAL_Driver/Src/stm32f4xx_hal_rtc_ex.c **** 
 290:Drivers/STM32F4xx_HAL_Driver/Src/stm32f4xx_hal_rtc_ex.c ****   /* Clear RTC Timestamp overrun Flag */
 291:Drivers/STM32F4xx_HAL_Driver/Src/stm32f4xx_hal_rtc_ex.c ****   __HAL_RTC_TIMESTAMP_CLEAR_FLAG(hrtc, RTC_FLAG_TSOVF);
 256              		.loc 1 291 3 is_stmt 1 view .LVU90
 257 004c 1968     		ldr	r1, [r3]
 258 004e CA68     		ldr	r2, [r1, #12]
 259 0050 D2B2     		uxtb	r2, r2
 260 0052 62F48452 		orn	r2, r2, #4224
 261 0056 CA60     		str	r2, [r1, #12]
 292:Drivers/STM32F4xx_HAL_Driver/Src/stm32f4xx_hal_rtc_ex.c **** 
 293:Drivers/STM32F4xx_HAL_Driver/Src/stm32f4xx_hal_rtc_ex.c ****   /* Enable the Timestamp saving */
 294:Drivers/STM32F4xx_HAL_Driver/Src/stm32f4xx_hal_rtc_ex.c ****   __HAL_RTC_TIMESTAMP_ENABLE(hrtc);
 262              		.loc 1 294 3 view .LVU91
 263 0058 1968     		ldr	r1, [r3]
 264 005a 8A68     		ldr	r2, [r1, #8]
 265 005c 42F40062 		orr	r2, r2, #2048
 266 0060 8A60     		str	r2, [r1, #8]
 295:Drivers/STM32F4xx_HAL_Driver/Src/stm32f4xx_hal_rtc_ex.c **** 
 296:Drivers/STM32F4xx_HAL_Driver/Src/stm32f4xx_hal_rtc_ex.c ****   /* Enable IT Timestamp */
 297:Drivers/STM32F4xx_HAL_Driver/Src/stm32f4xx_hal_rtc_ex.c ****   __HAL_RTC_TIMESTAMP_ENABLE_IT(hrtc, RTC_IT_TS);
 267              		.loc 1 297 3 view .LVU92
 268 0062 1968     		ldr	r1, [r3]
 269 0064 8A68     		ldr	r2, [r1, #8]
 270 0066 42F40042 		orr	r2, r2, #32768
 271 006a 8A60     		str	r2, [r1, #8]
 298:Drivers/STM32F4xx_HAL_Driver/Src/stm32f4xx_hal_rtc_ex.c **** 
 299:Drivers/STM32F4xx_HAL_Driver/Src/stm32f4xx_hal_rtc_ex.c ****   /* Enable the write protection for RTC registers */
ARM GAS  /tmp/ccqAQKKp.s 			page 11


 300:Drivers/STM32F4xx_HAL_Driver/Src/stm32f4xx_hal_rtc_ex.c ****   __HAL_RTC_WRITEPROTECTION_ENABLE(hrtc);
 272              		.loc 1 300 3 view .LVU93
 273              		.loc 1 300 3 view .LVU94
 274 006c 1A68     		ldr	r2, [r3]
 275 006e FF21     		movs	r1, #255
 276 0070 5162     		str	r1, [r2, #36]
 277              		.loc 1 300 3 view .LVU95
 301:Drivers/STM32F4xx_HAL_Driver/Src/stm32f4xx_hal_rtc_ex.c **** 
 302:Drivers/STM32F4xx_HAL_Driver/Src/stm32f4xx_hal_rtc_ex.c ****   /* Enable and configure the EXTI line associated to the RTC Timestamp and Tamper interrupts */
 303:Drivers/STM32F4xx_HAL_Driver/Src/stm32f4xx_hal_rtc_ex.c ****   __HAL_RTC_TAMPER_TIMESTAMP_EXTI_ENABLE_IT();
 278              		.loc 1 303 3 view .LVU96
 279 0072 084A     		ldr	r2, .L15
 280 0074 1168     		ldr	r1, [r2]
 281 0076 41F40011 		orr	r1, r1, #2097152
 282 007a 1160     		str	r1, [r2]
 304:Drivers/STM32F4xx_HAL_Driver/Src/stm32f4xx_hal_rtc_ex.c ****   __HAL_RTC_TAMPER_TIMESTAMP_EXTI_ENABLE_RISING_EDGE();
 283              		.loc 1 304 3 view .LVU97
 284 007c 9168     		ldr	r1, [r2, #8]
 285 007e 41F40011 		orr	r1, r1, #2097152
 286 0082 9160     		str	r1, [r2, #8]
 305:Drivers/STM32F4xx_HAL_Driver/Src/stm32f4xx_hal_rtc_ex.c **** 
 306:Drivers/STM32F4xx_HAL_Driver/Src/stm32f4xx_hal_rtc_ex.c ****   /* Change RTC state back to READY */
 307:Drivers/STM32F4xx_HAL_Driver/Src/stm32f4xx_hal_rtc_ex.c ****   hrtc->State = HAL_RTC_STATE_READY;
 287              		.loc 1 307 3 view .LVU98
 288              		.loc 1 307 15 is_stmt 0 view .LVU99
 289 0084 5877     		strb	r0, [r3, #29]
 308:Drivers/STM32F4xx_HAL_Driver/Src/stm32f4xx_hal_rtc_ex.c **** 
 309:Drivers/STM32F4xx_HAL_Driver/Src/stm32f4xx_hal_rtc_ex.c ****   /* Process Unlocked */
 310:Drivers/STM32F4xx_HAL_Driver/Src/stm32f4xx_hal_rtc_ex.c ****   __HAL_UNLOCK(hrtc);
 290              		.loc 1 310 3 is_stmt 1 view .LVU100
 291              		.loc 1 310 3 view .LVU101
 292 0086 0020     		movs	r0, #0
 293 0088 1877     		strb	r0, [r3, #28]
 294              		.loc 1 310 3 view .LVU102
 311:Drivers/STM32F4xx_HAL_Driver/Src/stm32f4xx_hal_rtc_ex.c **** 
 312:Drivers/STM32F4xx_HAL_Driver/Src/stm32f4xx_hal_rtc_ex.c ****   return HAL_OK;
 295              		.loc 1 312 3 view .LVU103
 313:Drivers/STM32F4xx_HAL_Driver/Src/stm32f4xx_hal_rtc_ex.c **** }
 296              		.loc 1 313 1 is_stmt 0 view .LVU104
 297 008a 30BC     		pop	{r4, r5}
 298              	.LCFI3:
 299              		.cfi_restore 5
 300              		.cfi_restore 4
 301              		.cfi_def_cfa_offset 0
 302 008c 7047     		bx	lr
 303              	.LVL17:
 304              	.L10:
 267:Drivers/STM32F4xx_HAL_Driver/Src/stm32f4xx_hal_rtc_ex.c **** 
 305              		.loc 1 267 3 discriminator 1 view .LVU105
 306 008e 0220     		movs	r0, #2
 307              		.loc 1 313 1 view .LVU106
 308 0090 7047     		bx	lr
 309              	.L16:
 310 0092 00BF     		.align	2
 311              	.L15:
 312 0094 003C0140 		.word	1073822720
 313              		.cfi_endproc
ARM GAS  /tmp/ccqAQKKp.s 			page 12


 314              	.LFE240:
 316              		.section	.text.HAL_RTCEx_DeactivateTimeStamp,"ax",%progbits
 317              		.align	1
 318              		.global	HAL_RTCEx_DeactivateTimeStamp
 319              		.syntax unified
 320              		.thumb
 321              		.thumb_func
 323              	HAL_RTCEx_DeactivateTimeStamp:
 324              	.LVL18:
 325              	.LFB241:
 314:Drivers/STM32F4xx_HAL_Driver/Src/stm32f4xx_hal_rtc_ex.c **** 
 315:Drivers/STM32F4xx_HAL_Driver/Src/stm32f4xx_hal_rtc_ex.c **** /**
 316:Drivers/STM32F4xx_HAL_Driver/Src/stm32f4xx_hal_rtc_ex.c ****   * @brief  Deactivates Timestamp.
 317:Drivers/STM32F4xx_HAL_Driver/Src/stm32f4xx_hal_rtc_ex.c ****   * @param  hrtc pointer to a RTC_HandleTypeDef structure that contains
 318:Drivers/STM32F4xx_HAL_Driver/Src/stm32f4xx_hal_rtc_ex.c ****   *                the configuration information for RTC.
 319:Drivers/STM32F4xx_HAL_Driver/Src/stm32f4xx_hal_rtc_ex.c ****   * @retval HAL status
 320:Drivers/STM32F4xx_HAL_Driver/Src/stm32f4xx_hal_rtc_ex.c ****   */
 321:Drivers/STM32F4xx_HAL_Driver/Src/stm32f4xx_hal_rtc_ex.c **** HAL_StatusTypeDef HAL_RTCEx_DeactivateTimeStamp(RTC_HandleTypeDef *hrtc)
 322:Drivers/STM32F4xx_HAL_Driver/Src/stm32f4xx_hal_rtc_ex.c **** {
 326              		.loc 1 322 1 is_stmt 1 view -0
 327              		.cfi_startproc
 328              		@ args = 0, pretend = 0, frame = 0
 329              		@ frame_needed = 0, uses_anonymous_args = 0
 330              		@ link register save eliminated.
 331              		.loc 1 322 1 is_stmt 0 view .LVU108
 332 0000 0346     		mov	r3, r0
 323:Drivers/STM32F4xx_HAL_Driver/Src/stm32f4xx_hal_rtc_ex.c ****   uint32_t tmpreg = 0U;
 333              		.loc 1 323 3 is_stmt 1 view .LVU109
 334              	.LVL19:
 324:Drivers/STM32F4xx_HAL_Driver/Src/stm32f4xx_hal_rtc_ex.c **** 
 325:Drivers/STM32F4xx_HAL_Driver/Src/stm32f4xx_hal_rtc_ex.c ****   /* Process Locked */
 326:Drivers/STM32F4xx_HAL_Driver/Src/stm32f4xx_hal_rtc_ex.c ****   __HAL_LOCK(hrtc);
 335              		.loc 1 326 3 view .LVU110
 336              		.loc 1 326 3 view .LVU111
 337 0002 027F     		ldrb	r2, [r0, #28]	@ zero_extendqisi2
 338 0004 012A     		cmp	r2, #1
 339 0006 1CD0     		beq	.L19
 340              		.loc 1 326 3 discriminator 2 view .LVU112
 341 0008 0121     		movs	r1, #1
 342 000a 0177     		strb	r1, [r0, #28]
 343              		.loc 1 326 3 view .LVU113
 327:Drivers/STM32F4xx_HAL_Driver/Src/stm32f4xx_hal_rtc_ex.c **** 
 328:Drivers/STM32F4xx_HAL_Driver/Src/stm32f4xx_hal_rtc_ex.c ****   hrtc->State = HAL_RTC_STATE_BUSY;
 344              		.loc 1 328 3 view .LVU114
 345              		.loc 1 328 15 is_stmt 0 view .LVU115
 346 000c 0222     		movs	r2, #2
 347 000e 4277     		strb	r2, [r0, #29]
 329:Drivers/STM32F4xx_HAL_Driver/Src/stm32f4xx_hal_rtc_ex.c **** 
 330:Drivers/STM32F4xx_HAL_Driver/Src/stm32f4xx_hal_rtc_ex.c ****   /* Disable the write protection for RTC registers */
 331:Drivers/STM32F4xx_HAL_Driver/Src/stm32f4xx_hal_rtc_ex.c ****   __HAL_RTC_WRITEPROTECTION_DISABLE(hrtc);
 348              		.loc 1 331 3 is_stmt 1 view .LVU116
 349              		.loc 1 331 3 view .LVU117
 350 0010 0268     		ldr	r2, [r0]
 351 0012 CA20     		movs	r0, #202
 352              	.LVL20:
 353              		.loc 1 331 3 is_stmt 0 view .LVU118
 354 0014 5062     		str	r0, [r2, #36]
ARM GAS  /tmp/ccqAQKKp.s 			page 13


 355              		.loc 1 331 3 is_stmt 1 view .LVU119
 356 0016 1A68     		ldr	r2, [r3]
 357 0018 5320     		movs	r0, #83
 358 001a 5062     		str	r0, [r2, #36]
 359              		.loc 1 331 3 view .LVU120
 332:Drivers/STM32F4xx_HAL_Driver/Src/stm32f4xx_hal_rtc_ex.c **** 
 333:Drivers/STM32F4xx_HAL_Driver/Src/stm32f4xx_hal_rtc_ex.c ****   /* In case interrupt mode is used, the interrupt source must disabled */
 334:Drivers/STM32F4xx_HAL_Driver/Src/stm32f4xx_hal_rtc_ex.c ****   __HAL_RTC_TIMESTAMP_DISABLE_IT(hrtc, RTC_IT_TS);
 360              		.loc 1 334 3 view .LVU121
 361 001c 1868     		ldr	r0, [r3]
 362 001e 8268     		ldr	r2, [r0, #8]
 363 0020 22F40042 		bic	r2, r2, #32768
 364 0024 8260     		str	r2, [r0, #8]
 335:Drivers/STM32F4xx_HAL_Driver/Src/stm32f4xx_hal_rtc_ex.c **** 
 336:Drivers/STM32F4xx_HAL_Driver/Src/stm32f4xx_hal_rtc_ex.c ****   /* Get the RTC_CR register and clear the bits to be configured */
 337:Drivers/STM32F4xx_HAL_Driver/Src/stm32f4xx_hal_rtc_ex.c ****   tmpreg = (uint32_t)(hrtc->Instance->CR & (uint32_t)~(RTC_CR_TSEDGE | RTC_CR_TSE));
 365              		.loc 1 337 3 view .LVU122
 366              		.loc 1 337 27 is_stmt 0 view .LVU123
 367 0026 1868     		ldr	r0, [r3]
 368              		.loc 1 337 37 view .LVU124
 369 0028 8268     		ldr	r2, [r0, #8]
 370              		.loc 1 337 10 view .LVU125
 371 002a 22F40062 		bic	r2, r2, #2048
 372 002e 22F00802 		bic	r2, r2, #8
 373              	.LVL21:
 338:Drivers/STM32F4xx_HAL_Driver/Src/stm32f4xx_hal_rtc_ex.c **** 
 339:Drivers/STM32F4xx_HAL_Driver/Src/stm32f4xx_hal_rtc_ex.c ****   /* Configure the Timestamp TSEDGE and Enable bits */
 340:Drivers/STM32F4xx_HAL_Driver/Src/stm32f4xx_hal_rtc_ex.c ****   hrtc->Instance->CR = (uint32_t)tmpreg;
 374              		.loc 1 340 3 is_stmt 1 view .LVU126
 375              		.loc 1 340 22 is_stmt 0 view .LVU127
 376 0032 8260     		str	r2, [r0, #8]
 341:Drivers/STM32F4xx_HAL_Driver/Src/stm32f4xx_hal_rtc_ex.c **** 
 342:Drivers/STM32F4xx_HAL_Driver/Src/stm32f4xx_hal_rtc_ex.c ****   /* Enable the write protection for RTC registers */
 343:Drivers/STM32F4xx_HAL_Driver/Src/stm32f4xx_hal_rtc_ex.c ****   __HAL_RTC_WRITEPROTECTION_ENABLE(hrtc);
 377              		.loc 1 343 3 is_stmt 1 view .LVU128
 378              		.loc 1 343 3 view .LVU129
 379 0034 1A68     		ldr	r2, [r3]
 380              	.LVL22:
 381              		.loc 1 343 3 is_stmt 0 view .LVU130
 382 0036 FF20     		movs	r0, #255
 383              	.LVL23:
 384              		.loc 1 343 3 view .LVU131
 385 0038 5062     		str	r0, [r2, #36]
 386              		.loc 1 343 3 is_stmt 1 view .LVU132
 344:Drivers/STM32F4xx_HAL_Driver/Src/stm32f4xx_hal_rtc_ex.c **** 
 345:Drivers/STM32F4xx_HAL_Driver/Src/stm32f4xx_hal_rtc_ex.c ****   hrtc->State = HAL_RTC_STATE_READY;
 387              		.loc 1 345 3 view .LVU133
 388              		.loc 1 345 15 is_stmt 0 view .LVU134
 389 003a 5977     		strb	r1, [r3, #29]
 346:Drivers/STM32F4xx_HAL_Driver/Src/stm32f4xx_hal_rtc_ex.c **** 
 347:Drivers/STM32F4xx_HAL_Driver/Src/stm32f4xx_hal_rtc_ex.c ****   /* Process Unlocked */
 348:Drivers/STM32F4xx_HAL_Driver/Src/stm32f4xx_hal_rtc_ex.c ****   __HAL_UNLOCK(hrtc);
 390              		.loc 1 348 3 is_stmt 1 view .LVU135
 391              		.loc 1 348 3 view .LVU136
 392 003c 0020     		movs	r0, #0
 393 003e 1877     		strb	r0, [r3, #28]
 394              		.loc 1 348 3 view .LVU137
ARM GAS  /tmp/ccqAQKKp.s 			page 14


 349:Drivers/STM32F4xx_HAL_Driver/Src/stm32f4xx_hal_rtc_ex.c **** 
 350:Drivers/STM32F4xx_HAL_Driver/Src/stm32f4xx_hal_rtc_ex.c ****   return HAL_OK;
 395              		.loc 1 350 3 view .LVU138
 396              		.loc 1 350 10 is_stmt 0 view .LVU139
 397 0040 7047     		bx	lr
 398              	.LVL24:
 399              	.L19:
 326:Drivers/STM32F4xx_HAL_Driver/Src/stm32f4xx_hal_rtc_ex.c **** 
 400              		.loc 1 326 3 discriminator 1 view .LVU140
 401 0042 0220     		movs	r0, #2
 402              	.LVL25:
 351:Drivers/STM32F4xx_HAL_Driver/Src/stm32f4xx_hal_rtc_ex.c **** }
 403              		.loc 1 351 1 view .LVU141
 404 0044 7047     		bx	lr
 405              		.cfi_endproc
 406              	.LFE241:
 408              		.section	.text.HAL_RTCEx_GetTimeStamp,"ax",%progbits
 409              		.align	1
 410              		.global	HAL_RTCEx_GetTimeStamp
 411              		.syntax unified
 412              		.thumb
 413              		.thumb_func
 415              	HAL_RTCEx_GetTimeStamp:
 416              	.LVL26:
 417              	.LFB242:
 352:Drivers/STM32F4xx_HAL_Driver/Src/stm32f4xx_hal_rtc_ex.c **** 
 353:Drivers/STM32F4xx_HAL_Driver/Src/stm32f4xx_hal_rtc_ex.c **** /**
 354:Drivers/STM32F4xx_HAL_Driver/Src/stm32f4xx_hal_rtc_ex.c ****   * @brief  Gets the RTC Timestamp value.
 355:Drivers/STM32F4xx_HAL_Driver/Src/stm32f4xx_hal_rtc_ex.c ****   * @param  hrtc pointer to a RTC_HandleTypeDef structure that contains
 356:Drivers/STM32F4xx_HAL_Driver/Src/stm32f4xx_hal_rtc_ex.c ****   *                the configuration information for RTC.
 357:Drivers/STM32F4xx_HAL_Driver/Src/stm32f4xx_hal_rtc_ex.c ****   * @param  sTimeStamp Pointer to Time structure
 358:Drivers/STM32F4xx_HAL_Driver/Src/stm32f4xx_hal_rtc_ex.c ****   * @param  sTimeStampDate Pointer to Date structure
 359:Drivers/STM32F4xx_HAL_Driver/Src/stm32f4xx_hal_rtc_ex.c ****   * @param  Format specifies the format of the entered parameters.
 360:Drivers/STM32F4xx_HAL_Driver/Src/stm32f4xx_hal_rtc_ex.c ****   *          This parameter can be one of the following values:
 361:Drivers/STM32F4xx_HAL_Driver/Src/stm32f4xx_hal_rtc_ex.c ****   *             @arg RTC_FORMAT_BIN: Binary data format
 362:Drivers/STM32F4xx_HAL_Driver/Src/stm32f4xx_hal_rtc_ex.c ****   *             @arg RTC_FORMAT_BCD: BCD data format
 363:Drivers/STM32F4xx_HAL_Driver/Src/stm32f4xx_hal_rtc_ex.c ****   * @retval HAL status
 364:Drivers/STM32F4xx_HAL_Driver/Src/stm32f4xx_hal_rtc_ex.c ****   */
 365:Drivers/STM32F4xx_HAL_Driver/Src/stm32f4xx_hal_rtc_ex.c **** HAL_StatusTypeDef HAL_RTCEx_GetTimeStamp(RTC_HandleTypeDef *hrtc, RTC_TimeTypeDef *sTimeStamp, RTC_
 366:Drivers/STM32F4xx_HAL_Driver/Src/stm32f4xx_hal_rtc_ex.c **** {
 418              		.loc 1 366 1 is_stmt 1 view -0
 419              		.cfi_startproc
 420              		@ args = 0, pretend = 0, frame = 0
 421              		@ frame_needed = 0, uses_anonymous_args = 0
 422              		.loc 1 366 1 is_stmt 0 view .LVU143
 423 0000 70B5     		push	{r4, r5, r6, lr}
 424              	.LCFI4:
 425              		.cfi_def_cfa_offset 16
 426              		.cfi_offset 4, -16
 427              		.cfi_offset 5, -12
 428              		.cfi_offset 6, -8
 429              		.cfi_offset 14, -4
 430 0002 0646     		mov	r6, r0
 431 0004 0C46     		mov	r4, r1
 432 0006 1546     		mov	r5, r2
 367:Drivers/STM32F4xx_HAL_Driver/Src/stm32f4xx_hal_rtc_ex.c ****   uint32_t tmptime = 0U;
 433              		.loc 1 367 3 is_stmt 1 view .LVU144
ARM GAS  /tmp/ccqAQKKp.s 			page 15


 434              	.LVL27:
 368:Drivers/STM32F4xx_HAL_Driver/Src/stm32f4xx_hal_rtc_ex.c ****   uint32_t tmpdate = 0U;
 435              		.loc 1 368 3 view .LVU145
 369:Drivers/STM32F4xx_HAL_Driver/Src/stm32f4xx_hal_rtc_ex.c **** 
 370:Drivers/STM32F4xx_HAL_Driver/Src/stm32f4xx_hal_rtc_ex.c ****   /* Check the parameters */
 371:Drivers/STM32F4xx_HAL_Driver/Src/stm32f4xx_hal_rtc_ex.c ****   assert_param(IS_RTC_FORMAT(Format));
 436              		.loc 1 371 3 view .LVU146
 372:Drivers/STM32F4xx_HAL_Driver/Src/stm32f4xx_hal_rtc_ex.c **** 
 373:Drivers/STM32F4xx_HAL_Driver/Src/stm32f4xx_hal_rtc_ex.c ****   /* Get the Timestamp time and date registers values */
 374:Drivers/STM32F4xx_HAL_Driver/Src/stm32f4xx_hal_rtc_ex.c ****   tmptime = (uint32_t)(hrtc->Instance->TSTR & RTC_TR_RESERVED_MASK);
 437              		.loc 1 374 3 view .LVU147
 438              		.loc 1 374 28 is_stmt 0 view .LVU148
 439 0008 0168     		ldr	r1, [r0]
 440              	.LVL28:
 441              		.loc 1 374 38 view .LVU149
 442 000a 0A6B     		ldr	r2, [r1, #48]
 443              	.LVL29:
 375:Drivers/STM32F4xx_HAL_Driver/Src/stm32f4xx_hal_rtc_ex.c ****   tmpdate = (uint32_t)(hrtc->Instance->TSDR & RTC_DR_RESERVED_MASK);
 444              		.loc 1 375 3 is_stmt 1 view .LVU150
 445              		.loc 1 375 38 is_stmt 0 view .LVU151
 446 000c 496B     		ldr	r1, [r1, #52]
 447              	.LVL30:
 376:Drivers/STM32F4xx_HAL_Driver/Src/stm32f4xx_hal_rtc_ex.c **** 
 377:Drivers/STM32F4xx_HAL_Driver/Src/stm32f4xx_hal_rtc_ex.c ****   /* Fill the Time structure fields with the read parameters */
 378:Drivers/STM32F4xx_HAL_Driver/Src/stm32f4xx_hal_rtc_ex.c ****   sTimeStamp->Hours      = (uint8_t)((tmptime & (RTC_TSTR_HT  | RTC_TSTR_HU))  >> RTC_TSTR_HU_Pos);
 448              		.loc 1 378 3 is_stmt 1 view .LVU152
 449              		.loc 1 378 28 is_stmt 0 view .LVU153
 450 000e C2F30540 		ubfx	r0, r2, #16, #6
 451              	.LVL31:
 452              		.loc 1 378 26 view .LVU154
 453 0012 2070     		strb	r0, [r4]
 379:Drivers/STM32F4xx_HAL_Driver/Src/stm32f4xx_hal_rtc_ex.c ****   sTimeStamp->Minutes    = (uint8_t)((tmptime & (RTC_TSTR_MNT | RTC_TSTR_MNU)) >> RTC_TSTR_MNU_Pos)
 454              		.loc 1 379 3 is_stmt 1 view .LVU155
 455              		.loc 1 379 28 is_stmt 0 view .LVU156
 456 0014 C2F30620 		ubfx	r0, r2, #8, #7
 457              		.loc 1 379 26 view .LVU157
 458 0018 6070     		strb	r0, [r4, #1]
 380:Drivers/STM32F4xx_HAL_Driver/Src/stm32f4xx_hal_rtc_ex.c ****   sTimeStamp->Seconds    = (uint8_t)((tmptime & (RTC_TSTR_ST  | RTC_TSTR_SU))  >> RTC_TSTR_SU_Pos);
 459              		.loc 1 380 3 is_stmt 1 view .LVU158
 460              		.loc 1 380 28 is_stmt 0 view .LVU159
 461 001a 02F07F00 		and	r0, r2, #127
 462              		.loc 1 380 26 view .LVU160
 463 001e A070     		strb	r0, [r4, #2]
 381:Drivers/STM32F4xx_HAL_Driver/Src/stm32f4xx_hal_rtc_ex.c ****   sTimeStamp->TimeFormat = (uint8_t)((tmptime & (RTC_TSTR_PM))                 >> RTC_TSTR_PM_Pos);
 464              		.loc 1 381 3 is_stmt 1 view .LVU161
 465              		.loc 1 381 28 is_stmt 0 view .LVU162
 466 0020 C2F38052 		ubfx	r2, r2, #22, #1
 467              	.LVL32:
 468              		.loc 1 381 26 view .LVU163
 469 0024 E270     		strb	r2, [r4, #3]
 382:Drivers/STM32F4xx_HAL_Driver/Src/stm32f4xx_hal_rtc_ex.c ****   sTimeStamp->SubSeconds = (uint32_t) hrtc->Instance->TSSSR;
 470              		.loc 1 382 3 is_stmt 1 view .LVU164
 471              		.loc 1 382 43 is_stmt 0 view .LVU165
 472 0026 3268     		ldr	r2, [r6]
 473              		.loc 1 382 53 view .LVU166
 474 0028 926B     		ldr	r2, [r2, #56]
 475              		.loc 1 382 26 view .LVU167
ARM GAS  /tmp/ccqAQKKp.s 			page 16


 476 002a 6260     		str	r2, [r4, #4]
 383:Drivers/STM32F4xx_HAL_Driver/Src/stm32f4xx_hal_rtc_ex.c **** 
 384:Drivers/STM32F4xx_HAL_Driver/Src/stm32f4xx_hal_rtc_ex.c ****   /* Fill the Date structure fields with the read parameters */
 385:Drivers/STM32F4xx_HAL_Driver/Src/stm32f4xx_hal_rtc_ex.c ****   sTimeStampDate->Year    = 0U;
 477              		.loc 1 385 3 is_stmt 1 view .LVU168
 478              		.loc 1 385 27 is_stmt 0 view .LVU169
 479 002c 0022     		movs	r2, #0
 480 002e EA70     		strb	r2, [r5, #3]
 386:Drivers/STM32F4xx_HAL_Driver/Src/stm32f4xx_hal_rtc_ex.c ****   sTimeStampDate->Month   = (uint8_t)((tmpdate & (RTC_TSDR_MT | RTC_TSDR_MU)) >> RTC_TSDR_MU_Pos);
 481              		.loc 1 386 3 is_stmt 1 view .LVU170
 482              		.loc 1 386 29 is_stmt 0 view .LVU171
 483 0030 C1F30422 		ubfx	r2, r1, #8, #5
 484              		.loc 1 386 27 view .LVU172
 485 0034 6A70     		strb	r2, [r5, #1]
 387:Drivers/STM32F4xx_HAL_Driver/Src/stm32f4xx_hal_rtc_ex.c ****   sTimeStampDate->Date    = (uint8_t)((tmpdate & (RTC_TSDR_DT | RTC_TSDR_DU)) >> RTC_TSDR_DU_Pos);
 486              		.loc 1 387 3 is_stmt 1 view .LVU173
 487              		.loc 1 387 29 is_stmt 0 view .LVU174
 488 0036 01F03F02 		and	r2, r1, #63
 489              		.loc 1 387 27 view .LVU175
 490 003a AA70     		strb	r2, [r5, #2]
 388:Drivers/STM32F4xx_HAL_Driver/Src/stm32f4xx_hal_rtc_ex.c ****   sTimeStampDate->WeekDay = (uint8_t)((tmpdate & (RTC_TSDR_WDU))              >> RTC_TSDR_WDU_Pos);
 491              		.loc 1 388 3 is_stmt 1 view .LVU176
 492              		.loc 1 388 29 is_stmt 0 view .LVU177
 493 003c C1F34231 		ubfx	r1, r1, #13, #3
 494              	.LVL33:
 495              		.loc 1 388 27 view .LVU178
 496 0040 2970     		strb	r1, [r5]
 389:Drivers/STM32F4xx_HAL_Driver/Src/stm32f4xx_hal_rtc_ex.c **** 
 390:Drivers/STM32F4xx_HAL_Driver/Src/stm32f4xx_hal_rtc_ex.c ****   /* Check the input parameters format */
 391:Drivers/STM32F4xx_HAL_Driver/Src/stm32f4xx_hal_rtc_ex.c ****   if (Format == RTC_FORMAT_BIN)
 497              		.loc 1 391 3 is_stmt 1 view .LVU179
 498              		.loc 1 391 6 is_stmt 0 view .LVU180
 499 0042 3BB1     		cbz	r3, .L23
 500              	.LVL34:
 501              	.L21:
 392:Drivers/STM32F4xx_HAL_Driver/Src/stm32f4xx_hal_rtc_ex.c ****   {
 393:Drivers/STM32F4xx_HAL_Driver/Src/stm32f4xx_hal_rtc_ex.c ****     /* Convert the Timestamp structure parameters to Binary format */
 394:Drivers/STM32F4xx_HAL_Driver/Src/stm32f4xx_hal_rtc_ex.c ****     sTimeStamp->Hours   = (uint8_t)RTC_Bcd2ToByte(sTimeStamp->Hours);
 395:Drivers/STM32F4xx_HAL_Driver/Src/stm32f4xx_hal_rtc_ex.c ****     sTimeStamp->Minutes = (uint8_t)RTC_Bcd2ToByte(sTimeStamp->Minutes);
 396:Drivers/STM32F4xx_HAL_Driver/Src/stm32f4xx_hal_rtc_ex.c ****     sTimeStamp->Seconds = (uint8_t)RTC_Bcd2ToByte(sTimeStamp->Seconds);
 397:Drivers/STM32F4xx_HAL_Driver/Src/stm32f4xx_hal_rtc_ex.c **** 
 398:Drivers/STM32F4xx_HAL_Driver/Src/stm32f4xx_hal_rtc_ex.c ****     /* Convert the DateTimeStamp structure parameters to Binary format */
 399:Drivers/STM32F4xx_HAL_Driver/Src/stm32f4xx_hal_rtc_ex.c ****     sTimeStampDate->Month   = (uint8_t)RTC_Bcd2ToByte(sTimeStampDate->Month);
 400:Drivers/STM32F4xx_HAL_Driver/Src/stm32f4xx_hal_rtc_ex.c ****     sTimeStampDate->Date    = (uint8_t)RTC_Bcd2ToByte(sTimeStampDate->Date);
 401:Drivers/STM32F4xx_HAL_Driver/Src/stm32f4xx_hal_rtc_ex.c ****     sTimeStampDate->WeekDay = (uint8_t)RTC_Bcd2ToByte(sTimeStampDate->WeekDay);
 402:Drivers/STM32F4xx_HAL_Driver/Src/stm32f4xx_hal_rtc_ex.c ****   }
 403:Drivers/STM32F4xx_HAL_Driver/Src/stm32f4xx_hal_rtc_ex.c **** 
 404:Drivers/STM32F4xx_HAL_Driver/Src/stm32f4xx_hal_rtc_ex.c ****   /* Clear the Timestamp Flag */
 405:Drivers/STM32F4xx_HAL_Driver/Src/stm32f4xx_hal_rtc_ex.c ****   __HAL_RTC_TIMESTAMP_CLEAR_FLAG(hrtc, RTC_FLAG_TSF);
 502              		.loc 1 405 3 is_stmt 1 view .LVU181
 503 0044 3268     		ldr	r2, [r6]
 504 0046 D368     		ldr	r3, [r2, #12]
 505 0048 DBB2     		uxtb	r3, r3
 506 004a 63F40863 		orn	r3, r3, #2176
 507 004e D360     		str	r3, [r2, #12]
 406:Drivers/STM32F4xx_HAL_Driver/Src/stm32f4xx_hal_rtc_ex.c **** 
 407:Drivers/STM32F4xx_HAL_Driver/Src/stm32f4xx_hal_rtc_ex.c ****   return HAL_OK;
ARM GAS  /tmp/ccqAQKKp.s 			page 17


 508              		.loc 1 407 3 view .LVU182
 408:Drivers/STM32F4xx_HAL_Driver/Src/stm32f4xx_hal_rtc_ex.c **** }
 509              		.loc 1 408 1 is_stmt 0 view .LVU183
 510 0050 0020     		movs	r0, #0
 511 0052 70BD     		pop	{r4, r5, r6, pc}
 512              	.LVL35:
 513              	.L23:
 394:Drivers/STM32F4xx_HAL_Driver/Src/stm32f4xx_hal_rtc_ex.c ****     sTimeStamp->Minutes = (uint8_t)RTC_Bcd2ToByte(sTimeStamp->Minutes);
 514              		.loc 1 394 5 is_stmt 1 view .LVU184
 394:Drivers/STM32F4xx_HAL_Driver/Src/stm32f4xx_hal_rtc_ex.c ****     sTimeStamp->Minutes = (uint8_t)RTC_Bcd2ToByte(sTimeStamp->Minutes);
 515              		.loc 1 394 36 is_stmt 0 view .LVU185
 516 0054 2078     		ldrb	r0, [r4]	@ zero_extendqisi2
 517 0056 FFF7FEFF 		bl	RTC_Bcd2ToByte
 518              	.LVL36:
 394:Drivers/STM32F4xx_HAL_Driver/Src/stm32f4xx_hal_rtc_ex.c ****     sTimeStamp->Minutes = (uint8_t)RTC_Bcd2ToByte(sTimeStamp->Minutes);
 519              		.loc 1 394 25 discriminator 1 view .LVU186
 520 005a 2070     		strb	r0, [r4]
 395:Drivers/STM32F4xx_HAL_Driver/Src/stm32f4xx_hal_rtc_ex.c ****     sTimeStamp->Seconds = (uint8_t)RTC_Bcd2ToByte(sTimeStamp->Seconds);
 521              		.loc 1 395 5 is_stmt 1 view .LVU187
 395:Drivers/STM32F4xx_HAL_Driver/Src/stm32f4xx_hal_rtc_ex.c ****     sTimeStamp->Seconds = (uint8_t)RTC_Bcd2ToByte(sTimeStamp->Seconds);
 522              		.loc 1 395 36 is_stmt 0 view .LVU188
 523 005c 6078     		ldrb	r0, [r4, #1]	@ zero_extendqisi2
 524 005e FFF7FEFF 		bl	RTC_Bcd2ToByte
 525              	.LVL37:
 395:Drivers/STM32F4xx_HAL_Driver/Src/stm32f4xx_hal_rtc_ex.c ****     sTimeStamp->Seconds = (uint8_t)RTC_Bcd2ToByte(sTimeStamp->Seconds);
 526              		.loc 1 395 25 discriminator 1 view .LVU189
 527 0062 6070     		strb	r0, [r4, #1]
 396:Drivers/STM32F4xx_HAL_Driver/Src/stm32f4xx_hal_rtc_ex.c **** 
 528              		.loc 1 396 5 is_stmt 1 view .LVU190
 396:Drivers/STM32F4xx_HAL_Driver/Src/stm32f4xx_hal_rtc_ex.c **** 
 529              		.loc 1 396 36 is_stmt 0 view .LVU191
 530 0064 A078     		ldrb	r0, [r4, #2]	@ zero_extendqisi2
 531 0066 FFF7FEFF 		bl	RTC_Bcd2ToByte
 532              	.LVL38:
 396:Drivers/STM32F4xx_HAL_Driver/Src/stm32f4xx_hal_rtc_ex.c **** 
 533              		.loc 1 396 25 discriminator 1 view .LVU192
 534 006a A070     		strb	r0, [r4, #2]
 399:Drivers/STM32F4xx_HAL_Driver/Src/stm32f4xx_hal_rtc_ex.c ****     sTimeStampDate->Date    = (uint8_t)RTC_Bcd2ToByte(sTimeStampDate->Date);
 535              		.loc 1 399 5 is_stmt 1 view .LVU193
 399:Drivers/STM32F4xx_HAL_Driver/Src/stm32f4xx_hal_rtc_ex.c ****     sTimeStampDate->Date    = (uint8_t)RTC_Bcd2ToByte(sTimeStampDate->Date);
 536              		.loc 1 399 40 is_stmt 0 view .LVU194
 537 006c 6878     		ldrb	r0, [r5, #1]	@ zero_extendqisi2
 538 006e FFF7FEFF 		bl	RTC_Bcd2ToByte
 539              	.LVL39:
 399:Drivers/STM32F4xx_HAL_Driver/Src/stm32f4xx_hal_rtc_ex.c ****     sTimeStampDate->Date    = (uint8_t)RTC_Bcd2ToByte(sTimeStampDate->Date);
 540              		.loc 1 399 29 discriminator 1 view .LVU195
 541 0072 6870     		strb	r0, [r5, #1]
 400:Drivers/STM32F4xx_HAL_Driver/Src/stm32f4xx_hal_rtc_ex.c ****     sTimeStampDate->WeekDay = (uint8_t)RTC_Bcd2ToByte(sTimeStampDate->WeekDay);
 542              		.loc 1 400 5 is_stmt 1 view .LVU196
 400:Drivers/STM32F4xx_HAL_Driver/Src/stm32f4xx_hal_rtc_ex.c ****     sTimeStampDate->WeekDay = (uint8_t)RTC_Bcd2ToByte(sTimeStampDate->WeekDay);
 543              		.loc 1 400 40 is_stmt 0 view .LVU197
 544 0074 A878     		ldrb	r0, [r5, #2]	@ zero_extendqisi2
 545 0076 FFF7FEFF 		bl	RTC_Bcd2ToByte
 546              	.LVL40:
 400:Drivers/STM32F4xx_HAL_Driver/Src/stm32f4xx_hal_rtc_ex.c ****     sTimeStampDate->WeekDay = (uint8_t)RTC_Bcd2ToByte(sTimeStampDate->WeekDay);
 547              		.loc 1 400 29 discriminator 1 view .LVU198
 548 007a A870     		strb	r0, [r5, #2]
ARM GAS  /tmp/ccqAQKKp.s 			page 18


 401:Drivers/STM32F4xx_HAL_Driver/Src/stm32f4xx_hal_rtc_ex.c ****   }
 549              		.loc 1 401 5 is_stmt 1 view .LVU199
 401:Drivers/STM32F4xx_HAL_Driver/Src/stm32f4xx_hal_rtc_ex.c ****   }
 550              		.loc 1 401 40 is_stmt 0 view .LVU200
 551 007c 2878     		ldrb	r0, [r5]	@ zero_extendqisi2
 552 007e FFF7FEFF 		bl	RTC_Bcd2ToByte
 553              	.LVL41:
 401:Drivers/STM32F4xx_HAL_Driver/Src/stm32f4xx_hal_rtc_ex.c ****   }
 554              		.loc 1 401 29 discriminator 1 view .LVU201
 555 0082 2870     		strb	r0, [r5]
 556 0084 DEE7     		b	.L21
 557              		.cfi_endproc
 558              	.LFE242:
 560              		.section	.text.HAL_RTCEx_SetTamper,"ax",%progbits
 561              		.align	1
 562              		.global	HAL_RTCEx_SetTamper
 563              		.syntax unified
 564              		.thumb
 565              		.thumb_func
 567              	HAL_RTCEx_SetTamper:
 568              	.LVL42:
 569              	.LFB243:
 409:Drivers/STM32F4xx_HAL_Driver/Src/stm32f4xx_hal_rtc_ex.c **** 
 410:Drivers/STM32F4xx_HAL_Driver/Src/stm32f4xx_hal_rtc_ex.c **** /**
 411:Drivers/STM32F4xx_HAL_Driver/Src/stm32f4xx_hal_rtc_ex.c ****   * @brief  Sets Tamper.
 412:Drivers/STM32F4xx_HAL_Driver/Src/stm32f4xx_hal_rtc_ex.c ****   * @note   By calling this API the tamper global interrupt will be disabled.
 413:Drivers/STM32F4xx_HAL_Driver/Src/stm32f4xx_hal_rtc_ex.c ****   * @param  hrtc pointer to a RTC_HandleTypeDef structure that contains
 414:Drivers/STM32F4xx_HAL_Driver/Src/stm32f4xx_hal_rtc_ex.c ****   *                the configuration information for RTC.
 415:Drivers/STM32F4xx_HAL_Driver/Src/stm32f4xx_hal_rtc_ex.c ****   * @param  sTamper Pointer to Tamper Structure.
 416:Drivers/STM32F4xx_HAL_Driver/Src/stm32f4xx_hal_rtc_ex.c ****   * @retval HAL status
 417:Drivers/STM32F4xx_HAL_Driver/Src/stm32f4xx_hal_rtc_ex.c ****   */
 418:Drivers/STM32F4xx_HAL_Driver/Src/stm32f4xx_hal_rtc_ex.c **** HAL_StatusTypeDef HAL_RTCEx_SetTamper(RTC_HandleTypeDef *hrtc, RTC_TamperTypeDef *sTamper)
 419:Drivers/STM32F4xx_HAL_Driver/Src/stm32f4xx_hal_rtc_ex.c **** {
 570              		.loc 1 419 1 is_stmt 1 view -0
 571              		.cfi_startproc
 572              		@ args = 0, pretend = 0, frame = 0
 573              		@ frame_needed = 0, uses_anonymous_args = 0
 574              		@ link register save eliminated.
 420:Drivers/STM32F4xx_HAL_Driver/Src/stm32f4xx_hal_rtc_ex.c ****   uint32_t tmpreg = 0U;
 575              		.loc 1 420 3 view .LVU203
 421:Drivers/STM32F4xx_HAL_Driver/Src/stm32f4xx_hal_rtc_ex.c **** 
 422:Drivers/STM32F4xx_HAL_Driver/Src/stm32f4xx_hal_rtc_ex.c ****   /* Check the parameters */
 423:Drivers/STM32F4xx_HAL_Driver/Src/stm32f4xx_hal_rtc_ex.c ****   assert_param(IS_RTC_TAMPER(sTamper->Tamper));
 576              		.loc 1 423 3 view .LVU204
 424:Drivers/STM32F4xx_HAL_Driver/Src/stm32f4xx_hal_rtc_ex.c ****   assert_param(IS_RTC_TAMPER_PIN(sTamper->PinSelection));
 577              		.loc 1 424 3 view .LVU205
 425:Drivers/STM32F4xx_HAL_Driver/Src/stm32f4xx_hal_rtc_ex.c ****   assert_param(IS_RTC_TAMPER_TRIGGER(sTamper->Trigger));
 578              		.loc 1 425 3 view .LVU206
 426:Drivers/STM32F4xx_HAL_Driver/Src/stm32f4xx_hal_rtc_ex.c ****   assert_param(IS_RTC_TAMPER_FILTER(sTamper->Filter));
 579              		.loc 1 426 3 view .LVU207
 427:Drivers/STM32F4xx_HAL_Driver/Src/stm32f4xx_hal_rtc_ex.c ****   assert_param(IS_RTC_TAMPER_FILTER_CONFIG_CORRECT(sTamper->Filter, sTamper->Trigger));
 580              		.loc 1 427 3 view .LVU208
 428:Drivers/STM32F4xx_HAL_Driver/Src/stm32f4xx_hal_rtc_ex.c ****   assert_param(IS_RTC_TAMPER_SAMPLING_FREQ(sTamper->SamplingFrequency));
 581              		.loc 1 428 3 view .LVU209
 429:Drivers/STM32F4xx_HAL_Driver/Src/stm32f4xx_hal_rtc_ex.c ****   assert_param(IS_RTC_TAMPER_PRECHARGE_DURATION(sTamper->PrechargeDuration));
 582              		.loc 1 429 3 view .LVU210
 430:Drivers/STM32F4xx_HAL_Driver/Src/stm32f4xx_hal_rtc_ex.c ****   assert_param(IS_RTC_TAMPER_PULLUP_STATE(sTamper->TamperPullUp));
ARM GAS  /tmp/ccqAQKKp.s 			page 19


 583              		.loc 1 430 3 view .LVU211
 431:Drivers/STM32F4xx_HAL_Driver/Src/stm32f4xx_hal_rtc_ex.c ****   assert_param(IS_RTC_TAMPER_TIMESTAMPONTAMPER_DETECTION(sTamper->TimeStampOnTamperDetection));
 584              		.loc 1 431 3 view .LVU212
 432:Drivers/STM32F4xx_HAL_Driver/Src/stm32f4xx_hal_rtc_ex.c **** 
 433:Drivers/STM32F4xx_HAL_Driver/Src/stm32f4xx_hal_rtc_ex.c ****   /* Process Locked */
 434:Drivers/STM32F4xx_HAL_Driver/Src/stm32f4xx_hal_rtc_ex.c ****   __HAL_LOCK(hrtc);
 585              		.loc 1 434 3 view .LVU213
 586              		.loc 1 434 3 view .LVU214
 587 0000 037F     		ldrb	r3, [r0, #28]	@ zero_extendqisi2
 588 0002 012B     		cmp	r3, #1
 589 0004 28D0     		beq	.L28
 419:Drivers/STM32F4xx_HAL_Driver/Src/stm32f4xx_hal_rtc_ex.c ****   uint32_t tmpreg = 0U;
 590              		.loc 1 419 1 is_stmt 0 view .LVU215
 591 0006 30B4     		push	{r4, r5}
 592              	.LCFI5:
 593              		.cfi_def_cfa_offset 8
 594              		.cfi_offset 4, -8
 595              		.cfi_offset 5, -4
 596 0008 0246     		mov	r2, r0
 597              		.loc 1 434 3 is_stmt 1 discriminator 2 view .LVU216
 598 000a 0123     		movs	r3, #1
 599 000c 0377     		strb	r3, [r0, #28]
 600              		.loc 1 434 3 view .LVU217
 435:Drivers/STM32F4xx_HAL_Driver/Src/stm32f4xx_hal_rtc_ex.c **** 
 436:Drivers/STM32F4xx_HAL_Driver/Src/stm32f4xx_hal_rtc_ex.c ****   hrtc->State = HAL_RTC_STATE_BUSY;
 601              		.loc 1 436 3 view .LVU218
 602              		.loc 1 436 15 is_stmt 0 view .LVU219
 603 000e 0223     		movs	r3, #2
 604 0010 4377     		strb	r3, [r0, #29]
 437:Drivers/STM32F4xx_HAL_Driver/Src/stm32f4xx_hal_rtc_ex.c **** 
 438:Drivers/STM32F4xx_HAL_Driver/Src/stm32f4xx_hal_rtc_ex.c ****   /* Copy control register into temporary variable */
 439:Drivers/STM32F4xx_HAL_Driver/Src/stm32f4xx_hal_rtc_ex.c ****   tmpreg = hrtc->Instance->TAFCR;
 605              		.loc 1 439 3 is_stmt 1 view .LVU220
 606              		.loc 1 439 16 is_stmt 0 view .LVU221
 607 0012 0468     		ldr	r4, [r0]
 608              		.loc 1 439 10 view .LVU222
 609 0014 206C     		ldr	r0, [r4, #64]
 610              	.LVL43:
 440:Drivers/STM32F4xx_HAL_Driver/Src/stm32f4xx_hal_rtc_ex.c **** 
 441:Drivers/STM32F4xx_HAL_Driver/Src/stm32f4xx_hal_rtc_ex.c ****   /* Enable selected tamper */
 442:Drivers/STM32F4xx_HAL_Driver/Src/stm32f4xx_hal_rtc_ex.c ****   tmpreg |= (sTamper->Tamper);
 611              		.loc 1 442 3 is_stmt 1 view .LVU223
 612              		.loc 1 442 21 is_stmt 0 view .LVU224
 613 0016 0D68     		ldr	r5, [r1]
 614              		.loc 1 442 10 view .LVU225
 615 0018 2843     		orrs	r0, r0, r5
 616              	.LVL44:
 443:Drivers/STM32F4xx_HAL_Driver/Src/stm32f4xx_hal_rtc_ex.c **** 
 444:Drivers/STM32F4xx_HAL_Driver/Src/stm32f4xx_hal_rtc_ex.c ****   /* Configure the tamper trigger bit (this bit is just on the right of the
 445:Drivers/STM32F4xx_HAL_Driver/Src/stm32f4xx_hal_rtc_ex.c ****        tamper enable bit, hence the one-time right shift before updating it) */
 446:Drivers/STM32F4xx_HAL_Driver/Src/stm32f4xx_hal_rtc_ex.c ****   if (sTamper->Trigger == RTC_TAMPERTRIGGER_FALLINGEDGE)
 617              		.loc 1 446 3 is_stmt 1 view .LVU226
 618              		.loc 1 446 14 is_stmt 0 view .LVU227
 619 001a 8B68     		ldr	r3, [r1, #8]
 620              		.loc 1 446 6 view .LVU228
 621 001c 022B     		cmp	r3, #2
 622 001e 18D0     		beq	.L33
ARM GAS  /tmp/ccqAQKKp.s 			page 20


 447:Drivers/STM32F4xx_HAL_Driver/Src/stm32f4xx_hal_rtc_ex.c ****   {
 448:Drivers/STM32F4xx_HAL_Driver/Src/stm32f4xx_hal_rtc_ex.c ****     /* Set the tamper trigger bit (case of falling edge or high level) */
 449:Drivers/STM32F4xx_HAL_Driver/Src/stm32f4xx_hal_rtc_ex.c ****     tmpreg |= (uint32_t)(sTamper->Tamper << 1U);
 450:Drivers/STM32F4xx_HAL_Driver/Src/stm32f4xx_hal_rtc_ex.c ****   }
 451:Drivers/STM32F4xx_HAL_Driver/Src/stm32f4xx_hal_rtc_ex.c ****   else
 452:Drivers/STM32F4xx_HAL_Driver/Src/stm32f4xx_hal_rtc_ex.c ****   {
 453:Drivers/STM32F4xx_HAL_Driver/Src/stm32f4xx_hal_rtc_ex.c ****     /* Clear the tamper trigger bit (case of rising edge or low level) */
 454:Drivers/STM32F4xx_HAL_Driver/Src/stm32f4xx_hal_rtc_ex.c ****     tmpreg &= (uint32_t)~(sTamper->Tamper << 1U);
 623              		.loc 1 454 5 is_stmt 1 view .LVU229
 624              		.loc 1 454 12 is_stmt 0 view .LVU230
 625 0020 20EA4500 		bic	r0, r0, r5, lsl #1
 626              	.LVL45:
 627              	.L27:
 455:Drivers/STM32F4xx_HAL_Driver/Src/stm32f4xx_hal_rtc_ex.c ****   }
 456:Drivers/STM32F4xx_HAL_Driver/Src/stm32f4xx_hal_rtc_ex.c **** 
 457:Drivers/STM32F4xx_HAL_Driver/Src/stm32f4xx_hal_rtc_ex.c ****   /* Clear remaining fields before setting them */
 458:Drivers/STM32F4xx_HAL_Driver/Src/stm32f4xx_hal_rtc_ex.c ****   tmpreg &= ~(RTC_TAMPERFILTER_MASK              | \
 628              		.loc 1 458 3 is_stmt 1 view .LVU231
 629              		.loc 1 458 10 is_stmt 0 view .LVU232
 630 0024 6FF3D010 		bfc	r0, #7, #10
 631              	.LVL46:
 459:Drivers/STM32F4xx_HAL_Driver/Src/stm32f4xx_hal_rtc_ex.c ****               RTC_TAMPERSAMPLINGFREQ_RTCCLK_MASK | \
 460:Drivers/STM32F4xx_HAL_Driver/Src/stm32f4xx_hal_rtc_ex.c ****               RTC_TAMPERPRECHARGEDURATION_MASK   | \
 461:Drivers/STM32F4xx_HAL_Driver/Src/stm32f4xx_hal_rtc_ex.c ****               RTC_TAMPER_PULLUP_MASK             | \
 462:Drivers/STM32F4xx_HAL_Driver/Src/stm32f4xx_hal_rtc_ex.c ****               RTC_TAFCR_TAMP1INSEL               | \
 463:Drivers/STM32F4xx_HAL_Driver/Src/stm32f4xx_hal_rtc_ex.c ****               RTC_TIMESTAMPONTAMPERDETECTION_MASK);
 464:Drivers/STM32F4xx_HAL_Driver/Src/stm32f4xx_hal_rtc_ex.c **** 
 465:Drivers/STM32F4xx_HAL_Driver/Src/stm32f4xx_hal_rtc_ex.c ****   /* Set remaining parameters of desired configuration into temporary variable */
 466:Drivers/STM32F4xx_HAL_Driver/Src/stm32f4xx_hal_rtc_ex.c ****   tmpreg |= ((uint32_t)sTamper->Filter            | \
 632              		.loc 1 466 3 is_stmt 1 view .LVU233
 633              		.loc 1 466 31 is_stmt 0 view .LVU234
 634 0028 CB68     		ldr	r3, [r1, #12]
 467:Drivers/STM32F4xx_HAL_Driver/Src/stm32f4xx_hal_rtc_ex.c ****              (uint32_t)sTamper->SamplingFrequency | \
 635              		.loc 1 467 31 view .LVU235
 636 002a 0D69     		ldr	r5, [r1, #16]
 466:Drivers/STM32F4xx_HAL_Driver/Src/stm32f4xx_hal_rtc_ex.c ****              (uint32_t)sTamper->SamplingFrequency | \
 637              		.loc 1 466 51 view .LVU236
 638 002c 2B43     		orrs	r3, r3, r5
 468:Drivers/STM32F4xx_HAL_Driver/Src/stm32f4xx_hal_rtc_ex.c ****              (uint32_t)sTamper->PrechargeDuration | \
 639              		.loc 1 468 31 view .LVU237
 640 002e 4D69     		ldr	r5, [r1, #20]
 467:Drivers/STM32F4xx_HAL_Driver/Src/stm32f4xx_hal_rtc_ex.c ****              (uint32_t)sTamper->SamplingFrequency | \
 641              		.loc 1 467 51 view .LVU238
 642 0030 2B43     		orrs	r3, r3, r5
 469:Drivers/STM32F4xx_HAL_Driver/Src/stm32f4xx_hal_rtc_ex.c ****              (uint32_t)sTamper->TamperPullUp      | \
 643              		.loc 1 469 31 view .LVU239
 644 0032 8D69     		ldr	r5, [r1, #24]
 468:Drivers/STM32F4xx_HAL_Driver/Src/stm32f4xx_hal_rtc_ex.c ****              (uint32_t)sTamper->PrechargeDuration | \
 645              		.loc 1 468 51 view .LVU240
 646 0034 2B43     		orrs	r3, r3, r5
 470:Drivers/STM32F4xx_HAL_Driver/Src/stm32f4xx_hal_rtc_ex.c ****              (uint32_t)sTamper->PinSelection      | \
 647              		.loc 1 470 31 view .LVU241
 648 0036 4D68     		ldr	r5, [r1, #4]
 469:Drivers/STM32F4xx_HAL_Driver/Src/stm32f4xx_hal_rtc_ex.c ****              (uint32_t)sTamper->TamperPullUp      | \
 649              		.loc 1 469 51 view .LVU242
 650 0038 2B43     		orrs	r3, r3, r5
 471:Drivers/STM32F4xx_HAL_Driver/Src/stm32f4xx_hal_rtc_ex.c ****              (uint32_t)sTamper->TimeStampOnTamperDetection);
ARM GAS  /tmp/ccqAQKKp.s 			page 21


 651              		.loc 1 471 31 view .LVU243
 652 003a C969     		ldr	r1, [r1, #28]
 653              	.LVL47:
 470:Drivers/STM32F4xx_HAL_Driver/Src/stm32f4xx_hal_rtc_ex.c ****              (uint32_t)sTamper->PinSelection      | \
 654              		.loc 1 470 51 view .LVU244
 655 003c 0B43     		orrs	r3, r3, r1
 466:Drivers/STM32F4xx_HAL_Driver/Src/stm32f4xx_hal_rtc_ex.c ****              (uint32_t)sTamper->SamplingFrequency | \
 656              		.loc 1 466 10 view .LVU245
 657 003e 0343     		orrs	r3, r3, r0
 658              	.LVL48:
 472:Drivers/STM32F4xx_HAL_Driver/Src/stm32f4xx_hal_rtc_ex.c **** 
 473:Drivers/STM32F4xx_HAL_Driver/Src/stm32f4xx_hal_rtc_ex.c ****   /* Disable tamper global interrupt in case it is enabled */
 474:Drivers/STM32F4xx_HAL_Driver/Src/stm32f4xx_hal_rtc_ex.c ****   tmpreg &= (uint32_t)~RTC_TAFCR_TAMPIE;
 659              		.loc 1 474 3 is_stmt 1 view .LVU246
 660              		.loc 1 474 10 is_stmt 0 view .LVU247
 661 0040 23F00403 		bic	r3, r3, #4
 662              	.LVL49:
 475:Drivers/STM32F4xx_HAL_Driver/Src/stm32f4xx_hal_rtc_ex.c **** 
 476:Drivers/STM32F4xx_HAL_Driver/Src/stm32f4xx_hal_rtc_ex.c ****   /* Copy desired configuration into configuration register */
 477:Drivers/STM32F4xx_HAL_Driver/Src/stm32f4xx_hal_rtc_ex.c ****   hrtc->Instance->TAFCR = tmpreg;
 663              		.loc 1 477 3 is_stmt 1 view .LVU248
 664              		.loc 1 477 25 is_stmt 0 view .LVU249
 665 0044 2364     		str	r3, [r4, #64]
 478:Drivers/STM32F4xx_HAL_Driver/Src/stm32f4xx_hal_rtc_ex.c **** 
 479:Drivers/STM32F4xx_HAL_Driver/Src/stm32f4xx_hal_rtc_ex.c ****   hrtc->State = HAL_RTC_STATE_READY;
 666              		.loc 1 479 3 is_stmt 1 view .LVU250
 667              		.loc 1 479 15 is_stmt 0 view .LVU251
 668 0046 0123     		movs	r3, #1
 669              	.LVL50:
 670              		.loc 1 479 15 view .LVU252
 671 0048 5377     		strb	r3, [r2, #29]
 672              	.LVL51:
 480:Drivers/STM32F4xx_HAL_Driver/Src/stm32f4xx_hal_rtc_ex.c **** 
 481:Drivers/STM32F4xx_HAL_Driver/Src/stm32f4xx_hal_rtc_ex.c ****   /* Process Unlocked */
 482:Drivers/STM32F4xx_HAL_Driver/Src/stm32f4xx_hal_rtc_ex.c ****   __HAL_UNLOCK(hrtc);
 673              		.loc 1 482 3 is_stmt 1 view .LVU253
 674              		.loc 1 482 3 view .LVU254
 675 004a 0020     		movs	r0, #0
 676 004c 1077     		strb	r0, [r2, #28]
 677              		.loc 1 482 3 view .LVU255
 483:Drivers/STM32F4xx_HAL_Driver/Src/stm32f4xx_hal_rtc_ex.c **** 
 484:Drivers/STM32F4xx_HAL_Driver/Src/stm32f4xx_hal_rtc_ex.c ****   return HAL_OK;
 678              		.loc 1 484 3 view .LVU256
 485:Drivers/STM32F4xx_HAL_Driver/Src/stm32f4xx_hal_rtc_ex.c **** }
 679              		.loc 1 485 1 is_stmt 0 view .LVU257
 680 004e 30BC     		pop	{r4, r5}
 681              	.LCFI6:
 682              		.cfi_remember_state
 683              		.cfi_restore 5
 684              		.cfi_restore 4
 685              		.cfi_def_cfa_offset 0
 686 0050 7047     		bx	lr
 687              	.LVL52:
 688              	.L33:
 689              	.LCFI7:
 690              		.cfi_restore_state
 449:Drivers/STM32F4xx_HAL_Driver/Src/stm32f4xx_hal_rtc_ex.c ****   }
ARM GAS  /tmp/ccqAQKKp.s 			page 22


 691              		.loc 1 449 5 is_stmt 1 view .LVU258
 449:Drivers/STM32F4xx_HAL_Driver/Src/stm32f4xx_hal_rtc_ex.c ****   }
 692              		.loc 1 449 12 is_stmt 0 view .LVU259
 693 0052 40EA4500 		orr	r0, r0, r5, lsl #1
 694              	.LVL53:
 449:Drivers/STM32F4xx_HAL_Driver/Src/stm32f4xx_hal_rtc_ex.c ****   }
 695              		.loc 1 449 12 view .LVU260
 696 0056 E5E7     		b	.L27
 697              	.LVL54:
 698              	.L28:
 699              	.LCFI8:
 700              		.cfi_def_cfa_offset 0
 701              		.cfi_restore 4
 702              		.cfi_restore 5
 434:Drivers/STM32F4xx_HAL_Driver/Src/stm32f4xx_hal_rtc_ex.c **** 
 703              		.loc 1 434 3 discriminator 1 view .LVU261
 704 0058 0220     		movs	r0, #2
 705              	.LVL55:
 706              		.loc 1 485 1 view .LVU262
 707 005a 7047     		bx	lr
 708              		.cfi_endproc
 709              	.LFE243:
 711              		.section	.text.HAL_RTCEx_SetTamper_IT,"ax",%progbits
 712              		.align	1
 713              		.global	HAL_RTCEx_SetTamper_IT
 714              		.syntax unified
 715              		.thumb
 716              		.thumb_func
 718              	HAL_RTCEx_SetTamper_IT:
 719              	.LVL56:
 720              	.LFB244:
 486:Drivers/STM32F4xx_HAL_Driver/Src/stm32f4xx_hal_rtc_ex.c **** 
 487:Drivers/STM32F4xx_HAL_Driver/Src/stm32f4xx_hal_rtc_ex.c **** /**
 488:Drivers/STM32F4xx_HAL_Driver/Src/stm32f4xx_hal_rtc_ex.c ****   * @brief  Sets Tamper with interrupt.
 489:Drivers/STM32F4xx_HAL_Driver/Src/stm32f4xx_hal_rtc_ex.c ****   * @note   By calling this API the tamper global interrupt will be enabled.
 490:Drivers/STM32F4xx_HAL_Driver/Src/stm32f4xx_hal_rtc_ex.c ****   * @param  hrtc pointer to a RTC_HandleTypeDef structure that contains
 491:Drivers/STM32F4xx_HAL_Driver/Src/stm32f4xx_hal_rtc_ex.c ****   *                the configuration information for RTC.
 492:Drivers/STM32F4xx_HAL_Driver/Src/stm32f4xx_hal_rtc_ex.c ****   * @param  sTamper Pointer to RTC Tamper.
 493:Drivers/STM32F4xx_HAL_Driver/Src/stm32f4xx_hal_rtc_ex.c ****   * @retval HAL status
 494:Drivers/STM32F4xx_HAL_Driver/Src/stm32f4xx_hal_rtc_ex.c ****   */
 495:Drivers/STM32F4xx_HAL_Driver/Src/stm32f4xx_hal_rtc_ex.c **** HAL_StatusTypeDef HAL_RTCEx_SetTamper_IT(RTC_HandleTypeDef *hrtc, RTC_TamperTypeDef *sTamper)
 496:Drivers/STM32F4xx_HAL_Driver/Src/stm32f4xx_hal_rtc_ex.c **** {
 721              		.loc 1 496 1 is_stmt 1 view -0
 722              		.cfi_startproc
 723              		@ args = 0, pretend = 0, frame = 0
 724              		@ frame_needed = 0, uses_anonymous_args = 0
 725              		@ link register save eliminated.
 497:Drivers/STM32F4xx_HAL_Driver/Src/stm32f4xx_hal_rtc_ex.c ****   uint32_t tmpreg = 0U;
 726              		.loc 1 497 3 view .LVU264
 498:Drivers/STM32F4xx_HAL_Driver/Src/stm32f4xx_hal_rtc_ex.c **** 
 499:Drivers/STM32F4xx_HAL_Driver/Src/stm32f4xx_hal_rtc_ex.c ****   /* Check the parameters */
 500:Drivers/STM32F4xx_HAL_Driver/Src/stm32f4xx_hal_rtc_ex.c ****   assert_param(IS_RTC_TAMPER(sTamper->Tamper));
 727              		.loc 1 500 3 view .LVU265
 501:Drivers/STM32F4xx_HAL_Driver/Src/stm32f4xx_hal_rtc_ex.c ****   assert_param(IS_RTC_TAMPER_PIN(sTamper->PinSelection));
 728              		.loc 1 501 3 view .LVU266
 502:Drivers/STM32F4xx_HAL_Driver/Src/stm32f4xx_hal_rtc_ex.c ****   assert_param(IS_RTC_TAMPER_TRIGGER(sTamper->Trigger));
 729              		.loc 1 502 3 view .LVU267
ARM GAS  /tmp/ccqAQKKp.s 			page 23


 503:Drivers/STM32F4xx_HAL_Driver/Src/stm32f4xx_hal_rtc_ex.c ****   assert_param(IS_RTC_TAMPER_FILTER(sTamper->Filter));
 730              		.loc 1 503 3 view .LVU268
 504:Drivers/STM32F4xx_HAL_Driver/Src/stm32f4xx_hal_rtc_ex.c ****   assert_param(IS_RTC_TAMPER_FILTER_CONFIG_CORRECT(sTamper->Filter, sTamper->Trigger));
 731              		.loc 1 504 3 view .LVU269
 505:Drivers/STM32F4xx_HAL_Driver/Src/stm32f4xx_hal_rtc_ex.c ****   assert_param(IS_RTC_TAMPER_SAMPLING_FREQ(sTamper->SamplingFrequency));
 732              		.loc 1 505 3 view .LVU270
 506:Drivers/STM32F4xx_HAL_Driver/Src/stm32f4xx_hal_rtc_ex.c ****   assert_param(IS_RTC_TAMPER_PRECHARGE_DURATION(sTamper->PrechargeDuration));
 733              		.loc 1 506 3 view .LVU271
 507:Drivers/STM32F4xx_HAL_Driver/Src/stm32f4xx_hal_rtc_ex.c ****   assert_param(IS_RTC_TAMPER_PULLUP_STATE(sTamper->TamperPullUp));
 734              		.loc 1 507 3 view .LVU272
 508:Drivers/STM32F4xx_HAL_Driver/Src/stm32f4xx_hal_rtc_ex.c ****   assert_param(IS_RTC_TAMPER_TIMESTAMPONTAMPER_DETECTION(sTamper->TimeStampOnTamperDetection));
 735              		.loc 1 508 3 view .LVU273
 509:Drivers/STM32F4xx_HAL_Driver/Src/stm32f4xx_hal_rtc_ex.c **** 
 510:Drivers/STM32F4xx_HAL_Driver/Src/stm32f4xx_hal_rtc_ex.c ****   /* Process Locked */
 511:Drivers/STM32F4xx_HAL_Driver/Src/stm32f4xx_hal_rtc_ex.c ****   __HAL_LOCK(hrtc);
 736              		.loc 1 511 3 view .LVU274
 737              		.loc 1 511 3 view .LVU275
 738 0000 037F     		ldrb	r3, [r0, #28]	@ zero_extendqisi2
 739 0002 012B     		cmp	r3, #1
 740 0004 31D0     		beq	.L38
 496:Drivers/STM32F4xx_HAL_Driver/Src/stm32f4xx_hal_rtc_ex.c ****   uint32_t tmpreg = 0U;
 741              		.loc 1 496 1 is_stmt 0 view .LVU276
 742 0006 30B4     		push	{r4, r5}
 743              	.LCFI9:
 744              		.cfi_def_cfa_offset 8
 745              		.cfi_offset 4, -8
 746              		.cfi_offset 5, -4
 747 0008 0246     		mov	r2, r0
 748              		.loc 1 511 3 is_stmt 1 discriminator 2 view .LVU277
 749 000a 0123     		movs	r3, #1
 750 000c 0377     		strb	r3, [r0, #28]
 751              		.loc 1 511 3 view .LVU278
 512:Drivers/STM32F4xx_HAL_Driver/Src/stm32f4xx_hal_rtc_ex.c **** 
 513:Drivers/STM32F4xx_HAL_Driver/Src/stm32f4xx_hal_rtc_ex.c ****   hrtc->State = HAL_RTC_STATE_BUSY;
 752              		.loc 1 513 3 view .LVU279
 753              		.loc 1 513 15 is_stmt 0 view .LVU280
 754 000e 0223     		movs	r3, #2
 755 0010 4377     		strb	r3, [r0, #29]
 514:Drivers/STM32F4xx_HAL_Driver/Src/stm32f4xx_hal_rtc_ex.c **** 
 515:Drivers/STM32F4xx_HAL_Driver/Src/stm32f4xx_hal_rtc_ex.c ****   /* Copy control register into temporary variable */
 516:Drivers/STM32F4xx_HAL_Driver/Src/stm32f4xx_hal_rtc_ex.c ****   tmpreg = hrtc->Instance->TAFCR;
 756              		.loc 1 516 3 is_stmt 1 view .LVU281
 757              		.loc 1 516 16 is_stmt 0 view .LVU282
 758 0012 0468     		ldr	r4, [r0]
 759              		.loc 1 516 10 view .LVU283
 760 0014 206C     		ldr	r0, [r4, #64]
 761              	.LVL57:
 517:Drivers/STM32F4xx_HAL_Driver/Src/stm32f4xx_hal_rtc_ex.c **** 
 518:Drivers/STM32F4xx_HAL_Driver/Src/stm32f4xx_hal_rtc_ex.c ****   /* Enable selected tamper */
 519:Drivers/STM32F4xx_HAL_Driver/Src/stm32f4xx_hal_rtc_ex.c ****   tmpreg |= (sTamper->Tamper);
 762              		.loc 1 519 3 is_stmt 1 view .LVU284
 763              		.loc 1 519 21 is_stmt 0 view .LVU285
 764 0016 0D68     		ldr	r5, [r1]
 765              		.loc 1 519 10 view .LVU286
 766 0018 2843     		orrs	r0, r0, r5
 767              	.LVL58:
 520:Drivers/STM32F4xx_HAL_Driver/Src/stm32f4xx_hal_rtc_ex.c **** 
ARM GAS  /tmp/ccqAQKKp.s 			page 24


 521:Drivers/STM32F4xx_HAL_Driver/Src/stm32f4xx_hal_rtc_ex.c ****   /* Configure the tamper trigger bit (this bit is just on the right of the
 522:Drivers/STM32F4xx_HAL_Driver/Src/stm32f4xx_hal_rtc_ex.c ****        tamper enable bit, hence the one-time right shift before updating it) */
 523:Drivers/STM32F4xx_HAL_Driver/Src/stm32f4xx_hal_rtc_ex.c ****   if (sTamper->Trigger == RTC_TAMPERTRIGGER_FALLINGEDGE)
 768              		.loc 1 523 3 is_stmt 1 view .LVU287
 769              		.loc 1 523 14 is_stmt 0 view .LVU288
 770 001a 8B68     		ldr	r3, [r1, #8]
 771              		.loc 1 523 6 view .LVU289
 772 001c 022B     		cmp	r3, #2
 773 001e 21D0     		beq	.L43
 524:Drivers/STM32F4xx_HAL_Driver/Src/stm32f4xx_hal_rtc_ex.c ****   {
 525:Drivers/STM32F4xx_HAL_Driver/Src/stm32f4xx_hal_rtc_ex.c ****     /* Set the tamper trigger bit (case of falling edge or high level) */
 526:Drivers/STM32F4xx_HAL_Driver/Src/stm32f4xx_hal_rtc_ex.c ****     tmpreg |= (uint32_t)(sTamper->Tamper << 1U);
 527:Drivers/STM32F4xx_HAL_Driver/Src/stm32f4xx_hal_rtc_ex.c ****   }
 528:Drivers/STM32F4xx_HAL_Driver/Src/stm32f4xx_hal_rtc_ex.c ****   else
 529:Drivers/STM32F4xx_HAL_Driver/Src/stm32f4xx_hal_rtc_ex.c ****   {
 530:Drivers/STM32F4xx_HAL_Driver/Src/stm32f4xx_hal_rtc_ex.c ****     /* Clear the tamper trigger bit (case of rising edge or low level) */
 531:Drivers/STM32F4xx_HAL_Driver/Src/stm32f4xx_hal_rtc_ex.c ****     tmpreg &= (uint32_t)~(sTamper->Tamper << 1U);
 774              		.loc 1 531 5 is_stmt 1 view .LVU290
 775              		.loc 1 531 12 is_stmt 0 view .LVU291
 776 0020 20EA4500 		bic	r0, r0, r5, lsl #1
 777              	.LVL59:
 778              	.L37:
 532:Drivers/STM32F4xx_HAL_Driver/Src/stm32f4xx_hal_rtc_ex.c ****   }
 533:Drivers/STM32F4xx_HAL_Driver/Src/stm32f4xx_hal_rtc_ex.c **** 
 534:Drivers/STM32F4xx_HAL_Driver/Src/stm32f4xx_hal_rtc_ex.c ****   /* Clear remaining fields before setting them */
 535:Drivers/STM32F4xx_HAL_Driver/Src/stm32f4xx_hal_rtc_ex.c ****   tmpreg &= ~(RTC_TAMPERFILTER_MASK              | \
 779              		.loc 1 535 3 is_stmt 1 view .LVU292
 780              		.loc 1 535 10 is_stmt 0 view .LVU293
 781 0024 6FF3D010 		bfc	r0, #7, #10
 782              	.LVL60:
 536:Drivers/STM32F4xx_HAL_Driver/Src/stm32f4xx_hal_rtc_ex.c ****               RTC_TAMPERSAMPLINGFREQ_RTCCLK_MASK | \
 537:Drivers/STM32F4xx_HAL_Driver/Src/stm32f4xx_hal_rtc_ex.c ****               RTC_TAMPERPRECHARGEDURATION_MASK   | \
 538:Drivers/STM32F4xx_HAL_Driver/Src/stm32f4xx_hal_rtc_ex.c ****               RTC_TAMPER_PULLUP_MASK             | \
 539:Drivers/STM32F4xx_HAL_Driver/Src/stm32f4xx_hal_rtc_ex.c ****               RTC_TAFCR_TAMP1INSEL               | \
 540:Drivers/STM32F4xx_HAL_Driver/Src/stm32f4xx_hal_rtc_ex.c ****               RTC_TIMESTAMPONTAMPERDETECTION_MASK);
 541:Drivers/STM32F4xx_HAL_Driver/Src/stm32f4xx_hal_rtc_ex.c **** 
 542:Drivers/STM32F4xx_HAL_Driver/Src/stm32f4xx_hal_rtc_ex.c ****   /* Set remaining parameters of desired configuration into temporary variable */
 543:Drivers/STM32F4xx_HAL_Driver/Src/stm32f4xx_hal_rtc_ex.c ****   tmpreg |= ((uint32_t)sTamper->Filter            | \
 783              		.loc 1 543 3 is_stmt 1 view .LVU294
 784              		.loc 1 543 31 is_stmt 0 view .LVU295
 785 0028 CB68     		ldr	r3, [r1, #12]
 544:Drivers/STM32F4xx_HAL_Driver/Src/stm32f4xx_hal_rtc_ex.c ****              (uint32_t)sTamper->SamplingFrequency | \
 786              		.loc 1 544 31 view .LVU296
 787 002a 0D69     		ldr	r5, [r1, #16]
 543:Drivers/STM32F4xx_HAL_Driver/Src/stm32f4xx_hal_rtc_ex.c ****              (uint32_t)sTamper->SamplingFrequency | \
 788              		.loc 1 543 51 view .LVU297
 789 002c 2B43     		orrs	r3, r3, r5
 545:Drivers/STM32F4xx_HAL_Driver/Src/stm32f4xx_hal_rtc_ex.c ****              (uint32_t)sTamper->PrechargeDuration | \
 790              		.loc 1 545 31 view .LVU298
 791 002e 4D69     		ldr	r5, [r1, #20]
 544:Drivers/STM32F4xx_HAL_Driver/Src/stm32f4xx_hal_rtc_ex.c ****              (uint32_t)sTamper->SamplingFrequency | \
 792              		.loc 1 544 51 view .LVU299
 793 0030 2B43     		orrs	r3, r3, r5
 546:Drivers/STM32F4xx_HAL_Driver/Src/stm32f4xx_hal_rtc_ex.c ****              (uint32_t)sTamper->TamperPullUp      | \
 794              		.loc 1 546 31 view .LVU300
 795 0032 8D69     		ldr	r5, [r1, #24]
 545:Drivers/STM32F4xx_HAL_Driver/Src/stm32f4xx_hal_rtc_ex.c ****              (uint32_t)sTamper->PrechargeDuration | \
ARM GAS  /tmp/ccqAQKKp.s 			page 25


 796              		.loc 1 545 51 view .LVU301
 797 0034 2B43     		orrs	r3, r3, r5
 547:Drivers/STM32F4xx_HAL_Driver/Src/stm32f4xx_hal_rtc_ex.c ****              (uint32_t)sTamper->PinSelection      | \
 798              		.loc 1 547 31 view .LVU302
 799 0036 4D68     		ldr	r5, [r1, #4]
 546:Drivers/STM32F4xx_HAL_Driver/Src/stm32f4xx_hal_rtc_ex.c ****              (uint32_t)sTamper->TamperPullUp      | \
 800              		.loc 1 546 51 view .LVU303
 801 0038 2B43     		orrs	r3, r3, r5
 548:Drivers/STM32F4xx_HAL_Driver/Src/stm32f4xx_hal_rtc_ex.c ****              (uint32_t)sTamper->TimeStampOnTamperDetection);
 802              		.loc 1 548 31 view .LVU304
 803 003a C969     		ldr	r1, [r1, #28]
 804              	.LVL61:
 547:Drivers/STM32F4xx_HAL_Driver/Src/stm32f4xx_hal_rtc_ex.c ****              (uint32_t)sTamper->PinSelection      | \
 805              		.loc 1 547 51 view .LVU305
 806 003c 0B43     		orrs	r3, r3, r1
 543:Drivers/STM32F4xx_HAL_Driver/Src/stm32f4xx_hal_rtc_ex.c ****              (uint32_t)sTamper->SamplingFrequency | \
 807              		.loc 1 543 10 view .LVU306
 808 003e 0343     		orrs	r3, r3, r0
 809              	.LVL62:
 549:Drivers/STM32F4xx_HAL_Driver/Src/stm32f4xx_hal_rtc_ex.c **** 
 550:Drivers/STM32F4xx_HAL_Driver/Src/stm32f4xx_hal_rtc_ex.c ****   /* Enable global tamper interrupt */
 551:Drivers/STM32F4xx_HAL_Driver/Src/stm32f4xx_hal_rtc_ex.c ****   tmpreg |= (uint32_t)RTC_TAFCR_TAMPIE;
 810              		.loc 1 551 3 is_stmt 1 view .LVU307
 811              		.loc 1 551 10 is_stmt 0 view .LVU308
 812 0040 43F00403 		orr	r3, r3, #4
 813              	.LVL63:
 552:Drivers/STM32F4xx_HAL_Driver/Src/stm32f4xx_hal_rtc_ex.c **** 
 553:Drivers/STM32F4xx_HAL_Driver/Src/stm32f4xx_hal_rtc_ex.c ****   /* Copy desired configuration into configuration register */
 554:Drivers/STM32F4xx_HAL_Driver/Src/stm32f4xx_hal_rtc_ex.c ****   hrtc->Instance->TAFCR = tmpreg;
 814              		.loc 1 554 3 is_stmt 1 view .LVU309
 815              		.loc 1 554 25 is_stmt 0 view .LVU310
 816 0044 2364     		str	r3, [r4, #64]
 555:Drivers/STM32F4xx_HAL_Driver/Src/stm32f4xx_hal_rtc_ex.c **** 
 556:Drivers/STM32F4xx_HAL_Driver/Src/stm32f4xx_hal_rtc_ex.c ****   /* Enable and configure the EXTI line associated to the RTC Timestamp and Tamper interrupts */
 557:Drivers/STM32F4xx_HAL_Driver/Src/stm32f4xx_hal_rtc_ex.c ****   __HAL_RTC_TAMPER_TIMESTAMP_EXTI_ENABLE_IT();
 817              		.loc 1 557 3 is_stmt 1 view .LVU311
 818 0046 0A4B     		ldr	r3, .L44
 819              	.LVL64:
 820              		.loc 1 557 3 is_stmt 0 view .LVU312
 821 0048 1968     		ldr	r1, [r3]
 822 004a 41F40011 		orr	r1, r1, #2097152
 823 004e 1960     		str	r1, [r3]
 824              	.LVL65:
 558:Drivers/STM32F4xx_HAL_Driver/Src/stm32f4xx_hal_rtc_ex.c ****   __HAL_RTC_TAMPER_TIMESTAMP_EXTI_ENABLE_RISING_EDGE();
 825              		.loc 1 558 3 is_stmt 1 view .LVU313
 826 0050 9968     		ldr	r1, [r3, #8]
 827 0052 41F40011 		orr	r1, r1, #2097152
 828 0056 9960     		str	r1, [r3, #8]
 559:Drivers/STM32F4xx_HAL_Driver/Src/stm32f4xx_hal_rtc_ex.c **** 
 560:Drivers/STM32F4xx_HAL_Driver/Src/stm32f4xx_hal_rtc_ex.c ****   hrtc->State = HAL_RTC_STATE_READY;
 829              		.loc 1 560 3 view .LVU314
 830              		.loc 1 560 15 is_stmt 0 view .LVU315
 831 0058 0123     		movs	r3, #1
 832 005a 5377     		strb	r3, [r2, #29]
 561:Drivers/STM32F4xx_HAL_Driver/Src/stm32f4xx_hal_rtc_ex.c **** 
 562:Drivers/STM32F4xx_HAL_Driver/Src/stm32f4xx_hal_rtc_ex.c ****   /* Process Unlocked */
 563:Drivers/STM32F4xx_HAL_Driver/Src/stm32f4xx_hal_rtc_ex.c ****   __HAL_UNLOCK(hrtc);
ARM GAS  /tmp/ccqAQKKp.s 			page 26


 833              		.loc 1 563 3 is_stmt 1 view .LVU316
 834              		.loc 1 563 3 view .LVU317
 835 005c 0020     		movs	r0, #0
 836 005e 1077     		strb	r0, [r2, #28]
 837              		.loc 1 563 3 view .LVU318
 564:Drivers/STM32F4xx_HAL_Driver/Src/stm32f4xx_hal_rtc_ex.c **** 
 565:Drivers/STM32F4xx_HAL_Driver/Src/stm32f4xx_hal_rtc_ex.c ****   return HAL_OK;
 838              		.loc 1 565 3 view .LVU319
 566:Drivers/STM32F4xx_HAL_Driver/Src/stm32f4xx_hal_rtc_ex.c **** }
 839              		.loc 1 566 1 is_stmt 0 view .LVU320
 840 0060 30BC     		pop	{r4, r5}
 841              	.LCFI10:
 842              		.cfi_remember_state
 843              		.cfi_restore 5
 844              		.cfi_restore 4
 845              		.cfi_def_cfa_offset 0
 846 0062 7047     		bx	lr
 847              	.LVL66:
 848              	.L43:
 849              	.LCFI11:
 850              		.cfi_restore_state
 526:Drivers/STM32F4xx_HAL_Driver/Src/stm32f4xx_hal_rtc_ex.c ****   }
 851              		.loc 1 526 5 is_stmt 1 view .LVU321
 526:Drivers/STM32F4xx_HAL_Driver/Src/stm32f4xx_hal_rtc_ex.c ****   }
 852              		.loc 1 526 12 is_stmt 0 view .LVU322
 853 0064 40EA4500 		orr	r0, r0, r5, lsl #1
 854              	.LVL67:
 526:Drivers/STM32F4xx_HAL_Driver/Src/stm32f4xx_hal_rtc_ex.c ****   }
 855              		.loc 1 526 12 view .LVU323
 856 0068 DCE7     		b	.L37
 857              	.LVL68:
 858              	.L38:
 859              	.LCFI12:
 860              		.cfi_def_cfa_offset 0
 861              		.cfi_restore 4
 862              		.cfi_restore 5
 511:Drivers/STM32F4xx_HAL_Driver/Src/stm32f4xx_hal_rtc_ex.c **** 
 863              		.loc 1 511 3 discriminator 1 view .LVU324
 864 006a 0220     		movs	r0, #2
 865              	.LVL69:
 866              		.loc 1 566 1 view .LVU325
 867 006c 7047     		bx	lr
 868              	.L45:
 869 006e 00BF     		.align	2
 870              	.L44:
 871 0070 003C0140 		.word	1073822720
 872              		.cfi_endproc
 873              	.LFE244:
 875              		.section	.text.HAL_RTCEx_DeactivateTamper,"ax",%progbits
 876              		.align	1
 877              		.global	HAL_RTCEx_DeactivateTamper
 878              		.syntax unified
 879              		.thumb
 880              		.thumb_func
 882              	HAL_RTCEx_DeactivateTamper:
 883              	.LVL70:
 884              	.LFB245:
ARM GAS  /tmp/ccqAQKKp.s 			page 27


 567:Drivers/STM32F4xx_HAL_Driver/Src/stm32f4xx_hal_rtc_ex.c **** 
 568:Drivers/STM32F4xx_HAL_Driver/Src/stm32f4xx_hal_rtc_ex.c **** /**
 569:Drivers/STM32F4xx_HAL_Driver/Src/stm32f4xx_hal_rtc_ex.c ****   * @brief  Deactivates Tamper.
 570:Drivers/STM32F4xx_HAL_Driver/Src/stm32f4xx_hal_rtc_ex.c ****   * @note   The tamper global interrupt bit will remain unchanged.
 571:Drivers/STM32F4xx_HAL_Driver/Src/stm32f4xx_hal_rtc_ex.c ****   * @param  hrtc pointer to a RTC_HandleTypeDef structure that contains
 572:Drivers/STM32F4xx_HAL_Driver/Src/stm32f4xx_hal_rtc_ex.c ****   *                the configuration information for RTC.
 573:Drivers/STM32F4xx_HAL_Driver/Src/stm32f4xx_hal_rtc_ex.c ****   * @param  Tamper Selected tamper pin.
 574:Drivers/STM32F4xx_HAL_Driver/Src/stm32f4xx_hal_rtc_ex.c ****   *          This parameter can be any combination of the following values:
 575:Drivers/STM32F4xx_HAL_Driver/Src/stm32f4xx_hal_rtc_ex.c ****   *            @arg RTC_TAMPER_1:  Tamper 1
 576:Drivers/STM32F4xx_HAL_Driver/Src/stm32f4xx_hal_rtc_ex.c ****   *            @arg RTC_TAMPER_2:  Tamper 2 (*)
 577:Drivers/STM32F4xx_HAL_Driver/Src/stm32f4xx_hal_rtc_ex.c ****   *
 578:Drivers/STM32F4xx_HAL_Driver/Src/stm32f4xx_hal_rtc_ex.c ****   *         (*) value not applicable to all devices.
 579:Drivers/STM32F4xx_HAL_Driver/Src/stm32f4xx_hal_rtc_ex.c ****   * @retval HAL status
 580:Drivers/STM32F4xx_HAL_Driver/Src/stm32f4xx_hal_rtc_ex.c ****   */
 581:Drivers/STM32F4xx_HAL_Driver/Src/stm32f4xx_hal_rtc_ex.c **** HAL_StatusTypeDef HAL_RTCEx_DeactivateTamper(RTC_HandleTypeDef *hrtc, uint32_t Tamper)
 582:Drivers/STM32F4xx_HAL_Driver/Src/stm32f4xx_hal_rtc_ex.c **** {
 885              		.loc 1 582 1 is_stmt 1 view -0
 886              		.cfi_startproc
 887              		@ args = 0, pretend = 0, frame = 0
 888              		@ frame_needed = 0, uses_anonymous_args = 0
 889              		@ link register save eliminated.
 583:Drivers/STM32F4xx_HAL_Driver/Src/stm32f4xx_hal_rtc_ex.c ****   assert_param(IS_RTC_TAMPER(Tamper));
 890              		.loc 1 583 3 view .LVU327
 584:Drivers/STM32F4xx_HAL_Driver/Src/stm32f4xx_hal_rtc_ex.c **** 
 585:Drivers/STM32F4xx_HAL_Driver/Src/stm32f4xx_hal_rtc_ex.c ****   /* Process Locked */
 586:Drivers/STM32F4xx_HAL_Driver/Src/stm32f4xx_hal_rtc_ex.c ****   __HAL_LOCK(hrtc);
 891              		.loc 1 586 3 view .LVU328
 892              		.loc 1 586 3 view .LVU329
 893 0000 037F     		ldrb	r3, [r0, #28]	@ zero_extendqisi2
 894 0002 012B     		cmp	r3, #1
 895 0004 10D0     		beq	.L48
 582:Drivers/STM32F4xx_HAL_Driver/Src/stm32f4xx_hal_rtc_ex.c ****   assert_param(IS_RTC_TAMPER(Tamper));
 896              		.loc 1 582 1 is_stmt 0 view .LVU330
 897 0006 10B4     		push	{r4}
 898              	.LCFI13:
 899              		.cfi_def_cfa_offset 4
 900              		.cfi_offset 4, -4
 901              		.loc 1 586 3 is_stmt 1 discriminator 2 view .LVU331
 902 0008 0122     		movs	r2, #1
 903 000a 0277     		strb	r2, [r0, #28]
 904              		.loc 1 586 3 view .LVU332
 587:Drivers/STM32F4xx_HAL_Driver/Src/stm32f4xx_hal_rtc_ex.c **** 
 588:Drivers/STM32F4xx_HAL_Driver/Src/stm32f4xx_hal_rtc_ex.c ****   hrtc->State = HAL_RTC_STATE_BUSY;
 905              		.loc 1 588 3 view .LVU333
 906              		.loc 1 588 15 is_stmt 0 view .LVU334
 907 000c 0223     		movs	r3, #2
 908 000e 4377     		strb	r3, [r0, #29]
 589:Drivers/STM32F4xx_HAL_Driver/Src/stm32f4xx_hal_rtc_ex.c **** 
 590:Drivers/STM32F4xx_HAL_Driver/Src/stm32f4xx_hal_rtc_ex.c ****   /* Disable the selected Tamper pin */
 591:Drivers/STM32F4xx_HAL_Driver/Src/stm32f4xx_hal_rtc_ex.c ****   hrtc->Instance->TAFCR &= (uint32_t)~Tamper;
 909              		.loc 1 591 3 is_stmt 1 view .LVU335
 910              		.loc 1 591 7 is_stmt 0 view .LVU336
 911 0010 0468     		ldr	r4, [r0]
 912              		.loc 1 591 17 view .LVU337
 913 0012 236C     		ldr	r3, [r4, #64]
 914              		.loc 1 591 25 view .LVU338
 915 0014 23EA0103 		bic	r3, r3, r1
ARM GAS  /tmp/ccqAQKKp.s 			page 28


 916 0018 2364     		str	r3, [r4, #64]
 592:Drivers/STM32F4xx_HAL_Driver/Src/stm32f4xx_hal_rtc_ex.c **** 
 593:Drivers/STM32F4xx_HAL_Driver/Src/stm32f4xx_hal_rtc_ex.c ****   hrtc->State = HAL_RTC_STATE_READY;
 917              		.loc 1 593 3 is_stmt 1 view .LVU339
 918              		.loc 1 593 15 is_stmt 0 view .LVU340
 919 001a 4277     		strb	r2, [r0, #29]
 594:Drivers/STM32F4xx_HAL_Driver/Src/stm32f4xx_hal_rtc_ex.c **** 
 595:Drivers/STM32F4xx_HAL_Driver/Src/stm32f4xx_hal_rtc_ex.c ****   /* Process Unlocked */
 596:Drivers/STM32F4xx_HAL_Driver/Src/stm32f4xx_hal_rtc_ex.c ****   __HAL_UNLOCK(hrtc);
 920              		.loc 1 596 3 is_stmt 1 view .LVU341
 921              		.loc 1 596 3 view .LVU342
 922 001c 0023     		movs	r3, #0
 923 001e 0377     		strb	r3, [r0, #28]
 924              		.loc 1 596 3 view .LVU343
 597:Drivers/STM32F4xx_HAL_Driver/Src/stm32f4xx_hal_rtc_ex.c **** 
 598:Drivers/STM32F4xx_HAL_Driver/Src/stm32f4xx_hal_rtc_ex.c ****   return HAL_OK;
 925              		.loc 1 598 3 view .LVU344
 926              		.loc 1 598 10 is_stmt 0 view .LVU345
 927 0020 1846     		mov	r0, r3
 928              	.LVL71:
 599:Drivers/STM32F4xx_HAL_Driver/Src/stm32f4xx_hal_rtc_ex.c **** }
 929              		.loc 1 599 1 view .LVU346
 930 0022 5DF8044B 		ldr	r4, [sp], #4
 931              	.LCFI14:
 932              		.cfi_restore 4
 933              		.cfi_def_cfa_offset 0
 934 0026 7047     		bx	lr
 935              	.LVL72:
 936              	.L48:
 586:Drivers/STM32F4xx_HAL_Driver/Src/stm32f4xx_hal_rtc_ex.c **** 
 937              		.loc 1 586 3 discriminator 1 view .LVU347
 938 0028 0220     		movs	r0, #2
 939              	.LVL73:
 940              		.loc 1 599 1 view .LVU348
 941 002a 7047     		bx	lr
 942              		.cfi_endproc
 943              	.LFE245:
 945              		.section	.text.HAL_RTCEx_TimeStampEventCallback,"ax",%progbits
 946              		.align	1
 947              		.weak	HAL_RTCEx_TimeStampEventCallback
 948              		.syntax unified
 949              		.thumb
 950              		.thumb_func
 952              	HAL_RTCEx_TimeStampEventCallback:
 953              	.LVL74:
 954              	.LFB247:
 600:Drivers/STM32F4xx_HAL_Driver/Src/stm32f4xx_hal_rtc_ex.c **** 
 601:Drivers/STM32F4xx_HAL_Driver/Src/stm32f4xx_hal_rtc_ex.c **** /**
 602:Drivers/STM32F4xx_HAL_Driver/Src/stm32f4xx_hal_rtc_ex.c ****   * @brief  Handles Timestamp and Tamper interrupt request.
 603:Drivers/STM32F4xx_HAL_Driver/Src/stm32f4xx_hal_rtc_ex.c ****   * @param  hrtc pointer to a RTC_HandleTypeDef structure that contains
 604:Drivers/STM32F4xx_HAL_Driver/Src/stm32f4xx_hal_rtc_ex.c ****   *                the configuration information for RTC.
 605:Drivers/STM32F4xx_HAL_Driver/Src/stm32f4xx_hal_rtc_ex.c ****   * @retval None
 606:Drivers/STM32F4xx_HAL_Driver/Src/stm32f4xx_hal_rtc_ex.c ****   */
 607:Drivers/STM32F4xx_HAL_Driver/Src/stm32f4xx_hal_rtc_ex.c **** void HAL_RTCEx_TamperTimeStampIRQHandler(RTC_HandleTypeDef *hrtc)
 608:Drivers/STM32F4xx_HAL_Driver/Src/stm32f4xx_hal_rtc_ex.c **** {
 609:Drivers/STM32F4xx_HAL_Driver/Src/stm32f4xx_hal_rtc_ex.c ****   /* Clear the EXTI flag associated to the RTC Timestamp and Tamper interrupts */
 610:Drivers/STM32F4xx_HAL_Driver/Src/stm32f4xx_hal_rtc_ex.c ****   __HAL_RTC_TAMPER_TIMESTAMP_EXTI_CLEAR_FLAG();
ARM GAS  /tmp/ccqAQKKp.s 			page 29


 611:Drivers/STM32F4xx_HAL_Driver/Src/stm32f4xx_hal_rtc_ex.c **** 
 612:Drivers/STM32F4xx_HAL_Driver/Src/stm32f4xx_hal_rtc_ex.c ****   /* Get the Timestamp interrupt source enable status */
 613:Drivers/STM32F4xx_HAL_Driver/Src/stm32f4xx_hal_rtc_ex.c ****   if (__HAL_RTC_TIMESTAMP_GET_IT_SOURCE(hrtc, RTC_IT_TS) != 0U)
 614:Drivers/STM32F4xx_HAL_Driver/Src/stm32f4xx_hal_rtc_ex.c ****   {
 615:Drivers/STM32F4xx_HAL_Driver/Src/stm32f4xx_hal_rtc_ex.c ****     /* Get the pending status of the Timestamp Interrupt */
 616:Drivers/STM32F4xx_HAL_Driver/Src/stm32f4xx_hal_rtc_ex.c ****     if (__HAL_RTC_TIMESTAMP_GET_FLAG(hrtc, RTC_FLAG_TSF) != 0U)
 617:Drivers/STM32F4xx_HAL_Driver/Src/stm32f4xx_hal_rtc_ex.c ****     {
 618:Drivers/STM32F4xx_HAL_Driver/Src/stm32f4xx_hal_rtc_ex.c ****       /* Timestamp callback */
 619:Drivers/STM32F4xx_HAL_Driver/Src/stm32f4xx_hal_rtc_ex.c **** #if (USE_HAL_RTC_REGISTER_CALLBACKS == 1)
 620:Drivers/STM32F4xx_HAL_Driver/Src/stm32f4xx_hal_rtc_ex.c ****       hrtc->TimeStampEventCallback(hrtc);
 621:Drivers/STM32F4xx_HAL_Driver/Src/stm32f4xx_hal_rtc_ex.c **** #else
 622:Drivers/STM32F4xx_HAL_Driver/Src/stm32f4xx_hal_rtc_ex.c ****       HAL_RTCEx_TimeStampEventCallback(hrtc);
 623:Drivers/STM32F4xx_HAL_Driver/Src/stm32f4xx_hal_rtc_ex.c **** #endif /* USE_HAL_RTC_REGISTER_CALLBACKS */
 624:Drivers/STM32F4xx_HAL_Driver/Src/stm32f4xx_hal_rtc_ex.c **** 
 625:Drivers/STM32F4xx_HAL_Driver/Src/stm32f4xx_hal_rtc_ex.c ****       /* Clear the Timestamp interrupt pending bit after returning from callback
 626:Drivers/STM32F4xx_HAL_Driver/Src/stm32f4xx_hal_rtc_ex.c ****          as RTC_TSTR and RTC_TSDR registers are cleared when TSF bit is reset */
 627:Drivers/STM32F4xx_HAL_Driver/Src/stm32f4xx_hal_rtc_ex.c ****       __HAL_RTC_TIMESTAMP_CLEAR_FLAG(hrtc, RTC_FLAG_TSF);
 628:Drivers/STM32F4xx_HAL_Driver/Src/stm32f4xx_hal_rtc_ex.c ****     }
 629:Drivers/STM32F4xx_HAL_Driver/Src/stm32f4xx_hal_rtc_ex.c ****   }
 630:Drivers/STM32F4xx_HAL_Driver/Src/stm32f4xx_hal_rtc_ex.c **** 
 631:Drivers/STM32F4xx_HAL_Driver/Src/stm32f4xx_hal_rtc_ex.c ****   /* Get the Tamper 1 interrupt source enable status */
 632:Drivers/STM32F4xx_HAL_Driver/Src/stm32f4xx_hal_rtc_ex.c ****   if (__HAL_RTC_TAMPER_GET_IT_SOURCE(hrtc, RTC_IT_TAMP) != 0U)
 633:Drivers/STM32F4xx_HAL_Driver/Src/stm32f4xx_hal_rtc_ex.c ****   {
 634:Drivers/STM32F4xx_HAL_Driver/Src/stm32f4xx_hal_rtc_ex.c ****     /* Get the pending status of the Tamper 1 Interrupt */
 635:Drivers/STM32F4xx_HAL_Driver/Src/stm32f4xx_hal_rtc_ex.c ****     if (__HAL_RTC_TAMPER_GET_FLAG(hrtc, RTC_FLAG_TAMP1F) != 0U)
 636:Drivers/STM32F4xx_HAL_Driver/Src/stm32f4xx_hal_rtc_ex.c ****     {
 637:Drivers/STM32F4xx_HAL_Driver/Src/stm32f4xx_hal_rtc_ex.c ****       /* Clear the Tamper interrupt pending bit */
 638:Drivers/STM32F4xx_HAL_Driver/Src/stm32f4xx_hal_rtc_ex.c ****       __HAL_RTC_TAMPER_CLEAR_FLAG(hrtc, RTC_FLAG_TAMP1F);
 639:Drivers/STM32F4xx_HAL_Driver/Src/stm32f4xx_hal_rtc_ex.c **** 
 640:Drivers/STM32F4xx_HAL_Driver/Src/stm32f4xx_hal_rtc_ex.c ****       /* Tamper callback */
 641:Drivers/STM32F4xx_HAL_Driver/Src/stm32f4xx_hal_rtc_ex.c **** #if (USE_HAL_RTC_REGISTER_CALLBACKS == 1)
 642:Drivers/STM32F4xx_HAL_Driver/Src/stm32f4xx_hal_rtc_ex.c ****       hrtc->Tamper1EventCallback(hrtc);
 643:Drivers/STM32F4xx_HAL_Driver/Src/stm32f4xx_hal_rtc_ex.c **** #else
 644:Drivers/STM32F4xx_HAL_Driver/Src/stm32f4xx_hal_rtc_ex.c ****       HAL_RTCEx_Tamper1EventCallback(hrtc);
 645:Drivers/STM32F4xx_HAL_Driver/Src/stm32f4xx_hal_rtc_ex.c **** #endif /* USE_HAL_RTC_REGISTER_CALLBACKS */
 646:Drivers/STM32F4xx_HAL_Driver/Src/stm32f4xx_hal_rtc_ex.c ****     }
 647:Drivers/STM32F4xx_HAL_Driver/Src/stm32f4xx_hal_rtc_ex.c ****   }
 648:Drivers/STM32F4xx_HAL_Driver/Src/stm32f4xx_hal_rtc_ex.c **** 
 649:Drivers/STM32F4xx_HAL_Driver/Src/stm32f4xx_hal_rtc_ex.c **** #if defined(RTC_TAMPER2_SUPPORT)
 650:Drivers/STM32F4xx_HAL_Driver/Src/stm32f4xx_hal_rtc_ex.c ****   /* Get the Tamper 2 interrupt source enable status */
 651:Drivers/STM32F4xx_HAL_Driver/Src/stm32f4xx_hal_rtc_ex.c ****   if (__HAL_RTC_TAMPER_GET_IT_SOURCE(hrtc, RTC_IT_TAMP) != 0U)
 652:Drivers/STM32F4xx_HAL_Driver/Src/stm32f4xx_hal_rtc_ex.c ****   {
 653:Drivers/STM32F4xx_HAL_Driver/Src/stm32f4xx_hal_rtc_ex.c ****     /* Get the pending status of the Tamper 2 Interrupt */
 654:Drivers/STM32F4xx_HAL_Driver/Src/stm32f4xx_hal_rtc_ex.c ****     if (__HAL_RTC_TAMPER_GET_FLAG(hrtc, RTC_FLAG_TAMP2F) != 0U)
 655:Drivers/STM32F4xx_HAL_Driver/Src/stm32f4xx_hal_rtc_ex.c ****     {
 656:Drivers/STM32F4xx_HAL_Driver/Src/stm32f4xx_hal_rtc_ex.c ****       /* Clear the Tamper interrupt pending bit */
 657:Drivers/STM32F4xx_HAL_Driver/Src/stm32f4xx_hal_rtc_ex.c ****       __HAL_RTC_TAMPER_CLEAR_FLAG(hrtc, RTC_FLAG_TAMP2F);
 658:Drivers/STM32F4xx_HAL_Driver/Src/stm32f4xx_hal_rtc_ex.c **** 
 659:Drivers/STM32F4xx_HAL_Driver/Src/stm32f4xx_hal_rtc_ex.c ****       /* Tamper callback */
 660:Drivers/STM32F4xx_HAL_Driver/Src/stm32f4xx_hal_rtc_ex.c **** #if (USE_HAL_RTC_REGISTER_CALLBACKS == 1)
 661:Drivers/STM32F4xx_HAL_Driver/Src/stm32f4xx_hal_rtc_ex.c ****       hrtc->Tamper2EventCallback(hrtc);
 662:Drivers/STM32F4xx_HAL_Driver/Src/stm32f4xx_hal_rtc_ex.c **** #else
 663:Drivers/STM32F4xx_HAL_Driver/Src/stm32f4xx_hal_rtc_ex.c ****       HAL_RTCEx_Tamper2EventCallback(hrtc);
 664:Drivers/STM32F4xx_HAL_Driver/Src/stm32f4xx_hal_rtc_ex.c **** #endif /* USE_HAL_RTC_REGISTER_CALLBACKS */
 665:Drivers/STM32F4xx_HAL_Driver/Src/stm32f4xx_hal_rtc_ex.c ****     }
 666:Drivers/STM32F4xx_HAL_Driver/Src/stm32f4xx_hal_rtc_ex.c ****   }
 667:Drivers/STM32F4xx_HAL_Driver/Src/stm32f4xx_hal_rtc_ex.c **** #endif /* RTC_TAMPER2_SUPPORT */
ARM GAS  /tmp/ccqAQKKp.s 			page 30


 668:Drivers/STM32F4xx_HAL_Driver/Src/stm32f4xx_hal_rtc_ex.c **** 
 669:Drivers/STM32F4xx_HAL_Driver/Src/stm32f4xx_hal_rtc_ex.c ****   /* Change RTC state */
 670:Drivers/STM32F4xx_HAL_Driver/Src/stm32f4xx_hal_rtc_ex.c ****   hrtc->State = HAL_RTC_STATE_READY;
 671:Drivers/STM32F4xx_HAL_Driver/Src/stm32f4xx_hal_rtc_ex.c **** }
 672:Drivers/STM32F4xx_HAL_Driver/Src/stm32f4xx_hal_rtc_ex.c **** 
 673:Drivers/STM32F4xx_HAL_Driver/Src/stm32f4xx_hal_rtc_ex.c **** /**
 674:Drivers/STM32F4xx_HAL_Driver/Src/stm32f4xx_hal_rtc_ex.c ****   * @brief  Timestamp callback.
 675:Drivers/STM32F4xx_HAL_Driver/Src/stm32f4xx_hal_rtc_ex.c ****   * @param  hrtc pointer to a RTC_HandleTypeDef structure that contains
 676:Drivers/STM32F4xx_HAL_Driver/Src/stm32f4xx_hal_rtc_ex.c ****   *                the configuration information for RTC.
 677:Drivers/STM32F4xx_HAL_Driver/Src/stm32f4xx_hal_rtc_ex.c ****   * @retval None
 678:Drivers/STM32F4xx_HAL_Driver/Src/stm32f4xx_hal_rtc_ex.c ****   */
 679:Drivers/STM32F4xx_HAL_Driver/Src/stm32f4xx_hal_rtc_ex.c **** __weak void HAL_RTCEx_TimeStampEventCallback(RTC_HandleTypeDef *hrtc)
 680:Drivers/STM32F4xx_HAL_Driver/Src/stm32f4xx_hal_rtc_ex.c **** {
 955              		.loc 1 680 1 is_stmt 1 view -0
 956              		.cfi_startproc
 957              		@ args = 0, pretend = 0, frame = 0
 958              		@ frame_needed = 0, uses_anonymous_args = 0
 959              		@ link register save eliminated.
 681:Drivers/STM32F4xx_HAL_Driver/Src/stm32f4xx_hal_rtc_ex.c ****   /* Prevent unused argument(s) compilation warning */
 682:Drivers/STM32F4xx_HAL_Driver/Src/stm32f4xx_hal_rtc_ex.c ****   UNUSED(hrtc);
 960              		.loc 1 682 3 view .LVU350
 683:Drivers/STM32F4xx_HAL_Driver/Src/stm32f4xx_hal_rtc_ex.c **** 
 684:Drivers/STM32F4xx_HAL_Driver/Src/stm32f4xx_hal_rtc_ex.c ****   /* NOTE: This function should not be modified, when the callback is needed,
 685:Drivers/STM32F4xx_HAL_Driver/Src/stm32f4xx_hal_rtc_ex.c ****            the HAL_RTCEx_TimeStampEventCallback could be implemented in the user file
 686:Drivers/STM32F4xx_HAL_Driver/Src/stm32f4xx_hal_rtc_ex.c ****   */
 687:Drivers/STM32F4xx_HAL_Driver/Src/stm32f4xx_hal_rtc_ex.c **** }
 961              		.loc 1 687 1 is_stmt 0 view .LVU351
 962 0000 7047     		bx	lr
 963              		.cfi_endproc
 964              	.LFE247:
 966              		.section	.text.HAL_RTCEx_Tamper1EventCallback,"ax",%progbits
 967              		.align	1
 968              		.weak	HAL_RTCEx_Tamper1EventCallback
 969              		.syntax unified
 970              		.thumb
 971              		.thumb_func
 973              	HAL_RTCEx_Tamper1EventCallback:
 974              	.LVL75:
 975              	.LFB248:
 688:Drivers/STM32F4xx_HAL_Driver/Src/stm32f4xx_hal_rtc_ex.c **** 
 689:Drivers/STM32F4xx_HAL_Driver/Src/stm32f4xx_hal_rtc_ex.c **** /**
 690:Drivers/STM32F4xx_HAL_Driver/Src/stm32f4xx_hal_rtc_ex.c ****   * @brief  Tamper 1 callback.
 691:Drivers/STM32F4xx_HAL_Driver/Src/stm32f4xx_hal_rtc_ex.c ****   * @param  hrtc pointer to a RTC_HandleTypeDef structure that contains
 692:Drivers/STM32F4xx_HAL_Driver/Src/stm32f4xx_hal_rtc_ex.c ****   *                the configuration information for RTC.
 693:Drivers/STM32F4xx_HAL_Driver/Src/stm32f4xx_hal_rtc_ex.c ****   * @retval None
 694:Drivers/STM32F4xx_HAL_Driver/Src/stm32f4xx_hal_rtc_ex.c ****   */
 695:Drivers/STM32F4xx_HAL_Driver/Src/stm32f4xx_hal_rtc_ex.c **** __weak void HAL_RTCEx_Tamper1EventCallback(RTC_HandleTypeDef *hrtc)
 696:Drivers/STM32F4xx_HAL_Driver/Src/stm32f4xx_hal_rtc_ex.c **** {
 976              		.loc 1 696 1 is_stmt 1 view -0
 977              		.cfi_startproc
 978              		@ args = 0, pretend = 0, frame = 0
 979              		@ frame_needed = 0, uses_anonymous_args = 0
 980              		@ link register save eliminated.
 697:Drivers/STM32F4xx_HAL_Driver/Src/stm32f4xx_hal_rtc_ex.c ****   /* Prevent unused argument(s) compilation warning */
 698:Drivers/STM32F4xx_HAL_Driver/Src/stm32f4xx_hal_rtc_ex.c ****   UNUSED(hrtc);
 981              		.loc 1 698 3 view .LVU353
 699:Drivers/STM32F4xx_HAL_Driver/Src/stm32f4xx_hal_rtc_ex.c **** 
ARM GAS  /tmp/ccqAQKKp.s 			page 31


 700:Drivers/STM32F4xx_HAL_Driver/Src/stm32f4xx_hal_rtc_ex.c ****   /* NOTE: This function should not be modified, when the callback is needed,
 701:Drivers/STM32F4xx_HAL_Driver/Src/stm32f4xx_hal_rtc_ex.c ****            the HAL_RTCEx_Tamper1EventCallback could be implemented in the user file
 702:Drivers/STM32F4xx_HAL_Driver/Src/stm32f4xx_hal_rtc_ex.c ****    */
 703:Drivers/STM32F4xx_HAL_Driver/Src/stm32f4xx_hal_rtc_ex.c **** }
 982              		.loc 1 703 1 is_stmt 0 view .LVU354
 983 0000 7047     		bx	lr
 984              		.cfi_endproc
 985              	.LFE248:
 987              		.section	.text.HAL_RTCEx_Tamper2EventCallback,"ax",%progbits
 988              		.align	1
 989              		.weak	HAL_RTCEx_Tamper2EventCallback
 990              		.syntax unified
 991              		.thumb
 992              		.thumb_func
 994              	HAL_RTCEx_Tamper2EventCallback:
 995              	.LVL76:
 996              	.LFB249:
 704:Drivers/STM32F4xx_HAL_Driver/Src/stm32f4xx_hal_rtc_ex.c **** 
 705:Drivers/STM32F4xx_HAL_Driver/Src/stm32f4xx_hal_rtc_ex.c **** #if defined(RTC_TAMPER2_SUPPORT)
 706:Drivers/STM32F4xx_HAL_Driver/Src/stm32f4xx_hal_rtc_ex.c **** /**
 707:Drivers/STM32F4xx_HAL_Driver/Src/stm32f4xx_hal_rtc_ex.c ****   * @brief  Tamper 2 callback.
 708:Drivers/STM32F4xx_HAL_Driver/Src/stm32f4xx_hal_rtc_ex.c ****   * @param  hrtc pointer to a RTC_HandleTypeDef structure that contains
 709:Drivers/STM32F4xx_HAL_Driver/Src/stm32f4xx_hal_rtc_ex.c ****   *                the configuration information for RTC.
 710:Drivers/STM32F4xx_HAL_Driver/Src/stm32f4xx_hal_rtc_ex.c ****   * @retval None
 711:Drivers/STM32F4xx_HAL_Driver/Src/stm32f4xx_hal_rtc_ex.c ****   */
 712:Drivers/STM32F4xx_HAL_Driver/Src/stm32f4xx_hal_rtc_ex.c **** __weak void HAL_RTCEx_Tamper2EventCallback(RTC_HandleTypeDef *hrtc)
 713:Drivers/STM32F4xx_HAL_Driver/Src/stm32f4xx_hal_rtc_ex.c **** {
 997              		.loc 1 713 1 is_stmt 1 view -0
 998              		.cfi_startproc
 999              		@ args = 0, pretend = 0, frame = 0
 1000              		@ frame_needed = 0, uses_anonymous_args = 0
 1001              		@ link register save eliminated.
 714:Drivers/STM32F4xx_HAL_Driver/Src/stm32f4xx_hal_rtc_ex.c ****   /* Prevent unused argument(s) compilation warning */
 715:Drivers/STM32F4xx_HAL_Driver/Src/stm32f4xx_hal_rtc_ex.c ****   UNUSED(hrtc);
 1002              		.loc 1 715 3 view .LVU356
 716:Drivers/STM32F4xx_HAL_Driver/Src/stm32f4xx_hal_rtc_ex.c **** 
 717:Drivers/STM32F4xx_HAL_Driver/Src/stm32f4xx_hal_rtc_ex.c ****   /* NOTE: This function should not be modified, when the callback is needed,
 718:Drivers/STM32F4xx_HAL_Driver/Src/stm32f4xx_hal_rtc_ex.c ****            the HAL_RTCEx_Tamper2EventCallback could be implemented in the user file
 719:Drivers/STM32F4xx_HAL_Driver/Src/stm32f4xx_hal_rtc_ex.c ****    */
 720:Drivers/STM32F4xx_HAL_Driver/Src/stm32f4xx_hal_rtc_ex.c **** }
 1003              		.loc 1 720 1 is_stmt 0 view .LVU357
 1004 0000 7047     		bx	lr
 1005              		.cfi_endproc
 1006              	.LFE249:
 1008              		.section	.text.HAL_RTCEx_TamperTimeStampIRQHandler,"ax",%progbits
 1009              		.align	1
 1010              		.global	HAL_RTCEx_TamperTimeStampIRQHandler
 1011              		.syntax unified
 1012              		.thumb
 1013              		.thumb_func
 1015              	HAL_RTCEx_TamperTimeStampIRQHandler:
 1016              	.LVL77:
 1017              	.LFB246:
 608:Drivers/STM32F4xx_HAL_Driver/Src/stm32f4xx_hal_rtc_ex.c ****   /* Clear the EXTI flag associated to the RTC Timestamp and Tamper interrupts */
 1018              		.loc 1 608 1 is_stmt 1 view -0
 1019              		.cfi_startproc
 1020              		@ args = 0, pretend = 0, frame = 0
ARM GAS  /tmp/ccqAQKKp.s 			page 32


 1021              		@ frame_needed = 0, uses_anonymous_args = 0
 608:Drivers/STM32F4xx_HAL_Driver/Src/stm32f4xx_hal_rtc_ex.c ****   /* Clear the EXTI flag associated to the RTC Timestamp and Tamper interrupts */
 1022              		.loc 1 608 1 is_stmt 0 view .LVU359
 1023 0000 10B5     		push	{r4, lr}
 1024              	.LCFI15:
 1025              		.cfi_def_cfa_offset 8
 1026              		.cfi_offset 4, -8
 1027              		.cfi_offset 14, -4
 1028 0002 0446     		mov	r4, r0
 610:Drivers/STM32F4xx_HAL_Driver/Src/stm32f4xx_hal_rtc_ex.c **** 
 1029              		.loc 1 610 3 is_stmt 1 view .LVU360
 1030 0004 1E4B     		ldr	r3, .L64
 1031 0006 4FF40012 		mov	r2, #2097152
 1032 000a 5A61     		str	r2, [r3, #20]
 613:Drivers/STM32F4xx_HAL_Driver/Src/stm32f4xx_hal_rtc_ex.c ****   {
 1033              		.loc 1 613 3 view .LVU361
 613:Drivers/STM32F4xx_HAL_Driver/Src/stm32f4xx_hal_rtc_ex.c ****   {
 1034              		.loc 1 613 7 is_stmt 0 view .LVU362
 1035 000c 0368     		ldr	r3, [r0]
 1036 000e 9A68     		ldr	r2, [r3, #8]
 613:Drivers/STM32F4xx_HAL_Driver/Src/stm32f4xx_hal_rtc_ex.c ****   {
 1037              		.loc 1 613 6 view .LVU363
 1038 0010 12F4004F 		tst	r2, #32768
 1039 0014 03D0     		beq	.L57
 616:Drivers/STM32F4xx_HAL_Driver/Src/stm32f4xx_hal_rtc_ex.c ****     {
 1040              		.loc 1 616 5 is_stmt 1 view .LVU364
 616:Drivers/STM32F4xx_HAL_Driver/Src/stm32f4xx_hal_rtc_ex.c ****     {
 1041              		.loc 1 616 9 is_stmt 0 view .LVU365
 1042 0016 DB68     		ldr	r3, [r3, #12]
 616:Drivers/STM32F4xx_HAL_Driver/Src/stm32f4xx_hal_rtc_ex.c ****     {
 1043              		.loc 1 616 8 view .LVU366
 1044 0018 13F4006F 		tst	r3, #2048
 1045 001c 14D1     		bne	.L61
 1046              	.LVL78:
 1047              	.L57:
 632:Drivers/STM32F4xx_HAL_Driver/Src/stm32f4xx_hal_rtc_ex.c ****   {
 1048              		.loc 1 632 3 is_stmt 1 view .LVU367
 632:Drivers/STM32F4xx_HAL_Driver/Src/stm32f4xx_hal_rtc_ex.c ****   {
 1049              		.loc 1 632 7 is_stmt 0 view .LVU368
 1050 001e 2368     		ldr	r3, [r4]
 1051 0020 1A6C     		ldr	r2, [r3, #64]
 632:Drivers/STM32F4xx_HAL_Driver/Src/stm32f4xx_hal_rtc_ex.c ****   {
 1052              		.loc 1 632 6 view .LVU369
 1053 0022 12F0040F 		tst	r2, #4
 1054 0026 03D0     		beq	.L58
 635:Drivers/STM32F4xx_HAL_Driver/Src/stm32f4xx_hal_rtc_ex.c ****     {
 1055              		.loc 1 635 5 is_stmt 1 view .LVU370
 635:Drivers/STM32F4xx_HAL_Driver/Src/stm32f4xx_hal_rtc_ex.c ****     {
 1056              		.loc 1 635 9 is_stmt 0 view .LVU371
 1057 0028 DA68     		ldr	r2, [r3, #12]
 635:Drivers/STM32F4xx_HAL_Driver/Src/stm32f4xx_hal_rtc_ex.c ****     {
 1058              		.loc 1 635 8 view .LVU372
 1059 002a 12F4005F 		tst	r2, #8192
 1060 002e 14D1     		bne	.L62
 1061              	.L58:
 651:Drivers/STM32F4xx_HAL_Driver/Src/stm32f4xx_hal_rtc_ex.c ****   {
 1062              		.loc 1 651 3 is_stmt 1 view .LVU373
ARM GAS  /tmp/ccqAQKKp.s 			page 33


 651:Drivers/STM32F4xx_HAL_Driver/Src/stm32f4xx_hal_rtc_ex.c ****   {
 1063              		.loc 1 651 7 is_stmt 0 view .LVU374
 1064 0030 2368     		ldr	r3, [r4]
 1065 0032 1A6C     		ldr	r2, [r3, #64]
 651:Drivers/STM32F4xx_HAL_Driver/Src/stm32f4xx_hal_rtc_ex.c ****   {
 1066              		.loc 1 651 6 view .LVU375
 1067 0034 12F0040F 		tst	r2, #4
 1068 0038 03D0     		beq	.L59
 654:Drivers/STM32F4xx_HAL_Driver/Src/stm32f4xx_hal_rtc_ex.c ****     {
 1069              		.loc 1 654 5 is_stmt 1 view .LVU376
 654:Drivers/STM32F4xx_HAL_Driver/Src/stm32f4xx_hal_rtc_ex.c ****     {
 1070              		.loc 1 654 9 is_stmt 0 view .LVU377
 1071 003a DA68     		ldr	r2, [r3, #12]
 654:Drivers/STM32F4xx_HAL_Driver/Src/stm32f4xx_hal_rtc_ex.c ****     {
 1072              		.loc 1 654 8 view .LVU378
 1073 003c 12F4804F 		tst	r2, #16384
 1074 0040 14D1     		bne	.L63
 1075              	.L59:
 670:Drivers/STM32F4xx_HAL_Driver/Src/stm32f4xx_hal_rtc_ex.c **** }
 1076              		.loc 1 670 3 is_stmt 1 view .LVU379
 670:Drivers/STM32F4xx_HAL_Driver/Src/stm32f4xx_hal_rtc_ex.c **** }
 1077              		.loc 1 670 15 is_stmt 0 view .LVU380
 1078 0042 0123     		movs	r3, #1
 1079 0044 6377     		strb	r3, [r4, #29]
 671:Drivers/STM32F4xx_HAL_Driver/Src/stm32f4xx_hal_rtc_ex.c **** 
 1080              		.loc 1 671 1 view .LVU381
 1081 0046 10BD     		pop	{r4, pc}
 1082              	.LVL79:
 1083              	.L61:
 622:Drivers/STM32F4xx_HAL_Driver/Src/stm32f4xx_hal_rtc_ex.c **** #endif /* USE_HAL_RTC_REGISTER_CALLBACKS */
 1084              		.loc 1 622 7 is_stmt 1 view .LVU382
 1085 0048 FFF7FEFF 		bl	HAL_RTCEx_TimeStampEventCallback
 1086              	.LVL80:
 627:Drivers/STM32F4xx_HAL_Driver/Src/stm32f4xx_hal_rtc_ex.c ****     }
 1087              		.loc 1 627 7 view .LVU383
 1088 004c 2268     		ldr	r2, [r4]
 1089 004e D368     		ldr	r3, [r2, #12]
 1090 0050 DBB2     		uxtb	r3, r3
 1091 0052 63F40863 		orn	r3, r3, #2176
 1092 0056 D360     		str	r3, [r2, #12]
 1093 0058 E1E7     		b	.L57
 1094              	.L62:
 638:Drivers/STM32F4xx_HAL_Driver/Src/stm32f4xx_hal_rtc_ex.c **** 
 1095              		.loc 1 638 7 view .LVU384
 1096 005a DA68     		ldr	r2, [r3, #12]
 1097 005c D2B2     		uxtb	r2, r2
 1098 005e 62F40252 		orn	r2, r2, #8320
 1099 0062 DA60     		str	r2, [r3, #12]
 644:Drivers/STM32F4xx_HAL_Driver/Src/stm32f4xx_hal_rtc_ex.c **** #endif /* USE_HAL_RTC_REGISTER_CALLBACKS */
 1100              		.loc 1 644 7 view .LVU385
 1101 0064 2046     		mov	r0, r4
 1102 0066 FFF7FEFF 		bl	HAL_RTCEx_Tamper1EventCallback
 1103              	.LVL81:
 1104 006a E1E7     		b	.L58
 1105              	.L63:
 657:Drivers/STM32F4xx_HAL_Driver/Src/stm32f4xx_hal_rtc_ex.c **** 
 1106              		.loc 1 657 7 view .LVU386
ARM GAS  /tmp/ccqAQKKp.s 			page 34


 1107 006c DA68     		ldr	r2, [r3, #12]
 1108 006e D2B2     		uxtb	r2, r2
 1109 0070 62F48142 		orn	r2, r2, #16512
 1110 0074 DA60     		str	r2, [r3, #12]
 663:Drivers/STM32F4xx_HAL_Driver/Src/stm32f4xx_hal_rtc_ex.c **** #endif /* USE_HAL_RTC_REGISTER_CALLBACKS */
 1111              		.loc 1 663 7 view .LVU387
 1112 0076 2046     		mov	r0, r4
 1113 0078 FFF7FEFF 		bl	HAL_RTCEx_Tamper2EventCallback
 1114              	.LVL82:
 1115 007c E1E7     		b	.L59
 1116              	.L65:
 1117 007e 00BF     		.align	2
 1118              	.L64:
 1119 0080 003C0140 		.word	1073822720
 1120              		.cfi_endproc
 1121              	.LFE246:
 1123              		.section	.text.HAL_RTCEx_PollForTimeStampEvent,"ax",%progbits
 1124              		.align	1
 1125              		.global	HAL_RTCEx_PollForTimeStampEvent
 1126              		.syntax unified
 1127              		.thumb
 1128              		.thumb_func
 1130              	HAL_RTCEx_PollForTimeStampEvent:
 1131              	.LVL83:
 1132              	.LFB250:
 721:Drivers/STM32F4xx_HAL_Driver/Src/stm32f4xx_hal_rtc_ex.c **** #endif /* RTC_TAMPER2_SUPPORT */
 722:Drivers/STM32F4xx_HAL_Driver/Src/stm32f4xx_hal_rtc_ex.c **** 
 723:Drivers/STM32F4xx_HAL_Driver/Src/stm32f4xx_hal_rtc_ex.c **** /**
 724:Drivers/STM32F4xx_HAL_Driver/Src/stm32f4xx_hal_rtc_ex.c ****   * @brief  Handles Timestamp polling request.
 725:Drivers/STM32F4xx_HAL_Driver/Src/stm32f4xx_hal_rtc_ex.c ****   * @param  hrtc pointer to a RTC_HandleTypeDef structure that contains
 726:Drivers/STM32F4xx_HAL_Driver/Src/stm32f4xx_hal_rtc_ex.c ****   *                the configuration information for RTC.
 727:Drivers/STM32F4xx_HAL_Driver/Src/stm32f4xx_hal_rtc_ex.c ****   * @param  Timeout Timeout duration
 728:Drivers/STM32F4xx_HAL_Driver/Src/stm32f4xx_hal_rtc_ex.c ****   * @retval HAL status
 729:Drivers/STM32F4xx_HAL_Driver/Src/stm32f4xx_hal_rtc_ex.c ****   */
 730:Drivers/STM32F4xx_HAL_Driver/Src/stm32f4xx_hal_rtc_ex.c **** HAL_StatusTypeDef HAL_RTCEx_PollForTimeStampEvent(RTC_HandleTypeDef *hrtc, uint32_t Timeout)
 731:Drivers/STM32F4xx_HAL_Driver/Src/stm32f4xx_hal_rtc_ex.c **** {
 1133              		.loc 1 731 1 view -0
 1134              		.cfi_startproc
 1135              		@ args = 0, pretend = 0, frame = 0
 1136              		@ frame_needed = 0, uses_anonymous_args = 0
 1137              		.loc 1 731 1 is_stmt 0 view .LVU389
 1138 0000 70B5     		push	{r4, r5, r6, lr}
 1139              	.LCFI16:
 1140              		.cfi_def_cfa_offset 16
 1141              		.cfi_offset 4, -16
 1142              		.cfi_offset 5, -12
 1143              		.cfi_offset 6, -8
 1144              		.cfi_offset 14, -4
 1145 0002 0546     		mov	r5, r0
 1146 0004 0C46     		mov	r4, r1
 732:Drivers/STM32F4xx_HAL_Driver/Src/stm32f4xx_hal_rtc_ex.c ****   uint32_t tickstart = 0U;
 1147              		.loc 1 732 3 is_stmt 1 view .LVU390
 1148              	.LVL84:
 733:Drivers/STM32F4xx_HAL_Driver/Src/stm32f4xx_hal_rtc_ex.c **** 
 734:Drivers/STM32F4xx_HAL_Driver/Src/stm32f4xx_hal_rtc_ex.c ****   /* Get tick */
 735:Drivers/STM32F4xx_HAL_Driver/Src/stm32f4xx_hal_rtc_ex.c ****   tickstart = HAL_GetTick();
 1149              		.loc 1 735 3 view .LVU391
ARM GAS  /tmp/ccqAQKKp.s 			page 35


 1150              		.loc 1 735 15 is_stmt 0 view .LVU392
 1151 0006 FFF7FEFF 		bl	HAL_GetTick
 1152              	.LVL85:
 1153              		.loc 1 735 15 view .LVU393
 1154 000a 0646     		mov	r6, r0
 1155              	.LVL86:
 736:Drivers/STM32F4xx_HAL_Driver/Src/stm32f4xx_hal_rtc_ex.c **** 
 737:Drivers/STM32F4xx_HAL_Driver/Src/stm32f4xx_hal_rtc_ex.c ****   while (__HAL_RTC_TIMESTAMP_GET_FLAG(hrtc, RTC_FLAG_TSF) == 0U)
 1156              		.loc 1 737 3 is_stmt 1 view .LVU394
 1157              		.loc 1 737 9 is_stmt 0 view .LVU395
 1158 000c 04E0     		b	.L67
 1159              	.LVL87:
 1160              	.L68:
 738:Drivers/STM32F4xx_HAL_Driver/Src/stm32f4xx_hal_rtc_ex.c ****   {
 739:Drivers/STM32F4xx_HAL_Driver/Src/stm32f4xx_hal_rtc_ex.c ****     if (Timeout != HAL_MAX_DELAY)
 740:Drivers/STM32F4xx_HAL_Driver/Src/stm32f4xx_hal_rtc_ex.c ****     {
 741:Drivers/STM32F4xx_HAL_Driver/Src/stm32f4xx_hal_rtc_ex.c ****       if ((Timeout == 0U) || ((HAL_GetTick() - tickstart) > Timeout))
 742:Drivers/STM32F4xx_HAL_Driver/Src/stm32f4xx_hal_rtc_ex.c ****       {
 743:Drivers/STM32F4xx_HAL_Driver/Src/stm32f4xx_hal_rtc_ex.c ****         hrtc->State = HAL_RTC_STATE_TIMEOUT;
 744:Drivers/STM32F4xx_HAL_Driver/Src/stm32f4xx_hal_rtc_ex.c ****         return HAL_TIMEOUT;
 745:Drivers/STM32F4xx_HAL_Driver/Src/stm32f4xx_hal_rtc_ex.c ****       }
 746:Drivers/STM32F4xx_HAL_Driver/Src/stm32f4xx_hal_rtc_ex.c ****     }
 747:Drivers/STM32F4xx_HAL_Driver/Src/stm32f4xx_hal_rtc_ex.c **** 
 748:Drivers/STM32F4xx_HAL_Driver/Src/stm32f4xx_hal_rtc_ex.c ****     if (__HAL_RTC_TIMESTAMP_GET_FLAG(hrtc, RTC_FLAG_TSOVF) != 0U)
 1161              		.loc 1 748 5 is_stmt 1 view .LVU396
 1162              		.loc 1 748 9 is_stmt 0 view .LVU397
 1163 000e 2B68     		ldr	r3, [r5]
 1164 0010 DA68     		ldr	r2, [r3, #12]
 1165              		.loc 1 748 8 view .LVU398
 1166 0012 12F4805F 		tst	r2, #4096
 1167 0016 10D1     		bne	.L73
 1168              	.L67:
 737:Drivers/STM32F4xx_HAL_Driver/Src/stm32f4xx_hal_rtc_ex.c ****   {
 1169              		.loc 1 737 59 is_stmt 1 view .LVU399
 737:Drivers/STM32F4xx_HAL_Driver/Src/stm32f4xx_hal_rtc_ex.c ****   {
 1170              		.loc 1 737 10 is_stmt 0 view .LVU400
 1171 0018 2B68     		ldr	r3, [r5]
 1172 001a DB68     		ldr	r3, [r3, #12]
 737:Drivers/STM32F4xx_HAL_Driver/Src/stm32f4xx_hal_rtc_ex.c ****   {
 1173              		.loc 1 737 59 view .LVU401
 1174 001c 13F4006F 		tst	r3, #2048
 1175 0020 14D1     		bne	.L74
 739:Drivers/STM32F4xx_HAL_Driver/Src/stm32f4xx_hal_rtc_ex.c ****     {
 1176              		.loc 1 739 5 is_stmt 1 view .LVU402
 739:Drivers/STM32F4xx_HAL_Driver/Src/stm32f4xx_hal_rtc_ex.c ****     {
 1177              		.loc 1 739 8 is_stmt 0 view .LVU403
 1178 0022 B4F1FF3F 		cmp	r4, #-1
 1179 0026 F2D0     		beq	.L68
 741:Drivers/STM32F4xx_HAL_Driver/Src/stm32f4xx_hal_rtc_ex.c ****       {
 1180              		.loc 1 741 7 is_stmt 1 view .LVU404
 741:Drivers/STM32F4xx_HAL_Driver/Src/stm32f4xx_hal_rtc_ex.c ****       {
 1181              		.loc 1 741 10 is_stmt 0 view .LVU405
 1182 0028 24B1     		cbz	r4, .L69
 741:Drivers/STM32F4xx_HAL_Driver/Src/stm32f4xx_hal_rtc_ex.c ****       {
 1183              		.loc 1 741 32 discriminator 1 view .LVU406
 1184 002a FFF7FEFF 		bl	HAL_GetTick
 1185              	.LVL88:
ARM GAS  /tmp/ccqAQKKp.s 			page 36


 741:Drivers/STM32F4xx_HAL_Driver/Src/stm32f4xx_hal_rtc_ex.c ****       {
 1186              		.loc 1 741 46 discriminator 1 view .LVU407
 1187 002e 831B     		subs	r3, r0, r6
 741:Drivers/STM32F4xx_HAL_Driver/Src/stm32f4xx_hal_rtc_ex.c ****       {
 1188              		.loc 1 741 27 discriminator 1 view .LVU408
 1189 0030 A342     		cmp	r3, r4
 1190 0032 ECD9     		bls	.L68
 1191              	.L69:
 743:Drivers/STM32F4xx_HAL_Driver/Src/stm32f4xx_hal_rtc_ex.c ****         return HAL_TIMEOUT;
 1192              		.loc 1 743 9 is_stmt 1 view .LVU409
 743:Drivers/STM32F4xx_HAL_Driver/Src/stm32f4xx_hal_rtc_ex.c ****         return HAL_TIMEOUT;
 1193              		.loc 1 743 21 is_stmt 0 view .LVU410
 1194 0034 0320     		movs	r0, #3
 1195 0036 6877     		strb	r0, [r5, #29]
 744:Drivers/STM32F4xx_HAL_Driver/Src/stm32f4xx_hal_rtc_ex.c ****       }
 1196              		.loc 1 744 9 is_stmt 1 view .LVU411
 1197              	.L70:
 749:Drivers/STM32F4xx_HAL_Driver/Src/stm32f4xx_hal_rtc_ex.c ****     {
 750:Drivers/STM32F4xx_HAL_Driver/Src/stm32f4xx_hal_rtc_ex.c ****       /* Clear the Timestamp Overrun Flag */
 751:Drivers/STM32F4xx_HAL_Driver/Src/stm32f4xx_hal_rtc_ex.c ****       __HAL_RTC_TIMESTAMP_CLEAR_FLAG(hrtc, RTC_FLAG_TSOVF);
 752:Drivers/STM32F4xx_HAL_Driver/Src/stm32f4xx_hal_rtc_ex.c **** 
 753:Drivers/STM32F4xx_HAL_Driver/Src/stm32f4xx_hal_rtc_ex.c ****       /* Change Timestamp state */
 754:Drivers/STM32F4xx_HAL_Driver/Src/stm32f4xx_hal_rtc_ex.c ****       hrtc->State = HAL_RTC_STATE_ERROR;
 755:Drivers/STM32F4xx_HAL_Driver/Src/stm32f4xx_hal_rtc_ex.c **** 
 756:Drivers/STM32F4xx_HAL_Driver/Src/stm32f4xx_hal_rtc_ex.c ****       return HAL_ERROR;
 757:Drivers/STM32F4xx_HAL_Driver/Src/stm32f4xx_hal_rtc_ex.c ****     }
 758:Drivers/STM32F4xx_HAL_Driver/Src/stm32f4xx_hal_rtc_ex.c ****   }
 759:Drivers/STM32F4xx_HAL_Driver/Src/stm32f4xx_hal_rtc_ex.c **** 
 760:Drivers/STM32F4xx_HAL_Driver/Src/stm32f4xx_hal_rtc_ex.c ****   /* Change RTC state */
 761:Drivers/STM32F4xx_HAL_Driver/Src/stm32f4xx_hal_rtc_ex.c ****   hrtc->State = HAL_RTC_STATE_READY;
 762:Drivers/STM32F4xx_HAL_Driver/Src/stm32f4xx_hal_rtc_ex.c **** 
 763:Drivers/STM32F4xx_HAL_Driver/Src/stm32f4xx_hal_rtc_ex.c ****   return HAL_OK;
 764:Drivers/STM32F4xx_HAL_Driver/Src/stm32f4xx_hal_rtc_ex.c **** }
 1198              		.loc 1 764 1 is_stmt 0 view .LVU412
 1199 0038 70BD     		pop	{r4, r5, r6, pc}
 1200              	.LVL89:
 1201              	.L73:
 751:Drivers/STM32F4xx_HAL_Driver/Src/stm32f4xx_hal_rtc_ex.c **** 
 1202              		.loc 1 751 7 is_stmt 1 view .LVU413
 1203 003a DA68     		ldr	r2, [r3, #12]
 1204 003c D2B2     		uxtb	r2, r2
 1205 003e 62F48452 		orn	r2, r2, #4224
 1206 0042 DA60     		str	r2, [r3, #12]
 754:Drivers/STM32F4xx_HAL_Driver/Src/stm32f4xx_hal_rtc_ex.c **** 
 1207              		.loc 1 754 7 view .LVU414
 754:Drivers/STM32F4xx_HAL_Driver/Src/stm32f4xx_hal_rtc_ex.c **** 
 1208              		.loc 1 754 19 is_stmt 0 view .LVU415
 1209 0044 0423     		movs	r3, #4
 1210 0046 6B77     		strb	r3, [r5, #29]
 756:Drivers/STM32F4xx_HAL_Driver/Src/stm32f4xx_hal_rtc_ex.c ****     }
 1211              		.loc 1 756 7 is_stmt 1 view .LVU416
 756:Drivers/STM32F4xx_HAL_Driver/Src/stm32f4xx_hal_rtc_ex.c ****     }
 1212              		.loc 1 756 14 is_stmt 0 view .LVU417
 1213 0048 0120     		movs	r0, #1
 1214 004a F5E7     		b	.L70
 1215              	.L74:
 761:Drivers/STM32F4xx_HAL_Driver/Src/stm32f4xx_hal_rtc_ex.c **** 
ARM GAS  /tmp/ccqAQKKp.s 			page 37


 1216              		.loc 1 761 3 is_stmt 1 view .LVU418
 761:Drivers/STM32F4xx_HAL_Driver/Src/stm32f4xx_hal_rtc_ex.c **** 
 1217              		.loc 1 761 15 is_stmt 0 view .LVU419
 1218 004c 0123     		movs	r3, #1
 1219 004e 6B77     		strb	r3, [r5, #29]
 763:Drivers/STM32F4xx_HAL_Driver/Src/stm32f4xx_hal_rtc_ex.c **** }
 1220              		.loc 1 763 3 is_stmt 1 view .LVU420
 763:Drivers/STM32F4xx_HAL_Driver/Src/stm32f4xx_hal_rtc_ex.c **** }
 1221              		.loc 1 763 10 is_stmt 0 view .LVU421
 1222 0050 0020     		movs	r0, #0
 1223 0052 F1E7     		b	.L70
 1224              		.cfi_endproc
 1225              	.LFE250:
 1227              		.section	.text.HAL_RTCEx_PollForTamper1Event,"ax",%progbits
 1228              		.align	1
 1229              		.global	HAL_RTCEx_PollForTamper1Event
 1230              		.syntax unified
 1231              		.thumb
 1232              		.thumb_func
 1234              	HAL_RTCEx_PollForTamper1Event:
 1235              	.LVL90:
 1236              	.LFB251:
 765:Drivers/STM32F4xx_HAL_Driver/Src/stm32f4xx_hal_rtc_ex.c **** 
 766:Drivers/STM32F4xx_HAL_Driver/Src/stm32f4xx_hal_rtc_ex.c **** /**
 767:Drivers/STM32F4xx_HAL_Driver/Src/stm32f4xx_hal_rtc_ex.c ****   * @brief  Handles Tamper 1 Polling.
 768:Drivers/STM32F4xx_HAL_Driver/Src/stm32f4xx_hal_rtc_ex.c ****   * @param  hrtc pointer to a RTC_HandleTypeDef structure that contains
 769:Drivers/STM32F4xx_HAL_Driver/Src/stm32f4xx_hal_rtc_ex.c ****   *                the configuration information for RTC.
 770:Drivers/STM32F4xx_HAL_Driver/Src/stm32f4xx_hal_rtc_ex.c ****   * @param  Timeout Timeout duration
 771:Drivers/STM32F4xx_HAL_Driver/Src/stm32f4xx_hal_rtc_ex.c ****   * @retval HAL status
 772:Drivers/STM32F4xx_HAL_Driver/Src/stm32f4xx_hal_rtc_ex.c ****   */
 773:Drivers/STM32F4xx_HAL_Driver/Src/stm32f4xx_hal_rtc_ex.c **** HAL_StatusTypeDef HAL_RTCEx_PollForTamper1Event(RTC_HandleTypeDef *hrtc, uint32_t Timeout)
 774:Drivers/STM32F4xx_HAL_Driver/Src/stm32f4xx_hal_rtc_ex.c **** {
 1237              		.loc 1 774 1 is_stmt 1 view -0
 1238              		.cfi_startproc
 1239              		@ args = 0, pretend = 0, frame = 0
 1240              		@ frame_needed = 0, uses_anonymous_args = 0
 1241              		.loc 1 774 1 is_stmt 0 view .LVU423
 1242 0000 70B5     		push	{r4, r5, r6, lr}
 1243              	.LCFI17:
 1244              		.cfi_def_cfa_offset 16
 1245              		.cfi_offset 4, -16
 1246              		.cfi_offset 5, -12
 1247              		.cfi_offset 6, -8
 1248              		.cfi_offset 14, -4
 1249 0002 0446     		mov	r4, r0
 1250 0004 0D46     		mov	r5, r1
 775:Drivers/STM32F4xx_HAL_Driver/Src/stm32f4xx_hal_rtc_ex.c ****   uint32_t tickstart = 0U;
 1251              		.loc 1 775 3 is_stmt 1 view .LVU424
 1252              	.LVL91:
 776:Drivers/STM32F4xx_HAL_Driver/Src/stm32f4xx_hal_rtc_ex.c **** 
 777:Drivers/STM32F4xx_HAL_Driver/Src/stm32f4xx_hal_rtc_ex.c ****   /* Get tick */
 778:Drivers/STM32F4xx_HAL_Driver/Src/stm32f4xx_hal_rtc_ex.c ****   tickstart = HAL_GetTick();
 1253              		.loc 1 778 3 view .LVU425
 1254              		.loc 1 778 15 is_stmt 0 view .LVU426
 1255 0006 FFF7FEFF 		bl	HAL_GetTick
 1256              	.LVL92:
 1257              		.loc 1 778 15 view .LVU427
ARM GAS  /tmp/ccqAQKKp.s 			page 38


 1258 000a 0646     		mov	r6, r0
 1259              	.LVL93:
 779:Drivers/STM32F4xx_HAL_Driver/Src/stm32f4xx_hal_rtc_ex.c **** 
 780:Drivers/STM32F4xx_HAL_Driver/Src/stm32f4xx_hal_rtc_ex.c ****   /* Get the status of the Interrupt */
 781:Drivers/STM32F4xx_HAL_Driver/Src/stm32f4xx_hal_rtc_ex.c ****   while (__HAL_RTC_TAMPER_GET_FLAG(hrtc, RTC_FLAG_TAMP1F) == 0U)
 1260              		.loc 1 781 3 is_stmt 1 view .LVU428
 1261              	.L77:
 1262              		.loc 1 781 59 view .LVU429
 1263              		.loc 1 781 10 is_stmt 0 view .LVU430
 1264 000c 2368     		ldr	r3, [r4]
 1265 000e DA68     		ldr	r2, [r3, #12]
 1266              		.loc 1 781 59 view .LVU431
 1267 0010 12F4005F 		tst	r2, #8192
 1268 0014 0BD1     		bne	.L82
 782:Drivers/STM32F4xx_HAL_Driver/Src/stm32f4xx_hal_rtc_ex.c ****   {
 783:Drivers/STM32F4xx_HAL_Driver/Src/stm32f4xx_hal_rtc_ex.c ****     if (Timeout != HAL_MAX_DELAY)
 1269              		.loc 1 783 5 is_stmt 1 view .LVU432
 1270              		.loc 1 783 8 is_stmt 0 view .LVU433
 1271 0016 B5F1FF3F 		cmp	r5, #-1
 1272 001a F7D0     		beq	.L77
 784:Drivers/STM32F4xx_HAL_Driver/Src/stm32f4xx_hal_rtc_ex.c ****     {
 785:Drivers/STM32F4xx_HAL_Driver/Src/stm32f4xx_hal_rtc_ex.c ****       if ((Timeout == 0U) || ((HAL_GetTick() - tickstart) > Timeout))
 1273              		.loc 1 785 7 is_stmt 1 view .LVU434
 1274              		.loc 1 785 10 is_stmt 0 view .LVU435
 1275 001c 25B1     		cbz	r5, .L78
 1276              		.loc 1 785 32 discriminator 1 view .LVU436
 1277 001e FFF7FEFF 		bl	HAL_GetTick
 1278              	.LVL94:
 1279              		.loc 1 785 46 discriminator 1 view .LVU437
 1280 0022 801B     		subs	r0, r0, r6
 1281              		.loc 1 785 27 discriminator 1 view .LVU438
 1282 0024 A842     		cmp	r0, r5
 1283 0026 F1D9     		bls	.L77
 1284              	.L78:
 786:Drivers/STM32F4xx_HAL_Driver/Src/stm32f4xx_hal_rtc_ex.c ****       {
 787:Drivers/STM32F4xx_HAL_Driver/Src/stm32f4xx_hal_rtc_ex.c ****         hrtc->State = HAL_RTC_STATE_TIMEOUT;
 1285              		.loc 1 787 9 is_stmt 1 view .LVU439
 1286              		.loc 1 787 21 is_stmt 0 view .LVU440
 1287 0028 0320     		movs	r0, #3
 1288 002a 6077     		strb	r0, [r4, #29]
 788:Drivers/STM32F4xx_HAL_Driver/Src/stm32f4xx_hal_rtc_ex.c ****         return HAL_TIMEOUT;
 1289              		.loc 1 788 9 is_stmt 1 view .LVU441
 1290              		.loc 1 788 16 is_stmt 0 view .LVU442
 1291 002c 07E0     		b	.L79
 1292              	.L82:
 789:Drivers/STM32F4xx_HAL_Driver/Src/stm32f4xx_hal_rtc_ex.c ****       }
 790:Drivers/STM32F4xx_HAL_Driver/Src/stm32f4xx_hal_rtc_ex.c ****     }
 791:Drivers/STM32F4xx_HAL_Driver/Src/stm32f4xx_hal_rtc_ex.c ****   }
 792:Drivers/STM32F4xx_HAL_Driver/Src/stm32f4xx_hal_rtc_ex.c **** 
 793:Drivers/STM32F4xx_HAL_Driver/Src/stm32f4xx_hal_rtc_ex.c ****   /* Clear the Tamper Flag */
 794:Drivers/STM32F4xx_HAL_Driver/Src/stm32f4xx_hal_rtc_ex.c ****   __HAL_RTC_TAMPER_CLEAR_FLAG(hrtc, RTC_FLAG_TAMP1F);
 1293              		.loc 1 794 3 is_stmt 1 view .LVU443
 1294 002e DA68     		ldr	r2, [r3, #12]
 1295 0030 D2B2     		uxtb	r2, r2
 1296 0032 62F40252 		orn	r2, r2, #8320
 1297 0036 DA60     		str	r2, [r3, #12]
 795:Drivers/STM32F4xx_HAL_Driver/Src/stm32f4xx_hal_rtc_ex.c **** 
ARM GAS  /tmp/ccqAQKKp.s 			page 39


 796:Drivers/STM32F4xx_HAL_Driver/Src/stm32f4xx_hal_rtc_ex.c ****   /* Change RTC state */
 797:Drivers/STM32F4xx_HAL_Driver/Src/stm32f4xx_hal_rtc_ex.c ****   hrtc->State = HAL_RTC_STATE_READY;
 1298              		.loc 1 797 3 view .LVU444
 1299              		.loc 1 797 15 is_stmt 0 view .LVU445
 1300 0038 0123     		movs	r3, #1
 1301 003a 6377     		strb	r3, [r4, #29]
 798:Drivers/STM32F4xx_HAL_Driver/Src/stm32f4xx_hal_rtc_ex.c **** 
 799:Drivers/STM32F4xx_HAL_Driver/Src/stm32f4xx_hal_rtc_ex.c ****   return HAL_OK;
 1302              		.loc 1 799 3 is_stmt 1 view .LVU446
 1303              		.loc 1 799 10 is_stmt 0 view .LVU447
 1304 003c 0020     		movs	r0, #0
 1305              	.L79:
 800:Drivers/STM32F4xx_HAL_Driver/Src/stm32f4xx_hal_rtc_ex.c **** }
 1306              		.loc 1 800 1 view .LVU448
 1307 003e 70BD     		pop	{r4, r5, r6, pc}
 1308              		.loc 1 800 1 view .LVU449
 1309              		.cfi_endproc
 1310              	.LFE251:
 1312              		.section	.text.HAL_RTCEx_PollForTamper2Event,"ax",%progbits
 1313              		.align	1
 1314              		.global	HAL_RTCEx_PollForTamper2Event
 1315              		.syntax unified
 1316              		.thumb
 1317              		.thumb_func
 1319              	HAL_RTCEx_PollForTamper2Event:
 1320              	.LVL95:
 1321              	.LFB252:
 801:Drivers/STM32F4xx_HAL_Driver/Src/stm32f4xx_hal_rtc_ex.c **** 
 802:Drivers/STM32F4xx_HAL_Driver/Src/stm32f4xx_hal_rtc_ex.c **** #if defined(RTC_TAMPER2_SUPPORT)
 803:Drivers/STM32F4xx_HAL_Driver/Src/stm32f4xx_hal_rtc_ex.c **** /**
 804:Drivers/STM32F4xx_HAL_Driver/Src/stm32f4xx_hal_rtc_ex.c ****   * @brief  Handles Tamper 2 Polling.
 805:Drivers/STM32F4xx_HAL_Driver/Src/stm32f4xx_hal_rtc_ex.c ****   * @param  hrtc pointer to a RTC_HandleTypeDef structure that contains
 806:Drivers/STM32F4xx_HAL_Driver/Src/stm32f4xx_hal_rtc_ex.c ****   *                the configuration information for RTC.
 807:Drivers/STM32F4xx_HAL_Driver/Src/stm32f4xx_hal_rtc_ex.c ****   * @param  Timeout Timeout duration
 808:Drivers/STM32F4xx_HAL_Driver/Src/stm32f4xx_hal_rtc_ex.c ****   * @retval HAL status
 809:Drivers/STM32F4xx_HAL_Driver/Src/stm32f4xx_hal_rtc_ex.c ****   */
 810:Drivers/STM32F4xx_HAL_Driver/Src/stm32f4xx_hal_rtc_ex.c **** HAL_StatusTypeDef HAL_RTCEx_PollForTamper2Event(RTC_HandleTypeDef *hrtc, uint32_t Timeout)
 811:Drivers/STM32F4xx_HAL_Driver/Src/stm32f4xx_hal_rtc_ex.c **** {
 1322              		.loc 1 811 1 is_stmt 1 view -0
 1323              		.cfi_startproc
 1324              		@ args = 0, pretend = 0, frame = 0
 1325              		@ frame_needed = 0, uses_anonymous_args = 0
 1326              		.loc 1 811 1 is_stmt 0 view .LVU451
 1327 0000 70B5     		push	{r4, r5, r6, lr}
 1328              	.LCFI18:
 1329              		.cfi_def_cfa_offset 16
 1330              		.cfi_offset 4, -16
 1331              		.cfi_offset 5, -12
 1332              		.cfi_offset 6, -8
 1333              		.cfi_offset 14, -4
 1334 0002 0446     		mov	r4, r0
 1335 0004 0D46     		mov	r5, r1
 812:Drivers/STM32F4xx_HAL_Driver/Src/stm32f4xx_hal_rtc_ex.c ****   uint32_t tickstart = 0U;
 1336              		.loc 1 812 3 is_stmt 1 view .LVU452
 1337              	.LVL96:
 813:Drivers/STM32F4xx_HAL_Driver/Src/stm32f4xx_hal_rtc_ex.c **** 
 814:Drivers/STM32F4xx_HAL_Driver/Src/stm32f4xx_hal_rtc_ex.c ****   /* Get tick */
ARM GAS  /tmp/ccqAQKKp.s 			page 40


 815:Drivers/STM32F4xx_HAL_Driver/Src/stm32f4xx_hal_rtc_ex.c ****   tickstart = HAL_GetTick();
 1338              		.loc 1 815 3 view .LVU453
 1339              		.loc 1 815 15 is_stmt 0 view .LVU454
 1340 0006 FFF7FEFF 		bl	HAL_GetTick
 1341              	.LVL97:
 1342              		.loc 1 815 15 view .LVU455
 1343 000a 0646     		mov	r6, r0
 1344              	.LVL98:
 816:Drivers/STM32F4xx_HAL_Driver/Src/stm32f4xx_hal_rtc_ex.c **** 
 817:Drivers/STM32F4xx_HAL_Driver/Src/stm32f4xx_hal_rtc_ex.c ****   /* Get the status of the Interrupt */
 818:Drivers/STM32F4xx_HAL_Driver/Src/stm32f4xx_hal_rtc_ex.c ****   while (__HAL_RTC_TAMPER_GET_FLAG(hrtc, RTC_FLAG_TAMP2F) == 0U)
 1345              		.loc 1 818 3 is_stmt 1 view .LVU456
 1346              	.L85:
 1347              		.loc 1 818 59 view .LVU457
 1348              		.loc 1 818 10 is_stmt 0 view .LVU458
 1349 000c 2368     		ldr	r3, [r4]
 1350 000e DA68     		ldr	r2, [r3, #12]
 1351              		.loc 1 818 59 view .LVU459
 1352 0010 12F4804F 		tst	r2, #16384
 1353 0014 0BD1     		bne	.L90
 819:Drivers/STM32F4xx_HAL_Driver/Src/stm32f4xx_hal_rtc_ex.c ****   {
 820:Drivers/STM32F4xx_HAL_Driver/Src/stm32f4xx_hal_rtc_ex.c ****     if (Timeout != HAL_MAX_DELAY)
 1354              		.loc 1 820 5 is_stmt 1 view .LVU460
 1355              		.loc 1 820 8 is_stmt 0 view .LVU461
 1356 0016 B5F1FF3F 		cmp	r5, #-1
 1357 001a F7D0     		beq	.L85
 821:Drivers/STM32F4xx_HAL_Driver/Src/stm32f4xx_hal_rtc_ex.c ****     {
 822:Drivers/STM32F4xx_HAL_Driver/Src/stm32f4xx_hal_rtc_ex.c ****       if ((Timeout == 0U) || ((HAL_GetTick() - tickstart) > Timeout))
 1358              		.loc 1 822 7 is_stmt 1 view .LVU462
 1359              		.loc 1 822 10 is_stmt 0 view .LVU463
 1360 001c 25B1     		cbz	r5, .L86
 1361              		.loc 1 822 32 discriminator 1 view .LVU464
 1362 001e FFF7FEFF 		bl	HAL_GetTick
 1363              	.LVL99:
 1364              		.loc 1 822 46 discriminator 1 view .LVU465
 1365 0022 801B     		subs	r0, r0, r6
 1366              		.loc 1 822 27 discriminator 1 view .LVU466
 1367 0024 A842     		cmp	r0, r5
 1368 0026 F1D9     		bls	.L85
 1369              	.L86:
 823:Drivers/STM32F4xx_HAL_Driver/Src/stm32f4xx_hal_rtc_ex.c ****       {
 824:Drivers/STM32F4xx_HAL_Driver/Src/stm32f4xx_hal_rtc_ex.c ****         hrtc->State = HAL_RTC_STATE_TIMEOUT;
 1370              		.loc 1 824 9 is_stmt 1 view .LVU467
 1371              		.loc 1 824 21 is_stmt 0 view .LVU468
 1372 0028 0320     		movs	r0, #3
 1373 002a 6077     		strb	r0, [r4, #29]
 825:Drivers/STM32F4xx_HAL_Driver/Src/stm32f4xx_hal_rtc_ex.c ****         return HAL_TIMEOUT;
 1374              		.loc 1 825 9 is_stmt 1 view .LVU469
 1375              		.loc 1 825 16 is_stmt 0 view .LVU470
 1376 002c 07E0     		b	.L87
 1377              	.L90:
 826:Drivers/STM32F4xx_HAL_Driver/Src/stm32f4xx_hal_rtc_ex.c ****       }
 827:Drivers/STM32F4xx_HAL_Driver/Src/stm32f4xx_hal_rtc_ex.c ****     }
 828:Drivers/STM32F4xx_HAL_Driver/Src/stm32f4xx_hal_rtc_ex.c ****   }
 829:Drivers/STM32F4xx_HAL_Driver/Src/stm32f4xx_hal_rtc_ex.c **** 
 830:Drivers/STM32F4xx_HAL_Driver/Src/stm32f4xx_hal_rtc_ex.c ****   /* Clear the Tamper Flag */
 831:Drivers/STM32F4xx_HAL_Driver/Src/stm32f4xx_hal_rtc_ex.c ****   __HAL_RTC_TAMPER_CLEAR_FLAG(hrtc, RTC_FLAG_TAMP2F);
ARM GAS  /tmp/ccqAQKKp.s 			page 41


 1378              		.loc 1 831 3 is_stmt 1 view .LVU471
 1379 002e DA68     		ldr	r2, [r3, #12]
 1380 0030 D2B2     		uxtb	r2, r2
 1381 0032 62F48142 		orn	r2, r2, #16512
 1382 0036 DA60     		str	r2, [r3, #12]
 832:Drivers/STM32F4xx_HAL_Driver/Src/stm32f4xx_hal_rtc_ex.c **** 
 833:Drivers/STM32F4xx_HAL_Driver/Src/stm32f4xx_hal_rtc_ex.c ****   /* Change RTC state */
 834:Drivers/STM32F4xx_HAL_Driver/Src/stm32f4xx_hal_rtc_ex.c ****   hrtc->State = HAL_RTC_STATE_READY;
 1383              		.loc 1 834 3 view .LVU472
 1384              		.loc 1 834 15 is_stmt 0 view .LVU473
 1385 0038 0123     		movs	r3, #1
 1386 003a 6377     		strb	r3, [r4, #29]
 835:Drivers/STM32F4xx_HAL_Driver/Src/stm32f4xx_hal_rtc_ex.c **** 
 836:Drivers/STM32F4xx_HAL_Driver/Src/stm32f4xx_hal_rtc_ex.c ****   return HAL_OK;
 1387              		.loc 1 836 3 is_stmt 1 view .LVU474
 1388              		.loc 1 836 10 is_stmt 0 view .LVU475
 1389 003c 0020     		movs	r0, #0
 1390              	.L87:
 837:Drivers/STM32F4xx_HAL_Driver/Src/stm32f4xx_hal_rtc_ex.c **** }
 1391              		.loc 1 837 1 view .LVU476
 1392 003e 70BD     		pop	{r4, r5, r6, pc}
 1393              		.loc 1 837 1 view .LVU477
 1394              		.cfi_endproc
 1395              	.LFE252:
 1397              		.section	.text.HAL_RTCEx_SetWakeUpTimer,"ax",%progbits
 1398              		.align	1
 1399              		.global	HAL_RTCEx_SetWakeUpTimer
 1400              		.syntax unified
 1401              		.thumb
 1402              		.thumb_func
 1404              	HAL_RTCEx_SetWakeUpTimer:
 1405              	.LVL100:
 1406              	.LFB253:
 838:Drivers/STM32F4xx_HAL_Driver/Src/stm32f4xx_hal_rtc_ex.c **** #endif /* RTC_TAMPER2_SUPPORT */
 839:Drivers/STM32F4xx_HAL_Driver/Src/stm32f4xx_hal_rtc_ex.c **** 
 840:Drivers/STM32F4xx_HAL_Driver/Src/stm32f4xx_hal_rtc_ex.c **** /**
 841:Drivers/STM32F4xx_HAL_Driver/Src/stm32f4xx_hal_rtc_ex.c ****   * @}
 842:Drivers/STM32F4xx_HAL_Driver/Src/stm32f4xx_hal_rtc_ex.c ****   */
 843:Drivers/STM32F4xx_HAL_Driver/Src/stm32f4xx_hal_rtc_ex.c **** 
 844:Drivers/STM32F4xx_HAL_Driver/Src/stm32f4xx_hal_rtc_ex.c **** /** @defgroup RTCEx_Exported_Functions_Group2 RTC Wakeup functions
 845:Drivers/STM32F4xx_HAL_Driver/Src/stm32f4xx_hal_rtc_ex.c ****   * @brief    RTC Wakeup functions
 846:Drivers/STM32F4xx_HAL_Driver/Src/stm32f4xx_hal_rtc_ex.c ****   *
 847:Drivers/STM32F4xx_HAL_Driver/Src/stm32f4xx_hal_rtc_ex.c **** @verbatim
 848:Drivers/STM32F4xx_HAL_Driver/Src/stm32f4xx_hal_rtc_ex.c ****  ===============================================================================
 849:Drivers/STM32F4xx_HAL_Driver/Src/stm32f4xx_hal_rtc_ex.c ****                         ##### RTC Wakeup functions #####
 850:Drivers/STM32F4xx_HAL_Driver/Src/stm32f4xx_hal_rtc_ex.c ****  ===============================================================================
 851:Drivers/STM32F4xx_HAL_Driver/Src/stm32f4xx_hal_rtc_ex.c **** 
 852:Drivers/STM32F4xx_HAL_Driver/Src/stm32f4xx_hal_rtc_ex.c ****  [..] This section provides functions allowing to configure Wakeup feature
 853:Drivers/STM32F4xx_HAL_Driver/Src/stm32f4xx_hal_rtc_ex.c **** 
 854:Drivers/STM32F4xx_HAL_Driver/Src/stm32f4xx_hal_rtc_ex.c **** @endverbatim
 855:Drivers/STM32F4xx_HAL_Driver/Src/stm32f4xx_hal_rtc_ex.c ****   * @{
 856:Drivers/STM32F4xx_HAL_Driver/Src/stm32f4xx_hal_rtc_ex.c ****   */
 857:Drivers/STM32F4xx_HAL_Driver/Src/stm32f4xx_hal_rtc_ex.c **** 
 858:Drivers/STM32F4xx_HAL_Driver/Src/stm32f4xx_hal_rtc_ex.c **** /**
 859:Drivers/STM32F4xx_HAL_Driver/Src/stm32f4xx_hal_rtc_ex.c ****   * @brief  Sets wakeup timer.
 860:Drivers/STM32F4xx_HAL_Driver/Src/stm32f4xx_hal_rtc_ex.c ****   * @param  hrtc pointer to a RTC_HandleTypeDef structure that contains
 861:Drivers/STM32F4xx_HAL_Driver/Src/stm32f4xx_hal_rtc_ex.c ****   *                the configuration information for RTC.
ARM GAS  /tmp/ccqAQKKp.s 			page 42


 862:Drivers/STM32F4xx_HAL_Driver/Src/stm32f4xx_hal_rtc_ex.c ****   * @param  WakeUpCounter Wakeup counter
 863:Drivers/STM32F4xx_HAL_Driver/Src/stm32f4xx_hal_rtc_ex.c ****   * @param  WakeUpClock Wakeup clock
 864:Drivers/STM32F4xx_HAL_Driver/Src/stm32f4xx_hal_rtc_ex.c ****   * @retval HAL status
 865:Drivers/STM32F4xx_HAL_Driver/Src/stm32f4xx_hal_rtc_ex.c ****   */
 866:Drivers/STM32F4xx_HAL_Driver/Src/stm32f4xx_hal_rtc_ex.c **** HAL_StatusTypeDef HAL_RTCEx_SetWakeUpTimer(RTC_HandleTypeDef *hrtc, uint32_t WakeUpCounter, uint32_
 867:Drivers/STM32F4xx_HAL_Driver/Src/stm32f4xx_hal_rtc_ex.c **** {
 1407              		.loc 1 867 1 is_stmt 1 view -0
 1408              		.cfi_startproc
 1409              		@ args = 0, pretend = 0, frame = 0
 1410              		@ frame_needed = 0, uses_anonymous_args = 0
 1411              		.loc 1 867 1 is_stmt 0 view .LVU479
 1412 0000 F8B5     		push	{r3, r4, r5, r6, r7, lr}
 1413              	.LCFI19:
 1414              		.cfi_def_cfa_offset 24
 1415              		.cfi_offset 3, -24
 1416              		.cfi_offset 4, -20
 1417              		.cfi_offset 5, -16
 1418              		.cfi_offset 6, -12
 1419              		.cfi_offset 7, -8
 1420              		.cfi_offset 14, -4
 868:Drivers/STM32F4xx_HAL_Driver/Src/stm32f4xx_hal_rtc_ex.c ****   uint32_t tickstart = 0U;
 1421              		.loc 1 868 3 is_stmt 1 view .LVU480
 1422              	.LVL101:
 869:Drivers/STM32F4xx_HAL_Driver/Src/stm32f4xx_hal_rtc_ex.c **** 
 870:Drivers/STM32F4xx_HAL_Driver/Src/stm32f4xx_hal_rtc_ex.c ****   /* Check the parameters */
 871:Drivers/STM32F4xx_HAL_Driver/Src/stm32f4xx_hal_rtc_ex.c ****   assert_param(IS_RTC_WAKEUP_CLOCK(WakeUpClock));
 1423              		.loc 1 871 3 view .LVU481
 872:Drivers/STM32F4xx_HAL_Driver/Src/stm32f4xx_hal_rtc_ex.c ****   assert_param(IS_RTC_WAKEUP_COUNTER(WakeUpCounter));
 1424              		.loc 1 872 3 view .LVU482
 873:Drivers/STM32F4xx_HAL_Driver/Src/stm32f4xx_hal_rtc_ex.c **** 
 874:Drivers/STM32F4xx_HAL_Driver/Src/stm32f4xx_hal_rtc_ex.c ****   /* Process Locked */
 875:Drivers/STM32F4xx_HAL_Driver/Src/stm32f4xx_hal_rtc_ex.c ****   __HAL_LOCK(hrtc);
 1425              		.loc 1 875 3 view .LVU483
 1426              		.loc 1 875 3 view .LVU484
 1427 0002 037F     		ldrb	r3, [r0, #28]	@ zero_extendqisi2
 1428 0004 012B     		cmp	r3, #1
 1429 0006 5FD0     		beq	.L98
 1430 0008 0446     		mov	r4, r0
 1431 000a 0D46     		mov	r5, r1
 1432 000c 1646     		mov	r6, r2
 1433              		.loc 1 875 3 discriminator 2 view .LVU485
 1434 000e 0123     		movs	r3, #1
 1435 0010 0377     		strb	r3, [r0, #28]
 1436              		.loc 1 875 3 view .LVU486
 876:Drivers/STM32F4xx_HAL_Driver/Src/stm32f4xx_hal_rtc_ex.c **** 
 877:Drivers/STM32F4xx_HAL_Driver/Src/stm32f4xx_hal_rtc_ex.c ****   hrtc->State = HAL_RTC_STATE_BUSY;
 1437              		.loc 1 877 3 view .LVU487
 1438              		.loc 1 877 15 is_stmt 0 view .LVU488
 1439 0012 0223     		movs	r3, #2
 1440 0014 4377     		strb	r3, [r0, #29]
 878:Drivers/STM32F4xx_HAL_Driver/Src/stm32f4xx_hal_rtc_ex.c **** 
 879:Drivers/STM32F4xx_HAL_Driver/Src/stm32f4xx_hal_rtc_ex.c ****   /* Disable the write protection for RTC registers */
 880:Drivers/STM32F4xx_HAL_Driver/Src/stm32f4xx_hal_rtc_ex.c ****   __HAL_RTC_WRITEPROTECTION_DISABLE(hrtc);
 1441              		.loc 1 880 3 is_stmt 1 view .LVU489
 1442              		.loc 1 880 3 view .LVU490
 1443 0016 0368     		ldr	r3, [r0]
 1444 0018 CA22     		movs	r2, #202
ARM GAS  /tmp/ccqAQKKp.s 			page 43


 1445              	.LVL102:
 1446              		.loc 1 880 3 is_stmt 0 view .LVU491
 1447 001a 5A62     		str	r2, [r3, #36]
 1448              		.loc 1 880 3 is_stmt 1 view .LVU492
 1449 001c 0368     		ldr	r3, [r0]
 1450 001e 5322     		movs	r2, #83
 1451 0020 5A62     		str	r2, [r3, #36]
 1452              		.loc 1 880 3 view .LVU493
 881:Drivers/STM32F4xx_HAL_Driver/Src/stm32f4xx_hal_rtc_ex.c **** 
 882:Drivers/STM32F4xx_HAL_Driver/Src/stm32f4xx_hal_rtc_ex.c ****   /* Check RTC WUTWF flag is reset only when wakeup timer enabled*/
 883:Drivers/STM32F4xx_HAL_Driver/Src/stm32f4xx_hal_rtc_ex.c ****   if ((hrtc->Instance->CR & RTC_CR_WUTE) != 0U)
 1453              		.loc 1 883 3 view .LVU494
 1454              		.loc 1 883 12 is_stmt 0 view .LVU495
 1455 0022 0368     		ldr	r3, [r0]
 1456              		.loc 1 883 22 view .LVU496
 1457 0024 9B68     		ldr	r3, [r3, #8]
 1458              		.loc 1 883 6 view .LVU497
 1459 0026 13F4806F 		tst	r3, #1024
 1460 002a 15D0     		beq	.L93
 884:Drivers/STM32F4xx_HAL_Driver/Src/stm32f4xx_hal_rtc_ex.c ****   {
 885:Drivers/STM32F4xx_HAL_Driver/Src/stm32f4xx_hal_rtc_ex.c ****     tickstart = HAL_GetTick();
 1461              		.loc 1 885 5 is_stmt 1 view .LVU498
 1462              		.loc 1 885 17 is_stmt 0 view .LVU499
 1463 002c FFF7FEFF 		bl	HAL_GetTick
 1464              	.LVL103:
 1465              		.loc 1 885 17 view .LVU500
 1466 0030 0746     		mov	r7, r0
 1467              	.LVL104:
 886:Drivers/STM32F4xx_HAL_Driver/Src/stm32f4xx_hal_rtc_ex.c **** 
 887:Drivers/STM32F4xx_HAL_Driver/Src/stm32f4xx_hal_rtc_ex.c ****     /* Wait till RTC WUTWF flag is reset and if timeout is reached exit */
 888:Drivers/STM32F4xx_HAL_Driver/Src/stm32f4xx_hal_rtc_ex.c ****     while (__HAL_RTC_WAKEUPTIMER_GET_FLAG(hrtc, RTC_FLAG_WUTWF) != 0U)
 1468              		.loc 1 888 5 is_stmt 1 view .LVU501
 1469              	.L94:
 1470              		.loc 1 888 65 view .LVU502
 1471              		.loc 1 888 12 is_stmt 0 view .LVU503
 1472 0032 2368     		ldr	r3, [r4]
 1473 0034 DB68     		ldr	r3, [r3, #12]
 1474              		.loc 1 888 65 view .LVU504
 1475 0036 13F0040F 		tst	r3, #4
 1476 003a 0DD0     		beq	.L93
 889:Drivers/STM32F4xx_HAL_Driver/Src/stm32f4xx_hal_rtc_ex.c ****     {
 890:Drivers/STM32F4xx_HAL_Driver/Src/stm32f4xx_hal_rtc_ex.c ****       if ((HAL_GetTick() - tickstart) > RTC_TIMEOUT_VALUE)
 1477              		.loc 1 890 7 is_stmt 1 view .LVU505
 1478              		.loc 1 890 12 is_stmt 0 view .LVU506
 1479 003c FFF7FEFF 		bl	HAL_GetTick
 1480              	.LVL105:
 1481              		.loc 1 890 26 discriminator 1 view .LVU507
 1482 0040 C01B     		subs	r0, r0, r7
 1483              		.loc 1 890 10 discriminator 1 view .LVU508
 1484 0042 B0F57A7F 		cmp	r0, #1000
 1485 0046 F4D9     		bls	.L94
 891:Drivers/STM32F4xx_HAL_Driver/Src/stm32f4xx_hal_rtc_ex.c ****       {
 892:Drivers/STM32F4xx_HAL_Driver/Src/stm32f4xx_hal_rtc_ex.c ****         /* Enable the write protection for RTC registers */
 893:Drivers/STM32F4xx_HAL_Driver/Src/stm32f4xx_hal_rtc_ex.c ****         __HAL_RTC_WRITEPROTECTION_ENABLE(hrtc);
 1486              		.loc 1 893 9 is_stmt 1 view .LVU509
 1487              		.loc 1 893 9 view .LVU510
 1488 0048 2368     		ldr	r3, [r4]
ARM GAS  /tmp/ccqAQKKp.s 			page 44


 1489 004a FF22     		movs	r2, #255
 1490 004c 5A62     		str	r2, [r3, #36]
 1491              		.loc 1 893 9 view .LVU511
 894:Drivers/STM32F4xx_HAL_Driver/Src/stm32f4xx_hal_rtc_ex.c **** 
 895:Drivers/STM32F4xx_HAL_Driver/Src/stm32f4xx_hal_rtc_ex.c ****         hrtc->State = HAL_RTC_STATE_TIMEOUT;
 1492              		.loc 1 895 9 view .LVU512
 1493              		.loc 1 895 21 is_stmt 0 view .LVU513
 1494 004e 0320     		movs	r0, #3
 1495 0050 6077     		strb	r0, [r4, #29]
 896:Drivers/STM32F4xx_HAL_Driver/Src/stm32f4xx_hal_rtc_ex.c **** 
 897:Drivers/STM32F4xx_HAL_Driver/Src/stm32f4xx_hal_rtc_ex.c ****         /* Process Unlocked */
 898:Drivers/STM32F4xx_HAL_Driver/Src/stm32f4xx_hal_rtc_ex.c ****         __HAL_UNLOCK(hrtc);
 1496              		.loc 1 898 9 is_stmt 1 view .LVU514
 1497              		.loc 1 898 9 view .LVU515
 1498 0052 0023     		movs	r3, #0
 1499 0054 2377     		strb	r3, [r4, #28]
 1500              		.loc 1 898 9 view .LVU516
 899:Drivers/STM32F4xx_HAL_Driver/Src/stm32f4xx_hal_rtc_ex.c **** 
 900:Drivers/STM32F4xx_HAL_Driver/Src/stm32f4xx_hal_rtc_ex.c ****         return HAL_TIMEOUT;
 1501              		.loc 1 900 9 view .LVU517
 1502              		.loc 1 900 16 is_stmt 0 view .LVU518
 1503 0056 36E0     		b	.L92
 1504              	.LVL106:
 1505              	.L93:
 901:Drivers/STM32F4xx_HAL_Driver/Src/stm32f4xx_hal_rtc_ex.c ****       }
 902:Drivers/STM32F4xx_HAL_Driver/Src/stm32f4xx_hal_rtc_ex.c ****     }
 903:Drivers/STM32F4xx_HAL_Driver/Src/stm32f4xx_hal_rtc_ex.c ****   }
 904:Drivers/STM32F4xx_HAL_Driver/Src/stm32f4xx_hal_rtc_ex.c **** 
 905:Drivers/STM32F4xx_HAL_Driver/Src/stm32f4xx_hal_rtc_ex.c ****   /* Disable the Wakeup timer */
 906:Drivers/STM32F4xx_HAL_Driver/Src/stm32f4xx_hal_rtc_ex.c ****   __HAL_RTC_WAKEUPTIMER_DISABLE(hrtc);
 1506              		.loc 1 906 3 is_stmt 1 view .LVU519
 1507 0058 2268     		ldr	r2, [r4]
 1508 005a 9368     		ldr	r3, [r2, #8]
 1509 005c 23F48063 		bic	r3, r3, #1024
 1510 0060 9360     		str	r3, [r2, #8]
 907:Drivers/STM32F4xx_HAL_Driver/Src/stm32f4xx_hal_rtc_ex.c **** 
 908:Drivers/STM32F4xx_HAL_Driver/Src/stm32f4xx_hal_rtc_ex.c ****   /* Clear the Wakeup flag */
 909:Drivers/STM32F4xx_HAL_Driver/Src/stm32f4xx_hal_rtc_ex.c ****   __HAL_RTC_WAKEUPTIMER_CLEAR_FLAG(hrtc, RTC_FLAG_WUTF);
 1511              		.loc 1 909 3 view .LVU520
 1512 0062 2268     		ldr	r2, [r4]
 1513 0064 D368     		ldr	r3, [r2, #12]
 1514 0066 DBB2     		uxtb	r3, r3
 1515 0068 63F49063 		orn	r3, r3, #1152
 1516 006c D360     		str	r3, [r2, #12]
 910:Drivers/STM32F4xx_HAL_Driver/Src/stm32f4xx_hal_rtc_ex.c **** 
 911:Drivers/STM32F4xx_HAL_Driver/Src/stm32f4xx_hal_rtc_ex.c ****   /* Get tick */
 912:Drivers/STM32F4xx_HAL_Driver/Src/stm32f4xx_hal_rtc_ex.c ****   tickstart = HAL_GetTick();
 1517              		.loc 1 912 3 view .LVU521
 1518              		.loc 1 912 15 is_stmt 0 view .LVU522
 1519 006e FFF7FEFF 		bl	HAL_GetTick
 1520              	.LVL107:
 1521 0072 0746     		mov	r7, r0
 1522              	.LVL108:
 913:Drivers/STM32F4xx_HAL_Driver/Src/stm32f4xx_hal_rtc_ex.c **** 
 914:Drivers/STM32F4xx_HAL_Driver/Src/stm32f4xx_hal_rtc_ex.c ****   /* Wait till RTC WUTWF flag is set and if timeout is reached exit */
 915:Drivers/STM32F4xx_HAL_Driver/Src/stm32f4xx_hal_rtc_ex.c ****   while (__HAL_RTC_WAKEUPTIMER_GET_FLAG(hrtc, RTC_FLAG_WUTWF) == 0U)
 1523              		.loc 1 915 3 is_stmt 1 view .LVU523
ARM GAS  /tmp/ccqAQKKp.s 			page 45


 1524              	.L96:
 1525              		.loc 1 915 63 view .LVU524
 1526              		.loc 1 915 10 is_stmt 0 view .LVU525
 1527 0074 2368     		ldr	r3, [r4]
 1528 0076 DA68     		ldr	r2, [r3, #12]
 1529              		.loc 1 915 63 view .LVU526
 1530 0078 12F0040F 		tst	r2, #4
 1531 007c 0DD1     		bne	.L100
 916:Drivers/STM32F4xx_HAL_Driver/Src/stm32f4xx_hal_rtc_ex.c ****   {
 917:Drivers/STM32F4xx_HAL_Driver/Src/stm32f4xx_hal_rtc_ex.c ****     if ((HAL_GetTick() - tickstart) > RTC_TIMEOUT_VALUE)
 1532              		.loc 1 917 5 is_stmt 1 view .LVU527
 1533              		.loc 1 917 10 is_stmt 0 view .LVU528
 1534 007e FFF7FEFF 		bl	HAL_GetTick
 1535              	.LVL109:
 1536              		.loc 1 917 24 discriminator 1 view .LVU529
 1537 0082 C01B     		subs	r0, r0, r7
 1538              		.loc 1 917 8 discriminator 1 view .LVU530
 1539 0084 B0F57A7F 		cmp	r0, #1000
 1540 0088 F4D9     		bls	.L96
 918:Drivers/STM32F4xx_HAL_Driver/Src/stm32f4xx_hal_rtc_ex.c ****     {
 919:Drivers/STM32F4xx_HAL_Driver/Src/stm32f4xx_hal_rtc_ex.c ****       /* Enable the write protection for RTC registers */
 920:Drivers/STM32F4xx_HAL_Driver/Src/stm32f4xx_hal_rtc_ex.c ****       __HAL_RTC_WRITEPROTECTION_ENABLE(hrtc);
 1541              		.loc 1 920 7 is_stmt 1 view .LVU531
 1542              		.loc 1 920 7 view .LVU532
 1543 008a 2368     		ldr	r3, [r4]
 1544 008c FF22     		movs	r2, #255
 1545 008e 5A62     		str	r2, [r3, #36]
 1546              		.loc 1 920 7 view .LVU533
 921:Drivers/STM32F4xx_HAL_Driver/Src/stm32f4xx_hal_rtc_ex.c **** 
 922:Drivers/STM32F4xx_HAL_Driver/Src/stm32f4xx_hal_rtc_ex.c ****       hrtc->State = HAL_RTC_STATE_TIMEOUT;
 1547              		.loc 1 922 7 view .LVU534
 1548              		.loc 1 922 19 is_stmt 0 view .LVU535
 1549 0090 0320     		movs	r0, #3
 1550 0092 6077     		strb	r0, [r4, #29]
 923:Drivers/STM32F4xx_HAL_Driver/Src/stm32f4xx_hal_rtc_ex.c **** 
 924:Drivers/STM32F4xx_HAL_Driver/Src/stm32f4xx_hal_rtc_ex.c ****       /* Process Unlocked */
 925:Drivers/STM32F4xx_HAL_Driver/Src/stm32f4xx_hal_rtc_ex.c ****       __HAL_UNLOCK(hrtc);
 1551              		.loc 1 925 7 is_stmt 1 view .LVU536
 1552              		.loc 1 925 7 view .LVU537
 1553 0094 0023     		movs	r3, #0
 1554 0096 2377     		strb	r3, [r4, #28]
 1555              		.loc 1 925 7 view .LVU538
 926:Drivers/STM32F4xx_HAL_Driver/Src/stm32f4xx_hal_rtc_ex.c **** 
 927:Drivers/STM32F4xx_HAL_Driver/Src/stm32f4xx_hal_rtc_ex.c ****       return HAL_TIMEOUT;
 1556              		.loc 1 927 7 view .LVU539
 1557              		.loc 1 927 14 is_stmt 0 view .LVU540
 1558 0098 15E0     		b	.L92
 1559              	.L100:
 928:Drivers/STM32F4xx_HAL_Driver/Src/stm32f4xx_hal_rtc_ex.c ****     }
 929:Drivers/STM32F4xx_HAL_Driver/Src/stm32f4xx_hal_rtc_ex.c ****   }
 930:Drivers/STM32F4xx_HAL_Driver/Src/stm32f4xx_hal_rtc_ex.c **** 
 931:Drivers/STM32F4xx_HAL_Driver/Src/stm32f4xx_hal_rtc_ex.c ****   /* Clear the Wakeup Timer clock source bits in CR register */
 932:Drivers/STM32F4xx_HAL_Driver/Src/stm32f4xx_hal_rtc_ex.c ****   hrtc->Instance->CR &= (uint32_t)~RTC_CR_WUCKSEL;
 1560              		.loc 1 932 3 is_stmt 1 view .LVU541
 1561              		.loc 1 932 17 is_stmt 0 view .LVU542
 1562 009a 9A68     		ldr	r2, [r3, #8]
 1563              		.loc 1 932 22 view .LVU543
ARM GAS  /tmp/ccqAQKKp.s 			page 46


 1564 009c 22F00702 		bic	r2, r2, #7
 1565 00a0 9A60     		str	r2, [r3, #8]
 933:Drivers/STM32F4xx_HAL_Driver/Src/stm32f4xx_hal_rtc_ex.c **** 
 934:Drivers/STM32F4xx_HAL_Driver/Src/stm32f4xx_hal_rtc_ex.c ****   /* Configure the clock source */
 935:Drivers/STM32F4xx_HAL_Driver/Src/stm32f4xx_hal_rtc_ex.c ****   hrtc->Instance->CR |= (uint32_t)WakeUpClock;
 1566              		.loc 1 935 3 is_stmt 1 view .LVU544
 1567              		.loc 1 935 7 is_stmt 0 view .LVU545
 1568 00a2 2268     		ldr	r2, [r4]
 1569              		.loc 1 935 17 view .LVU546
 1570 00a4 9368     		ldr	r3, [r2, #8]
 1571              		.loc 1 935 22 view .LVU547
 1572 00a6 3343     		orrs	r3, r3, r6
 1573 00a8 9360     		str	r3, [r2, #8]
 936:Drivers/STM32F4xx_HAL_Driver/Src/stm32f4xx_hal_rtc_ex.c **** 
 937:Drivers/STM32F4xx_HAL_Driver/Src/stm32f4xx_hal_rtc_ex.c ****   /* Configure the Wakeup Timer counter */
 938:Drivers/STM32F4xx_HAL_Driver/Src/stm32f4xx_hal_rtc_ex.c ****   hrtc->Instance->WUTR = (uint32_t)WakeUpCounter;
 1574              		.loc 1 938 3 is_stmt 1 view .LVU548
 1575              		.loc 1 938 7 is_stmt 0 view .LVU549
 1576 00aa 2368     		ldr	r3, [r4]
 1577              		.loc 1 938 24 view .LVU550
 1578 00ac 5D61     		str	r5, [r3, #20]
 939:Drivers/STM32F4xx_HAL_Driver/Src/stm32f4xx_hal_rtc_ex.c **** 
 940:Drivers/STM32F4xx_HAL_Driver/Src/stm32f4xx_hal_rtc_ex.c ****   /* Enable the Wakeup Timer */
 941:Drivers/STM32F4xx_HAL_Driver/Src/stm32f4xx_hal_rtc_ex.c ****   __HAL_RTC_WAKEUPTIMER_ENABLE(hrtc);
 1579              		.loc 1 941 3 is_stmt 1 view .LVU551
 1580 00ae 2268     		ldr	r2, [r4]
 1581 00b0 9368     		ldr	r3, [r2, #8]
 1582 00b2 43F48063 		orr	r3, r3, #1024
 1583 00b6 9360     		str	r3, [r2, #8]
 942:Drivers/STM32F4xx_HAL_Driver/Src/stm32f4xx_hal_rtc_ex.c **** 
 943:Drivers/STM32F4xx_HAL_Driver/Src/stm32f4xx_hal_rtc_ex.c ****   /* Enable the write protection for RTC registers */
 944:Drivers/STM32F4xx_HAL_Driver/Src/stm32f4xx_hal_rtc_ex.c ****   __HAL_RTC_WRITEPROTECTION_ENABLE(hrtc);
 1584              		.loc 1 944 3 view .LVU552
 1585              		.loc 1 944 3 view .LVU553
 1586 00b8 2368     		ldr	r3, [r4]
 1587 00ba FF22     		movs	r2, #255
 1588 00bc 5A62     		str	r2, [r3, #36]
 1589              		.loc 1 944 3 view .LVU554
 945:Drivers/STM32F4xx_HAL_Driver/Src/stm32f4xx_hal_rtc_ex.c **** 
 946:Drivers/STM32F4xx_HAL_Driver/Src/stm32f4xx_hal_rtc_ex.c ****   hrtc->State = HAL_RTC_STATE_READY;
 1590              		.loc 1 946 3 view .LVU555
 1591              		.loc 1 946 15 is_stmt 0 view .LVU556
 1592 00be 0123     		movs	r3, #1
 1593 00c0 6377     		strb	r3, [r4, #29]
 947:Drivers/STM32F4xx_HAL_Driver/Src/stm32f4xx_hal_rtc_ex.c **** 
 948:Drivers/STM32F4xx_HAL_Driver/Src/stm32f4xx_hal_rtc_ex.c ****   /* Process Unlocked */
 949:Drivers/STM32F4xx_HAL_Driver/Src/stm32f4xx_hal_rtc_ex.c ****   __HAL_UNLOCK(hrtc);
 1594              		.loc 1 949 3 is_stmt 1 view .LVU557
 1595              		.loc 1 949 3 view .LVU558
 1596 00c2 0020     		movs	r0, #0
 1597 00c4 2077     		strb	r0, [r4, #28]
 1598              		.loc 1 949 3 view .LVU559
 950:Drivers/STM32F4xx_HAL_Driver/Src/stm32f4xx_hal_rtc_ex.c **** 
 951:Drivers/STM32F4xx_HAL_Driver/Src/stm32f4xx_hal_rtc_ex.c ****   return HAL_OK;
 1599              		.loc 1 951 3 view .LVU560
 1600              	.LVL110:
 1601              	.L92:
ARM GAS  /tmp/ccqAQKKp.s 			page 47


 952:Drivers/STM32F4xx_HAL_Driver/Src/stm32f4xx_hal_rtc_ex.c **** }
 1602              		.loc 1 952 1 is_stmt 0 view .LVU561
 1603 00c6 F8BD     		pop	{r3, r4, r5, r6, r7, pc}
 1604              	.LVL111:
 1605              	.L98:
 875:Drivers/STM32F4xx_HAL_Driver/Src/stm32f4xx_hal_rtc_ex.c **** 
 1606              		.loc 1 875 3 discriminator 1 view .LVU562
 1607 00c8 0220     		movs	r0, #2
 1608              	.LVL112:
 875:Drivers/STM32F4xx_HAL_Driver/Src/stm32f4xx_hal_rtc_ex.c **** 
 1609              		.loc 1 875 3 discriminator 1 view .LVU563
 1610 00ca FCE7     		b	.L92
 1611              		.cfi_endproc
 1612              	.LFE253:
 1614              		.section	.text.HAL_RTCEx_SetWakeUpTimer_IT,"ax",%progbits
 1615              		.align	1
 1616              		.global	HAL_RTCEx_SetWakeUpTimer_IT
 1617              		.syntax unified
 1618              		.thumb
 1619              		.thumb_func
 1621              	HAL_RTCEx_SetWakeUpTimer_IT:
 1622              	.LVL113:
 1623              	.LFB254:
 953:Drivers/STM32F4xx_HAL_Driver/Src/stm32f4xx_hal_rtc_ex.c **** 
 954:Drivers/STM32F4xx_HAL_Driver/Src/stm32f4xx_hal_rtc_ex.c **** /**
 955:Drivers/STM32F4xx_HAL_Driver/Src/stm32f4xx_hal_rtc_ex.c ****   * @brief  Sets wakeup timer with interrupt.
 956:Drivers/STM32F4xx_HAL_Driver/Src/stm32f4xx_hal_rtc_ex.c ****   * @param  hrtc pointer to a RTC_HandleTypeDef structure that contains
 957:Drivers/STM32F4xx_HAL_Driver/Src/stm32f4xx_hal_rtc_ex.c ****   *                the configuration information for RTC.
 958:Drivers/STM32F4xx_HAL_Driver/Src/stm32f4xx_hal_rtc_ex.c ****   * @param  WakeUpCounter Wakeup counter
 959:Drivers/STM32F4xx_HAL_Driver/Src/stm32f4xx_hal_rtc_ex.c ****   * @param  WakeUpClock Wakeup clock
 960:Drivers/STM32F4xx_HAL_Driver/Src/stm32f4xx_hal_rtc_ex.c ****   * @retval HAL status
 961:Drivers/STM32F4xx_HAL_Driver/Src/stm32f4xx_hal_rtc_ex.c ****   */
 962:Drivers/STM32F4xx_HAL_Driver/Src/stm32f4xx_hal_rtc_ex.c **** HAL_StatusTypeDef HAL_RTCEx_SetWakeUpTimer_IT(RTC_HandleTypeDef *hrtc, uint32_t WakeUpCounter, uint
 963:Drivers/STM32F4xx_HAL_Driver/Src/stm32f4xx_hal_rtc_ex.c **** {
 1624              		.loc 1 963 1 is_stmt 1 view -0
 1625              		.cfi_startproc
 1626              		@ args = 0, pretend = 0, frame = 8
 1627              		@ frame_needed = 0, uses_anonymous_args = 0
 1628              		@ link register save eliminated.
 1629              		.loc 1 963 1 is_stmt 0 view .LVU565
 1630 0000 10B4     		push	{r4}
 1631              	.LCFI20:
 1632              		.cfi_def_cfa_offset 4
 1633              		.cfi_offset 4, -4
 1634 0002 83B0     		sub	sp, sp, #12
 1635              	.LCFI21:
 1636              		.cfi_def_cfa_offset 16
 1637 0004 8446     		mov	ip, r0
 964:Drivers/STM32F4xx_HAL_Driver/Src/stm32f4xx_hal_rtc_ex.c ****   __IO uint32_t count  = RTC_TIMEOUT_VALUE * (SystemCoreClock / 32U / 1000U);
 1638              		.loc 1 964 3 is_stmt 1 view .LVU566
 1639              		.loc 1 964 69 is_stmt 0 view .LVU567
 1640 0006 454B     		ldr	r3, .L112
 1641 0008 1868     		ldr	r0, [r3]
 1642              	.LVL114:
 1643              		.loc 1 964 69 view .LVU568
 1644 000a 454B     		ldr	r3, .L112+4
 1645 000c A3FB0030 		umull	r3, r0, r3, r0
ARM GAS  /tmp/ccqAQKKp.s 			page 48


 1646 0010 C00A     		lsrs	r0, r0, #11
 1647              		.loc 1 964 44 view .LVU569
 1648 0012 4FF47A73 		mov	r3, #1000
 1649 0016 03FB00F0 		mul	r0, r3, r0
 1650              		.loc 1 964 17 view .LVU570
 1651 001a 0190     		str	r0, [sp, #4]
 965:Drivers/STM32F4xx_HAL_Driver/Src/stm32f4xx_hal_rtc_ex.c **** 
 966:Drivers/STM32F4xx_HAL_Driver/Src/stm32f4xx_hal_rtc_ex.c ****   /* Check the parameters */
 967:Drivers/STM32F4xx_HAL_Driver/Src/stm32f4xx_hal_rtc_ex.c ****   assert_param(IS_RTC_WAKEUP_CLOCK(WakeUpClock));
 1652              		.loc 1 967 3 is_stmt 1 view .LVU571
 968:Drivers/STM32F4xx_HAL_Driver/Src/stm32f4xx_hal_rtc_ex.c ****   assert_param(IS_RTC_WAKEUP_COUNTER(WakeUpCounter));
 1653              		.loc 1 968 3 view .LVU572
 969:Drivers/STM32F4xx_HAL_Driver/Src/stm32f4xx_hal_rtc_ex.c **** 
 970:Drivers/STM32F4xx_HAL_Driver/Src/stm32f4xx_hal_rtc_ex.c ****   /* Process Locked */
 971:Drivers/STM32F4xx_HAL_Driver/Src/stm32f4xx_hal_rtc_ex.c ****   __HAL_LOCK(hrtc);
 1654              		.loc 1 971 3 view .LVU573
 1655              		.loc 1 971 3 view .LVU574
 1656 001c 9CF81C30 		ldrb	r3, [ip, #28]	@ zero_extendqisi2
 1657 0020 012B     		cmp	r3, #1
 1658 0022 78D0     		beq	.L108
 1659              		.loc 1 971 3 discriminator 2 view .LVU575
 1660 0024 0123     		movs	r3, #1
 1661 0026 8CF81C30 		strb	r3, [ip, #28]
 1662              		.loc 1 971 3 view .LVU576
 972:Drivers/STM32F4xx_HAL_Driver/Src/stm32f4xx_hal_rtc_ex.c **** 
 973:Drivers/STM32F4xx_HAL_Driver/Src/stm32f4xx_hal_rtc_ex.c ****   hrtc->State = HAL_RTC_STATE_BUSY;
 1663              		.loc 1 973 3 view .LVU577
 1664              		.loc 1 973 15 is_stmt 0 view .LVU578
 1665 002a 0223     		movs	r3, #2
 1666 002c 8CF81D30 		strb	r3, [ip, #29]
 974:Drivers/STM32F4xx_HAL_Driver/Src/stm32f4xx_hal_rtc_ex.c **** 
 975:Drivers/STM32F4xx_HAL_Driver/Src/stm32f4xx_hal_rtc_ex.c ****   /* Disable the write protection for RTC registers */
 976:Drivers/STM32F4xx_HAL_Driver/Src/stm32f4xx_hal_rtc_ex.c ****   __HAL_RTC_WRITEPROTECTION_DISABLE(hrtc);
 1667              		.loc 1 976 3 is_stmt 1 view .LVU579
 1668              		.loc 1 976 3 view .LVU580
 1669 0030 DCF80030 		ldr	r3, [ip]
 1670 0034 CA24     		movs	r4, #202
 1671 0036 5C62     		str	r4, [r3, #36]
 1672              		.loc 1 976 3 view .LVU581
 1673 0038 DCF80030 		ldr	r3, [ip]
 1674 003c 5324     		movs	r4, #83
 1675 003e 5C62     		str	r4, [r3, #36]
 1676              		.loc 1 976 3 view .LVU582
 977:Drivers/STM32F4xx_HAL_Driver/Src/stm32f4xx_hal_rtc_ex.c **** 
 978:Drivers/STM32F4xx_HAL_Driver/Src/stm32f4xx_hal_rtc_ex.c ****   /* Check RTC WUTWF flag is reset only when wakeup timer enabled */
 979:Drivers/STM32F4xx_HAL_Driver/Src/stm32f4xx_hal_rtc_ex.c ****   if ((hrtc->Instance->CR & RTC_CR_WUTE) != 0U)
 1677              		.loc 1 979 3 view .LVU583
 1678              		.loc 1 979 12 is_stmt 0 view .LVU584
 1679 0040 DCF80040 		ldr	r4, [ip]
 1680              		.loc 1 979 22 view .LVU585
 1681 0044 A368     		ldr	r3, [r4, #8]
 1682              		.loc 1 979 6 view .LVU586
 1683 0046 13F4806F 		tst	r3, #1024
 1684 004a 09D0     		beq	.L103
 1685              	.L105:
 980:Drivers/STM32F4xx_HAL_Driver/Src/stm32f4xx_hal_rtc_ex.c ****   {
 981:Drivers/STM32F4xx_HAL_Driver/Src/stm32f4xx_hal_rtc_ex.c ****     /* Wait till RTC WUTWF flag is reset and if timeout is reached exit */
ARM GAS  /tmp/ccqAQKKp.s 			page 49


 982:Drivers/STM32F4xx_HAL_Driver/Src/stm32f4xx_hal_rtc_ex.c ****     do
 1686              		.loc 1 982 5 is_stmt 1 view .LVU587
 983:Drivers/STM32F4xx_HAL_Driver/Src/stm32f4xx_hal_rtc_ex.c ****     {
 984:Drivers/STM32F4xx_HAL_Driver/Src/stm32f4xx_hal_rtc_ex.c ****       count = count - 1U;
 1687              		.loc 1 984 7 view .LVU588
 1688              		.loc 1 984 21 is_stmt 0 view .LVU589
 1689 004c 019B     		ldr	r3, [sp, #4]
 1690 004e 013B     		subs	r3, r3, #1
 1691              		.loc 1 984 13 view .LVU590
 1692 0050 0193     		str	r3, [sp, #4]
 985:Drivers/STM32F4xx_HAL_Driver/Src/stm32f4xx_hal_rtc_ex.c ****       if (count == 0U)
 1693              		.loc 1 985 7 is_stmt 1 view .LVU591
 1694              		.loc 1 985 17 is_stmt 0 view .LVU592
 1695 0052 019B     		ldr	r3, [sp, #4]
 1696              		.loc 1 985 10 view .LVU593
 1697 0054 002B     		cmp	r3, #0
 1698 0056 47D0     		beq	.L110
 986:Drivers/STM32F4xx_HAL_Driver/Src/stm32f4xx_hal_rtc_ex.c ****       {
 987:Drivers/STM32F4xx_HAL_Driver/Src/stm32f4xx_hal_rtc_ex.c ****         /* Enable the write protection for RTC registers */
 988:Drivers/STM32F4xx_HAL_Driver/Src/stm32f4xx_hal_rtc_ex.c ****         __HAL_RTC_WRITEPROTECTION_ENABLE(hrtc);
 989:Drivers/STM32F4xx_HAL_Driver/Src/stm32f4xx_hal_rtc_ex.c **** 
 990:Drivers/STM32F4xx_HAL_Driver/Src/stm32f4xx_hal_rtc_ex.c ****         hrtc->State = HAL_RTC_STATE_TIMEOUT;
 991:Drivers/STM32F4xx_HAL_Driver/Src/stm32f4xx_hal_rtc_ex.c **** 
 992:Drivers/STM32F4xx_HAL_Driver/Src/stm32f4xx_hal_rtc_ex.c ****         /* Process Unlocked */
 993:Drivers/STM32F4xx_HAL_Driver/Src/stm32f4xx_hal_rtc_ex.c ****         __HAL_UNLOCK(hrtc);
 994:Drivers/STM32F4xx_HAL_Driver/Src/stm32f4xx_hal_rtc_ex.c **** 
 995:Drivers/STM32F4xx_HAL_Driver/Src/stm32f4xx_hal_rtc_ex.c ****         return HAL_TIMEOUT;
 996:Drivers/STM32F4xx_HAL_Driver/Src/stm32f4xx_hal_rtc_ex.c ****       }
 997:Drivers/STM32F4xx_HAL_Driver/Src/stm32f4xx_hal_rtc_ex.c ****     } while (__HAL_RTC_WAKEUPTIMER_GET_FLAG(hrtc, RTC_FLAG_WUTWF) != 0U);
 1699              		.loc 1 997 67 is_stmt 1 view .LVU594
 1700              		.loc 1 997 14 is_stmt 0 view .LVU595
 1701 0058 E368     		ldr	r3, [r4, #12]
 1702              		.loc 1 997 67 view .LVU596
 1703 005a 13F0040F 		tst	r3, #4
 1704 005e F5D1     		bne	.L105
 1705              	.L103:
 998:Drivers/STM32F4xx_HAL_Driver/Src/stm32f4xx_hal_rtc_ex.c ****   }
 999:Drivers/STM32F4xx_HAL_Driver/Src/stm32f4xx_hal_rtc_ex.c **** 
1000:Drivers/STM32F4xx_HAL_Driver/Src/stm32f4xx_hal_rtc_ex.c ****   /* Disable the Wakeup timer */
1001:Drivers/STM32F4xx_HAL_Driver/Src/stm32f4xx_hal_rtc_ex.c ****   __HAL_RTC_WAKEUPTIMER_DISABLE(hrtc);
 1706              		.loc 1 1001 3 is_stmt 1 view .LVU597
 1707 0060 A368     		ldr	r3, [r4, #8]
 1708 0062 23F48063 		bic	r3, r3, #1024
 1709 0066 A360     		str	r3, [r4, #8]
1002:Drivers/STM32F4xx_HAL_Driver/Src/stm32f4xx_hal_rtc_ex.c **** 
1003:Drivers/STM32F4xx_HAL_Driver/Src/stm32f4xx_hal_rtc_ex.c ****   /* Clear the Wakeup flag */
1004:Drivers/STM32F4xx_HAL_Driver/Src/stm32f4xx_hal_rtc_ex.c ****   __HAL_RTC_WAKEUPTIMER_CLEAR_FLAG(hrtc, RTC_FLAG_WUTF);
 1710              		.loc 1 1004 3 view .LVU598
 1711 0068 DCF80040 		ldr	r4, [ip]
 1712 006c E368     		ldr	r3, [r4, #12]
 1713 006e DBB2     		uxtb	r3, r3
 1714 0070 63F49063 		orn	r3, r3, #1152
 1715 0074 E360     		str	r3, [r4, #12]
1005:Drivers/STM32F4xx_HAL_Driver/Src/stm32f4xx_hal_rtc_ex.c **** 
1006:Drivers/STM32F4xx_HAL_Driver/Src/stm32f4xx_hal_rtc_ex.c ****   /* Reload the counter */
1007:Drivers/STM32F4xx_HAL_Driver/Src/stm32f4xx_hal_rtc_ex.c ****   count = RTC_TIMEOUT_VALUE * (SystemCoreClock / 32U / 1000U);
 1716              		.loc 1 1007 3 view .LVU599
ARM GAS  /tmp/ccqAQKKp.s 			page 50


 1717              		.loc 1 1007 9 is_stmt 0 view .LVU600
 1718 0076 0190     		str	r0, [sp, #4]
 1719              	.L107:
1008:Drivers/STM32F4xx_HAL_Driver/Src/stm32f4xx_hal_rtc_ex.c **** 
1009:Drivers/STM32F4xx_HAL_Driver/Src/stm32f4xx_hal_rtc_ex.c ****   /* Wait till RTC WUTWF flag is set and if timeout is reached exit */
1010:Drivers/STM32F4xx_HAL_Driver/Src/stm32f4xx_hal_rtc_ex.c ****   do
 1720              		.loc 1 1010 3 is_stmt 1 view .LVU601
1011:Drivers/STM32F4xx_HAL_Driver/Src/stm32f4xx_hal_rtc_ex.c ****   {
1012:Drivers/STM32F4xx_HAL_Driver/Src/stm32f4xx_hal_rtc_ex.c ****     count = count - 1U;
 1721              		.loc 1 1012 5 view .LVU602
 1722              		.loc 1 1012 19 is_stmt 0 view .LVU603
 1723 0078 019B     		ldr	r3, [sp, #4]
 1724 007a 013B     		subs	r3, r3, #1
 1725              		.loc 1 1012 11 view .LVU604
 1726 007c 0193     		str	r3, [sp, #4]
1013:Drivers/STM32F4xx_HAL_Driver/Src/stm32f4xx_hal_rtc_ex.c ****     if (count == 0U)
 1727              		.loc 1 1013 5 is_stmt 1 view .LVU605
 1728              		.loc 1 1013 15 is_stmt 0 view .LVU606
 1729 007e 019B     		ldr	r3, [sp, #4]
 1730              		.loc 1 1013 8 view .LVU607
 1731 0080 002B     		cmp	r3, #0
 1732 0082 3AD0     		beq	.L111
1014:Drivers/STM32F4xx_HAL_Driver/Src/stm32f4xx_hal_rtc_ex.c ****     {
1015:Drivers/STM32F4xx_HAL_Driver/Src/stm32f4xx_hal_rtc_ex.c ****       /* Enable the write protection for RTC registers */
1016:Drivers/STM32F4xx_HAL_Driver/Src/stm32f4xx_hal_rtc_ex.c ****       __HAL_RTC_WRITEPROTECTION_ENABLE(hrtc);
1017:Drivers/STM32F4xx_HAL_Driver/Src/stm32f4xx_hal_rtc_ex.c **** 
1018:Drivers/STM32F4xx_HAL_Driver/Src/stm32f4xx_hal_rtc_ex.c ****       hrtc->State = HAL_RTC_STATE_TIMEOUT;
1019:Drivers/STM32F4xx_HAL_Driver/Src/stm32f4xx_hal_rtc_ex.c **** 
1020:Drivers/STM32F4xx_HAL_Driver/Src/stm32f4xx_hal_rtc_ex.c ****       /* Process Unlocked */
1021:Drivers/STM32F4xx_HAL_Driver/Src/stm32f4xx_hal_rtc_ex.c ****       __HAL_UNLOCK(hrtc);
1022:Drivers/STM32F4xx_HAL_Driver/Src/stm32f4xx_hal_rtc_ex.c **** 
1023:Drivers/STM32F4xx_HAL_Driver/Src/stm32f4xx_hal_rtc_ex.c ****       return HAL_TIMEOUT;
1024:Drivers/STM32F4xx_HAL_Driver/Src/stm32f4xx_hal_rtc_ex.c ****     }
1025:Drivers/STM32F4xx_HAL_Driver/Src/stm32f4xx_hal_rtc_ex.c ****   } while (__HAL_RTC_WAKEUPTIMER_GET_FLAG(hrtc, RTC_FLAG_WUTWF) == 0U);
 1733              		.loc 1 1025 65 is_stmt 1 view .LVU608
 1734              		.loc 1 1025 12 is_stmt 0 view .LVU609
 1735 0084 DCF80030 		ldr	r3, [ip]
 1736 0088 D868     		ldr	r0, [r3, #12]
 1737              		.loc 1 1025 65 view .LVU610
 1738 008a 10F0040F 		tst	r0, #4
 1739 008e F3D0     		beq	.L107
1026:Drivers/STM32F4xx_HAL_Driver/Src/stm32f4xx_hal_rtc_ex.c **** 
1027:Drivers/STM32F4xx_HAL_Driver/Src/stm32f4xx_hal_rtc_ex.c ****   /* Clear the Wakeup Timer clock source bits in CR register */
1028:Drivers/STM32F4xx_HAL_Driver/Src/stm32f4xx_hal_rtc_ex.c ****   hrtc->Instance->CR &= (uint32_t)~RTC_CR_WUCKSEL;
 1740              		.loc 1 1028 3 is_stmt 1 view .LVU611
 1741              		.loc 1 1028 17 is_stmt 0 view .LVU612
 1742 0090 9868     		ldr	r0, [r3, #8]
 1743              		.loc 1 1028 22 view .LVU613
 1744 0092 20F00700 		bic	r0, r0, #7
 1745 0096 9860     		str	r0, [r3, #8]
1029:Drivers/STM32F4xx_HAL_Driver/Src/stm32f4xx_hal_rtc_ex.c **** 
1030:Drivers/STM32F4xx_HAL_Driver/Src/stm32f4xx_hal_rtc_ex.c ****   /* Configure the clock source */
1031:Drivers/STM32F4xx_HAL_Driver/Src/stm32f4xx_hal_rtc_ex.c ****   hrtc->Instance->CR |= (uint32_t)WakeUpClock;
 1746              		.loc 1 1031 3 is_stmt 1 view .LVU614
 1747              		.loc 1 1031 7 is_stmt 0 view .LVU615
 1748 0098 DCF80000 		ldr	r0, [ip]
 1749              		.loc 1 1031 17 view .LVU616
ARM GAS  /tmp/ccqAQKKp.s 			page 51


 1750 009c 8368     		ldr	r3, [r0, #8]
 1751              		.loc 1 1031 22 view .LVU617
 1752 009e 1343     		orrs	r3, r3, r2
 1753 00a0 8360     		str	r3, [r0, #8]
1032:Drivers/STM32F4xx_HAL_Driver/Src/stm32f4xx_hal_rtc_ex.c **** 
1033:Drivers/STM32F4xx_HAL_Driver/Src/stm32f4xx_hal_rtc_ex.c ****   /* Configure the Wakeup Timer counter */
1034:Drivers/STM32F4xx_HAL_Driver/Src/stm32f4xx_hal_rtc_ex.c ****   hrtc->Instance->WUTR = (uint32_t)WakeUpCounter;
 1754              		.loc 1 1034 3 is_stmt 1 view .LVU618
 1755              		.loc 1 1034 7 is_stmt 0 view .LVU619
 1756 00a2 DCF80030 		ldr	r3, [ip]
 1757              		.loc 1 1034 24 view .LVU620
 1758 00a6 5961     		str	r1, [r3, #20]
1035:Drivers/STM32F4xx_HAL_Driver/Src/stm32f4xx_hal_rtc_ex.c **** 
1036:Drivers/STM32F4xx_HAL_Driver/Src/stm32f4xx_hal_rtc_ex.c ****   /* Enable and configure the EXTI line associated to the RTC Wakeup Timer interrupt */
1037:Drivers/STM32F4xx_HAL_Driver/Src/stm32f4xx_hal_rtc_ex.c ****   __HAL_RTC_WAKEUPTIMER_EXTI_ENABLE_IT();
 1759              		.loc 1 1037 3 is_stmt 1 view .LVU621
 1760 00a8 1E4B     		ldr	r3, .L112+8
 1761 00aa 1A68     		ldr	r2, [r3]
 1762              	.LVL115:
 1763              		.loc 1 1037 3 is_stmt 0 view .LVU622
 1764 00ac 42F48002 		orr	r2, r2, #4194304
 1765 00b0 1A60     		str	r2, [r3]
1038:Drivers/STM32F4xx_HAL_Driver/Src/stm32f4xx_hal_rtc_ex.c ****   __HAL_RTC_WAKEUPTIMER_EXTI_ENABLE_RISING_EDGE();
 1766              		.loc 1 1038 3 is_stmt 1 view .LVU623
 1767 00b2 9A68     		ldr	r2, [r3, #8]
 1768 00b4 42F48002 		orr	r2, r2, #4194304
 1769 00b8 9A60     		str	r2, [r3, #8]
1039:Drivers/STM32F4xx_HAL_Driver/Src/stm32f4xx_hal_rtc_ex.c **** 
1040:Drivers/STM32F4xx_HAL_Driver/Src/stm32f4xx_hal_rtc_ex.c ****   /* Configure the interrupt in the RTC_CR register */
1041:Drivers/STM32F4xx_HAL_Driver/Src/stm32f4xx_hal_rtc_ex.c ****   __HAL_RTC_WAKEUPTIMER_ENABLE_IT(hrtc, RTC_IT_WUT);
 1770              		.loc 1 1041 3 view .LVU624
 1771 00ba DCF80020 		ldr	r2, [ip]
 1772 00be 9368     		ldr	r3, [r2, #8]
 1773 00c0 43F48043 		orr	r3, r3, #16384
 1774 00c4 9360     		str	r3, [r2, #8]
1042:Drivers/STM32F4xx_HAL_Driver/Src/stm32f4xx_hal_rtc_ex.c **** 
1043:Drivers/STM32F4xx_HAL_Driver/Src/stm32f4xx_hal_rtc_ex.c ****   /* Enable the Wakeup Timer */
1044:Drivers/STM32F4xx_HAL_Driver/Src/stm32f4xx_hal_rtc_ex.c ****   __HAL_RTC_WAKEUPTIMER_ENABLE(hrtc);
 1775              		.loc 1 1044 3 view .LVU625
 1776 00c6 DCF80020 		ldr	r2, [ip]
 1777 00ca 9368     		ldr	r3, [r2, #8]
 1778 00cc 43F48063 		orr	r3, r3, #1024
 1779 00d0 9360     		str	r3, [r2, #8]
1045:Drivers/STM32F4xx_HAL_Driver/Src/stm32f4xx_hal_rtc_ex.c **** 
1046:Drivers/STM32F4xx_HAL_Driver/Src/stm32f4xx_hal_rtc_ex.c ****   /* Enable the write protection for RTC registers */
1047:Drivers/STM32F4xx_HAL_Driver/Src/stm32f4xx_hal_rtc_ex.c ****   __HAL_RTC_WRITEPROTECTION_ENABLE(hrtc);
 1780              		.loc 1 1047 3 view .LVU626
 1781              		.loc 1 1047 3 view .LVU627
 1782 00d2 DCF80030 		ldr	r3, [ip]
 1783 00d6 FF22     		movs	r2, #255
 1784 00d8 5A62     		str	r2, [r3, #36]
 1785              		.loc 1 1047 3 view .LVU628
1048:Drivers/STM32F4xx_HAL_Driver/Src/stm32f4xx_hal_rtc_ex.c **** 
1049:Drivers/STM32F4xx_HAL_Driver/Src/stm32f4xx_hal_rtc_ex.c ****   hrtc->State = HAL_RTC_STATE_READY;
 1786              		.loc 1 1049 3 view .LVU629
 1787              		.loc 1 1049 15 is_stmt 0 view .LVU630
 1788 00da 0123     		movs	r3, #1
ARM GAS  /tmp/ccqAQKKp.s 			page 52


 1789 00dc 8CF81D30 		strb	r3, [ip, #29]
1050:Drivers/STM32F4xx_HAL_Driver/Src/stm32f4xx_hal_rtc_ex.c **** 
1051:Drivers/STM32F4xx_HAL_Driver/Src/stm32f4xx_hal_rtc_ex.c ****   /* Process Unlocked */
1052:Drivers/STM32F4xx_HAL_Driver/Src/stm32f4xx_hal_rtc_ex.c ****   __HAL_UNLOCK(hrtc);
 1790              		.loc 1 1052 3 is_stmt 1 view .LVU631
 1791              		.loc 1 1052 3 view .LVU632
 1792 00e0 0020     		movs	r0, #0
 1793 00e2 8CF81C00 		strb	r0, [ip, #28]
 1794              		.loc 1 1052 3 view .LVU633
1053:Drivers/STM32F4xx_HAL_Driver/Src/stm32f4xx_hal_rtc_ex.c **** 
1054:Drivers/STM32F4xx_HAL_Driver/Src/stm32f4xx_hal_rtc_ex.c ****   return HAL_OK;
 1795              		.loc 1 1054 3 view .LVU634
 1796              		.loc 1 1054 10 is_stmt 0 view .LVU635
 1797 00e6 12E0     		b	.L102
 1798              	.LVL116:
 1799              	.L110:
 988:Drivers/STM32F4xx_HAL_Driver/Src/stm32f4xx_hal_rtc_ex.c **** 
 1800              		.loc 1 988 9 is_stmt 1 view .LVU636
 988:Drivers/STM32F4xx_HAL_Driver/Src/stm32f4xx_hal_rtc_ex.c **** 
 1801              		.loc 1 988 9 view .LVU637
 1802 00e8 FF23     		movs	r3, #255
 1803 00ea 6362     		str	r3, [r4, #36]
 988:Drivers/STM32F4xx_HAL_Driver/Src/stm32f4xx_hal_rtc_ex.c **** 
 1804              		.loc 1 988 9 view .LVU638
 990:Drivers/STM32F4xx_HAL_Driver/Src/stm32f4xx_hal_rtc_ex.c **** 
 1805              		.loc 1 990 9 view .LVU639
 990:Drivers/STM32F4xx_HAL_Driver/Src/stm32f4xx_hal_rtc_ex.c **** 
 1806              		.loc 1 990 21 is_stmt 0 view .LVU640
 1807 00ec 0320     		movs	r0, #3
 1808 00ee 8CF81D00 		strb	r0, [ip, #29]
 993:Drivers/STM32F4xx_HAL_Driver/Src/stm32f4xx_hal_rtc_ex.c **** 
 1809              		.loc 1 993 9 is_stmt 1 view .LVU641
 993:Drivers/STM32F4xx_HAL_Driver/Src/stm32f4xx_hal_rtc_ex.c **** 
 1810              		.loc 1 993 9 view .LVU642
 1811 00f2 0023     		movs	r3, #0
 1812 00f4 8CF81C30 		strb	r3, [ip, #28]
 993:Drivers/STM32F4xx_HAL_Driver/Src/stm32f4xx_hal_rtc_ex.c **** 
 1813              		.loc 1 993 9 view .LVU643
 995:Drivers/STM32F4xx_HAL_Driver/Src/stm32f4xx_hal_rtc_ex.c ****       }
 1814              		.loc 1 995 9 view .LVU644
 995:Drivers/STM32F4xx_HAL_Driver/Src/stm32f4xx_hal_rtc_ex.c ****       }
 1815              		.loc 1 995 16 is_stmt 0 view .LVU645
 1816 00f8 09E0     		b	.L102
 1817              	.L111:
1016:Drivers/STM32F4xx_HAL_Driver/Src/stm32f4xx_hal_rtc_ex.c **** 
 1818              		.loc 1 1016 7 is_stmt 1 view .LVU646
1016:Drivers/STM32F4xx_HAL_Driver/Src/stm32f4xx_hal_rtc_ex.c **** 
 1819              		.loc 1 1016 7 view .LVU647
 1820 00fa DCF80030 		ldr	r3, [ip]
 1821 00fe FF22     		movs	r2, #255
 1822              	.LVL117:
1016:Drivers/STM32F4xx_HAL_Driver/Src/stm32f4xx_hal_rtc_ex.c **** 
 1823              		.loc 1 1016 7 is_stmt 0 view .LVU648
 1824 0100 5A62     		str	r2, [r3, #36]
1016:Drivers/STM32F4xx_HAL_Driver/Src/stm32f4xx_hal_rtc_ex.c **** 
 1825              		.loc 1 1016 7 is_stmt 1 view .LVU649
1018:Drivers/STM32F4xx_HAL_Driver/Src/stm32f4xx_hal_rtc_ex.c **** 
ARM GAS  /tmp/ccqAQKKp.s 			page 53


 1826              		.loc 1 1018 7 view .LVU650
1018:Drivers/STM32F4xx_HAL_Driver/Src/stm32f4xx_hal_rtc_ex.c **** 
 1827              		.loc 1 1018 19 is_stmt 0 view .LVU651
 1828 0102 0320     		movs	r0, #3
 1829 0104 8CF81D00 		strb	r0, [ip, #29]
1021:Drivers/STM32F4xx_HAL_Driver/Src/stm32f4xx_hal_rtc_ex.c **** 
 1830              		.loc 1 1021 7 is_stmt 1 view .LVU652
1021:Drivers/STM32F4xx_HAL_Driver/Src/stm32f4xx_hal_rtc_ex.c **** 
 1831              		.loc 1 1021 7 view .LVU653
 1832 0108 0023     		movs	r3, #0
 1833 010a 8CF81C30 		strb	r3, [ip, #28]
1021:Drivers/STM32F4xx_HAL_Driver/Src/stm32f4xx_hal_rtc_ex.c **** 
 1834              		.loc 1 1021 7 view .LVU654
1023:Drivers/STM32F4xx_HAL_Driver/Src/stm32f4xx_hal_rtc_ex.c ****     }
 1835              		.loc 1 1023 7 view .LVU655
 1836              	.L102:
1055:Drivers/STM32F4xx_HAL_Driver/Src/stm32f4xx_hal_rtc_ex.c **** }
 1837              		.loc 1 1055 1 is_stmt 0 view .LVU656
 1838 010e 03B0     		add	sp, sp, #12
 1839              	.LCFI22:
 1840              		.cfi_remember_state
 1841              		.cfi_def_cfa_offset 4
 1842              		@ sp needed
 1843 0110 5DF8044B 		ldr	r4, [sp], #4
 1844              	.LCFI23:
 1845              		.cfi_restore 4
 1846              		.cfi_def_cfa_offset 0
 1847 0114 7047     		bx	lr
 1848              	.LVL118:
 1849              	.L108:
 1850              	.LCFI24:
 1851              		.cfi_restore_state
 971:Drivers/STM32F4xx_HAL_Driver/Src/stm32f4xx_hal_rtc_ex.c **** 
 1852              		.loc 1 971 3 discriminator 1 view .LVU657
 1853 0116 0220     		movs	r0, #2
 1854 0118 F9E7     		b	.L102
 1855              	.L113:
 1856 011a 00BF     		.align	2
 1857              	.L112:
 1858 011c 00000000 		.word	SystemCoreClock
 1859 0120 D34D6210 		.word	274877907
 1860 0124 003C0140 		.word	1073822720
 1861              		.cfi_endproc
 1862              	.LFE254:
 1864              		.section	.text.HAL_RTCEx_DeactivateWakeUpTimer,"ax",%progbits
 1865              		.align	1
 1866              		.global	HAL_RTCEx_DeactivateWakeUpTimer
 1867              		.syntax unified
 1868              		.thumb
 1869              		.thumb_func
 1871              	HAL_RTCEx_DeactivateWakeUpTimer:
 1872              	.LVL119:
 1873              	.LFB255:
1056:Drivers/STM32F4xx_HAL_Driver/Src/stm32f4xx_hal_rtc_ex.c **** 
1057:Drivers/STM32F4xx_HAL_Driver/Src/stm32f4xx_hal_rtc_ex.c **** /**
1058:Drivers/STM32F4xx_HAL_Driver/Src/stm32f4xx_hal_rtc_ex.c ****   * @brief  Deactivates wakeup timer counter.
1059:Drivers/STM32F4xx_HAL_Driver/Src/stm32f4xx_hal_rtc_ex.c ****   * @param  hrtc pointer to a RTC_HandleTypeDef structure that contains
ARM GAS  /tmp/ccqAQKKp.s 			page 54


1060:Drivers/STM32F4xx_HAL_Driver/Src/stm32f4xx_hal_rtc_ex.c ****   *                the configuration information for RTC.
1061:Drivers/STM32F4xx_HAL_Driver/Src/stm32f4xx_hal_rtc_ex.c ****   * @retval HAL status
1062:Drivers/STM32F4xx_HAL_Driver/Src/stm32f4xx_hal_rtc_ex.c ****   */
1063:Drivers/STM32F4xx_HAL_Driver/Src/stm32f4xx_hal_rtc_ex.c **** HAL_StatusTypeDef HAL_RTCEx_DeactivateWakeUpTimer(RTC_HandleTypeDef *hrtc)
1064:Drivers/STM32F4xx_HAL_Driver/Src/stm32f4xx_hal_rtc_ex.c **** {
 1874              		.loc 1 1064 1 is_stmt 1 view -0
 1875              		.cfi_startproc
 1876              		@ args = 0, pretend = 0, frame = 0
 1877              		@ frame_needed = 0, uses_anonymous_args = 0
 1878              		.loc 1 1064 1 is_stmt 0 view .LVU659
 1879 0000 38B5     		push	{r3, r4, r5, lr}
 1880              	.LCFI25:
 1881              		.cfi_def_cfa_offset 16
 1882              		.cfi_offset 3, -16
 1883              		.cfi_offset 4, -12
 1884              		.cfi_offset 5, -8
 1885              		.cfi_offset 14, -4
1065:Drivers/STM32F4xx_HAL_Driver/Src/stm32f4xx_hal_rtc_ex.c ****   uint32_t tickstart = 0U;
 1886              		.loc 1 1065 3 is_stmt 1 view .LVU660
 1887              	.LVL120:
1066:Drivers/STM32F4xx_HAL_Driver/Src/stm32f4xx_hal_rtc_ex.c **** 
1067:Drivers/STM32F4xx_HAL_Driver/Src/stm32f4xx_hal_rtc_ex.c ****   /* Process Locked */
1068:Drivers/STM32F4xx_HAL_Driver/Src/stm32f4xx_hal_rtc_ex.c ****   __HAL_LOCK(hrtc);
 1888              		.loc 1 1068 3 view .LVU661
 1889              		.loc 1 1068 3 view .LVU662
 1890 0002 037F     		ldrb	r3, [r0, #28]	@ zero_extendqisi2
 1891 0004 012B     		cmp	r3, #1
 1892 0006 31D0     		beq	.L118
 1893 0008 0446     		mov	r4, r0
 1894              		.loc 1 1068 3 discriminator 2 view .LVU663
 1895 000a 0123     		movs	r3, #1
 1896 000c 0377     		strb	r3, [r0, #28]
 1897              		.loc 1 1068 3 view .LVU664
1069:Drivers/STM32F4xx_HAL_Driver/Src/stm32f4xx_hal_rtc_ex.c **** 
1070:Drivers/STM32F4xx_HAL_Driver/Src/stm32f4xx_hal_rtc_ex.c ****   hrtc->State = HAL_RTC_STATE_BUSY;
 1898              		.loc 1 1070 3 view .LVU665
 1899              		.loc 1 1070 15 is_stmt 0 view .LVU666
 1900 000e 0223     		movs	r3, #2
 1901 0010 4377     		strb	r3, [r0, #29]
1071:Drivers/STM32F4xx_HAL_Driver/Src/stm32f4xx_hal_rtc_ex.c **** 
1072:Drivers/STM32F4xx_HAL_Driver/Src/stm32f4xx_hal_rtc_ex.c ****   /* Disable the write protection for RTC registers */
1073:Drivers/STM32F4xx_HAL_Driver/Src/stm32f4xx_hal_rtc_ex.c ****   __HAL_RTC_WRITEPROTECTION_DISABLE(hrtc);
 1902              		.loc 1 1073 3 is_stmt 1 view .LVU667
 1903              		.loc 1 1073 3 view .LVU668
 1904 0012 0368     		ldr	r3, [r0]
 1905 0014 CA22     		movs	r2, #202
 1906 0016 5A62     		str	r2, [r3, #36]
 1907              		.loc 1 1073 3 view .LVU669
 1908 0018 0368     		ldr	r3, [r0]
 1909 001a 5322     		movs	r2, #83
 1910 001c 5A62     		str	r2, [r3, #36]
 1911              		.loc 1 1073 3 view .LVU670
1074:Drivers/STM32F4xx_HAL_Driver/Src/stm32f4xx_hal_rtc_ex.c **** 
1075:Drivers/STM32F4xx_HAL_Driver/Src/stm32f4xx_hal_rtc_ex.c ****   /* Disable the Wakeup Timer */
1076:Drivers/STM32F4xx_HAL_Driver/Src/stm32f4xx_hal_rtc_ex.c ****   __HAL_RTC_WAKEUPTIMER_DISABLE(hrtc);
 1912              		.loc 1 1076 3 view .LVU671
 1913 001e 0268     		ldr	r2, [r0]
ARM GAS  /tmp/ccqAQKKp.s 			page 55


 1914 0020 9368     		ldr	r3, [r2, #8]
 1915 0022 23F48063 		bic	r3, r3, #1024
 1916 0026 9360     		str	r3, [r2, #8]
1077:Drivers/STM32F4xx_HAL_Driver/Src/stm32f4xx_hal_rtc_ex.c **** 
1078:Drivers/STM32F4xx_HAL_Driver/Src/stm32f4xx_hal_rtc_ex.c ****   /* In case interrupt mode is used, the interrupt source must disabled */
1079:Drivers/STM32F4xx_HAL_Driver/Src/stm32f4xx_hal_rtc_ex.c ****   __HAL_RTC_WAKEUPTIMER_DISABLE_IT(hrtc, RTC_IT_WUT);
 1917              		.loc 1 1079 3 view .LVU672
 1918 0028 0268     		ldr	r2, [r0]
 1919 002a 9368     		ldr	r3, [r2, #8]
 1920 002c 23F48043 		bic	r3, r3, #16384
 1921 0030 9360     		str	r3, [r2, #8]
1080:Drivers/STM32F4xx_HAL_Driver/Src/stm32f4xx_hal_rtc_ex.c **** 
1081:Drivers/STM32F4xx_HAL_Driver/Src/stm32f4xx_hal_rtc_ex.c ****   /* Get tick */
1082:Drivers/STM32F4xx_HAL_Driver/Src/stm32f4xx_hal_rtc_ex.c ****   tickstart = HAL_GetTick();
 1922              		.loc 1 1082 3 view .LVU673
 1923              		.loc 1 1082 15 is_stmt 0 view .LVU674
 1924 0032 FFF7FEFF 		bl	HAL_GetTick
 1925              	.LVL121:
 1926              		.loc 1 1082 15 view .LVU675
 1927 0036 0546     		mov	r5, r0
 1928              	.LVL122:
1083:Drivers/STM32F4xx_HAL_Driver/Src/stm32f4xx_hal_rtc_ex.c **** 
1084:Drivers/STM32F4xx_HAL_Driver/Src/stm32f4xx_hal_rtc_ex.c ****   /* Wait till RTC WUTWF flag is set and if timeout is reached exit */
1085:Drivers/STM32F4xx_HAL_Driver/Src/stm32f4xx_hal_rtc_ex.c ****   while (__HAL_RTC_WAKEUPTIMER_GET_FLAG(hrtc, RTC_FLAG_WUTWF) == 0U)
 1929              		.loc 1 1085 3 is_stmt 1 view .LVU676
 1930              	.L116:
 1931              		.loc 1 1085 63 view .LVU677
 1932              		.loc 1 1085 10 is_stmt 0 view .LVU678
 1933 0038 2368     		ldr	r3, [r4]
 1934 003a DA68     		ldr	r2, [r3, #12]
 1935              		.loc 1 1085 63 view .LVU679
 1936 003c 12F0040F 		tst	r2, #4
 1937 0040 0DD1     		bne	.L120
1086:Drivers/STM32F4xx_HAL_Driver/Src/stm32f4xx_hal_rtc_ex.c ****   {
1087:Drivers/STM32F4xx_HAL_Driver/Src/stm32f4xx_hal_rtc_ex.c ****     if ((HAL_GetTick() - tickstart) > RTC_TIMEOUT_VALUE)
 1938              		.loc 1 1087 5 is_stmt 1 view .LVU680
 1939              		.loc 1 1087 10 is_stmt 0 view .LVU681
 1940 0042 FFF7FEFF 		bl	HAL_GetTick
 1941              	.LVL123:
 1942              		.loc 1 1087 24 discriminator 1 view .LVU682
 1943 0046 431B     		subs	r3, r0, r5
 1944              		.loc 1 1087 8 discriminator 1 view .LVU683
 1945 0048 B3F57A7F 		cmp	r3, #1000
 1946 004c F4D9     		bls	.L116
1088:Drivers/STM32F4xx_HAL_Driver/Src/stm32f4xx_hal_rtc_ex.c ****     {
1089:Drivers/STM32F4xx_HAL_Driver/Src/stm32f4xx_hal_rtc_ex.c ****       /* Enable the write protection for RTC registers */
1090:Drivers/STM32F4xx_HAL_Driver/Src/stm32f4xx_hal_rtc_ex.c ****       __HAL_RTC_WRITEPROTECTION_ENABLE(hrtc);
 1947              		.loc 1 1090 7 is_stmt 1 view .LVU684
 1948              		.loc 1 1090 7 view .LVU685
 1949 004e 2368     		ldr	r3, [r4]
 1950 0050 FF22     		movs	r2, #255
 1951 0052 5A62     		str	r2, [r3, #36]
 1952              		.loc 1 1090 7 view .LVU686
1091:Drivers/STM32F4xx_HAL_Driver/Src/stm32f4xx_hal_rtc_ex.c **** 
1092:Drivers/STM32F4xx_HAL_Driver/Src/stm32f4xx_hal_rtc_ex.c ****       hrtc->State = HAL_RTC_STATE_TIMEOUT;
 1953              		.loc 1 1092 7 view .LVU687
 1954              		.loc 1 1092 19 is_stmt 0 view .LVU688
ARM GAS  /tmp/ccqAQKKp.s 			page 56


 1955 0054 0320     		movs	r0, #3
 1956 0056 6077     		strb	r0, [r4, #29]
1093:Drivers/STM32F4xx_HAL_Driver/Src/stm32f4xx_hal_rtc_ex.c **** 
1094:Drivers/STM32F4xx_HAL_Driver/Src/stm32f4xx_hal_rtc_ex.c ****       /* Process Unlocked */
1095:Drivers/STM32F4xx_HAL_Driver/Src/stm32f4xx_hal_rtc_ex.c ****       __HAL_UNLOCK(hrtc);
 1957              		.loc 1 1095 7 is_stmt 1 view .LVU689
 1958              		.loc 1 1095 7 view .LVU690
 1959 0058 0023     		movs	r3, #0
 1960 005a 2377     		strb	r3, [r4, #28]
 1961              		.loc 1 1095 7 view .LVU691
1096:Drivers/STM32F4xx_HAL_Driver/Src/stm32f4xx_hal_rtc_ex.c **** 
1097:Drivers/STM32F4xx_HAL_Driver/Src/stm32f4xx_hal_rtc_ex.c ****       return HAL_TIMEOUT;
 1962              		.loc 1 1097 7 view .LVU692
 1963              		.loc 1 1097 14 is_stmt 0 view .LVU693
 1964 005c 05E0     		b	.L115
 1965              	.L120:
1098:Drivers/STM32F4xx_HAL_Driver/Src/stm32f4xx_hal_rtc_ex.c ****     }
1099:Drivers/STM32F4xx_HAL_Driver/Src/stm32f4xx_hal_rtc_ex.c ****   }
1100:Drivers/STM32F4xx_HAL_Driver/Src/stm32f4xx_hal_rtc_ex.c **** 
1101:Drivers/STM32F4xx_HAL_Driver/Src/stm32f4xx_hal_rtc_ex.c ****   /* Enable the write protection for RTC registers */
1102:Drivers/STM32F4xx_HAL_Driver/Src/stm32f4xx_hal_rtc_ex.c ****   __HAL_RTC_WRITEPROTECTION_ENABLE(hrtc);
 1966              		.loc 1 1102 3 is_stmt 1 view .LVU694
 1967              		.loc 1 1102 3 view .LVU695
 1968 005e FF22     		movs	r2, #255
 1969 0060 5A62     		str	r2, [r3, #36]
 1970              		.loc 1 1102 3 view .LVU696
1103:Drivers/STM32F4xx_HAL_Driver/Src/stm32f4xx_hal_rtc_ex.c **** 
1104:Drivers/STM32F4xx_HAL_Driver/Src/stm32f4xx_hal_rtc_ex.c ****   hrtc->State = HAL_RTC_STATE_READY;
 1971              		.loc 1 1104 3 view .LVU697
 1972              		.loc 1 1104 15 is_stmt 0 view .LVU698
 1973 0062 0123     		movs	r3, #1
 1974 0064 6377     		strb	r3, [r4, #29]
1105:Drivers/STM32F4xx_HAL_Driver/Src/stm32f4xx_hal_rtc_ex.c **** 
1106:Drivers/STM32F4xx_HAL_Driver/Src/stm32f4xx_hal_rtc_ex.c ****   /* Process Unlocked */
1107:Drivers/STM32F4xx_HAL_Driver/Src/stm32f4xx_hal_rtc_ex.c ****   __HAL_UNLOCK(hrtc);
 1975              		.loc 1 1107 3 is_stmt 1 view .LVU699
 1976              		.loc 1 1107 3 view .LVU700
 1977 0066 0020     		movs	r0, #0
 1978 0068 2077     		strb	r0, [r4, #28]
 1979              		.loc 1 1107 3 view .LVU701
1108:Drivers/STM32F4xx_HAL_Driver/Src/stm32f4xx_hal_rtc_ex.c **** 
1109:Drivers/STM32F4xx_HAL_Driver/Src/stm32f4xx_hal_rtc_ex.c ****   return HAL_OK;
 1980              		.loc 1 1109 3 view .LVU702
 1981              	.LVL124:
 1982              	.L115:
1110:Drivers/STM32F4xx_HAL_Driver/Src/stm32f4xx_hal_rtc_ex.c **** }
 1983              		.loc 1 1110 1 is_stmt 0 view .LVU703
 1984 006a 38BD     		pop	{r3, r4, r5, pc}
 1985              	.LVL125:
 1986              	.L118:
1068:Drivers/STM32F4xx_HAL_Driver/Src/stm32f4xx_hal_rtc_ex.c **** 
 1987              		.loc 1 1068 3 discriminator 1 view .LVU704
 1988 006c 0220     		movs	r0, #2
 1989              	.LVL126:
1068:Drivers/STM32F4xx_HAL_Driver/Src/stm32f4xx_hal_rtc_ex.c **** 
 1990              		.loc 1 1068 3 discriminator 1 view .LVU705
 1991 006e FCE7     		b	.L115
ARM GAS  /tmp/ccqAQKKp.s 			page 57


 1992              		.cfi_endproc
 1993              	.LFE255:
 1995              		.section	.text.HAL_RTCEx_GetWakeUpTimer,"ax",%progbits
 1996              		.align	1
 1997              		.global	HAL_RTCEx_GetWakeUpTimer
 1998              		.syntax unified
 1999              		.thumb
 2000              		.thumb_func
 2002              	HAL_RTCEx_GetWakeUpTimer:
 2003              	.LVL127:
 2004              	.LFB256:
1111:Drivers/STM32F4xx_HAL_Driver/Src/stm32f4xx_hal_rtc_ex.c **** 
1112:Drivers/STM32F4xx_HAL_Driver/Src/stm32f4xx_hal_rtc_ex.c **** /**
1113:Drivers/STM32F4xx_HAL_Driver/Src/stm32f4xx_hal_rtc_ex.c ****   * @brief  Gets wakeup timer counter.
1114:Drivers/STM32F4xx_HAL_Driver/Src/stm32f4xx_hal_rtc_ex.c ****   * @param  hrtc pointer to a RTC_HandleTypeDef structure that contains
1115:Drivers/STM32F4xx_HAL_Driver/Src/stm32f4xx_hal_rtc_ex.c ****   *                the configuration information for RTC.
1116:Drivers/STM32F4xx_HAL_Driver/Src/stm32f4xx_hal_rtc_ex.c ****   * @retval Counter value
1117:Drivers/STM32F4xx_HAL_Driver/Src/stm32f4xx_hal_rtc_ex.c ****   */
1118:Drivers/STM32F4xx_HAL_Driver/Src/stm32f4xx_hal_rtc_ex.c **** uint32_t HAL_RTCEx_GetWakeUpTimer(RTC_HandleTypeDef *hrtc)
1119:Drivers/STM32F4xx_HAL_Driver/Src/stm32f4xx_hal_rtc_ex.c **** {
 2005              		.loc 1 1119 1 is_stmt 1 view -0
 2006              		.cfi_startproc
 2007              		@ args = 0, pretend = 0, frame = 0
 2008              		@ frame_needed = 0, uses_anonymous_args = 0
 2009              		@ link register save eliminated.
1120:Drivers/STM32F4xx_HAL_Driver/Src/stm32f4xx_hal_rtc_ex.c ****   /* Get the counter value */
1121:Drivers/STM32F4xx_HAL_Driver/Src/stm32f4xx_hal_rtc_ex.c ****   return ((uint32_t)(hrtc->Instance->WUTR & RTC_WUTR_WUT));
 2010              		.loc 1 1121 3 view .LVU707
 2011              		.loc 1 1121 26 is_stmt 0 view .LVU708
 2012 0000 0368     		ldr	r3, [r0]
 2013              		.loc 1 1121 36 view .LVU709
 2014 0002 5869     		ldr	r0, [r3, #20]
 2015              	.LVL128:
1122:Drivers/STM32F4xx_HAL_Driver/Src/stm32f4xx_hal_rtc_ex.c **** }
 2016              		.loc 1 1122 1 view .LVU710
 2017 0004 80B2     		uxth	r0, r0
 2018 0006 7047     		bx	lr
 2019              		.cfi_endproc
 2020              	.LFE256:
 2022              		.section	.text.HAL_RTCEx_WakeUpTimerEventCallback,"ax",%progbits
 2023              		.align	1
 2024              		.weak	HAL_RTCEx_WakeUpTimerEventCallback
 2025              		.syntax unified
 2026              		.thumb
 2027              		.thumb_func
 2029              	HAL_RTCEx_WakeUpTimerEventCallback:
 2030              	.LVL129:
 2031              	.LFB258:
1123:Drivers/STM32F4xx_HAL_Driver/Src/stm32f4xx_hal_rtc_ex.c **** 
1124:Drivers/STM32F4xx_HAL_Driver/Src/stm32f4xx_hal_rtc_ex.c **** /**
1125:Drivers/STM32F4xx_HAL_Driver/Src/stm32f4xx_hal_rtc_ex.c ****   * @brief  Handles Wakeup Timer interrupt request.
1126:Drivers/STM32F4xx_HAL_Driver/Src/stm32f4xx_hal_rtc_ex.c ****   * @note   Unlike alarm interrupt line (shared by Alarms A and B) or tamper
1127:Drivers/STM32F4xx_HAL_Driver/Src/stm32f4xx_hal_rtc_ex.c ****   *         interrupt line (shared by timestamp and tampers) wakeup timer
1128:Drivers/STM32F4xx_HAL_Driver/Src/stm32f4xx_hal_rtc_ex.c ****   *         interrupt line is exclusive to the wakeup timer.
1129:Drivers/STM32F4xx_HAL_Driver/Src/stm32f4xx_hal_rtc_ex.c ****   *         There is no need in this case to check on the interrupt enable
1130:Drivers/STM32F4xx_HAL_Driver/Src/stm32f4xx_hal_rtc_ex.c ****   *         status via __HAL_RTC_WAKEUPTIMER_GET_IT_SOURCE().
1131:Drivers/STM32F4xx_HAL_Driver/Src/stm32f4xx_hal_rtc_ex.c ****   * @param  hrtc pointer to a RTC_HandleTypeDef structure that contains
ARM GAS  /tmp/ccqAQKKp.s 			page 58


1132:Drivers/STM32F4xx_HAL_Driver/Src/stm32f4xx_hal_rtc_ex.c ****   *                the configuration information for RTC.
1133:Drivers/STM32F4xx_HAL_Driver/Src/stm32f4xx_hal_rtc_ex.c ****   * @retval None
1134:Drivers/STM32F4xx_HAL_Driver/Src/stm32f4xx_hal_rtc_ex.c ****   */
1135:Drivers/STM32F4xx_HAL_Driver/Src/stm32f4xx_hal_rtc_ex.c **** void HAL_RTCEx_WakeUpTimerIRQHandler(RTC_HandleTypeDef *hrtc)
1136:Drivers/STM32F4xx_HAL_Driver/Src/stm32f4xx_hal_rtc_ex.c **** {
1137:Drivers/STM32F4xx_HAL_Driver/Src/stm32f4xx_hal_rtc_ex.c ****   /* Clear the EXTI flag associated to the RTC Wakeup Timer interrupt */
1138:Drivers/STM32F4xx_HAL_Driver/Src/stm32f4xx_hal_rtc_ex.c ****   __HAL_RTC_WAKEUPTIMER_EXTI_CLEAR_FLAG();
1139:Drivers/STM32F4xx_HAL_Driver/Src/stm32f4xx_hal_rtc_ex.c **** 
1140:Drivers/STM32F4xx_HAL_Driver/Src/stm32f4xx_hal_rtc_ex.c ****   /* Get the pending status of the Wakeup timer Interrupt */
1141:Drivers/STM32F4xx_HAL_Driver/Src/stm32f4xx_hal_rtc_ex.c ****   if (__HAL_RTC_WAKEUPTIMER_GET_FLAG(hrtc, RTC_FLAG_WUTF) != 0U)
1142:Drivers/STM32F4xx_HAL_Driver/Src/stm32f4xx_hal_rtc_ex.c ****   {
1143:Drivers/STM32F4xx_HAL_Driver/Src/stm32f4xx_hal_rtc_ex.c ****     /* Clear the Wakeup timer interrupt pending bit */
1144:Drivers/STM32F4xx_HAL_Driver/Src/stm32f4xx_hal_rtc_ex.c ****     __HAL_RTC_WAKEUPTIMER_CLEAR_FLAG(hrtc, RTC_FLAG_WUTF);
1145:Drivers/STM32F4xx_HAL_Driver/Src/stm32f4xx_hal_rtc_ex.c **** 
1146:Drivers/STM32F4xx_HAL_Driver/Src/stm32f4xx_hal_rtc_ex.c ****     /* Wakeup timer callback */
1147:Drivers/STM32F4xx_HAL_Driver/Src/stm32f4xx_hal_rtc_ex.c **** #if (USE_HAL_RTC_REGISTER_CALLBACKS == 1)
1148:Drivers/STM32F4xx_HAL_Driver/Src/stm32f4xx_hal_rtc_ex.c ****     hrtc->WakeUpTimerEventCallback(hrtc);
1149:Drivers/STM32F4xx_HAL_Driver/Src/stm32f4xx_hal_rtc_ex.c **** #else
1150:Drivers/STM32F4xx_HAL_Driver/Src/stm32f4xx_hal_rtc_ex.c ****     HAL_RTCEx_WakeUpTimerEventCallback(hrtc);
1151:Drivers/STM32F4xx_HAL_Driver/Src/stm32f4xx_hal_rtc_ex.c **** #endif /* USE_HAL_RTC_REGISTER_CALLBACKS */
1152:Drivers/STM32F4xx_HAL_Driver/Src/stm32f4xx_hal_rtc_ex.c ****   }
1153:Drivers/STM32F4xx_HAL_Driver/Src/stm32f4xx_hal_rtc_ex.c **** 
1154:Drivers/STM32F4xx_HAL_Driver/Src/stm32f4xx_hal_rtc_ex.c ****   /* Change RTC state */
1155:Drivers/STM32F4xx_HAL_Driver/Src/stm32f4xx_hal_rtc_ex.c ****   hrtc->State = HAL_RTC_STATE_READY;
1156:Drivers/STM32F4xx_HAL_Driver/Src/stm32f4xx_hal_rtc_ex.c **** }
1157:Drivers/STM32F4xx_HAL_Driver/Src/stm32f4xx_hal_rtc_ex.c **** 
1158:Drivers/STM32F4xx_HAL_Driver/Src/stm32f4xx_hal_rtc_ex.c **** /**
1159:Drivers/STM32F4xx_HAL_Driver/Src/stm32f4xx_hal_rtc_ex.c ****   * @brief  Wakeup Timer callback.
1160:Drivers/STM32F4xx_HAL_Driver/Src/stm32f4xx_hal_rtc_ex.c ****   * @param  hrtc pointer to a RTC_HandleTypeDef structure that contains
1161:Drivers/STM32F4xx_HAL_Driver/Src/stm32f4xx_hal_rtc_ex.c ****   *                the configuration information for RTC.
1162:Drivers/STM32F4xx_HAL_Driver/Src/stm32f4xx_hal_rtc_ex.c ****   * @retval None
1163:Drivers/STM32F4xx_HAL_Driver/Src/stm32f4xx_hal_rtc_ex.c ****   */
1164:Drivers/STM32F4xx_HAL_Driver/Src/stm32f4xx_hal_rtc_ex.c **** __weak void HAL_RTCEx_WakeUpTimerEventCallback(RTC_HandleTypeDef *hrtc)
1165:Drivers/STM32F4xx_HAL_Driver/Src/stm32f4xx_hal_rtc_ex.c **** {
 2032              		.loc 1 1165 1 is_stmt 1 view -0
 2033              		.cfi_startproc
 2034              		@ args = 0, pretend = 0, frame = 0
 2035              		@ frame_needed = 0, uses_anonymous_args = 0
 2036              		@ link register save eliminated.
1166:Drivers/STM32F4xx_HAL_Driver/Src/stm32f4xx_hal_rtc_ex.c ****   /* Prevent unused argument(s) compilation warning */
1167:Drivers/STM32F4xx_HAL_Driver/Src/stm32f4xx_hal_rtc_ex.c ****   UNUSED(hrtc);
 2037              		.loc 1 1167 3 view .LVU712
1168:Drivers/STM32F4xx_HAL_Driver/Src/stm32f4xx_hal_rtc_ex.c **** 
1169:Drivers/STM32F4xx_HAL_Driver/Src/stm32f4xx_hal_rtc_ex.c ****   /* NOTE: This function should not be modified, when the callback is needed,
1170:Drivers/STM32F4xx_HAL_Driver/Src/stm32f4xx_hal_rtc_ex.c ****            the HAL_RTCEx_WakeUpTimerEventCallback could be implemented in the user file
1171:Drivers/STM32F4xx_HAL_Driver/Src/stm32f4xx_hal_rtc_ex.c ****    */
1172:Drivers/STM32F4xx_HAL_Driver/Src/stm32f4xx_hal_rtc_ex.c **** }
 2038              		.loc 1 1172 1 is_stmt 0 view .LVU713
 2039 0000 7047     		bx	lr
 2040              		.cfi_endproc
 2041              	.LFE258:
 2043              		.section	.text.HAL_RTCEx_WakeUpTimerIRQHandler,"ax",%progbits
 2044              		.align	1
 2045              		.global	HAL_RTCEx_WakeUpTimerIRQHandler
 2046              		.syntax unified
 2047              		.thumb
 2048              		.thumb_func
ARM GAS  /tmp/ccqAQKKp.s 			page 59


 2050              	HAL_RTCEx_WakeUpTimerIRQHandler:
 2051              	.LVL130:
 2052              	.LFB257:
1136:Drivers/STM32F4xx_HAL_Driver/Src/stm32f4xx_hal_rtc_ex.c ****   /* Clear the EXTI flag associated to the RTC Wakeup Timer interrupt */
 2053              		.loc 1 1136 1 is_stmt 1 view -0
 2054              		.cfi_startproc
 2055              		@ args = 0, pretend = 0, frame = 0
 2056              		@ frame_needed = 0, uses_anonymous_args = 0
1136:Drivers/STM32F4xx_HAL_Driver/Src/stm32f4xx_hal_rtc_ex.c ****   /* Clear the EXTI flag associated to the RTC Wakeup Timer interrupt */
 2057              		.loc 1 1136 1 is_stmt 0 view .LVU715
 2058 0000 10B5     		push	{r4, lr}
 2059              	.LCFI26:
 2060              		.cfi_def_cfa_offset 8
 2061              		.cfi_offset 4, -8
 2062              		.cfi_offset 14, -4
 2063 0002 0446     		mov	r4, r0
1138:Drivers/STM32F4xx_HAL_Driver/Src/stm32f4xx_hal_rtc_ex.c **** 
 2064              		.loc 1 1138 3 is_stmt 1 view .LVU716
 2065 0004 094B     		ldr	r3, .L127
 2066 0006 4FF48002 		mov	r2, #4194304
 2067 000a 5A61     		str	r2, [r3, #20]
1141:Drivers/STM32F4xx_HAL_Driver/Src/stm32f4xx_hal_rtc_ex.c ****   {
 2068              		.loc 1 1141 3 view .LVU717
1141:Drivers/STM32F4xx_HAL_Driver/Src/stm32f4xx_hal_rtc_ex.c ****   {
 2069              		.loc 1 1141 7 is_stmt 0 view .LVU718
 2070 000c 0368     		ldr	r3, [r0]
 2071 000e DA68     		ldr	r2, [r3, #12]
1141:Drivers/STM32F4xx_HAL_Driver/Src/stm32f4xx_hal_rtc_ex.c ****   {
 2072              		.loc 1 1141 6 view .LVU719
 2073 0010 12F4806F 		tst	r2, #1024
 2074 0014 02D1     		bne	.L126
 2075              	.LVL131:
 2076              	.L124:
1155:Drivers/STM32F4xx_HAL_Driver/Src/stm32f4xx_hal_rtc_ex.c **** }
 2077              		.loc 1 1155 3 is_stmt 1 view .LVU720
1155:Drivers/STM32F4xx_HAL_Driver/Src/stm32f4xx_hal_rtc_ex.c **** }
 2078              		.loc 1 1155 15 is_stmt 0 view .LVU721
 2079 0016 0123     		movs	r3, #1
 2080 0018 6377     		strb	r3, [r4, #29]
1156:Drivers/STM32F4xx_HAL_Driver/Src/stm32f4xx_hal_rtc_ex.c **** 
 2081              		.loc 1 1156 1 view .LVU722
 2082 001a 10BD     		pop	{r4, pc}
 2083              	.LVL132:
 2084              	.L126:
1144:Drivers/STM32F4xx_HAL_Driver/Src/stm32f4xx_hal_rtc_ex.c **** 
 2085              		.loc 1 1144 5 is_stmt 1 view .LVU723
 2086 001c DA68     		ldr	r2, [r3, #12]
 2087 001e D2B2     		uxtb	r2, r2
 2088 0020 62F49062 		orn	r2, r2, #1152
 2089 0024 DA60     		str	r2, [r3, #12]
1150:Drivers/STM32F4xx_HAL_Driver/Src/stm32f4xx_hal_rtc_ex.c **** #endif /* USE_HAL_RTC_REGISTER_CALLBACKS */
 2090              		.loc 1 1150 5 view .LVU724
 2091 0026 FFF7FEFF 		bl	HAL_RTCEx_WakeUpTimerEventCallback
 2092              	.LVL133:
1150:Drivers/STM32F4xx_HAL_Driver/Src/stm32f4xx_hal_rtc_ex.c **** #endif /* USE_HAL_RTC_REGISTER_CALLBACKS */
 2093              		.loc 1 1150 5 is_stmt 0 view .LVU725
 2094 002a F4E7     		b	.L124
ARM GAS  /tmp/ccqAQKKp.s 			page 60


 2095              	.L128:
 2096              		.align	2
 2097              	.L127:
 2098 002c 003C0140 		.word	1073822720
 2099              		.cfi_endproc
 2100              	.LFE257:
 2102              		.section	.text.HAL_RTCEx_PollForWakeUpTimerEvent,"ax",%progbits
 2103              		.align	1
 2104              		.global	HAL_RTCEx_PollForWakeUpTimerEvent
 2105              		.syntax unified
 2106              		.thumb
 2107              		.thumb_func
 2109              	HAL_RTCEx_PollForWakeUpTimerEvent:
 2110              	.LVL134:
 2111              	.LFB259:
1173:Drivers/STM32F4xx_HAL_Driver/Src/stm32f4xx_hal_rtc_ex.c **** 
1174:Drivers/STM32F4xx_HAL_Driver/Src/stm32f4xx_hal_rtc_ex.c **** /**
1175:Drivers/STM32F4xx_HAL_Driver/Src/stm32f4xx_hal_rtc_ex.c ****   * @brief  Handles Wakeup Timer Polling.
1176:Drivers/STM32F4xx_HAL_Driver/Src/stm32f4xx_hal_rtc_ex.c ****   * @param  hrtc pointer to a RTC_HandleTypeDef structure that contains
1177:Drivers/STM32F4xx_HAL_Driver/Src/stm32f4xx_hal_rtc_ex.c ****   *                the configuration information for RTC.
1178:Drivers/STM32F4xx_HAL_Driver/Src/stm32f4xx_hal_rtc_ex.c ****   * @param  Timeout Timeout duration
1179:Drivers/STM32F4xx_HAL_Driver/Src/stm32f4xx_hal_rtc_ex.c ****   * @retval HAL status
1180:Drivers/STM32F4xx_HAL_Driver/Src/stm32f4xx_hal_rtc_ex.c ****   */
1181:Drivers/STM32F4xx_HAL_Driver/Src/stm32f4xx_hal_rtc_ex.c **** HAL_StatusTypeDef HAL_RTCEx_PollForWakeUpTimerEvent(RTC_HandleTypeDef *hrtc, uint32_t Timeout)
1182:Drivers/STM32F4xx_HAL_Driver/Src/stm32f4xx_hal_rtc_ex.c **** {
 2112              		.loc 1 1182 1 is_stmt 1 view -0
 2113              		.cfi_startproc
 2114              		@ args = 0, pretend = 0, frame = 0
 2115              		@ frame_needed = 0, uses_anonymous_args = 0
 2116              		.loc 1 1182 1 is_stmt 0 view .LVU727
 2117 0000 70B5     		push	{r4, r5, r6, lr}
 2118              	.LCFI27:
 2119              		.cfi_def_cfa_offset 16
 2120              		.cfi_offset 4, -16
 2121              		.cfi_offset 5, -12
 2122              		.cfi_offset 6, -8
 2123              		.cfi_offset 14, -4
 2124 0002 0446     		mov	r4, r0
 2125 0004 0D46     		mov	r5, r1
1183:Drivers/STM32F4xx_HAL_Driver/Src/stm32f4xx_hal_rtc_ex.c ****   uint32_t tickstart = 0U;
 2126              		.loc 1 1183 3 is_stmt 1 view .LVU728
 2127              	.LVL135:
1184:Drivers/STM32F4xx_HAL_Driver/Src/stm32f4xx_hal_rtc_ex.c **** 
1185:Drivers/STM32F4xx_HAL_Driver/Src/stm32f4xx_hal_rtc_ex.c ****   /* Get tick */
1186:Drivers/STM32F4xx_HAL_Driver/Src/stm32f4xx_hal_rtc_ex.c ****   tickstart = HAL_GetTick();
 2128              		.loc 1 1186 3 view .LVU729
 2129              		.loc 1 1186 15 is_stmt 0 view .LVU730
 2130 0006 FFF7FEFF 		bl	HAL_GetTick
 2131              	.LVL136:
 2132              		.loc 1 1186 15 view .LVU731
 2133 000a 0646     		mov	r6, r0
 2134              	.LVL137:
1187:Drivers/STM32F4xx_HAL_Driver/Src/stm32f4xx_hal_rtc_ex.c **** 
1188:Drivers/STM32F4xx_HAL_Driver/Src/stm32f4xx_hal_rtc_ex.c ****   while (__HAL_RTC_WAKEUPTIMER_GET_FLAG(hrtc, RTC_FLAG_WUTF) == 0U)
 2135              		.loc 1 1188 3 is_stmt 1 view .LVU732
 2136              	.L131:
 2137              		.loc 1 1188 62 view .LVU733
ARM GAS  /tmp/ccqAQKKp.s 			page 61


 2138              		.loc 1 1188 10 is_stmt 0 view .LVU734
 2139 000c 2368     		ldr	r3, [r4]
 2140 000e DA68     		ldr	r2, [r3, #12]
 2141              		.loc 1 1188 62 view .LVU735
 2142 0010 12F4806F 		tst	r2, #1024
 2143 0014 0BD1     		bne	.L136
1189:Drivers/STM32F4xx_HAL_Driver/Src/stm32f4xx_hal_rtc_ex.c ****   {
1190:Drivers/STM32F4xx_HAL_Driver/Src/stm32f4xx_hal_rtc_ex.c ****     if (Timeout != HAL_MAX_DELAY)
 2144              		.loc 1 1190 5 is_stmt 1 view .LVU736
 2145              		.loc 1 1190 8 is_stmt 0 view .LVU737
 2146 0016 B5F1FF3F 		cmp	r5, #-1
 2147 001a F7D0     		beq	.L131
1191:Drivers/STM32F4xx_HAL_Driver/Src/stm32f4xx_hal_rtc_ex.c ****     {
1192:Drivers/STM32F4xx_HAL_Driver/Src/stm32f4xx_hal_rtc_ex.c ****       if ((Timeout == 0U) || ((HAL_GetTick() - tickstart) > Timeout))
 2148              		.loc 1 1192 7 is_stmt 1 view .LVU738
 2149              		.loc 1 1192 10 is_stmt 0 view .LVU739
 2150 001c 25B1     		cbz	r5, .L132
 2151              		.loc 1 1192 32 discriminator 1 view .LVU740
 2152 001e FFF7FEFF 		bl	HAL_GetTick
 2153              	.LVL138:
 2154              		.loc 1 1192 46 discriminator 1 view .LVU741
 2155 0022 801B     		subs	r0, r0, r6
 2156              		.loc 1 1192 27 discriminator 1 view .LVU742
 2157 0024 A842     		cmp	r0, r5
 2158 0026 F1D9     		bls	.L131
 2159              	.L132:
1193:Drivers/STM32F4xx_HAL_Driver/Src/stm32f4xx_hal_rtc_ex.c ****       {
1194:Drivers/STM32F4xx_HAL_Driver/Src/stm32f4xx_hal_rtc_ex.c ****         hrtc->State = HAL_RTC_STATE_TIMEOUT;
 2160              		.loc 1 1194 9 is_stmt 1 view .LVU743
 2161              		.loc 1 1194 21 is_stmt 0 view .LVU744
 2162 0028 0320     		movs	r0, #3
 2163 002a 6077     		strb	r0, [r4, #29]
1195:Drivers/STM32F4xx_HAL_Driver/Src/stm32f4xx_hal_rtc_ex.c ****         return HAL_TIMEOUT;
 2164              		.loc 1 1195 9 is_stmt 1 view .LVU745
 2165              		.loc 1 1195 16 is_stmt 0 view .LVU746
 2166 002c 07E0     		b	.L133
 2167              	.L136:
1196:Drivers/STM32F4xx_HAL_Driver/Src/stm32f4xx_hal_rtc_ex.c ****       }
1197:Drivers/STM32F4xx_HAL_Driver/Src/stm32f4xx_hal_rtc_ex.c ****     }
1198:Drivers/STM32F4xx_HAL_Driver/Src/stm32f4xx_hal_rtc_ex.c ****   }
1199:Drivers/STM32F4xx_HAL_Driver/Src/stm32f4xx_hal_rtc_ex.c **** 
1200:Drivers/STM32F4xx_HAL_Driver/Src/stm32f4xx_hal_rtc_ex.c ****   /* Clear the Wakeup timer Flag */
1201:Drivers/STM32F4xx_HAL_Driver/Src/stm32f4xx_hal_rtc_ex.c ****   __HAL_RTC_WAKEUPTIMER_CLEAR_FLAG(hrtc, RTC_FLAG_WUTF);
 2168              		.loc 1 1201 3 is_stmt 1 view .LVU747
 2169 002e DA68     		ldr	r2, [r3, #12]
 2170 0030 D2B2     		uxtb	r2, r2
 2171 0032 62F49062 		orn	r2, r2, #1152
 2172 0036 DA60     		str	r2, [r3, #12]
1202:Drivers/STM32F4xx_HAL_Driver/Src/stm32f4xx_hal_rtc_ex.c **** 
1203:Drivers/STM32F4xx_HAL_Driver/Src/stm32f4xx_hal_rtc_ex.c ****   /* Change RTC state */
1204:Drivers/STM32F4xx_HAL_Driver/Src/stm32f4xx_hal_rtc_ex.c ****   hrtc->State = HAL_RTC_STATE_READY;
 2173              		.loc 1 1204 3 view .LVU748
 2174              		.loc 1 1204 15 is_stmt 0 view .LVU749
 2175 0038 0123     		movs	r3, #1
 2176 003a 6377     		strb	r3, [r4, #29]
1205:Drivers/STM32F4xx_HAL_Driver/Src/stm32f4xx_hal_rtc_ex.c **** 
1206:Drivers/STM32F4xx_HAL_Driver/Src/stm32f4xx_hal_rtc_ex.c ****   return HAL_OK;
ARM GAS  /tmp/ccqAQKKp.s 			page 62


 2177              		.loc 1 1206 3 is_stmt 1 view .LVU750
 2178              		.loc 1 1206 10 is_stmt 0 view .LVU751
 2179 003c 0020     		movs	r0, #0
 2180              	.L133:
1207:Drivers/STM32F4xx_HAL_Driver/Src/stm32f4xx_hal_rtc_ex.c **** }
 2181              		.loc 1 1207 1 view .LVU752
 2182 003e 70BD     		pop	{r4, r5, r6, pc}
 2183              		.loc 1 1207 1 view .LVU753
 2184              		.cfi_endproc
 2185              	.LFE259:
 2187              		.section	.text.HAL_RTCEx_BKUPWrite,"ax",%progbits
 2188              		.align	1
 2189              		.global	HAL_RTCEx_BKUPWrite
 2190              		.syntax unified
 2191              		.thumb
 2192              		.thumb_func
 2194              	HAL_RTCEx_BKUPWrite:
 2195              	.LVL139:
 2196              	.LFB260:
1208:Drivers/STM32F4xx_HAL_Driver/Src/stm32f4xx_hal_rtc_ex.c **** 
1209:Drivers/STM32F4xx_HAL_Driver/Src/stm32f4xx_hal_rtc_ex.c **** /**
1210:Drivers/STM32F4xx_HAL_Driver/Src/stm32f4xx_hal_rtc_ex.c ****   * @}
1211:Drivers/STM32F4xx_HAL_Driver/Src/stm32f4xx_hal_rtc_ex.c ****   */
1212:Drivers/STM32F4xx_HAL_Driver/Src/stm32f4xx_hal_rtc_ex.c **** 
1213:Drivers/STM32F4xx_HAL_Driver/Src/stm32f4xx_hal_rtc_ex.c **** /** @defgroup RTCEx_Exported_Functions_Group3 Extended Peripheral Control functions
1214:Drivers/STM32F4xx_HAL_Driver/Src/stm32f4xx_hal_rtc_ex.c ****   * @brief    Extended Peripheral Control functions
1215:Drivers/STM32F4xx_HAL_Driver/Src/stm32f4xx_hal_rtc_ex.c ****   *
1216:Drivers/STM32F4xx_HAL_Driver/Src/stm32f4xx_hal_rtc_ex.c **** @verbatim
1217:Drivers/STM32F4xx_HAL_Driver/Src/stm32f4xx_hal_rtc_ex.c ****  ===============================================================================
1218:Drivers/STM32F4xx_HAL_Driver/Src/stm32f4xx_hal_rtc_ex.c ****               ##### Extended Peripheral Control functions #####
1219:Drivers/STM32F4xx_HAL_Driver/Src/stm32f4xx_hal_rtc_ex.c ****  ===============================================================================
1220:Drivers/STM32F4xx_HAL_Driver/Src/stm32f4xx_hal_rtc_ex.c ****     [..]
1221:Drivers/STM32F4xx_HAL_Driver/Src/stm32f4xx_hal_rtc_ex.c ****     This subsection provides functions allowing to
1222:Drivers/STM32F4xx_HAL_Driver/Src/stm32f4xx_hal_rtc_ex.c ****       (+) Write a data in a specified RTC Backup data register
1223:Drivers/STM32F4xx_HAL_Driver/Src/stm32f4xx_hal_rtc_ex.c ****       (+) Read a data in a specified RTC Backup data register
1224:Drivers/STM32F4xx_HAL_Driver/Src/stm32f4xx_hal_rtc_ex.c ****       (+) Set the Coarse calibration parameters.
1225:Drivers/STM32F4xx_HAL_Driver/Src/stm32f4xx_hal_rtc_ex.c ****       (+) Deactivate the Coarse calibration parameters
1226:Drivers/STM32F4xx_HAL_Driver/Src/stm32f4xx_hal_rtc_ex.c ****       (+) Set the Smooth calibration parameters.
1227:Drivers/STM32F4xx_HAL_Driver/Src/stm32f4xx_hal_rtc_ex.c ****       (+) Configure the Synchronization Shift Control Settings.
1228:Drivers/STM32F4xx_HAL_Driver/Src/stm32f4xx_hal_rtc_ex.c ****       (+) Configure the Calibration Pinout (RTC_CALIB) Selection (1Hz or 512Hz).
1229:Drivers/STM32F4xx_HAL_Driver/Src/stm32f4xx_hal_rtc_ex.c ****       (+) Deactivate the Calibration Pinout (RTC_CALIB) Selection (1Hz or 512Hz).
1230:Drivers/STM32F4xx_HAL_Driver/Src/stm32f4xx_hal_rtc_ex.c ****       (+) Enable the RTC reference clock detection.
1231:Drivers/STM32F4xx_HAL_Driver/Src/stm32f4xx_hal_rtc_ex.c ****       (+) Disable the RTC reference clock detection.
1232:Drivers/STM32F4xx_HAL_Driver/Src/stm32f4xx_hal_rtc_ex.c ****       (+) Enable the Bypass Shadow feature.
1233:Drivers/STM32F4xx_HAL_Driver/Src/stm32f4xx_hal_rtc_ex.c ****       (+) Disable the Bypass Shadow feature.
1234:Drivers/STM32F4xx_HAL_Driver/Src/stm32f4xx_hal_rtc_ex.c **** 
1235:Drivers/STM32F4xx_HAL_Driver/Src/stm32f4xx_hal_rtc_ex.c **** @endverbatim
1236:Drivers/STM32F4xx_HAL_Driver/Src/stm32f4xx_hal_rtc_ex.c ****   * @{
1237:Drivers/STM32F4xx_HAL_Driver/Src/stm32f4xx_hal_rtc_ex.c ****   */
1238:Drivers/STM32F4xx_HAL_Driver/Src/stm32f4xx_hal_rtc_ex.c **** 
1239:Drivers/STM32F4xx_HAL_Driver/Src/stm32f4xx_hal_rtc_ex.c **** /**
1240:Drivers/STM32F4xx_HAL_Driver/Src/stm32f4xx_hal_rtc_ex.c ****   * @brief  Writes a data in a specified RTC Backup data register.
1241:Drivers/STM32F4xx_HAL_Driver/Src/stm32f4xx_hal_rtc_ex.c ****   * @param  hrtc pointer to a RTC_HandleTypeDef structure that contains
1242:Drivers/STM32F4xx_HAL_Driver/Src/stm32f4xx_hal_rtc_ex.c ****   *                the configuration information for RTC.
1243:Drivers/STM32F4xx_HAL_Driver/Src/stm32f4xx_hal_rtc_ex.c ****   * @param  BackupRegister RTC Backup data Register number.
1244:Drivers/STM32F4xx_HAL_Driver/Src/stm32f4xx_hal_rtc_ex.c ****   *          This parameter can be: RTC_BKP_DRx (where x can be from 0 to 19)
1245:Drivers/STM32F4xx_HAL_Driver/Src/stm32f4xx_hal_rtc_ex.c ****   *                                 to specify the register.
ARM GAS  /tmp/ccqAQKKp.s 			page 63


1246:Drivers/STM32F4xx_HAL_Driver/Src/stm32f4xx_hal_rtc_ex.c ****   * @param  Data Data to be written in the specified RTC Backup data register.
1247:Drivers/STM32F4xx_HAL_Driver/Src/stm32f4xx_hal_rtc_ex.c ****   * @retval None
1248:Drivers/STM32F4xx_HAL_Driver/Src/stm32f4xx_hal_rtc_ex.c ****   */
1249:Drivers/STM32F4xx_HAL_Driver/Src/stm32f4xx_hal_rtc_ex.c **** void HAL_RTCEx_BKUPWrite(RTC_HandleTypeDef *hrtc, uint32_t BackupRegister, uint32_t Data)
1250:Drivers/STM32F4xx_HAL_Driver/Src/stm32f4xx_hal_rtc_ex.c **** {
 2197              		.loc 1 1250 1 is_stmt 1 view -0
 2198              		.cfi_startproc
 2199              		@ args = 0, pretend = 0, frame = 0
 2200              		@ frame_needed = 0, uses_anonymous_args = 0
 2201              		@ link register save eliminated.
1251:Drivers/STM32F4xx_HAL_Driver/Src/stm32f4xx_hal_rtc_ex.c ****   uint32_t tmp = 0U;
 2202              		.loc 1 1251 3 view .LVU755
1252:Drivers/STM32F4xx_HAL_Driver/Src/stm32f4xx_hal_rtc_ex.c **** 
1253:Drivers/STM32F4xx_HAL_Driver/Src/stm32f4xx_hal_rtc_ex.c ****   /* Check the parameters */
1254:Drivers/STM32F4xx_HAL_Driver/Src/stm32f4xx_hal_rtc_ex.c ****   assert_param(IS_RTC_BKP(BackupRegister));
 2203              		.loc 1 1254 3 view .LVU756
1255:Drivers/STM32F4xx_HAL_Driver/Src/stm32f4xx_hal_rtc_ex.c **** 
1256:Drivers/STM32F4xx_HAL_Driver/Src/stm32f4xx_hal_rtc_ex.c ****   tmp = (uint32_t) &(hrtc->Instance->BKP0R);
 2204              		.loc 1 1256 3 view .LVU757
 2205              		.loc 1 1256 26 is_stmt 0 view .LVU758
 2206 0000 0368     		ldr	r3, [r0]
 2207              		.loc 1 1256 20 view .LVU759
 2208 0002 5033     		adds	r3, r3, #80
 2209              	.LVL140:
1257:Drivers/STM32F4xx_HAL_Driver/Src/stm32f4xx_hal_rtc_ex.c ****   tmp += (BackupRegister * 4U);
 2210              		.loc 1 1257 3 is_stmt 1 view .LVU760
1258:Drivers/STM32F4xx_HAL_Driver/Src/stm32f4xx_hal_rtc_ex.c **** 
1259:Drivers/STM32F4xx_HAL_Driver/Src/stm32f4xx_hal_rtc_ex.c ****   /* Write the specified register */
1260:Drivers/STM32F4xx_HAL_Driver/Src/stm32f4xx_hal_rtc_ex.c ****   *(__IO uint32_t *)tmp = (uint32_t)Data;
 2211              		.loc 1 1260 3 view .LVU761
 2212              		.loc 1 1260 25 is_stmt 0 view .LVU762
 2213 0004 43F82120 		str	r2, [r3, r1, lsl #2]
1261:Drivers/STM32F4xx_HAL_Driver/Src/stm32f4xx_hal_rtc_ex.c **** }
 2214              		.loc 1 1261 1 view .LVU763
 2215 0008 7047     		bx	lr
 2216              		.cfi_endproc
 2217              	.LFE260:
 2219              		.section	.text.HAL_RTCEx_BKUPRead,"ax",%progbits
 2220              		.align	1
 2221              		.global	HAL_RTCEx_BKUPRead
 2222              		.syntax unified
 2223              		.thumb
 2224              		.thumb_func
 2226              	HAL_RTCEx_BKUPRead:
 2227              	.LVL141:
 2228              	.LFB261:
1262:Drivers/STM32F4xx_HAL_Driver/Src/stm32f4xx_hal_rtc_ex.c **** 
1263:Drivers/STM32F4xx_HAL_Driver/Src/stm32f4xx_hal_rtc_ex.c **** /**
1264:Drivers/STM32F4xx_HAL_Driver/Src/stm32f4xx_hal_rtc_ex.c ****   * @brief  Reads data from the specified RTC Backup data Register.
1265:Drivers/STM32F4xx_HAL_Driver/Src/stm32f4xx_hal_rtc_ex.c ****   * @param  hrtc pointer to a RTC_HandleTypeDef structure that contains
1266:Drivers/STM32F4xx_HAL_Driver/Src/stm32f4xx_hal_rtc_ex.c ****   *                the configuration information for RTC.
1267:Drivers/STM32F4xx_HAL_Driver/Src/stm32f4xx_hal_rtc_ex.c ****   * @param  BackupRegister RTC Backup data Register number.
1268:Drivers/STM32F4xx_HAL_Driver/Src/stm32f4xx_hal_rtc_ex.c ****   *          This parameter can be: RTC_BKP_DRx (where x can be from 0 to 19)
1269:Drivers/STM32F4xx_HAL_Driver/Src/stm32f4xx_hal_rtc_ex.c ****   *                                 to specify the register.
1270:Drivers/STM32F4xx_HAL_Driver/Src/stm32f4xx_hal_rtc_ex.c ****   * @retval Read value
1271:Drivers/STM32F4xx_HAL_Driver/Src/stm32f4xx_hal_rtc_ex.c ****   */
1272:Drivers/STM32F4xx_HAL_Driver/Src/stm32f4xx_hal_rtc_ex.c **** uint32_t HAL_RTCEx_BKUPRead(RTC_HandleTypeDef *hrtc, uint32_t BackupRegister)
ARM GAS  /tmp/ccqAQKKp.s 			page 64


1273:Drivers/STM32F4xx_HAL_Driver/Src/stm32f4xx_hal_rtc_ex.c **** {
 2229              		.loc 1 1273 1 is_stmt 1 view -0
 2230              		.cfi_startproc
 2231              		@ args = 0, pretend = 0, frame = 0
 2232              		@ frame_needed = 0, uses_anonymous_args = 0
 2233              		@ link register save eliminated.
1274:Drivers/STM32F4xx_HAL_Driver/Src/stm32f4xx_hal_rtc_ex.c ****   uint32_t tmp = 0U;
 2234              		.loc 1 1274 3 view .LVU765
1275:Drivers/STM32F4xx_HAL_Driver/Src/stm32f4xx_hal_rtc_ex.c **** 
1276:Drivers/STM32F4xx_HAL_Driver/Src/stm32f4xx_hal_rtc_ex.c ****   /* Check the parameters */
1277:Drivers/STM32F4xx_HAL_Driver/Src/stm32f4xx_hal_rtc_ex.c ****   assert_param(IS_RTC_BKP(BackupRegister));
 2235              		.loc 1 1277 3 view .LVU766
1278:Drivers/STM32F4xx_HAL_Driver/Src/stm32f4xx_hal_rtc_ex.c **** 
1279:Drivers/STM32F4xx_HAL_Driver/Src/stm32f4xx_hal_rtc_ex.c ****   tmp = (uint32_t) &(hrtc->Instance->BKP0R);
 2236              		.loc 1 1279 3 view .LVU767
 2237              		.loc 1 1279 26 is_stmt 0 view .LVU768
 2238 0000 0368     		ldr	r3, [r0]
 2239              		.loc 1 1279 20 view .LVU769
 2240 0002 5033     		adds	r3, r3, #80
 2241              	.LVL142:
1280:Drivers/STM32F4xx_HAL_Driver/Src/stm32f4xx_hal_rtc_ex.c ****   tmp += (BackupRegister * 4U);
 2242              		.loc 1 1280 3 is_stmt 1 view .LVU770
1281:Drivers/STM32F4xx_HAL_Driver/Src/stm32f4xx_hal_rtc_ex.c **** 
1282:Drivers/STM32F4xx_HAL_Driver/Src/stm32f4xx_hal_rtc_ex.c ****   /* Read the specified register */
1283:Drivers/STM32F4xx_HAL_Driver/Src/stm32f4xx_hal_rtc_ex.c ****   return (*(__IO uint32_t *)tmp);
 2243              		.loc 1 1283 3 view .LVU771
 2244              		.loc 1 1283 11 is_stmt 0 view .LVU772
 2245 0004 53F82100 		ldr	r0, [r3, r1, lsl #2]
 2246              	.LVL143:
1284:Drivers/STM32F4xx_HAL_Driver/Src/stm32f4xx_hal_rtc_ex.c **** }
 2247              		.loc 1 1284 1 view .LVU773
 2248 0008 7047     		bx	lr
 2249              		.cfi_endproc
 2250              	.LFE261:
 2252              		.section	.text.HAL_RTCEx_SetCoarseCalib,"ax",%progbits
 2253              		.align	1
 2254              		.global	HAL_RTCEx_SetCoarseCalib
 2255              		.syntax unified
 2256              		.thumb
 2257              		.thumb_func
 2259              	HAL_RTCEx_SetCoarseCalib:
 2260              	.LVL144:
 2261              	.LFB262:
1285:Drivers/STM32F4xx_HAL_Driver/Src/stm32f4xx_hal_rtc_ex.c **** 
1286:Drivers/STM32F4xx_HAL_Driver/Src/stm32f4xx_hal_rtc_ex.c **** /**
1287:Drivers/STM32F4xx_HAL_Driver/Src/stm32f4xx_hal_rtc_ex.c ****   * @brief  Sets the Coarse calibration parameters.
1288:Drivers/STM32F4xx_HAL_Driver/Src/stm32f4xx_hal_rtc_ex.c ****   * @param  hrtc pointer to a RTC_HandleTypeDef structure that contains
1289:Drivers/STM32F4xx_HAL_Driver/Src/stm32f4xx_hal_rtc_ex.c ****   *                the configuration information for RTC.
1290:Drivers/STM32F4xx_HAL_Driver/Src/stm32f4xx_hal_rtc_ex.c ****   * @param  CalibSign Specifies the sign of the coarse calibration value.
1291:Drivers/STM32F4xx_HAL_Driver/Src/stm32f4xx_hal_rtc_ex.c ****   *          This parameter can be  one of the following values:
1292:Drivers/STM32F4xx_HAL_Driver/Src/stm32f4xx_hal_rtc_ex.c ****   *             @arg RTC_CALIBSIGN_POSITIVE: The value sign is positive
1293:Drivers/STM32F4xx_HAL_Driver/Src/stm32f4xx_hal_rtc_ex.c ****   *             @arg RTC_CALIBSIGN_NEGATIVE: The value sign is negative
1294:Drivers/STM32F4xx_HAL_Driver/Src/stm32f4xx_hal_rtc_ex.c ****   * @param  Value value of coarse calibration expressed in ppm (coded on 5 bits).
1295:Drivers/STM32F4xx_HAL_Driver/Src/stm32f4xx_hal_rtc_ex.c ****   *
1296:Drivers/STM32F4xx_HAL_Driver/Src/stm32f4xx_hal_rtc_ex.c ****   * @note   This Calibration value should be between 0 and 63 when using negative
1297:Drivers/STM32F4xx_HAL_Driver/Src/stm32f4xx_hal_rtc_ex.c ****   *         sign with a 2-ppm step.
1298:Drivers/STM32F4xx_HAL_Driver/Src/stm32f4xx_hal_rtc_ex.c ****   *
ARM GAS  /tmp/ccqAQKKp.s 			page 65


1299:Drivers/STM32F4xx_HAL_Driver/Src/stm32f4xx_hal_rtc_ex.c ****   * @note   This Calibration value should be between 0 and 126 when using positive
1300:Drivers/STM32F4xx_HAL_Driver/Src/stm32f4xx_hal_rtc_ex.c ****   *         sign with a 4-ppm step.
1301:Drivers/STM32F4xx_HAL_Driver/Src/stm32f4xx_hal_rtc_ex.c ****   * @retval HAL status
1302:Drivers/STM32F4xx_HAL_Driver/Src/stm32f4xx_hal_rtc_ex.c ****   */
1303:Drivers/STM32F4xx_HAL_Driver/Src/stm32f4xx_hal_rtc_ex.c **** HAL_StatusTypeDef HAL_RTCEx_SetCoarseCalib(RTC_HandleTypeDef *hrtc, uint32_t CalibSign, uint32_t Va
1304:Drivers/STM32F4xx_HAL_Driver/Src/stm32f4xx_hal_rtc_ex.c **** {
 2262              		.loc 1 1304 1 is_stmt 1 view -0
 2263              		.cfi_startproc
 2264              		@ args = 0, pretend = 0, frame = 0
 2265              		@ frame_needed = 0, uses_anonymous_args = 0
1305:Drivers/STM32F4xx_HAL_Driver/Src/stm32f4xx_hal_rtc_ex.c ****   HAL_StatusTypeDef status;
 2266              		.loc 1 1305 3 view .LVU775
1306:Drivers/STM32F4xx_HAL_Driver/Src/stm32f4xx_hal_rtc_ex.c **** 
1307:Drivers/STM32F4xx_HAL_Driver/Src/stm32f4xx_hal_rtc_ex.c ****   /* Check the parameters */
1308:Drivers/STM32F4xx_HAL_Driver/Src/stm32f4xx_hal_rtc_ex.c ****   assert_param(IS_RTC_CALIB_SIGN(CalibSign));
 2267              		.loc 1 1308 3 view .LVU776
1309:Drivers/STM32F4xx_HAL_Driver/Src/stm32f4xx_hal_rtc_ex.c ****   assert_param(IS_RTC_CALIB_VALUE(Value));
 2268              		.loc 1 1309 3 view .LVU777
1310:Drivers/STM32F4xx_HAL_Driver/Src/stm32f4xx_hal_rtc_ex.c **** 
1311:Drivers/STM32F4xx_HAL_Driver/Src/stm32f4xx_hal_rtc_ex.c ****   /* Process Locked */
1312:Drivers/STM32F4xx_HAL_Driver/Src/stm32f4xx_hal_rtc_ex.c ****   __HAL_LOCK(hrtc);
 2269              		.loc 1 1312 3 view .LVU778
 2270              		.loc 1 1312 3 view .LVU779
 2271 0000 037F     		ldrb	r3, [r0, #28]	@ zero_extendqisi2
 2272 0002 012B     		cmp	r3, #1
 2273 0004 26D0     		beq	.L142
1304:Drivers/STM32F4xx_HAL_Driver/Src/stm32f4xx_hal_rtc_ex.c ****   HAL_StatusTypeDef status;
 2274              		.loc 1 1304 1 is_stmt 0 view .LVU780
 2275 0006 70B5     		push	{r4, r5, r6, lr}
 2276              	.LCFI28:
 2277              		.cfi_def_cfa_offset 16
 2278              		.cfi_offset 4, -16
 2279              		.cfi_offset 5, -12
 2280              		.cfi_offset 6, -8
 2281              		.cfi_offset 14, -4
 2282 0008 0446     		mov	r4, r0
 2283 000a 0E46     		mov	r6, r1
 2284 000c 1546     		mov	r5, r2
 2285              		.loc 1 1312 3 is_stmt 1 discriminator 2 view .LVU781
 2286 000e 0123     		movs	r3, #1
 2287 0010 0377     		strb	r3, [r0, #28]
 2288              		.loc 1 1312 3 view .LVU782
1313:Drivers/STM32F4xx_HAL_Driver/Src/stm32f4xx_hal_rtc_ex.c **** 
1314:Drivers/STM32F4xx_HAL_Driver/Src/stm32f4xx_hal_rtc_ex.c ****   hrtc->State = HAL_RTC_STATE_BUSY;
 2289              		.loc 1 1314 3 view .LVU783
 2290              		.loc 1 1314 15 is_stmt 0 view .LVU784
 2291 0012 0223     		movs	r3, #2
 2292 0014 4377     		strb	r3, [r0, #29]
1315:Drivers/STM32F4xx_HAL_Driver/Src/stm32f4xx_hal_rtc_ex.c **** 
1316:Drivers/STM32F4xx_HAL_Driver/Src/stm32f4xx_hal_rtc_ex.c ****   /* Disable the write protection for RTC registers */
1317:Drivers/STM32F4xx_HAL_Driver/Src/stm32f4xx_hal_rtc_ex.c ****   __HAL_RTC_WRITEPROTECTION_DISABLE(hrtc);
 2293              		.loc 1 1317 3 is_stmt 1 view .LVU785
 2294              		.loc 1 1317 3 view .LVU786
 2295 0016 0368     		ldr	r3, [r0]
 2296 0018 CA22     		movs	r2, #202
 2297              	.LVL145:
 2298              		.loc 1 1317 3 is_stmt 0 view .LVU787
ARM GAS  /tmp/ccqAQKKp.s 			page 66


 2299 001a 5A62     		str	r2, [r3, #36]
 2300              		.loc 1 1317 3 is_stmt 1 view .LVU788
 2301 001c 0368     		ldr	r3, [r0]
 2302 001e 5322     		movs	r2, #83
 2303 0020 5A62     		str	r2, [r3, #36]
 2304              		.loc 1 1317 3 view .LVU789
1318:Drivers/STM32F4xx_HAL_Driver/Src/stm32f4xx_hal_rtc_ex.c **** 
1319:Drivers/STM32F4xx_HAL_Driver/Src/stm32f4xx_hal_rtc_ex.c ****   /* Enter Initialization mode */
1320:Drivers/STM32F4xx_HAL_Driver/Src/stm32f4xx_hal_rtc_ex.c ****   status = RTC_EnterInitMode(hrtc);
 2305              		.loc 1 1320 3 view .LVU790
 2306              		.loc 1 1320 12 is_stmt 0 view .LVU791
 2307 0022 FFF7FEFF 		bl	RTC_EnterInitMode
 2308              	.LVL146:
1321:Drivers/STM32F4xx_HAL_Driver/Src/stm32f4xx_hal_rtc_ex.c **** 
1322:Drivers/STM32F4xx_HAL_Driver/Src/stm32f4xx_hal_rtc_ex.c ****   if (status == HAL_OK)
 2309              		.loc 1 1322 3 is_stmt 1 view .LVU792
 2310              		.loc 1 1322 6 is_stmt 0 view .LVU793
 2311 0026 28B1     		cbz	r0, .L147
 2312              	.LVL147:
 2313              	.L141:
1323:Drivers/STM32F4xx_HAL_Driver/Src/stm32f4xx_hal_rtc_ex.c ****   {
1324:Drivers/STM32F4xx_HAL_Driver/Src/stm32f4xx_hal_rtc_ex.c ****     /* Enable the Coarse Calibration */
1325:Drivers/STM32F4xx_HAL_Driver/Src/stm32f4xx_hal_rtc_ex.c ****     __HAL_RTC_COARSE_CALIB_ENABLE(hrtc);
1326:Drivers/STM32F4xx_HAL_Driver/Src/stm32f4xx_hal_rtc_ex.c **** 
1327:Drivers/STM32F4xx_HAL_Driver/Src/stm32f4xx_hal_rtc_ex.c ****     /* Set the coarse calibration value */
1328:Drivers/STM32F4xx_HAL_Driver/Src/stm32f4xx_hal_rtc_ex.c ****     hrtc->Instance->CALIBR = (uint32_t)(CalibSign | Value);
1329:Drivers/STM32F4xx_HAL_Driver/Src/stm32f4xx_hal_rtc_ex.c **** 
1330:Drivers/STM32F4xx_HAL_Driver/Src/stm32f4xx_hal_rtc_ex.c ****     /* Exit Initialization mode */
1331:Drivers/STM32F4xx_HAL_Driver/Src/stm32f4xx_hal_rtc_ex.c ****     status = RTC_ExitInitMode(hrtc);
1332:Drivers/STM32F4xx_HAL_Driver/Src/stm32f4xx_hal_rtc_ex.c ****   }
1333:Drivers/STM32F4xx_HAL_Driver/Src/stm32f4xx_hal_rtc_ex.c **** 
1334:Drivers/STM32F4xx_HAL_Driver/Src/stm32f4xx_hal_rtc_ex.c ****   if (status == HAL_OK)
1335:Drivers/STM32F4xx_HAL_Driver/Src/stm32f4xx_hal_rtc_ex.c ****   {
1336:Drivers/STM32F4xx_HAL_Driver/Src/stm32f4xx_hal_rtc_ex.c ****     hrtc->State = HAL_RTC_STATE_READY;
1337:Drivers/STM32F4xx_HAL_Driver/Src/stm32f4xx_hal_rtc_ex.c ****   }
1338:Drivers/STM32F4xx_HAL_Driver/Src/stm32f4xx_hal_rtc_ex.c **** 
1339:Drivers/STM32F4xx_HAL_Driver/Src/stm32f4xx_hal_rtc_ex.c ****   /* Enable the write protection for RTC registers */
1340:Drivers/STM32F4xx_HAL_Driver/Src/stm32f4xx_hal_rtc_ex.c ****   __HAL_RTC_WRITEPROTECTION_ENABLE(hrtc);
 2314              		.loc 1 1340 3 is_stmt 1 view .LVU794
 2315              		.loc 1 1340 3 view .LVU795
 2316 0028 2368     		ldr	r3, [r4]
 2317 002a FF22     		movs	r2, #255
 2318 002c 5A62     		str	r2, [r3, #36]
 2319              		.loc 1 1340 3 view .LVU796
1341:Drivers/STM32F4xx_HAL_Driver/Src/stm32f4xx_hal_rtc_ex.c **** 
1342:Drivers/STM32F4xx_HAL_Driver/Src/stm32f4xx_hal_rtc_ex.c ****   /* Process Unlocked */
1343:Drivers/STM32F4xx_HAL_Driver/Src/stm32f4xx_hal_rtc_ex.c ****   __HAL_UNLOCK(hrtc);
 2320              		.loc 1 1343 3 view .LVU797
 2321              		.loc 1 1343 3 view .LVU798
 2322 002e 0023     		movs	r3, #0
 2323 0030 2377     		strb	r3, [r4, #28]
 2324              		.loc 1 1343 3 view .LVU799
1344:Drivers/STM32F4xx_HAL_Driver/Src/stm32f4xx_hal_rtc_ex.c **** 
1345:Drivers/STM32F4xx_HAL_Driver/Src/stm32f4xx_hal_rtc_ex.c ****   return status;
 2325              		.loc 1 1345 3 view .LVU800
1346:Drivers/STM32F4xx_HAL_Driver/Src/stm32f4xx_hal_rtc_ex.c **** }
 2326              		.loc 1 1346 1 is_stmt 0 view .LVU801
ARM GAS  /tmp/ccqAQKKp.s 			page 67


 2327 0032 70BD     		pop	{r4, r5, r6, pc}
 2328              	.LVL148:
 2329              	.L147:
1325:Drivers/STM32F4xx_HAL_Driver/Src/stm32f4xx_hal_rtc_ex.c **** 
 2330              		.loc 1 1325 5 is_stmt 1 view .LVU802
 2331 0034 2268     		ldr	r2, [r4]
 2332 0036 9368     		ldr	r3, [r2, #8]
 2333 0038 43F08003 		orr	r3, r3, #128
 2334 003c 9360     		str	r3, [r2, #8]
1328:Drivers/STM32F4xx_HAL_Driver/Src/stm32f4xx_hal_rtc_ex.c **** 
 2335              		.loc 1 1328 5 view .LVU803
1328:Drivers/STM32F4xx_HAL_Driver/Src/stm32f4xx_hal_rtc_ex.c **** 
 2336              		.loc 1 1328 9 is_stmt 0 view .LVU804
 2337 003e 2368     		ldr	r3, [r4]
1328:Drivers/STM32F4xx_HAL_Driver/Src/stm32f4xx_hal_rtc_ex.c **** 
 2338              		.loc 1 1328 51 view .LVU805
 2339 0040 3543     		orrs	r5, r5, r6
 2340              	.LVL149:
1328:Drivers/STM32F4xx_HAL_Driver/Src/stm32f4xx_hal_rtc_ex.c **** 
 2341              		.loc 1 1328 28 view .LVU806
 2342 0042 9D61     		str	r5, [r3, #24]
1331:Drivers/STM32F4xx_HAL_Driver/Src/stm32f4xx_hal_rtc_ex.c ****   }
 2343              		.loc 1 1331 5 is_stmt 1 view .LVU807
1331:Drivers/STM32F4xx_HAL_Driver/Src/stm32f4xx_hal_rtc_ex.c ****   }
 2344              		.loc 1 1331 14 is_stmt 0 view .LVU808
 2345 0044 2046     		mov	r0, r4
 2346              	.LVL150:
1331:Drivers/STM32F4xx_HAL_Driver/Src/stm32f4xx_hal_rtc_ex.c ****   }
 2347              		.loc 1 1331 14 view .LVU809
 2348 0046 FFF7FEFF 		bl	RTC_ExitInitMode
 2349              	.LVL151:
1334:Drivers/STM32F4xx_HAL_Driver/Src/stm32f4xx_hal_rtc_ex.c ****   {
 2350              		.loc 1 1334 3 is_stmt 1 view .LVU810
1334:Drivers/STM32F4xx_HAL_Driver/Src/stm32f4xx_hal_rtc_ex.c ****   {
 2351              		.loc 1 1334 6 is_stmt 0 view .LVU811
 2352 004a 0028     		cmp	r0, #0
 2353 004c ECD1     		bne	.L141
1336:Drivers/STM32F4xx_HAL_Driver/Src/stm32f4xx_hal_rtc_ex.c ****   }
 2354              		.loc 1 1336 5 is_stmt 1 view .LVU812
1336:Drivers/STM32F4xx_HAL_Driver/Src/stm32f4xx_hal_rtc_ex.c ****   }
 2355              		.loc 1 1336 17 is_stmt 0 view .LVU813
 2356 004e 0123     		movs	r3, #1
 2357 0050 6377     		strb	r3, [r4, #29]
 2358 0052 E9E7     		b	.L141
 2359              	.LVL152:
 2360              	.L142:
 2361              	.LCFI29:
 2362              		.cfi_def_cfa_offset 0
 2363              		.cfi_restore 4
 2364              		.cfi_restore 5
 2365              		.cfi_restore 6
 2366              		.cfi_restore 14
1312:Drivers/STM32F4xx_HAL_Driver/Src/stm32f4xx_hal_rtc_ex.c **** 
 2367              		.loc 1 1312 3 discriminator 1 view .LVU814
 2368 0054 0220     		movs	r0, #2
 2369              	.LVL153:
 2370              		.loc 1 1346 1 view .LVU815
ARM GAS  /tmp/ccqAQKKp.s 			page 68


 2371 0056 7047     		bx	lr
 2372              		.cfi_endproc
 2373              	.LFE262:
 2375              		.section	.text.HAL_RTCEx_DeactivateCoarseCalib,"ax",%progbits
 2376              		.align	1
 2377              		.global	HAL_RTCEx_DeactivateCoarseCalib
 2378              		.syntax unified
 2379              		.thumb
 2380              		.thumb_func
 2382              	HAL_RTCEx_DeactivateCoarseCalib:
 2383              	.LVL154:
 2384              	.LFB263:
1347:Drivers/STM32F4xx_HAL_Driver/Src/stm32f4xx_hal_rtc_ex.c **** 
1348:Drivers/STM32F4xx_HAL_Driver/Src/stm32f4xx_hal_rtc_ex.c **** /**
1349:Drivers/STM32F4xx_HAL_Driver/Src/stm32f4xx_hal_rtc_ex.c ****   * @brief  Deactivates the Coarse calibration parameters.
1350:Drivers/STM32F4xx_HAL_Driver/Src/stm32f4xx_hal_rtc_ex.c ****   * @param  hrtc pointer to a RTC_HandleTypeDef structure that contains
1351:Drivers/STM32F4xx_HAL_Driver/Src/stm32f4xx_hal_rtc_ex.c ****   *                the configuration information for RTC.
1352:Drivers/STM32F4xx_HAL_Driver/Src/stm32f4xx_hal_rtc_ex.c ****   * @retval HAL status
1353:Drivers/STM32F4xx_HAL_Driver/Src/stm32f4xx_hal_rtc_ex.c ****   */
1354:Drivers/STM32F4xx_HAL_Driver/Src/stm32f4xx_hal_rtc_ex.c **** HAL_StatusTypeDef HAL_RTCEx_DeactivateCoarseCalib(RTC_HandleTypeDef *hrtc)
1355:Drivers/STM32F4xx_HAL_Driver/Src/stm32f4xx_hal_rtc_ex.c **** {
 2385              		.loc 1 1355 1 is_stmt 1 view -0
 2386              		.cfi_startproc
 2387              		@ args = 0, pretend = 0, frame = 0
 2388              		@ frame_needed = 0, uses_anonymous_args = 0
1356:Drivers/STM32F4xx_HAL_Driver/Src/stm32f4xx_hal_rtc_ex.c ****   HAL_StatusTypeDef status;
 2389              		.loc 1 1356 3 view .LVU817
1357:Drivers/STM32F4xx_HAL_Driver/Src/stm32f4xx_hal_rtc_ex.c **** 
1358:Drivers/STM32F4xx_HAL_Driver/Src/stm32f4xx_hal_rtc_ex.c ****   /* Process Locked */
1359:Drivers/STM32F4xx_HAL_Driver/Src/stm32f4xx_hal_rtc_ex.c ****   __HAL_LOCK(hrtc);
 2390              		.loc 1 1359 3 view .LVU818
 2391              		.loc 1 1359 3 view .LVU819
 2392 0000 037F     		ldrb	r3, [r0, #28]	@ zero_extendqisi2
 2393 0002 012B     		cmp	r3, #1
 2394 0004 21D0     		beq	.L151
1355:Drivers/STM32F4xx_HAL_Driver/Src/stm32f4xx_hal_rtc_ex.c ****   HAL_StatusTypeDef status;
 2395              		.loc 1 1355 1 is_stmt 0 view .LVU820
 2396 0006 10B5     		push	{r4, lr}
 2397              	.LCFI30:
 2398              		.cfi_def_cfa_offset 8
 2399              		.cfi_offset 4, -8
 2400              		.cfi_offset 14, -4
 2401 0008 0446     		mov	r4, r0
 2402              		.loc 1 1359 3 is_stmt 1 discriminator 2 view .LVU821
 2403 000a 0123     		movs	r3, #1
 2404 000c 0377     		strb	r3, [r0, #28]
 2405              		.loc 1 1359 3 view .LVU822
1360:Drivers/STM32F4xx_HAL_Driver/Src/stm32f4xx_hal_rtc_ex.c **** 
1361:Drivers/STM32F4xx_HAL_Driver/Src/stm32f4xx_hal_rtc_ex.c ****   hrtc->State = HAL_RTC_STATE_BUSY;
 2406              		.loc 1 1361 3 view .LVU823
 2407              		.loc 1 1361 15 is_stmt 0 view .LVU824
 2408 000e 0223     		movs	r3, #2
 2409 0010 4377     		strb	r3, [r0, #29]
1362:Drivers/STM32F4xx_HAL_Driver/Src/stm32f4xx_hal_rtc_ex.c **** 
1363:Drivers/STM32F4xx_HAL_Driver/Src/stm32f4xx_hal_rtc_ex.c ****   /* Disable the write protection for RTC registers */
1364:Drivers/STM32F4xx_HAL_Driver/Src/stm32f4xx_hal_rtc_ex.c ****   __HAL_RTC_WRITEPROTECTION_DISABLE(hrtc);
 2410              		.loc 1 1364 3 is_stmt 1 view .LVU825
ARM GAS  /tmp/ccqAQKKp.s 			page 69


 2411              		.loc 1 1364 3 view .LVU826
 2412 0012 0368     		ldr	r3, [r0]
 2413 0014 CA22     		movs	r2, #202
 2414 0016 5A62     		str	r2, [r3, #36]
 2415              		.loc 1 1364 3 view .LVU827
 2416 0018 0368     		ldr	r3, [r0]
 2417 001a 5322     		movs	r2, #83
 2418 001c 5A62     		str	r2, [r3, #36]
 2419              		.loc 1 1364 3 view .LVU828
1365:Drivers/STM32F4xx_HAL_Driver/Src/stm32f4xx_hal_rtc_ex.c **** 
1366:Drivers/STM32F4xx_HAL_Driver/Src/stm32f4xx_hal_rtc_ex.c ****   /* Enter Initialization mode */
1367:Drivers/STM32F4xx_HAL_Driver/Src/stm32f4xx_hal_rtc_ex.c ****   status = RTC_EnterInitMode(hrtc);
 2420              		.loc 1 1367 3 view .LVU829
 2421              		.loc 1 1367 12 is_stmt 0 view .LVU830
 2422 001e FFF7FEFF 		bl	RTC_EnterInitMode
 2423              	.LVL155:
1368:Drivers/STM32F4xx_HAL_Driver/Src/stm32f4xx_hal_rtc_ex.c **** 
1369:Drivers/STM32F4xx_HAL_Driver/Src/stm32f4xx_hal_rtc_ex.c ****   if (status == HAL_OK)
 2424              		.loc 1 1369 3 is_stmt 1 view .LVU831
 2425              		.loc 1 1369 6 is_stmt 0 view .LVU832
 2426 0022 28B1     		cbz	r0, .L156
 2427              	.L150:
 2428              	.LVL156:
1370:Drivers/STM32F4xx_HAL_Driver/Src/stm32f4xx_hal_rtc_ex.c ****   {
1371:Drivers/STM32F4xx_HAL_Driver/Src/stm32f4xx_hal_rtc_ex.c ****     /* Disable the Coarse Calibration */
1372:Drivers/STM32F4xx_HAL_Driver/Src/stm32f4xx_hal_rtc_ex.c ****     __HAL_RTC_COARSE_CALIB_DISABLE(hrtc);
1373:Drivers/STM32F4xx_HAL_Driver/Src/stm32f4xx_hal_rtc_ex.c **** 
1374:Drivers/STM32F4xx_HAL_Driver/Src/stm32f4xx_hal_rtc_ex.c ****     /* Exit Initialization mode */
1375:Drivers/STM32F4xx_HAL_Driver/Src/stm32f4xx_hal_rtc_ex.c ****     status = RTC_ExitInitMode(hrtc);
1376:Drivers/STM32F4xx_HAL_Driver/Src/stm32f4xx_hal_rtc_ex.c ****   }
1377:Drivers/STM32F4xx_HAL_Driver/Src/stm32f4xx_hal_rtc_ex.c **** 
1378:Drivers/STM32F4xx_HAL_Driver/Src/stm32f4xx_hal_rtc_ex.c ****   if (status == HAL_OK)
1379:Drivers/STM32F4xx_HAL_Driver/Src/stm32f4xx_hal_rtc_ex.c ****   {
1380:Drivers/STM32F4xx_HAL_Driver/Src/stm32f4xx_hal_rtc_ex.c ****     hrtc->State = HAL_RTC_STATE_READY;
1381:Drivers/STM32F4xx_HAL_Driver/Src/stm32f4xx_hal_rtc_ex.c ****   }
1382:Drivers/STM32F4xx_HAL_Driver/Src/stm32f4xx_hal_rtc_ex.c **** 
1383:Drivers/STM32F4xx_HAL_Driver/Src/stm32f4xx_hal_rtc_ex.c ****   /* Enable the write protection for RTC registers */
1384:Drivers/STM32F4xx_HAL_Driver/Src/stm32f4xx_hal_rtc_ex.c ****   __HAL_RTC_WRITEPROTECTION_ENABLE(hrtc);
 2429              		.loc 1 1384 3 is_stmt 1 view .LVU833
 2430              		.loc 1 1384 3 view .LVU834
 2431 0024 2368     		ldr	r3, [r4]
 2432 0026 FF22     		movs	r2, #255
 2433 0028 5A62     		str	r2, [r3, #36]
 2434              		.loc 1 1384 3 view .LVU835
1385:Drivers/STM32F4xx_HAL_Driver/Src/stm32f4xx_hal_rtc_ex.c **** 
1386:Drivers/STM32F4xx_HAL_Driver/Src/stm32f4xx_hal_rtc_ex.c ****   /* Process Unlocked */
1387:Drivers/STM32F4xx_HAL_Driver/Src/stm32f4xx_hal_rtc_ex.c ****   __HAL_UNLOCK(hrtc);
 2435              		.loc 1 1387 3 view .LVU836
 2436              		.loc 1 1387 3 view .LVU837
 2437 002a 0023     		movs	r3, #0
 2438 002c 2377     		strb	r3, [r4, #28]
 2439              		.loc 1 1387 3 view .LVU838
1388:Drivers/STM32F4xx_HAL_Driver/Src/stm32f4xx_hal_rtc_ex.c **** 
1389:Drivers/STM32F4xx_HAL_Driver/Src/stm32f4xx_hal_rtc_ex.c ****   return status;
 2440              		.loc 1 1389 3 view .LVU839
1390:Drivers/STM32F4xx_HAL_Driver/Src/stm32f4xx_hal_rtc_ex.c **** }
 2441              		.loc 1 1390 1 is_stmt 0 view .LVU840
ARM GAS  /tmp/ccqAQKKp.s 			page 70


 2442 002e 10BD     		pop	{r4, pc}
 2443              	.LVL157:
 2444              	.L156:
1372:Drivers/STM32F4xx_HAL_Driver/Src/stm32f4xx_hal_rtc_ex.c **** 
 2445              		.loc 1 1372 5 is_stmt 1 view .LVU841
 2446 0030 2268     		ldr	r2, [r4]
 2447 0032 9368     		ldr	r3, [r2, #8]
 2448 0034 23F08003 		bic	r3, r3, #128
 2449 0038 9360     		str	r3, [r2, #8]
1375:Drivers/STM32F4xx_HAL_Driver/Src/stm32f4xx_hal_rtc_ex.c ****   }
 2450              		.loc 1 1375 5 view .LVU842
1375:Drivers/STM32F4xx_HAL_Driver/Src/stm32f4xx_hal_rtc_ex.c ****   }
 2451              		.loc 1 1375 14 is_stmt 0 view .LVU843
 2452 003a 2046     		mov	r0, r4
 2453              	.LVL158:
1375:Drivers/STM32F4xx_HAL_Driver/Src/stm32f4xx_hal_rtc_ex.c ****   }
 2454              		.loc 1 1375 14 view .LVU844
 2455 003c FFF7FEFF 		bl	RTC_ExitInitMode
 2456              	.LVL159:
1378:Drivers/STM32F4xx_HAL_Driver/Src/stm32f4xx_hal_rtc_ex.c ****   {
 2457              		.loc 1 1378 3 is_stmt 1 view .LVU845
1378:Drivers/STM32F4xx_HAL_Driver/Src/stm32f4xx_hal_rtc_ex.c ****   {
 2458              		.loc 1 1378 6 is_stmt 0 view .LVU846
 2459 0040 0028     		cmp	r0, #0
 2460 0042 EFD1     		bne	.L150
1380:Drivers/STM32F4xx_HAL_Driver/Src/stm32f4xx_hal_rtc_ex.c ****   }
 2461              		.loc 1 1380 5 is_stmt 1 view .LVU847
1380:Drivers/STM32F4xx_HAL_Driver/Src/stm32f4xx_hal_rtc_ex.c ****   }
 2462              		.loc 1 1380 17 is_stmt 0 view .LVU848
 2463 0044 0123     		movs	r3, #1
 2464 0046 6377     		strb	r3, [r4, #29]
 2465 0048 ECE7     		b	.L150
 2466              	.LVL160:
 2467              	.L151:
 2468              	.LCFI31:
 2469              		.cfi_def_cfa_offset 0
 2470              		.cfi_restore 4
 2471              		.cfi_restore 14
1359:Drivers/STM32F4xx_HAL_Driver/Src/stm32f4xx_hal_rtc_ex.c **** 
 2472              		.loc 1 1359 3 discriminator 1 view .LVU849
 2473 004a 0220     		movs	r0, #2
 2474              	.LVL161:
 2475              		.loc 1 1390 1 view .LVU850
 2476 004c 7047     		bx	lr
 2477              		.cfi_endproc
 2478              	.LFE263:
 2480              		.section	.text.HAL_RTCEx_SetSmoothCalib,"ax",%progbits
 2481              		.align	1
 2482              		.global	HAL_RTCEx_SetSmoothCalib
 2483              		.syntax unified
 2484              		.thumb
 2485              		.thumb_func
 2487              	HAL_RTCEx_SetSmoothCalib:
 2488              	.LVL162:
 2489              	.LFB264:
1391:Drivers/STM32F4xx_HAL_Driver/Src/stm32f4xx_hal_rtc_ex.c **** 
1392:Drivers/STM32F4xx_HAL_Driver/Src/stm32f4xx_hal_rtc_ex.c **** /**
ARM GAS  /tmp/ccqAQKKp.s 			page 71


1393:Drivers/STM32F4xx_HAL_Driver/Src/stm32f4xx_hal_rtc_ex.c ****   * @brief  Sets the Smooth calibration parameters.
1394:Drivers/STM32F4xx_HAL_Driver/Src/stm32f4xx_hal_rtc_ex.c ****   * @param  hrtc pointer to a RTC_HandleTypeDef structure that contains
1395:Drivers/STM32F4xx_HAL_Driver/Src/stm32f4xx_hal_rtc_ex.c ****   *                the configuration information for RTC.
1396:Drivers/STM32F4xx_HAL_Driver/Src/stm32f4xx_hal_rtc_ex.c ****   * @param  SmoothCalibPeriod Select the Smooth Calibration Period.
1397:Drivers/STM32F4xx_HAL_Driver/Src/stm32f4xx_hal_rtc_ex.c ****   *          This parameter can be can be one of the following values:
1398:Drivers/STM32F4xx_HAL_Driver/Src/stm32f4xx_hal_rtc_ex.c ****   *             @arg RTC_SMOOTHCALIB_PERIOD_32SEC: The smooth calibration period is 32s.
1399:Drivers/STM32F4xx_HAL_Driver/Src/stm32f4xx_hal_rtc_ex.c ****   *             @arg RTC_SMOOTHCALIB_PERIOD_16SEC: The smooth calibration period is 16s.
1400:Drivers/STM32F4xx_HAL_Driver/Src/stm32f4xx_hal_rtc_ex.c ****   *             @arg RTC_SMOOTHCALIB_PERIOD_8SEC: The smooth calibration period is 8s.
1401:Drivers/STM32F4xx_HAL_Driver/Src/stm32f4xx_hal_rtc_ex.c ****   * @param  SmoothCalibPlusPulses Select to Set or reset the CALP bit.
1402:Drivers/STM32F4xx_HAL_Driver/Src/stm32f4xx_hal_rtc_ex.c ****   *          This parameter can be one of the following values:
1403:Drivers/STM32F4xx_HAL_Driver/Src/stm32f4xx_hal_rtc_ex.c ****   *             @arg RTC_SMOOTHCALIB_PLUSPULSES_SET: Add one RTCCLK pulse every 2*11 pulses.
1404:Drivers/STM32F4xx_HAL_Driver/Src/stm32f4xx_hal_rtc_ex.c ****   *             @arg RTC_SMOOTHCALIB_PLUSPULSES_RESET: No RTCCLK pulses are added.
1405:Drivers/STM32F4xx_HAL_Driver/Src/stm32f4xx_hal_rtc_ex.c ****   * @param  SmoothCalibMinusPulsesValue Select the value of CALM[8:0] bits.
1406:Drivers/STM32F4xx_HAL_Driver/Src/stm32f4xx_hal_rtc_ex.c ****   *          This parameter can be one any value from 0 to 0x000001FF.
1407:Drivers/STM32F4xx_HAL_Driver/Src/stm32f4xx_hal_rtc_ex.c ****   * @note   To deactivate the smooth calibration, the field SmoothCalibPlusPulses
1408:Drivers/STM32F4xx_HAL_Driver/Src/stm32f4xx_hal_rtc_ex.c ****   *         must be equal to SMOOTHCALIB_PLUSPULSES_RESET and the field
1409:Drivers/STM32F4xx_HAL_Driver/Src/stm32f4xx_hal_rtc_ex.c ****   *         SmoothCalibMinusPulsesValue must be equal to 0.
1410:Drivers/STM32F4xx_HAL_Driver/Src/stm32f4xx_hal_rtc_ex.c ****   * @retval HAL status
1411:Drivers/STM32F4xx_HAL_Driver/Src/stm32f4xx_hal_rtc_ex.c ****   */
1412:Drivers/STM32F4xx_HAL_Driver/Src/stm32f4xx_hal_rtc_ex.c **** HAL_StatusTypeDef HAL_RTCEx_SetSmoothCalib(RTC_HandleTypeDef *hrtc, uint32_t SmoothCalibPeriod, uin
1413:Drivers/STM32F4xx_HAL_Driver/Src/stm32f4xx_hal_rtc_ex.c **** {
 2490              		.loc 1 1413 1 is_stmt 1 view -0
 2491              		.cfi_startproc
 2492              		@ args = 0, pretend = 0, frame = 0
 2493              		@ frame_needed = 0, uses_anonymous_args = 0
 2494              		.loc 1 1413 1 is_stmt 0 view .LVU852
 2495 0000 2DE9F041 		push	{r4, r5, r6, r7, r8, lr}
 2496              	.LCFI32:
 2497              		.cfi_def_cfa_offset 24
 2498              		.cfi_offset 4, -24
 2499              		.cfi_offset 5, -20
 2500              		.cfi_offset 6, -16
 2501              		.cfi_offset 7, -12
 2502              		.cfi_offset 8, -8
 2503              		.cfi_offset 14, -4
 2504 0004 1E46     		mov	r6, r3
1414:Drivers/STM32F4xx_HAL_Driver/Src/stm32f4xx_hal_rtc_ex.c ****   uint32_t tickstart = 0U;
 2505              		.loc 1 1414 3 is_stmt 1 view .LVU853
 2506              	.LVL163:
1415:Drivers/STM32F4xx_HAL_Driver/Src/stm32f4xx_hal_rtc_ex.c **** 
1416:Drivers/STM32F4xx_HAL_Driver/Src/stm32f4xx_hal_rtc_ex.c ****   /* Check the parameters */
1417:Drivers/STM32F4xx_HAL_Driver/Src/stm32f4xx_hal_rtc_ex.c ****   assert_param(IS_RTC_SMOOTH_CALIB_PERIOD(SmoothCalibPeriod));
 2507              		.loc 1 1417 3 view .LVU854
1418:Drivers/STM32F4xx_HAL_Driver/Src/stm32f4xx_hal_rtc_ex.c ****   assert_param(IS_RTC_SMOOTH_CALIB_PLUS(SmoothCalibPlusPulses));
 2508              		.loc 1 1418 3 view .LVU855
1419:Drivers/STM32F4xx_HAL_Driver/Src/stm32f4xx_hal_rtc_ex.c ****   assert_param(IS_RTC_SMOOTH_CALIB_MINUS(SmoothCalibMinusPulsesValue));
 2509              		.loc 1 1419 3 view .LVU856
1420:Drivers/STM32F4xx_HAL_Driver/Src/stm32f4xx_hal_rtc_ex.c **** 
1421:Drivers/STM32F4xx_HAL_Driver/Src/stm32f4xx_hal_rtc_ex.c ****   /* Process Locked */
1422:Drivers/STM32F4xx_HAL_Driver/Src/stm32f4xx_hal_rtc_ex.c ****   __HAL_LOCK(hrtc);
 2510              		.loc 1 1422 3 view .LVU857
 2511              		.loc 1 1422 3 view .LVU858
 2512 0006 037F     		ldrb	r3, [r0, #28]	@ zero_extendqisi2
 2513              	.LVL164:
 2514              		.loc 1 1422 3 is_stmt 0 view .LVU859
 2515 0008 012B     		cmp	r3, #1
 2516 000a 35D0     		beq	.L162
ARM GAS  /tmp/ccqAQKKp.s 			page 72


 2517 000c 0446     		mov	r4, r0
 2518 000e 0D46     		mov	r5, r1
 2519 0010 1746     		mov	r7, r2
 2520              		.loc 1 1422 3 is_stmt 1 discriminator 2 view .LVU860
 2521 0012 0123     		movs	r3, #1
 2522 0014 0377     		strb	r3, [r0, #28]
 2523              		.loc 1 1422 3 view .LVU861
1423:Drivers/STM32F4xx_HAL_Driver/Src/stm32f4xx_hal_rtc_ex.c **** 
1424:Drivers/STM32F4xx_HAL_Driver/Src/stm32f4xx_hal_rtc_ex.c ****   hrtc->State = HAL_RTC_STATE_BUSY;
 2524              		.loc 1 1424 3 view .LVU862
 2525              		.loc 1 1424 15 is_stmt 0 view .LVU863
 2526 0016 0223     		movs	r3, #2
 2527 0018 4377     		strb	r3, [r0, #29]
1425:Drivers/STM32F4xx_HAL_Driver/Src/stm32f4xx_hal_rtc_ex.c **** 
1426:Drivers/STM32F4xx_HAL_Driver/Src/stm32f4xx_hal_rtc_ex.c ****   /* Disable the write protection for RTC registers */
1427:Drivers/STM32F4xx_HAL_Driver/Src/stm32f4xx_hal_rtc_ex.c ****   __HAL_RTC_WRITEPROTECTION_DISABLE(hrtc);
 2528              		.loc 1 1427 3 is_stmt 1 view .LVU864
 2529              		.loc 1 1427 3 view .LVU865
 2530 001a 0368     		ldr	r3, [r0]
 2531 001c CA22     		movs	r2, #202
 2532              	.LVL165:
 2533              		.loc 1 1427 3 is_stmt 0 view .LVU866
 2534 001e 5A62     		str	r2, [r3, #36]
 2535              		.loc 1 1427 3 is_stmt 1 view .LVU867
 2536 0020 0368     		ldr	r3, [r0]
 2537 0022 5322     		movs	r2, #83
 2538 0024 5A62     		str	r2, [r3, #36]
 2539              		.loc 1 1427 3 view .LVU868
1428:Drivers/STM32F4xx_HAL_Driver/Src/stm32f4xx_hal_rtc_ex.c **** 
1429:Drivers/STM32F4xx_HAL_Driver/Src/stm32f4xx_hal_rtc_ex.c ****   /* check if a calibration is pending*/
1430:Drivers/STM32F4xx_HAL_Driver/Src/stm32f4xx_hal_rtc_ex.c ****   if ((hrtc->Instance->ISR & RTC_ISR_RECALPF) != 0U)
 2540              		.loc 1 1430 3 view .LVU869
 2541              		.loc 1 1430 12 is_stmt 0 view .LVU870
 2542 0026 0368     		ldr	r3, [r0]
 2543              		.loc 1 1430 22 view .LVU871
 2544 0028 DB68     		ldr	r3, [r3, #12]
 2545              		.loc 1 1430 6 view .LVU872
 2546 002a 13F4803F 		tst	r3, #65536
 2547 002e 0CD1     		bne	.L164
 2548              	.LVL166:
 2549              	.L159:
1431:Drivers/STM32F4xx_HAL_Driver/Src/stm32f4xx_hal_rtc_ex.c ****   {
1432:Drivers/STM32F4xx_HAL_Driver/Src/stm32f4xx_hal_rtc_ex.c ****     /* Get tick */
1433:Drivers/STM32F4xx_HAL_Driver/Src/stm32f4xx_hal_rtc_ex.c ****     tickstart = HAL_GetTick();
1434:Drivers/STM32F4xx_HAL_Driver/Src/stm32f4xx_hal_rtc_ex.c **** 
1435:Drivers/STM32F4xx_HAL_Driver/Src/stm32f4xx_hal_rtc_ex.c ****     /* check if a calibration is pending*/
1436:Drivers/STM32F4xx_HAL_Driver/Src/stm32f4xx_hal_rtc_ex.c ****     while ((hrtc->Instance->ISR & RTC_ISR_RECALPF) != 0U)
1437:Drivers/STM32F4xx_HAL_Driver/Src/stm32f4xx_hal_rtc_ex.c ****     {
1438:Drivers/STM32F4xx_HAL_Driver/Src/stm32f4xx_hal_rtc_ex.c ****       if ((HAL_GetTick() - tickstart) > RTC_TIMEOUT_VALUE)
1439:Drivers/STM32F4xx_HAL_Driver/Src/stm32f4xx_hal_rtc_ex.c ****       {
1440:Drivers/STM32F4xx_HAL_Driver/Src/stm32f4xx_hal_rtc_ex.c ****         /* Enable the write protection for RTC registers */
1441:Drivers/STM32F4xx_HAL_Driver/Src/stm32f4xx_hal_rtc_ex.c ****         __HAL_RTC_WRITEPROTECTION_ENABLE(hrtc);
1442:Drivers/STM32F4xx_HAL_Driver/Src/stm32f4xx_hal_rtc_ex.c **** 
1443:Drivers/STM32F4xx_HAL_Driver/Src/stm32f4xx_hal_rtc_ex.c ****         /* Change RTC state */
1444:Drivers/STM32F4xx_HAL_Driver/Src/stm32f4xx_hal_rtc_ex.c ****         hrtc->State = HAL_RTC_STATE_TIMEOUT;
1445:Drivers/STM32F4xx_HAL_Driver/Src/stm32f4xx_hal_rtc_ex.c **** 
1446:Drivers/STM32F4xx_HAL_Driver/Src/stm32f4xx_hal_rtc_ex.c ****         /* Process Unlocked */
ARM GAS  /tmp/ccqAQKKp.s 			page 73


1447:Drivers/STM32F4xx_HAL_Driver/Src/stm32f4xx_hal_rtc_ex.c ****         __HAL_UNLOCK(hrtc);
1448:Drivers/STM32F4xx_HAL_Driver/Src/stm32f4xx_hal_rtc_ex.c **** 
1449:Drivers/STM32F4xx_HAL_Driver/Src/stm32f4xx_hal_rtc_ex.c ****         return HAL_TIMEOUT;
1450:Drivers/STM32F4xx_HAL_Driver/Src/stm32f4xx_hal_rtc_ex.c ****       }
1451:Drivers/STM32F4xx_HAL_Driver/Src/stm32f4xx_hal_rtc_ex.c ****     }
1452:Drivers/STM32F4xx_HAL_Driver/Src/stm32f4xx_hal_rtc_ex.c ****   }
1453:Drivers/STM32F4xx_HAL_Driver/Src/stm32f4xx_hal_rtc_ex.c **** 
1454:Drivers/STM32F4xx_HAL_Driver/Src/stm32f4xx_hal_rtc_ex.c ****   /* Configure the Smooth calibration settings */
1455:Drivers/STM32F4xx_HAL_Driver/Src/stm32f4xx_hal_rtc_ex.c ****   hrtc->Instance->CALR = (uint32_t)((uint32_t)SmoothCalibPeriod     | \
 2550              		.loc 1 1455 3 is_stmt 1 view .LVU873
 2551              		.loc 1 1455 69 is_stmt 0 view .LVU874
 2552 0030 3D43     		orrs	r5, r5, r7
 2553              	.LVL167:
 2554              		.loc 1 1455 7 view .LVU875
 2555 0032 2368     		ldr	r3, [r4]
 2556              		.loc 1 1455 26 view .LVU876
 2557 0034 3543     		orrs	r5, r5, r6
 2558              		.loc 1 1455 24 view .LVU877
 2559 0036 DD63     		str	r5, [r3, #60]
1456:Drivers/STM32F4xx_HAL_Driver/Src/stm32f4xx_hal_rtc_ex.c ****                                     (uint32_t)SmoothCalibPlusPulses | \
1457:Drivers/STM32F4xx_HAL_Driver/Src/stm32f4xx_hal_rtc_ex.c ****                                     (uint32_t)SmoothCalibMinusPulsesValue);
1458:Drivers/STM32F4xx_HAL_Driver/Src/stm32f4xx_hal_rtc_ex.c **** 
1459:Drivers/STM32F4xx_HAL_Driver/Src/stm32f4xx_hal_rtc_ex.c ****   /* Enable the write protection for RTC registers */
1460:Drivers/STM32F4xx_HAL_Driver/Src/stm32f4xx_hal_rtc_ex.c ****   __HAL_RTC_WRITEPROTECTION_ENABLE(hrtc);
 2560              		.loc 1 1460 3 is_stmt 1 view .LVU878
 2561              		.loc 1 1460 3 view .LVU879
 2562 0038 2368     		ldr	r3, [r4]
 2563 003a FF22     		movs	r2, #255
 2564 003c 5A62     		str	r2, [r3, #36]
 2565              		.loc 1 1460 3 view .LVU880
1461:Drivers/STM32F4xx_HAL_Driver/Src/stm32f4xx_hal_rtc_ex.c **** 
1462:Drivers/STM32F4xx_HAL_Driver/Src/stm32f4xx_hal_rtc_ex.c ****   /* Change RTC state */
1463:Drivers/STM32F4xx_HAL_Driver/Src/stm32f4xx_hal_rtc_ex.c ****   hrtc->State = HAL_RTC_STATE_READY;
 2566              		.loc 1 1463 3 view .LVU881
 2567              		.loc 1 1463 15 is_stmt 0 view .LVU882
 2568 003e 0123     		movs	r3, #1
 2569 0040 6377     		strb	r3, [r4, #29]
1464:Drivers/STM32F4xx_HAL_Driver/Src/stm32f4xx_hal_rtc_ex.c **** 
1465:Drivers/STM32F4xx_HAL_Driver/Src/stm32f4xx_hal_rtc_ex.c ****   /* Process Unlocked */
1466:Drivers/STM32F4xx_HAL_Driver/Src/stm32f4xx_hal_rtc_ex.c ****   __HAL_UNLOCK(hrtc);
 2570              		.loc 1 1466 3 is_stmt 1 view .LVU883
 2571              		.loc 1 1466 3 view .LVU884
 2572 0042 0020     		movs	r0, #0
 2573 0044 2077     		strb	r0, [r4, #28]
 2574              		.loc 1 1466 3 view .LVU885
1467:Drivers/STM32F4xx_HAL_Driver/Src/stm32f4xx_hal_rtc_ex.c **** 
1468:Drivers/STM32F4xx_HAL_Driver/Src/stm32f4xx_hal_rtc_ex.c ****   return HAL_OK;
 2575              		.loc 1 1468 3 view .LVU886
 2576              	.LVL168:
 2577              	.L158:
1469:Drivers/STM32F4xx_HAL_Driver/Src/stm32f4xx_hal_rtc_ex.c **** }
 2578              		.loc 1 1469 1 is_stmt 0 view .LVU887
 2579 0046 BDE8F081 		pop	{r4, r5, r6, r7, r8, pc}
 2580              	.LVL169:
 2581              	.L164:
1433:Drivers/STM32F4xx_HAL_Driver/Src/stm32f4xx_hal_rtc_ex.c **** 
 2582              		.loc 1 1433 5 is_stmt 1 view .LVU888
ARM GAS  /tmp/ccqAQKKp.s 			page 74


1433:Drivers/STM32F4xx_HAL_Driver/Src/stm32f4xx_hal_rtc_ex.c **** 
 2583              		.loc 1 1433 17 is_stmt 0 view .LVU889
 2584 004a FFF7FEFF 		bl	HAL_GetTick
 2585              	.LVL170:
1433:Drivers/STM32F4xx_HAL_Driver/Src/stm32f4xx_hal_rtc_ex.c **** 
 2586              		.loc 1 1433 17 view .LVU890
 2587 004e 8046     		mov	r8, r0
 2588              	.LVL171:
1436:Drivers/STM32F4xx_HAL_Driver/Src/stm32f4xx_hal_rtc_ex.c ****     {
 2589              		.loc 1 1436 5 is_stmt 1 view .LVU891
 2590              	.L160:
1436:Drivers/STM32F4xx_HAL_Driver/Src/stm32f4xx_hal_rtc_ex.c ****     {
 2591              		.loc 1 1436 52 view .LVU892
1436:Drivers/STM32F4xx_HAL_Driver/Src/stm32f4xx_hal_rtc_ex.c ****     {
 2592              		.loc 1 1436 17 is_stmt 0 view .LVU893
 2593 0050 2368     		ldr	r3, [r4]
1436:Drivers/STM32F4xx_HAL_Driver/Src/stm32f4xx_hal_rtc_ex.c ****     {
 2594              		.loc 1 1436 27 view .LVU894
 2595 0052 D968     		ldr	r1, [r3, #12]
1436:Drivers/STM32F4xx_HAL_Driver/Src/stm32f4xx_hal_rtc_ex.c ****     {
 2596              		.loc 1 1436 52 view .LVU895
 2597 0054 11F4803F 		tst	r1, #65536
 2598 0058 EAD0     		beq	.L159
1438:Drivers/STM32F4xx_HAL_Driver/Src/stm32f4xx_hal_rtc_ex.c ****       {
 2599              		.loc 1 1438 7 is_stmt 1 view .LVU896
1438:Drivers/STM32F4xx_HAL_Driver/Src/stm32f4xx_hal_rtc_ex.c ****       {
 2600              		.loc 1 1438 12 is_stmt 0 view .LVU897
 2601 005a FFF7FEFF 		bl	HAL_GetTick
 2602              	.LVL172:
1438:Drivers/STM32F4xx_HAL_Driver/Src/stm32f4xx_hal_rtc_ex.c ****       {
 2603              		.loc 1 1438 26 discriminator 1 view .LVU898
 2604 005e A0EB0800 		sub	r0, r0, r8
1438:Drivers/STM32F4xx_HAL_Driver/Src/stm32f4xx_hal_rtc_ex.c ****       {
 2605              		.loc 1 1438 10 discriminator 1 view .LVU899
 2606 0062 B0F57A7F 		cmp	r0, #1000
 2607 0066 F3D9     		bls	.L160
1441:Drivers/STM32F4xx_HAL_Driver/Src/stm32f4xx_hal_rtc_ex.c **** 
 2608              		.loc 1 1441 9 is_stmt 1 view .LVU900
1441:Drivers/STM32F4xx_HAL_Driver/Src/stm32f4xx_hal_rtc_ex.c **** 
 2609              		.loc 1 1441 9 view .LVU901
 2610 0068 2368     		ldr	r3, [r4]
 2611 006a FF22     		movs	r2, #255
 2612 006c 5A62     		str	r2, [r3, #36]
1441:Drivers/STM32F4xx_HAL_Driver/Src/stm32f4xx_hal_rtc_ex.c **** 
 2613              		.loc 1 1441 9 view .LVU902
1444:Drivers/STM32F4xx_HAL_Driver/Src/stm32f4xx_hal_rtc_ex.c **** 
 2614              		.loc 1 1444 9 view .LVU903
1444:Drivers/STM32F4xx_HAL_Driver/Src/stm32f4xx_hal_rtc_ex.c **** 
 2615              		.loc 1 1444 21 is_stmt 0 view .LVU904
 2616 006e 0320     		movs	r0, #3
 2617 0070 6077     		strb	r0, [r4, #29]
1447:Drivers/STM32F4xx_HAL_Driver/Src/stm32f4xx_hal_rtc_ex.c **** 
 2618              		.loc 1 1447 9 is_stmt 1 view .LVU905
1447:Drivers/STM32F4xx_HAL_Driver/Src/stm32f4xx_hal_rtc_ex.c **** 
 2619              		.loc 1 1447 9 view .LVU906
 2620 0072 0023     		movs	r3, #0
 2621 0074 2377     		strb	r3, [r4, #28]
ARM GAS  /tmp/ccqAQKKp.s 			page 75


1447:Drivers/STM32F4xx_HAL_Driver/Src/stm32f4xx_hal_rtc_ex.c **** 
 2622              		.loc 1 1447 9 view .LVU907
1449:Drivers/STM32F4xx_HAL_Driver/Src/stm32f4xx_hal_rtc_ex.c ****       }
 2623              		.loc 1 1449 9 view .LVU908
1449:Drivers/STM32F4xx_HAL_Driver/Src/stm32f4xx_hal_rtc_ex.c ****       }
 2624              		.loc 1 1449 16 is_stmt 0 view .LVU909
 2625 0076 E6E7     		b	.L158
 2626              	.LVL173:
 2627              	.L162:
1422:Drivers/STM32F4xx_HAL_Driver/Src/stm32f4xx_hal_rtc_ex.c **** 
 2628              		.loc 1 1422 3 discriminator 1 view .LVU910
 2629 0078 0220     		movs	r0, #2
 2630              	.LVL174:
1422:Drivers/STM32F4xx_HAL_Driver/Src/stm32f4xx_hal_rtc_ex.c **** 
 2631              		.loc 1 1422 3 discriminator 1 view .LVU911
 2632 007a E4E7     		b	.L158
 2633              		.cfi_endproc
 2634              	.LFE264:
 2636              		.section	.text.HAL_RTCEx_SetSynchroShift,"ax",%progbits
 2637              		.align	1
 2638              		.global	HAL_RTCEx_SetSynchroShift
 2639              		.syntax unified
 2640              		.thumb
 2641              		.thumb_func
 2643              	HAL_RTCEx_SetSynchroShift:
 2644              	.LVL175:
 2645              	.LFB265:
1470:Drivers/STM32F4xx_HAL_Driver/Src/stm32f4xx_hal_rtc_ex.c **** 
1471:Drivers/STM32F4xx_HAL_Driver/Src/stm32f4xx_hal_rtc_ex.c **** /**
1472:Drivers/STM32F4xx_HAL_Driver/Src/stm32f4xx_hal_rtc_ex.c ****   * @brief  Configures the Synchronization Shift Control Settings.
1473:Drivers/STM32F4xx_HAL_Driver/Src/stm32f4xx_hal_rtc_ex.c ****   * @note   When REFCKON is set, firmware must not write to Shift control register.
1474:Drivers/STM32F4xx_HAL_Driver/Src/stm32f4xx_hal_rtc_ex.c ****   * @param  hrtc pointer to a RTC_HandleTypeDef structure that contains
1475:Drivers/STM32F4xx_HAL_Driver/Src/stm32f4xx_hal_rtc_ex.c ****   *                the configuration information for RTC.
1476:Drivers/STM32F4xx_HAL_Driver/Src/stm32f4xx_hal_rtc_ex.c ****   * @param  ShiftAdd1S Select to add or not 1 second to the time calendar.
1477:Drivers/STM32F4xx_HAL_Driver/Src/stm32f4xx_hal_rtc_ex.c ****   *          This parameter can be one of the following values:
1478:Drivers/STM32F4xx_HAL_Driver/Src/stm32f4xx_hal_rtc_ex.c ****   *             @arg RTC_SHIFTADD1S_SET: Add one second to the clock calendar.
1479:Drivers/STM32F4xx_HAL_Driver/Src/stm32f4xx_hal_rtc_ex.c ****   *             @arg RTC_SHIFTADD1S_RESET: No effect.
1480:Drivers/STM32F4xx_HAL_Driver/Src/stm32f4xx_hal_rtc_ex.c ****   * @param  ShiftSubFS Select the number of Second Fractions to substitute.
1481:Drivers/STM32F4xx_HAL_Driver/Src/stm32f4xx_hal_rtc_ex.c ****   *          This parameter can be one any value from 0 to 0x7FFF.
1482:Drivers/STM32F4xx_HAL_Driver/Src/stm32f4xx_hal_rtc_ex.c ****   * @retval HAL status
1483:Drivers/STM32F4xx_HAL_Driver/Src/stm32f4xx_hal_rtc_ex.c ****   */
1484:Drivers/STM32F4xx_HAL_Driver/Src/stm32f4xx_hal_rtc_ex.c **** HAL_StatusTypeDef HAL_RTCEx_SetSynchroShift(RTC_HandleTypeDef *hrtc, uint32_t ShiftAdd1S, uint32_t 
1485:Drivers/STM32F4xx_HAL_Driver/Src/stm32f4xx_hal_rtc_ex.c **** {
 2646              		.loc 1 1485 1 is_stmt 1 view -0
 2647              		.cfi_startproc
 2648              		@ args = 0, pretend = 0, frame = 0
 2649              		@ frame_needed = 0, uses_anonymous_args = 0
1486:Drivers/STM32F4xx_HAL_Driver/Src/stm32f4xx_hal_rtc_ex.c ****   uint32_t tickstart = 0U;
 2650              		.loc 1 1486 3 view .LVU913
1487:Drivers/STM32F4xx_HAL_Driver/Src/stm32f4xx_hal_rtc_ex.c **** 
1488:Drivers/STM32F4xx_HAL_Driver/Src/stm32f4xx_hal_rtc_ex.c ****   /* Check the parameters */
1489:Drivers/STM32F4xx_HAL_Driver/Src/stm32f4xx_hal_rtc_ex.c ****   assert_param(IS_RTC_SHIFT_ADD1S(ShiftAdd1S));
 2651              		.loc 1 1489 3 view .LVU914
1490:Drivers/STM32F4xx_HAL_Driver/Src/stm32f4xx_hal_rtc_ex.c ****   assert_param(IS_RTC_SHIFT_SUBFS(ShiftSubFS));
 2652              		.loc 1 1490 3 view .LVU915
1491:Drivers/STM32F4xx_HAL_Driver/Src/stm32f4xx_hal_rtc_ex.c **** 
1492:Drivers/STM32F4xx_HAL_Driver/Src/stm32f4xx_hal_rtc_ex.c ****   /* Process Locked */
ARM GAS  /tmp/ccqAQKKp.s 			page 76


1493:Drivers/STM32F4xx_HAL_Driver/Src/stm32f4xx_hal_rtc_ex.c ****   __HAL_LOCK(hrtc);
 2653              		.loc 1 1493 3 view .LVU916
 2654              		.loc 1 1493 3 view .LVU917
 2655 0000 037F     		ldrb	r3, [r0, #28]	@ zero_extendqisi2
 2656 0002 012B     		cmp	r3, #1
 2657 0004 4FD0     		beq	.L171
1485:Drivers/STM32F4xx_HAL_Driver/Src/stm32f4xx_hal_rtc_ex.c ****   uint32_t tickstart = 0U;
 2658              		.loc 1 1485 1 is_stmt 0 view .LVU918
 2659 0006 2DE9F041 		push	{r4, r5, r6, r7, r8, lr}
 2660              	.LCFI33:
 2661              		.cfi_def_cfa_offset 24
 2662              		.cfi_offset 4, -24
 2663              		.cfi_offset 5, -20
 2664              		.cfi_offset 6, -16
 2665              		.cfi_offset 7, -12
 2666              		.cfi_offset 8, -8
 2667              		.cfi_offset 14, -4
 2668 000a 0446     		mov	r4, r0
 2669 000c 8846     		mov	r8, r1
 2670 000e 1746     		mov	r7, r2
 2671              		.loc 1 1493 3 is_stmt 1 discriminator 2 view .LVU919
 2672 0010 0123     		movs	r3, #1
 2673 0012 0377     		strb	r3, [r0, #28]
 2674              		.loc 1 1493 3 view .LVU920
1494:Drivers/STM32F4xx_HAL_Driver/Src/stm32f4xx_hal_rtc_ex.c **** 
1495:Drivers/STM32F4xx_HAL_Driver/Src/stm32f4xx_hal_rtc_ex.c ****   hrtc->State = HAL_RTC_STATE_BUSY;
 2675              		.loc 1 1495 3 view .LVU921
 2676              		.loc 1 1495 15 is_stmt 0 view .LVU922
 2677 0014 0223     		movs	r3, #2
 2678 0016 4377     		strb	r3, [r0, #29]
1496:Drivers/STM32F4xx_HAL_Driver/Src/stm32f4xx_hal_rtc_ex.c **** 
1497:Drivers/STM32F4xx_HAL_Driver/Src/stm32f4xx_hal_rtc_ex.c ****   /* Disable the write protection for RTC registers */
1498:Drivers/STM32F4xx_HAL_Driver/Src/stm32f4xx_hal_rtc_ex.c ****   __HAL_RTC_WRITEPROTECTION_DISABLE(hrtc);
 2679              		.loc 1 1498 3 is_stmt 1 view .LVU923
 2680              		.loc 1 1498 3 view .LVU924
 2681 0018 0368     		ldr	r3, [r0]
 2682 001a CA22     		movs	r2, #202
 2683              	.LVL176:
 2684              		.loc 1 1498 3 is_stmt 0 view .LVU925
 2685 001c 5A62     		str	r2, [r3, #36]
 2686              		.loc 1 1498 3 is_stmt 1 view .LVU926
 2687 001e 0368     		ldr	r3, [r0]
 2688 0020 5322     		movs	r2, #83
 2689 0022 5A62     		str	r2, [r3, #36]
 2690              		.loc 1 1498 3 view .LVU927
1499:Drivers/STM32F4xx_HAL_Driver/Src/stm32f4xx_hal_rtc_ex.c **** 
1500:Drivers/STM32F4xx_HAL_Driver/Src/stm32f4xx_hal_rtc_ex.c ****   /* Get tick */
1501:Drivers/STM32F4xx_HAL_Driver/Src/stm32f4xx_hal_rtc_ex.c ****   tickstart = HAL_GetTick();
 2691              		.loc 1 1501 3 view .LVU928
 2692              		.loc 1 1501 15 is_stmt 0 view .LVU929
 2693 0024 FFF7FEFF 		bl	HAL_GetTick
 2694              	.LVL177:
 2695              		.loc 1 1501 15 view .LVU930
 2696 0028 0646     		mov	r6, r0
 2697              	.LVL178:
1502:Drivers/STM32F4xx_HAL_Driver/Src/stm32f4xx_hal_rtc_ex.c **** 
1503:Drivers/STM32F4xx_HAL_Driver/Src/stm32f4xx_hal_rtc_ex.c ****   /* Wait until the shift is completed */
ARM GAS  /tmp/ccqAQKKp.s 			page 77


1504:Drivers/STM32F4xx_HAL_Driver/Src/stm32f4xx_hal_rtc_ex.c ****   while ((hrtc->Instance->ISR & RTC_ISR_SHPF) != 0U)
 2698              		.loc 1 1504 3 is_stmt 1 view .LVU931
 2699              	.L167:
 2700              		.loc 1 1504 47 view .LVU932
 2701              		.loc 1 1504 15 is_stmt 0 view .LVU933
 2702 002a 2368     		ldr	r3, [r4]
 2703              		.loc 1 1504 25 view .LVU934
 2704 002c DD68     		ldr	r5, [r3, #12]
 2705              		.loc 1 1504 47 view .LVU935
 2706 002e 15F0080F 		tst	r5, #8
 2707 0032 0ED0     		beq	.L176
1505:Drivers/STM32F4xx_HAL_Driver/Src/stm32f4xx_hal_rtc_ex.c ****   {
1506:Drivers/STM32F4xx_HAL_Driver/Src/stm32f4xx_hal_rtc_ex.c ****     if ((HAL_GetTick() - tickstart) > RTC_TIMEOUT_VALUE)
 2708              		.loc 1 1506 5 is_stmt 1 view .LVU936
 2709              		.loc 1 1506 10 is_stmt 0 view .LVU937
 2710 0034 FFF7FEFF 		bl	HAL_GetTick
 2711              	.LVL179:
 2712              		.loc 1 1506 24 discriminator 1 view .LVU938
 2713 0038 831B     		subs	r3, r0, r6
 2714              		.loc 1 1506 8 discriminator 1 view .LVU939
 2715 003a B3F57A7F 		cmp	r3, #1000
 2716 003e F4D9     		bls	.L167
1507:Drivers/STM32F4xx_HAL_Driver/Src/stm32f4xx_hal_rtc_ex.c ****     {
1508:Drivers/STM32F4xx_HAL_Driver/Src/stm32f4xx_hal_rtc_ex.c ****       /* Enable the write protection for RTC registers */
1509:Drivers/STM32F4xx_HAL_Driver/Src/stm32f4xx_hal_rtc_ex.c ****       __HAL_RTC_WRITEPROTECTION_ENABLE(hrtc);
 2717              		.loc 1 1509 7 is_stmt 1 view .LVU940
 2718              		.loc 1 1509 7 view .LVU941
 2719 0040 2368     		ldr	r3, [r4]
 2720 0042 FF22     		movs	r2, #255
 2721 0044 5A62     		str	r2, [r3, #36]
 2722              		.loc 1 1509 7 view .LVU942
1510:Drivers/STM32F4xx_HAL_Driver/Src/stm32f4xx_hal_rtc_ex.c **** 
1511:Drivers/STM32F4xx_HAL_Driver/Src/stm32f4xx_hal_rtc_ex.c ****       hrtc->State = HAL_RTC_STATE_TIMEOUT;
 2723              		.loc 1 1511 7 view .LVU943
 2724              		.loc 1 1511 19 is_stmt 0 view .LVU944
 2725 0046 0320     		movs	r0, #3
 2726 0048 6077     		strb	r0, [r4, #29]
1512:Drivers/STM32F4xx_HAL_Driver/Src/stm32f4xx_hal_rtc_ex.c **** 
1513:Drivers/STM32F4xx_HAL_Driver/Src/stm32f4xx_hal_rtc_ex.c ****       /* Process Unlocked */
1514:Drivers/STM32F4xx_HAL_Driver/Src/stm32f4xx_hal_rtc_ex.c ****       __HAL_UNLOCK(hrtc);
 2727              		.loc 1 1514 7 is_stmt 1 view .LVU945
 2728              		.loc 1 1514 7 view .LVU946
 2729 004a 0023     		movs	r3, #0
 2730 004c 2377     		strb	r3, [r4, #28]
 2731              		.loc 1 1514 7 view .LVU947
1515:Drivers/STM32F4xx_HAL_Driver/Src/stm32f4xx_hal_rtc_ex.c **** 
1516:Drivers/STM32F4xx_HAL_Driver/Src/stm32f4xx_hal_rtc_ex.c ****       return HAL_TIMEOUT;
 2732              		.loc 1 1516 7 view .LVU948
 2733              	.LVL180:
 2734              	.L166:
1517:Drivers/STM32F4xx_HAL_Driver/Src/stm32f4xx_hal_rtc_ex.c ****     }
1518:Drivers/STM32F4xx_HAL_Driver/Src/stm32f4xx_hal_rtc_ex.c ****   }
1519:Drivers/STM32F4xx_HAL_Driver/Src/stm32f4xx_hal_rtc_ex.c **** 
1520:Drivers/STM32F4xx_HAL_Driver/Src/stm32f4xx_hal_rtc_ex.c ****   /* Check if the reference clock detection is disabled */
1521:Drivers/STM32F4xx_HAL_Driver/Src/stm32f4xx_hal_rtc_ex.c ****   if ((hrtc->Instance->CR & RTC_CR_REFCKON) == 0U)
1522:Drivers/STM32F4xx_HAL_Driver/Src/stm32f4xx_hal_rtc_ex.c ****   {
1523:Drivers/STM32F4xx_HAL_Driver/Src/stm32f4xx_hal_rtc_ex.c ****     /* Configure the Shift settings */
ARM GAS  /tmp/ccqAQKKp.s 			page 78


1524:Drivers/STM32F4xx_HAL_Driver/Src/stm32f4xx_hal_rtc_ex.c ****     hrtc->Instance->SHIFTR = (uint32_t)(uint32_t)(ShiftSubFS) | (uint32_t)(ShiftAdd1S);
1525:Drivers/STM32F4xx_HAL_Driver/Src/stm32f4xx_hal_rtc_ex.c **** 
1526:Drivers/STM32F4xx_HAL_Driver/Src/stm32f4xx_hal_rtc_ex.c ****     /* If  RTC_CR_BYPSHAD bit = 0, wait for synchro else this check is not needed */
1527:Drivers/STM32F4xx_HAL_Driver/Src/stm32f4xx_hal_rtc_ex.c ****     if ((hrtc->Instance->CR & RTC_CR_BYPSHAD) == 0U)
1528:Drivers/STM32F4xx_HAL_Driver/Src/stm32f4xx_hal_rtc_ex.c ****     {
1529:Drivers/STM32F4xx_HAL_Driver/Src/stm32f4xx_hal_rtc_ex.c ****       if (HAL_RTC_WaitForSynchro(hrtc) != HAL_OK)
1530:Drivers/STM32F4xx_HAL_Driver/Src/stm32f4xx_hal_rtc_ex.c ****       {
1531:Drivers/STM32F4xx_HAL_Driver/Src/stm32f4xx_hal_rtc_ex.c ****         /* Enable the write protection for RTC registers */
1532:Drivers/STM32F4xx_HAL_Driver/Src/stm32f4xx_hal_rtc_ex.c ****         __HAL_RTC_WRITEPROTECTION_ENABLE(hrtc);
1533:Drivers/STM32F4xx_HAL_Driver/Src/stm32f4xx_hal_rtc_ex.c **** 
1534:Drivers/STM32F4xx_HAL_Driver/Src/stm32f4xx_hal_rtc_ex.c ****         hrtc->State = HAL_RTC_STATE_ERROR;
1535:Drivers/STM32F4xx_HAL_Driver/Src/stm32f4xx_hal_rtc_ex.c **** 
1536:Drivers/STM32F4xx_HAL_Driver/Src/stm32f4xx_hal_rtc_ex.c ****         /* Process Unlocked */
1537:Drivers/STM32F4xx_HAL_Driver/Src/stm32f4xx_hal_rtc_ex.c ****         __HAL_UNLOCK(hrtc);
1538:Drivers/STM32F4xx_HAL_Driver/Src/stm32f4xx_hal_rtc_ex.c **** 
1539:Drivers/STM32F4xx_HAL_Driver/Src/stm32f4xx_hal_rtc_ex.c ****         return HAL_ERROR;
1540:Drivers/STM32F4xx_HAL_Driver/Src/stm32f4xx_hal_rtc_ex.c ****       }
1541:Drivers/STM32F4xx_HAL_Driver/Src/stm32f4xx_hal_rtc_ex.c ****     }
1542:Drivers/STM32F4xx_HAL_Driver/Src/stm32f4xx_hal_rtc_ex.c ****   }
1543:Drivers/STM32F4xx_HAL_Driver/Src/stm32f4xx_hal_rtc_ex.c ****   else
1544:Drivers/STM32F4xx_HAL_Driver/Src/stm32f4xx_hal_rtc_ex.c ****   {
1545:Drivers/STM32F4xx_HAL_Driver/Src/stm32f4xx_hal_rtc_ex.c ****     /* Enable the write protection for RTC registers */
1546:Drivers/STM32F4xx_HAL_Driver/Src/stm32f4xx_hal_rtc_ex.c ****     __HAL_RTC_WRITEPROTECTION_ENABLE(hrtc);
1547:Drivers/STM32F4xx_HAL_Driver/Src/stm32f4xx_hal_rtc_ex.c **** 
1548:Drivers/STM32F4xx_HAL_Driver/Src/stm32f4xx_hal_rtc_ex.c ****     /* Change RTC state */
1549:Drivers/STM32F4xx_HAL_Driver/Src/stm32f4xx_hal_rtc_ex.c ****     hrtc->State = HAL_RTC_STATE_ERROR;
1550:Drivers/STM32F4xx_HAL_Driver/Src/stm32f4xx_hal_rtc_ex.c **** 
1551:Drivers/STM32F4xx_HAL_Driver/Src/stm32f4xx_hal_rtc_ex.c ****     /* Process Unlocked */
1552:Drivers/STM32F4xx_HAL_Driver/Src/stm32f4xx_hal_rtc_ex.c ****     __HAL_UNLOCK(hrtc);
1553:Drivers/STM32F4xx_HAL_Driver/Src/stm32f4xx_hal_rtc_ex.c **** 
1554:Drivers/STM32F4xx_HAL_Driver/Src/stm32f4xx_hal_rtc_ex.c ****     return HAL_ERROR;
1555:Drivers/STM32F4xx_HAL_Driver/Src/stm32f4xx_hal_rtc_ex.c ****   }
1556:Drivers/STM32F4xx_HAL_Driver/Src/stm32f4xx_hal_rtc_ex.c **** 
1557:Drivers/STM32F4xx_HAL_Driver/Src/stm32f4xx_hal_rtc_ex.c ****   /* Enable the write protection for RTC registers */
1558:Drivers/STM32F4xx_HAL_Driver/Src/stm32f4xx_hal_rtc_ex.c ****   __HAL_RTC_WRITEPROTECTION_ENABLE(hrtc);
1559:Drivers/STM32F4xx_HAL_Driver/Src/stm32f4xx_hal_rtc_ex.c **** 
1560:Drivers/STM32F4xx_HAL_Driver/Src/stm32f4xx_hal_rtc_ex.c ****   /* Change RTC state */
1561:Drivers/STM32F4xx_HAL_Driver/Src/stm32f4xx_hal_rtc_ex.c ****   hrtc->State = HAL_RTC_STATE_READY;
1562:Drivers/STM32F4xx_HAL_Driver/Src/stm32f4xx_hal_rtc_ex.c **** 
1563:Drivers/STM32F4xx_HAL_Driver/Src/stm32f4xx_hal_rtc_ex.c ****   /* Process Unlocked */
1564:Drivers/STM32F4xx_HAL_Driver/Src/stm32f4xx_hal_rtc_ex.c ****   __HAL_UNLOCK(hrtc);
1565:Drivers/STM32F4xx_HAL_Driver/Src/stm32f4xx_hal_rtc_ex.c **** 
1566:Drivers/STM32F4xx_HAL_Driver/Src/stm32f4xx_hal_rtc_ex.c ****   return HAL_OK;
1567:Drivers/STM32F4xx_HAL_Driver/Src/stm32f4xx_hal_rtc_ex.c **** }
 2735              		.loc 1 1567 1 is_stmt 0 view .LVU949
 2736 004e BDE8F081 		pop	{r4, r5, r6, r7, r8, pc}
 2737              	.LVL181:
 2738              	.L176:
1521:Drivers/STM32F4xx_HAL_Driver/Src/stm32f4xx_hal_rtc_ex.c ****   {
 2739              		.loc 1 1521 3 is_stmt 1 view .LVU950
1521:Drivers/STM32F4xx_HAL_Driver/Src/stm32f4xx_hal_rtc_ex.c ****   {
 2740              		.loc 1 1521 22 is_stmt 0 view .LVU951
 2741 0052 9A68     		ldr	r2, [r3, #8]
1521:Drivers/STM32F4xx_HAL_Driver/Src/stm32f4xx_hal_rtc_ex.c ****   {
 2742              		.loc 1 1521 6 view .LVU952
 2743 0054 12F0100F 		tst	r2, #16
 2744 0058 1DD1     		bne	.L169
ARM GAS  /tmp/ccqAQKKp.s 			page 79


1524:Drivers/STM32F4xx_HAL_Driver/Src/stm32f4xx_hal_rtc_ex.c **** 
 2745              		.loc 1 1524 5 is_stmt 1 view .LVU953
1524:Drivers/STM32F4xx_HAL_Driver/Src/stm32f4xx_hal_rtc_ex.c **** 
 2746              		.loc 1 1524 63 is_stmt 0 view .LVU954
 2747 005a 47EA0807 		orr	r7, r7, r8
 2748              	.LVL182:
1524:Drivers/STM32F4xx_HAL_Driver/Src/stm32f4xx_hal_rtc_ex.c **** 
 2749              		.loc 1 1524 28 view .LVU955
 2750 005e DF62     		str	r7, [r3, #44]
1527:Drivers/STM32F4xx_HAL_Driver/Src/stm32f4xx_hal_rtc_ex.c ****     {
 2751              		.loc 1 1527 5 is_stmt 1 view .LVU956
1527:Drivers/STM32F4xx_HAL_Driver/Src/stm32f4xx_hal_rtc_ex.c ****     {
 2752              		.loc 1 1527 14 is_stmt 0 view .LVU957
 2753 0060 2368     		ldr	r3, [r4]
1527:Drivers/STM32F4xx_HAL_Driver/Src/stm32f4xx_hal_rtc_ex.c ****     {
 2754              		.loc 1 1527 24 view .LVU958
 2755 0062 9B68     		ldr	r3, [r3, #8]
1527:Drivers/STM32F4xx_HAL_Driver/Src/stm32f4xx_hal_rtc_ex.c ****     {
 2756              		.loc 1 1527 8 view .LVU959
 2757 0064 13F0200F 		tst	r3, #32
 2758 0068 07D0     		beq	.L177
 2759              	.L170:
1558:Drivers/STM32F4xx_HAL_Driver/Src/stm32f4xx_hal_rtc_ex.c **** 
 2760              		.loc 1 1558 3 is_stmt 1 view .LVU960
1558:Drivers/STM32F4xx_HAL_Driver/Src/stm32f4xx_hal_rtc_ex.c **** 
 2761              		.loc 1 1558 3 view .LVU961
 2762 006a 2368     		ldr	r3, [r4]
 2763 006c FF22     		movs	r2, #255
 2764 006e 5A62     		str	r2, [r3, #36]
1558:Drivers/STM32F4xx_HAL_Driver/Src/stm32f4xx_hal_rtc_ex.c **** 
 2765              		.loc 1 1558 3 view .LVU962
1561:Drivers/STM32F4xx_HAL_Driver/Src/stm32f4xx_hal_rtc_ex.c **** 
 2766              		.loc 1 1561 3 view .LVU963
1561:Drivers/STM32F4xx_HAL_Driver/Src/stm32f4xx_hal_rtc_ex.c **** 
 2767              		.loc 1 1561 15 is_stmt 0 view .LVU964
 2768 0070 0123     		movs	r3, #1
 2769 0072 6377     		strb	r3, [r4, #29]
1564:Drivers/STM32F4xx_HAL_Driver/Src/stm32f4xx_hal_rtc_ex.c **** 
 2770              		.loc 1 1564 3 is_stmt 1 view .LVU965
1564:Drivers/STM32F4xx_HAL_Driver/Src/stm32f4xx_hal_rtc_ex.c **** 
 2771              		.loc 1 1564 3 view .LVU966
 2772 0074 0020     		movs	r0, #0
 2773 0076 2077     		strb	r0, [r4, #28]
1564:Drivers/STM32F4xx_HAL_Driver/Src/stm32f4xx_hal_rtc_ex.c **** 
 2774              		.loc 1 1564 3 view .LVU967
1566:Drivers/STM32F4xx_HAL_Driver/Src/stm32f4xx_hal_rtc_ex.c **** }
 2775              		.loc 1 1566 3 view .LVU968
1566:Drivers/STM32F4xx_HAL_Driver/Src/stm32f4xx_hal_rtc_ex.c **** }
 2776              		.loc 1 1566 10 is_stmt 0 view .LVU969
 2777 0078 E9E7     		b	.L166
 2778              	.L177:
1529:Drivers/STM32F4xx_HAL_Driver/Src/stm32f4xx_hal_rtc_ex.c ****       {
 2779              		.loc 1 1529 7 is_stmt 1 view .LVU970
1529:Drivers/STM32F4xx_HAL_Driver/Src/stm32f4xx_hal_rtc_ex.c ****       {
 2780              		.loc 1 1529 11 is_stmt 0 view .LVU971
 2781 007a 2046     		mov	r0, r4
 2782 007c FFF7FEFF 		bl	HAL_RTC_WaitForSynchro
ARM GAS  /tmp/ccqAQKKp.s 			page 80


 2783              	.LVL183:
1529:Drivers/STM32F4xx_HAL_Driver/Src/stm32f4xx_hal_rtc_ex.c ****       {
 2784              		.loc 1 1529 10 discriminator 1 view .LVU972
 2785 0080 0028     		cmp	r0, #0
 2786 0082 F2D0     		beq	.L170
1532:Drivers/STM32F4xx_HAL_Driver/Src/stm32f4xx_hal_rtc_ex.c **** 
 2787              		.loc 1 1532 9 is_stmt 1 view .LVU973
1532:Drivers/STM32F4xx_HAL_Driver/Src/stm32f4xx_hal_rtc_ex.c **** 
 2788              		.loc 1 1532 9 view .LVU974
 2789 0084 2368     		ldr	r3, [r4]
 2790 0086 FF22     		movs	r2, #255
 2791 0088 5A62     		str	r2, [r3, #36]
1532:Drivers/STM32F4xx_HAL_Driver/Src/stm32f4xx_hal_rtc_ex.c **** 
 2792              		.loc 1 1532 9 view .LVU975
1534:Drivers/STM32F4xx_HAL_Driver/Src/stm32f4xx_hal_rtc_ex.c **** 
 2793              		.loc 1 1534 9 view .LVU976
1534:Drivers/STM32F4xx_HAL_Driver/Src/stm32f4xx_hal_rtc_ex.c **** 
 2794              		.loc 1 1534 21 is_stmt 0 view .LVU977
 2795 008a 0423     		movs	r3, #4
 2796 008c 6377     		strb	r3, [r4, #29]
1537:Drivers/STM32F4xx_HAL_Driver/Src/stm32f4xx_hal_rtc_ex.c **** 
 2797              		.loc 1 1537 9 is_stmt 1 view .LVU978
1537:Drivers/STM32F4xx_HAL_Driver/Src/stm32f4xx_hal_rtc_ex.c **** 
 2798              		.loc 1 1537 9 view .LVU979
 2799 008e 0023     		movs	r3, #0
 2800 0090 2377     		strb	r3, [r4, #28]
1537:Drivers/STM32F4xx_HAL_Driver/Src/stm32f4xx_hal_rtc_ex.c **** 
 2801              		.loc 1 1537 9 view .LVU980
1539:Drivers/STM32F4xx_HAL_Driver/Src/stm32f4xx_hal_rtc_ex.c ****       }
 2802              		.loc 1 1539 9 view .LVU981
1539:Drivers/STM32F4xx_HAL_Driver/Src/stm32f4xx_hal_rtc_ex.c ****       }
 2803              		.loc 1 1539 16 is_stmt 0 view .LVU982
 2804 0092 0120     		movs	r0, #1
 2805 0094 DBE7     		b	.L166
 2806              	.LVL184:
 2807              	.L169:
1546:Drivers/STM32F4xx_HAL_Driver/Src/stm32f4xx_hal_rtc_ex.c **** 
 2808              		.loc 1 1546 5 is_stmt 1 view .LVU983
1546:Drivers/STM32F4xx_HAL_Driver/Src/stm32f4xx_hal_rtc_ex.c **** 
 2809              		.loc 1 1546 5 view .LVU984
 2810 0096 FF22     		movs	r2, #255
 2811 0098 5A62     		str	r2, [r3, #36]
1546:Drivers/STM32F4xx_HAL_Driver/Src/stm32f4xx_hal_rtc_ex.c **** 
 2812              		.loc 1 1546 5 view .LVU985
1549:Drivers/STM32F4xx_HAL_Driver/Src/stm32f4xx_hal_rtc_ex.c **** 
 2813              		.loc 1 1549 5 view .LVU986
1549:Drivers/STM32F4xx_HAL_Driver/Src/stm32f4xx_hal_rtc_ex.c **** 
 2814              		.loc 1 1549 17 is_stmt 0 view .LVU987
 2815 009a 0423     		movs	r3, #4
 2816 009c 6377     		strb	r3, [r4, #29]
1552:Drivers/STM32F4xx_HAL_Driver/Src/stm32f4xx_hal_rtc_ex.c **** 
 2817              		.loc 1 1552 5 is_stmt 1 view .LVU988
1552:Drivers/STM32F4xx_HAL_Driver/Src/stm32f4xx_hal_rtc_ex.c **** 
 2818              		.loc 1 1552 5 view .LVU989
 2819 009e 0023     		movs	r3, #0
 2820 00a0 2377     		strb	r3, [r4, #28]
1552:Drivers/STM32F4xx_HAL_Driver/Src/stm32f4xx_hal_rtc_ex.c **** 
ARM GAS  /tmp/ccqAQKKp.s 			page 81


 2821              		.loc 1 1552 5 view .LVU990
1554:Drivers/STM32F4xx_HAL_Driver/Src/stm32f4xx_hal_rtc_ex.c ****   }
 2822              		.loc 1 1554 5 view .LVU991
1554:Drivers/STM32F4xx_HAL_Driver/Src/stm32f4xx_hal_rtc_ex.c ****   }
 2823              		.loc 1 1554 12 is_stmt 0 view .LVU992
 2824 00a2 0120     		movs	r0, #1
 2825 00a4 D3E7     		b	.L166
 2826              	.LVL185:
 2827              	.L171:
 2828              	.LCFI34:
 2829              		.cfi_def_cfa_offset 0
 2830              		.cfi_restore 4
 2831              		.cfi_restore 5
 2832              		.cfi_restore 6
 2833              		.cfi_restore 7
 2834              		.cfi_restore 8
 2835              		.cfi_restore 14
1493:Drivers/STM32F4xx_HAL_Driver/Src/stm32f4xx_hal_rtc_ex.c **** 
 2836              		.loc 1 1493 3 discriminator 1 view .LVU993
 2837 00a6 0220     		movs	r0, #2
 2838              	.LVL186:
 2839              		.loc 1 1567 1 view .LVU994
 2840 00a8 7047     		bx	lr
 2841              		.cfi_endproc
 2842              	.LFE265:
 2844              		.section	.text.HAL_RTCEx_SetCalibrationOutPut,"ax",%progbits
 2845              		.align	1
 2846              		.global	HAL_RTCEx_SetCalibrationOutPut
 2847              		.syntax unified
 2848              		.thumb
 2849              		.thumb_func
 2851              	HAL_RTCEx_SetCalibrationOutPut:
 2852              	.LVL187:
 2853              	.LFB266:
1568:Drivers/STM32F4xx_HAL_Driver/Src/stm32f4xx_hal_rtc_ex.c **** 
1569:Drivers/STM32F4xx_HAL_Driver/Src/stm32f4xx_hal_rtc_ex.c **** /**
1570:Drivers/STM32F4xx_HAL_Driver/Src/stm32f4xx_hal_rtc_ex.c ****   * @brief  Configures the Calibration Pinout (RTC_CALIB) Selection (1Hz or 512Hz).
1571:Drivers/STM32F4xx_HAL_Driver/Src/stm32f4xx_hal_rtc_ex.c ****   * @param  hrtc pointer to a RTC_HandleTypeDef structure that contains
1572:Drivers/STM32F4xx_HAL_Driver/Src/stm32f4xx_hal_rtc_ex.c ****   *                the configuration information for RTC.
1573:Drivers/STM32F4xx_HAL_Driver/Src/stm32f4xx_hal_rtc_ex.c ****   * @param  CalibOutput Select the Calibration output Selection.
1574:Drivers/STM32F4xx_HAL_Driver/Src/stm32f4xx_hal_rtc_ex.c ****   *          This parameter can be one of the following values:
1575:Drivers/STM32F4xx_HAL_Driver/Src/stm32f4xx_hal_rtc_ex.c ****   *             @arg RTC_CALIBOUTPUT_512HZ: A signal has a regular waveform at 512Hz.
1576:Drivers/STM32F4xx_HAL_Driver/Src/stm32f4xx_hal_rtc_ex.c ****   *             @arg RTC_CALIBOUTPUT_1HZ: A signal has a regular waveform at 1Hz.
1577:Drivers/STM32F4xx_HAL_Driver/Src/stm32f4xx_hal_rtc_ex.c ****   * @retval HAL status
1578:Drivers/STM32F4xx_HAL_Driver/Src/stm32f4xx_hal_rtc_ex.c ****   */
1579:Drivers/STM32F4xx_HAL_Driver/Src/stm32f4xx_hal_rtc_ex.c **** HAL_StatusTypeDef HAL_RTCEx_SetCalibrationOutPut(RTC_HandleTypeDef *hrtc, uint32_t CalibOutput)
1580:Drivers/STM32F4xx_HAL_Driver/Src/stm32f4xx_hal_rtc_ex.c **** {
 2854              		.loc 1 1580 1 is_stmt 1 view -0
 2855              		.cfi_startproc
 2856              		@ args = 0, pretend = 0, frame = 0
 2857              		@ frame_needed = 0, uses_anonymous_args = 0
 2858              		@ link register save eliminated.
1581:Drivers/STM32F4xx_HAL_Driver/Src/stm32f4xx_hal_rtc_ex.c ****   /* Check the parameters */
1582:Drivers/STM32F4xx_HAL_Driver/Src/stm32f4xx_hal_rtc_ex.c ****   assert_param(IS_RTC_CALIB_OUTPUT(CalibOutput));
 2859              		.loc 1 1582 3 view .LVU996
1583:Drivers/STM32F4xx_HAL_Driver/Src/stm32f4xx_hal_rtc_ex.c **** 
1584:Drivers/STM32F4xx_HAL_Driver/Src/stm32f4xx_hal_rtc_ex.c ****   /* Process Locked */
ARM GAS  /tmp/ccqAQKKp.s 			page 82


1585:Drivers/STM32F4xx_HAL_Driver/Src/stm32f4xx_hal_rtc_ex.c ****   __HAL_LOCK(hrtc);
 2860              		.loc 1 1585 3 view .LVU997
 2861              		.loc 1 1585 3 view .LVU998
 2862 0000 027F     		ldrb	r2, [r0, #28]	@ zero_extendqisi2
 2863 0002 012A     		cmp	r2, #1
 2864 0004 22D0     		beq	.L180
1580:Drivers/STM32F4xx_HAL_Driver/Src/stm32f4xx_hal_rtc_ex.c ****   /* Check the parameters */
 2865              		.loc 1 1580 1 is_stmt 0 view .LVU999
 2866 0006 10B4     		push	{r4}
 2867              	.LCFI35:
 2868              		.cfi_def_cfa_offset 4
 2869              		.cfi_offset 4, -4
 2870 0008 0346     		mov	r3, r0
 2871              		.loc 1 1585 3 is_stmt 1 discriminator 2 view .LVU1000
 2872 000a 0120     		movs	r0, #1
 2873              	.LVL188:
 2874              		.loc 1 1585 3 is_stmt 0 discriminator 2 view .LVU1001
 2875 000c 1877     		strb	r0, [r3, #28]
 2876              		.loc 1 1585 3 is_stmt 1 view .LVU1002
1586:Drivers/STM32F4xx_HAL_Driver/Src/stm32f4xx_hal_rtc_ex.c **** 
1587:Drivers/STM32F4xx_HAL_Driver/Src/stm32f4xx_hal_rtc_ex.c ****   hrtc->State = HAL_RTC_STATE_BUSY;
 2877              		.loc 1 1587 3 view .LVU1003
 2878              		.loc 1 1587 15 is_stmt 0 view .LVU1004
 2879 000e 0222     		movs	r2, #2
 2880 0010 5A77     		strb	r2, [r3, #29]
1588:Drivers/STM32F4xx_HAL_Driver/Src/stm32f4xx_hal_rtc_ex.c **** 
1589:Drivers/STM32F4xx_HAL_Driver/Src/stm32f4xx_hal_rtc_ex.c ****   /* Disable the write protection for RTC registers */
1590:Drivers/STM32F4xx_HAL_Driver/Src/stm32f4xx_hal_rtc_ex.c ****   __HAL_RTC_WRITEPROTECTION_DISABLE(hrtc);
 2881              		.loc 1 1590 3 is_stmt 1 view .LVU1005
 2882              		.loc 1 1590 3 view .LVU1006
 2883 0012 1A68     		ldr	r2, [r3]
 2884 0014 CA24     		movs	r4, #202
 2885 0016 5462     		str	r4, [r2, #36]
 2886              		.loc 1 1590 3 view .LVU1007
 2887 0018 1A68     		ldr	r2, [r3]
 2888 001a 5324     		movs	r4, #83
 2889 001c 5462     		str	r4, [r2, #36]
 2890              		.loc 1 1590 3 view .LVU1008
1591:Drivers/STM32F4xx_HAL_Driver/Src/stm32f4xx_hal_rtc_ex.c **** 
1592:Drivers/STM32F4xx_HAL_Driver/Src/stm32f4xx_hal_rtc_ex.c ****   /* Clear flags before config */
1593:Drivers/STM32F4xx_HAL_Driver/Src/stm32f4xx_hal_rtc_ex.c ****   hrtc->Instance->CR &= (uint32_t)~RTC_CR_COSEL;
 2891              		.loc 1 1593 3 view .LVU1009
 2892              		.loc 1 1593 7 is_stmt 0 view .LVU1010
 2893 001e 1C68     		ldr	r4, [r3]
 2894              		.loc 1 1593 17 view .LVU1011
 2895 0020 A268     		ldr	r2, [r4, #8]
 2896              		.loc 1 1593 22 view .LVU1012
 2897 0022 22F40022 		bic	r2, r2, #524288
 2898 0026 A260     		str	r2, [r4, #8]
1594:Drivers/STM32F4xx_HAL_Driver/Src/stm32f4xx_hal_rtc_ex.c **** 
1595:Drivers/STM32F4xx_HAL_Driver/Src/stm32f4xx_hal_rtc_ex.c ****   /* Configure the RTC_CR register */
1596:Drivers/STM32F4xx_HAL_Driver/Src/stm32f4xx_hal_rtc_ex.c ****   hrtc->Instance->CR |= (uint32_t)CalibOutput;
 2899              		.loc 1 1596 3 is_stmt 1 view .LVU1013
 2900              		.loc 1 1596 7 is_stmt 0 view .LVU1014
 2901 0028 1C68     		ldr	r4, [r3]
 2902              		.loc 1 1596 17 view .LVU1015
 2903 002a A268     		ldr	r2, [r4, #8]
ARM GAS  /tmp/ccqAQKKp.s 			page 83


 2904              		.loc 1 1596 22 view .LVU1016
 2905 002c 0A43     		orrs	r2, r2, r1
 2906 002e A260     		str	r2, [r4, #8]
1597:Drivers/STM32F4xx_HAL_Driver/Src/stm32f4xx_hal_rtc_ex.c **** 
1598:Drivers/STM32F4xx_HAL_Driver/Src/stm32f4xx_hal_rtc_ex.c ****   __HAL_RTC_CALIBRATION_OUTPUT_ENABLE(hrtc);
 2907              		.loc 1 1598 3 is_stmt 1 view .LVU1017
 2908 0030 1968     		ldr	r1, [r3]
 2909              	.LVL189:
 2910              		.loc 1 1598 3 is_stmt 0 view .LVU1018
 2911 0032 8A68     		ldr	r2, [r1, #8]
 2912 0034 42F40002 		orr	r2, r2, #8388608
 2913 0038 8A60     		str	r2, [r1, #8]
1599:Drivers/STM32F4xx_HAL_Driver/Src/stm32f4xx_hal_rtc_ex.c **** 
1600:Drivers/STM32F4xx_HAL_Driver/Src/stm32f4xx_hal_rtc_ex.c ****   /* Enable the write protection for RTC registers */
1601:Drivers/STM32F4xx_HAL_Driver/Src/stm32f4xx_hal_rtc_ex.c ****   __HAL_RTC_WRITEPROTECTION_ENABLE(hrtc);
 2914              		.loc 1 1601 3 is_stmt 1 view .LVU1019
 2915              		.loc 1 1601 3 view .LVU1020
 2916 003a 1A68     		ldr	r2, [r3]
 2917 003c FF21     		movs	r1, #255
 2918 003e 5162     		str	r1, [r2, #36]
 2919              		.loc 1 1601 3 view .LVU1021
1602:Drivers/STM32F4xx_HAL_Driver/Src/stm32f4xx_hal_rtc_ex.c **** 
1603:Drivers/STM32F4xx_HAL_Driver/Src/stm32f4xx_hal_rtc_ex.c ****   /* Change RTC state */
1604:Drivers/STM32F4xx_HAL_Driver/Src/stm32f4xx_hal_rtc_ex.c ****   hrtc->State = HAL_RTC_STATE_READY;
 2920              		.loc 1 1604 3 view .LVU1022
 2921              		.loc 1 1604 15 is_stmt 0 view .LVU1023
 2922 0040 5877     		strb	r0, [r3, #29]
1605:Drivers/STM32F4xx_HAL_Driver/Src/stm32f4xx_hal_rtc_ex.c **** 
1606:Drivers/STM32F4xx_HAL_Driver/Src/stm32f4xx_hal_rtc_ex.c ****   /* Process Unlocked */
1607:Drivers/STM32F4xx_HAL_Driver/Src/stm32f4xx_hal_rtc_ex.c ****   __HAL_UNLOCK(hrtc);
 2923              		.loc 1 1607 3 is_stmt 1 view .LVU1024
 2924              		.loc 1 1607 3 view .LVU1025
 2925 0042 0020     		movs	r0, #0
 2926 0044 1877     		strb	r0, [r3, #28]
 2927              		.loc 1 1607 3 view .LVU1026
1608:Drivers/STM32F4xx_HAL_Driver/Src/stm32f4xx_hal_rtc_ex.c **** 
1609:Drivers/STM32F4xx_HAL_Driver/Src/stm32f4xx_hal_rtc_ex.c ****   return HAL_OK;
 2928              		.loc 1 1609 3 view .LVU1027
1610:Drivers/STM32F4xx_HAL_Driver/Src/stm32f4xx_hal_rtc_ex.c **** }
 2929              		.loc 1 1610 1 is_stmt 0 view .LVU1028
 2930 0046 5DF8044B 		ldr	r4, [sp], #4
 2931              	.LCFI36:
 2932              		.cfi_restore 4
 2933              		.cfi_def_cfa_offset 0
 2934 004a 7047     		bx	lr
 2935              	.LVL190:
 2936              	.L180:
1585:Drivers/STM32F4xx_HAL_Driver/Src/stm32f4xx_hal_rtc_ex.c **** 
 2937              		.loc 1 1585 3 discriminator 1 view .LVU1029
 2938 004c 0220     		movs	r0, #2
 2939              	.LVL191:
 2940              		.loc 1 1610 1 view .LVU1030
 2941 004e 7047     		bx	lr
 2942              		.cfi_endproc
 2943              	.LFE266:
 2945              		.section	.text.HAL_RTCEx_DeactivateCalibrationOutPut,"ax",%progbits
 2946              		.align	1
ARM GAS  /tmp/ccqAQKKp.s 			page 84


 2947              		.global	HAL_RTCEx_DeactivateCalibrationOutPut
 2948              		.syntax unified
 2949              		.thumb
 2950              		.thumb_func
 2952              	HAL_RTCEx_DeactivateCalibrationOutPut:
 2953              	.LVL192:
 2954              	.LFB267:
1611:Drivers/STM32F4xx_HAL_Driver/Src/stm32f4xx_hal_rtc_ex.c **** 
1612:Drivers/STM32F4xx_HAL_Driver/Src/stm32f4xx_hal_rtc_ex.c **** /**
1613:Drivers/STM32F4xx_HAL_Driver/Src/stm32f4xx_hal_rtc_ex.c ****   * @brief  Deactivates the Calibration Pinout (RTC_CALIB) Selection (1Hz or 512Hz).
1614:Drivers/STM32F4xx_HAL_Driver/Src/stm32f4xx_hal_rtc_ex.c ****   * @param  hrtc pointer to a RTC_HandleTypeDef structure that contains
1615:Drivers/STM32F4xx_HAL_Driver/Src/stm32f4xx_hal_rtc_ex.c ****   *                the configuration information for RTC.
1616:Drivers/STM32F4xx_HAL_Driver/Src/stm32f4xx_hal_rtc_ex.c ****   * @retval HAL status
1617:Drivers/STM32F4xx_HAL_Driver/Src/stm32f4xx_hal_rtc_ex.c ****   */
1618:Drivers/STM32F4xx_HAL_Driver/Src/stm32f4xx_hal_rtc_ex.c **** HAL_StatusTypeDef HAL_RTCEx_DeactivateCalibrationOutPut(RTC_HandleTypeDef *hrtc)
1619:Drivers/STM32F4xx_HAL_Driver/Src/stm32f4xx_hal_rtc_ex.c **** {
 2955              		.loc 1 1619 1 is_stmt 1 view -0
 2956              		.cfi_startproc
 2957              		@ args = 0, pretend = 0, frame = 0
 2958              		@ frame_needed = 0, uses_anonymous_args = 0
 2959              		@ link register save eliminated.
1620:Drivers/STM32F4xx_HAL_Driver/Src/stm32f4xx_hal_rtc_ex.c ****   /* Process Locked */
1621:Drivers/STM32F4xx_HAL_Driver/Src/stm32f4xx_hal_rtc_ex.c ****   __HAL_LOCK(hrtc);
 2960              		.loc 1 1621 3 view .LVU1032
 2961              		.loc 1 1621 3 view .LVU1033
 2962 0000 037F     		ldrb	r3, [r0, #28]	@ zero_extendqisi2
 2963 0002 012B     		cmp	r3, #1
 2964 0004 16D0     		beq	.L187
 2965              		.loc 1 1621 3 discriminator 2 view .LVU1034
 2966 0006 0122     		movs	r2, #1
 2967 0008 0277     		strb	r2, [r0, #28]
 2968              		.loc 1 1621 3 view .LVU1035
1622:Drivers/STM32F4xx_HAL_Driver/Src/stm32f4xx_hal_rtc_ex.c **** 
1623:Drivers/STM32F4xx_HAL_Driver/Src/stm32f4xx_hal_rtc_ex.c ****   hrtc->State = HAL_RTC_STATE_BUSY;
 2969              		.loc 1 1623 3 view .LVU1036
 2970              		.loc 1 1623 15 is_stmt 0 view .LVU1037
 2971 000a 0223     		movs	r3, #2
 2972 000c 4377     		strb	r3, [r0, #29]
1624:Drivers/STM32F4xx_HAL_Driver/Src/stm32f4xx_hal_rtc_ex.c **** 
1625:Drivers/STM32F4xx_HAL_Driver/Src/stm32f4xx_hal_rtc_ex.c ****   /* Disable the write protection for RTC registers */
1626:Drivers/STM32F4xx_HAL_Driver/Src/stm32f4xx_hal_rtc_ex.c ****   __HAL_RTC_WRITEPROTECTION_DISABLE(hrtc);
 2973              		.loc 1 1626 3 is_stmt 1 view .LVU1038
 2974              		.loc 1 1626 3 view .LVU1039
 2975 000e 0368     		ldr	r3, [r0]
 2976 0010 CA21     		movs	r1, #202
 2977 0012 5962     		str	r1, [r3, #36]
 2978              		.loc 1 1626 3 view .LVU1040
 2979 0014 0368     		ldr	r3, [r0]
 2980 0016 5321     		movs	r1, #83
 2981 0018 5962     		str	r1, [r3, #36]
 2982              		.loc 1 1626 3 view .LVU1041
1627:Drivers/STM32F4xx_HAL_Driver/Src/stm32f4xx_hal_rtc_ex.c **** 
1628:Drivers/STM32F4xx_HAL_Driver/Src/stm32f4xx_hal_rtc_ex.c ****   __HAL_RTC_CALIBRATION_OUTPUT_DISABLE(hrtc);
 2983              		.loc 1 1628 3 view .LVU1042
 2984 001a 0168     		ldr	r1, [r0]
 2985 001c 8B68     		ldr	r3, [r1, #8]
 2986 001e 23F40003 		bic	r3, r3, #8388608
ARM GAS  /tmp/ccqAQKKp.s 			page 85


 2987 0022 8B60     		str	r3, [r1, #8]
1629:Drivers/STM32F4xx_HAL_Driver/Src/stm32f4xx_hal_rtc_ex.c **** 
1630:Drivers/STM32F4xx_HAL_Driver/Src/stm32f4xx_hal_rtc_ex.c ****   /* Enable the write protection for RTC registers */
1631:Drivers/STM32F4xx_HAL_Driver/Src/stm32f4xx_hal_rtc_ex.c ****   __HAL_RTC_WRITEPROTECTION_ENABLE(hrtc);
 2988              		.loc 1 1631 3 view .LVU1043
 2989              		.loc 1 1631 3 view .LVU1044
 2990 0024 0368     		ldr	r3, [r0]
 2991 0026 FF21     		movs	r1, #255
 2992 0028 5962     		str	r1, [r3, #36]
 2993              		.loc 1 1631 3 view .LVU1045
1632:Drivers/STM32F4xx_HAL_Driver/Src/stm32f4xx_hal_rtc_ex.c **** 
1633:Drivers/STM32F4xx_HAL_Driver/Src/stm32f4xx_hal_rtc_ex.c ****   /* Change RTC state */
1634:Drivers/STM32F4xx_HAL_Driver/Src/stm32f4xx_hal_rtc_ex.c ****   hrtc->State = HAL_RTC_STATE_READY;
 2994              		.loc 1 1634 3 view .LVU1046
 2995              		.loc 1 1634 15 is_stmt 0 view .LVU1047
 2996 002a 4277     		strb	r2, [r0, #29]
1635:Drivers/STM32F4xx_HAL_Driver/Src/stm32f4xx_hal_rtc_ex.c **** 
1636:Drivers/STM32F4xx_HAL_Driver/Src/stm32f4xx_hal_rtc_ex.c ****   /* Process Unlocked */
1637:Drivers/STM32F4xx_HAL_Driver/Src/stm32f4xx_hal_rtc_ex.c ****   __HAL_UNLOCK(hrtc);
 2997              		.loc 1 1637 3 is_stmt 1 view .LVU1048
 2998              		.loc 1 1637 3 view .LVU1049
 2999 002c 0023     		movs	r3, #0
 3000 002e 0377     		strb	r3, [r0, #28]
 3001              		.loc 1 1637 3 view .LVU1050
1638:Drivers/STM32F4xx_HAL_Driver/Src/stm32f4xx_hal_rtc_ex.c **** 
1639:Drivers/STM32F4xx_HAL_Driver/Src/stm32f4xx_hal_rtc_ex.c ****   return HAL_OK;
 3002              		.loc 1 1639 3 view .LVU1051
 3003              		.loc 1 1639 10 is_stmt 0 view .LVU1052
 3004 0030 1846     		mov	r0, r3
 3005              	.LVL193:
 3006              		.loc 1 1639 10 view .LVU1053
 3007 0032 7047     		bx	lr
 3008              	.LVL194:
 3009              	.L187:
1621:Drivers/STM32F4xx_HAL_Driver/Src/stm32f4xx_hal_rtc_ex.c **** 
 3010              		.loc 1 1621 3 discriminator 1 view .LVU1054
 3011 0034 0220     		movs	r0, #2
 3012              	.LVL195:
1640:Drivers/STM32F4xx_HAL_Driver/Src/stm32f4xx_hal_rtc_ex.c **** }
 3013              		.loc 1 1640 1 view .LVU1055
 3014 0036 7047     		bx	lr
 3015              		.cfi_endproc
 3016              	.LFE267:
 3018              		.section	.text.HAL_RTCEx_SetRefClock,"ax",%progbits
 3019              		.align	1
 3020              		.global	HAL_RTCEx_SetRefClock
 3021              		.syntax unified
 3022              		.thumb
 3023              		.thumb_func
 3025              	HAL_RTCEx_SetRefClock:
 3026              	.LVL196:
 3027              	.LFB268:
1641:Drivers/STM32F4xx_HAL_Driver/Src/stm32f4xx_hal_rtc_ex.c **** 
1642:Drivers/STM32F4xx_HAL_Driver/Src/stm32f4xx_hal_rtc_ex.c **** /**
1643:Drivers/STM32F4xx_HAL_Driver/Src/stm32f4xx_hal_rtc_ex.c ****   * @brief  Enables the RTC reference clock detection.
1644:Drivers/STM32F4xx_HAL_Driver/Src/stm32f4xx_hal_rtc_ex.c ****   * @param  hrtc pointer to a RTC_HandleTypeDef structure that contains
1645:Drivers/STM32F4xx_HAL_Driver/Src/stm32f4xx_hal_rtc_ex.c ****   *                the configuration information for RTC.
ARM GAS  /tmp/ccqAQKKp.s 			page 86


1646:Drivers/STM32F4xx_HAL_Driver/Src/stm32f4xx_hal_rtc_ex.c ****   * @retval HAL status
1647:Drivers/STM32F4xx_HAL_Driver/Src/stm32f4xx_hal_rtc_ex.c ****   */
1648:Drivers/STM32F4xx_HAL_Driver/Src/stm32f4xx_hal_rtc_ex.c **** HAL_StatusTypeDef HAL_RTCEx_SetRefClock(RTC_HandleTypeDef *hrtc)
1649:Drivers/STM32F4xx_HAL_Driver/Src/stm32f4xx_hal_rtc_ex.c **** {
 3028              		.loc 1 1649 1 is_stmt 1 view -0
 3029              		.cfi_startproc
 3030              		@ args = 0, pretend = 0, frame = 0
 3031              		@ frame_needed = 0, uses_anonymous_args = 0
1650:Drivers/STM32F4xx_HAL_Driver/Src/stm32f4xx_hal_rtc_ex.c ****   HAL_StatusTypeDef status;
 3032              		.loc 1 1650 3 view .LVU1057
1651:Drivers/STM32F4xx_HAL_Driver/Src/stm32f4xx_hal_rtc_ex.c **** 
1652:Drivers/STM32F4xx_HAL_Driver/Src/stm32f4xx_hal_rtc_ex.c ****   /* Process Locked */
1653:Drivers/STM32F4xx_HAL_Driver/Src/stm32f4xx_hal_rtc_ex.c ****   __HAL_LOCK(hrtc);
 3033              		.loc 1 1653 3 view .LVU1058
 3034              		.loc 1 1653 3 view .LVU1059
 3035 0000 037F     		ldrb	r3, [r0, #28]	@ zero_extendqisi2
 3036 0002 012B     		cmp	r3, #1
 3037 0004 21D0     		beq	.L191
1649:Drivers/STM32F4xx_HAL_Driver/Src/stm32f4xx_hal_rtc_ex.c ****   HAL_StatusTypeDef status;
 3038              		.loc 1 1649 1 is_stmt 0 view .LVU1060
 3039 0006 10B5     		push	{r4, lr}
 3040              	.LCFI37:
 3041              		.cfi_def_cfa_offset 8
 3042              		.cfi_offset 4, -8
 3043              		.cfi_offset 14, -4
 3044 0008 0446     		mov	r4, r0
 3045              		.loc 1 1653 3 is_stmt 1 discriminator 2 view .LVU1061
 3046 000a 0123     		movs	r3, #1
 3047 000c 0377     		strb	r3, [r0, #28]
 3048              		.loc 1 1653 3 view .LVU1062
1654:Drivers/STM32F4xx_HAL_Driver/Src/stm32f4xx_hal_rtc_ex.c **** 
1655:Drivers/STM32F4xx_HAL_Driver/Src/stm32f4xx_hal_rtc_ex.c ****   hrtc->State = HAL_RTC_STATE_BUSY;
 3049              		.loc 1 1655 3 view .LVU1063
 3050              		.loc 1 1655 15 is_stmt 0 view .LVU1064
 3051 000e 0223     		movs	r3, #2
 3052 0010 4377     		strb	r3, [r0, #29]
1656:Drivers/STM32F4xx_HAL_Driver/Src/stm32f4xx_hal_rtc_ex.c **** 
1657:Drivers/STM32F4xx_HAL_Driver/Src/stm32f4xx_hal_rtc_ex.c ****   /* Disable the write protection for RTC registers */
1658:Drivers/STM32F4xx_HAL_Driver/Src/stm32f4xx_hal_rtc_ex.c ****   __HAL_RTC_WRITEPROTECTION_DISABLE(hrtc);
 3053              		.loc 1 1658 3 is_stmt 1 view .LVU1065
 3054              		.loc 1 1658 3 view .LVU1066
 3055 0012 0368     		ldr	r3, [r0]
 3056 0014 CA22     		movs	r2, #202
 3057 0016 5A62     		str	r2, [r3, #36]
 3058              		.loc 1 1658 3 view .LVU1067
 3059 0018 0368     		ldr	r3, [r0]
 3060 001a 5322     		movs	r2, #83
 3061 001c 5A62     		str	r2, [r3, #36]
 3062              		.loc 1 1658 3 view .LVU1068
1659:Drivers/STM32F4xx_HAL_Driver/Src/stm32f4xx_hal_rtc_ex.c **** 
1660:Drivers/STM32F4xx_HAL_Driver/Src/stm32f4xx_hal_rtc_ex.c ****   /* Enter Initialization mode */
1661:Drivers/STM32F4xx_HAL_Driver/Src/stm32f4xx_hal_rtc_ex.c ****   status = RTC_EnterInitMode(hrtc);
 3063              		.loc 1 1661 3 view .LVU1069
 3064              		.loc 1 1661 12 is_stmt 0 view .LVU1070
 3065 001e FFF7FEFF 		bl	RTC_EnterInitMode
 3066              	.LVL197:
1662:Drivers/STM32F4xx_HAL_Driver/Src/stm32f4xx_hal_rtc_ex.c **** 
ARM GAS  /tmp/ccqAQKKp.s 			page 87


1663:Drivers/STM32F4xx_HAL_Driver/Src/stm32f4xx_hal_rtc_ex.c ****   if (status == HAL_OK)
 3067              		.loc 1 1663 3 is_stmt 1 view .LVU1071
 3068              		.loc 1 1663 6 is_stmt 0 view .LVU1072
 3069 0022 28B1     		cbz	r0, .L196
 3070              	.L190:
 3071              	.LVL198:
1664:Drivers/STM32F4xx_HAL_Driver/Src/stm32f4xx_hal_rtc_ex.c ****   {
1665:Drivers/STM32F4xx_HAL_Driver/Src/stm32f4xx_hal_rtc_ex.c ****     /* Enable the reference clock detection */
1666:Drivers/STM32F4xx_HAL_Driver/Src/stm32f4xx_hal_rtc_ex.c ****     __HAL_RTC_CLOCKREF_DETECTION_ENABLE(hrtc);
1667:Drivers/STM32F4xx_HAL_Driver/Src/stm32f4xx_hal_rtc_ex.c **** 
1668:Drivers/STM32F4xx_HAL_Driver/Src/stm32f4xx_hal_rtc_ex.c ****     /* Exit Initialization mode */
1669:Drivers/STM32F4xx_HAL_Driver/Src/stm32f4xx_hal_rtc_ex.c ****     status = RTC_ExitInitMode(hrtc);
1670:Drivers/STM32F4xx_HAL_Driver/Src/stm32f4xx_hal_rtc_ex.c ****   }
1671:Drivers/STM32F4xx_HAL_Driver/Src/stm32f4xx_hal_rtc_ex.c **** 
1672:Drivers/STM32F4xx_HAL_Driver/Src/stm32f4xx_hal_rtc_ex.c ****   if (status == HAL_OK)
1673:Drivers/STM32F4xx_HAL_Driver/Src/stm32f4xx_hal_rtc_ex.c ****   {
1674:Drivers/STM32F4xx_HAL_Driver/Src/stm32f4xx_hal_rtc_ex.c ****     hrtc->State = HAL_RTC_STATE_READY;
1675:Drivers/STM32F4xx_HAL_Driver/Src/stm32f4xx_hal_rtc_ex.c ****   }
1676:Drivers/STM32F4xx_HAL_Driver/Src/stm32f4xx_hal_rtc_ex.c **** 
1677:Drivers/STM32F4xx_HAL_Driver/Src/stm32f4xx_hal_rtc_ex.c ****   /* Enable the write protection for RTC registers */
1678:Drivers/STM32F4xx_HAL_Driver/Src/stm32f4xx_hal_rtc_ex.c ****   __HAL_RTC_WRITEPROTECTION_ENABLE(hrtc);
 3072              		.loc 1 1678 3 is_stmt 1 view .LVU1073
 3073              		.loc 1 1678 3 view .LVU1074
 3074 0024 2368     		ldr	r3, [r4]
 3075 0026 FF22     		movs	r2, #255
 3076 0028 5A62     		str	r2, [r3, #36]
 3077              		.loc 1 1678 3 view .LVU1075
1679:Drivers/STM32F4xx_HAL_Driver/Src/stm32f4xx_hal_rtc_ex.c **** 
1680:Drivers/STM32F4xx_HAL_Driver/Src/stm32f4xx_hal_rtc_ex.c ****   /* Process Unlocked */
1681:Drivers/STM32F4xx_HAL_Driver/Src/stm32f4xx_hal_rtc_ex.c ****   __HAL_UNLOCK(hrtc);
 3078              		.loc 1 1681 3 view .LVU1076
 3079              		.loc 1 1681 3 view .LVU1077
 3080 002a 0023     		movs	r3, #0
 3081 002c 2377     		strb	r3, [r4, #28]
 3082              		.loc 1 1681 3 view .LVU1078
1682:Drivers/STM32F4xx_HAL_Driver/Src/stm32f4xx_hal_rtc_ex.c **** 
1683:Drivers/STM32F4xx_HAL_Driver/Src/stm32f4xx_hal_rtc_ex.c ****   return status;
 3083              		.loc 1 1683 3 view .LVU1079
1684:Drivers/STM32F4xx_HAL_Driver/Src/stm32f4xx_hal_rtc_ex.c **** }
 3084              		.loc 1 1684 1 is_stmt 0 view .LVU1080
 3085 002e 10BD     		pop	{r4, pc}
 3086              	.LVL199:
 3087              	.L196:
1666:Drivers/STM32F4xx_HAL_Driver/Src/stm32f4xx_hal_rtc_ex.c **** 
 3088              		.loc 1 1666 5 is_stmt 1 view .LVU1081
 3089 0030 2268     		ldr	r2, [r4]
 3090 0032 9368     		ldr	r3, [r2, #8]
 3091 0034 43F01003 		orr	r3, r3, #16
 3092 0038 9360     		str	r3, [r2, #8]
1669:Drivers/STM32F4xx_HAL_Driver/Src/stm32f4xx_hal_rtc_ex.c ****   }
 3093              		.loc 1 1669 5 view .LVU1082
1669:Drivers/STM32F4xx_HAL_Driver/Src/stm32f4xx_hal_rtc_ex.c ****   }
 3094              		.loc 1 1669 14 is_stmt 0 view .LVU1083
 3095 003a 2046     		mov	r0, r4
 3096              	.LVL200:
1669:Drivers/STM32F4xx_HAL_Driver/Src/stm32f4xx_hal_rtc_ex.c ****   }
 3097              		.loc 1 1669 14 view .LVU1084
ARM GAS  /tmp/ccqAQKKp.s 			page 88


 3098 003c FFF7FEFF 		bl	RTC_ExitInitMode
 3099              	.LVL201:
1672:Drivers/STM32F4xx_HAL_Driver/Src/stm32f4xx_hal_rtc_ex.c ****   {
 3100              		.loc 1 1672 3 is_stmt 1 view .LVU1085
1672:Drivers/STM32F4xx_HAL_Driver/Src/stm32f4xx_hal_rtc_ex.c ****   {
 3101              		.loc 1 1672 6 is_stmt 0 view .LVU1086
 3102 0040 0028     		cmp	r0, #0
 3103 0042 EFD1     		bne	.L190
1674:Drivers/STM32F4xx_HAL_Driver/Src/stm32f4xx_hal_rtc_ex.c ****   }
 3104              		.loc 1 1674 5 is_stmt 1 view .LVU1087
1674:Drivers/STM32F4xx_HAL_Driver/Src/stm32f4xx_hal_rtc_ex.c ****   }
 3105              		.loc 1 1674 17 is_stmt 0 view .LVU1088
 3106 0044 0123     		movs	r3, #1
 3107 0046 6377     		strb	r3, [r4, #29]
 3108 0048 ECE7     		b	.L190
 3109              	.LVL202:
 3110              	.L191:
 3111              	.LCFI38:
 3112              		.cfi_def_cfa_offset 0
 3113              		.cfi_restore 4
 3114              		.cfi_restore 14
1653:Drivers/STM32F4xx_HAL_Driver/Src/stm32f4xx_hal_rtc_ex.c **** 
 3115              		.loc 1 1653 3 discriminator 1 view .LVU1089
 3116 004a 0220     		movs	r0, #2
 3117              	.LVL203:
 3118              		.loc 1 1684 1 view .LVU1090
 3119 004c 7047     		bx	lr
 3120              		.cfi_endproc
 3121              	.LFE268:
 3123              		.section	.text.HAL_RTCEx_DeactivateRefClock,"ax",%progbits
 3124              		.align	1
 3125              		.global	HAL_RTCEx_DeactivateRefClock
 3126              		.syntax unified
 3127              		.thumb
 3128              		.thumb_func
 3130              	HAL_RTCEx_DeactivateRefClock:
 3131              	.LVL204:
 3132              	.LFB269:
1685:Drivers/STM32F4xx_HAL_Driver/Src/stm32f4xx_hal_rtc_ex.c **** 
1686:Drivers/STM32F4xx_HAL_Driver/Src/stm32f4xx_hal_rtc_ex.c **** /**
1687:Drivers/STM32F4xx_HAL_Driver/Src/stm32f4xx_hal_rtc_ex.c ****   * @brief  Disable the RTC reference clock detection.
1688:Drivers/STM32F4xx_HAL_Driver/Src/stm32f4xx_hal_rtc_ex.c ****   * @param  hrtc pointer to a RTC_HandleTypeDef structure that contains
1689:Drivers/STM32F4xx_HAL_Driver/Src/stm32f4xx_hal_rtc_ex.c ****   *                the configuration information for RTC.
1690:Drivers/STM32F4xx_HAL_Driver/Src/stm32f4xx_hal_rtc_ex.c ****   * @retval HAL status
1691:Drivers/STM32F4xx_HAL_Driver/Src/stm32f4xx_hal_rtc_ex.c ****   */
1692:Drivers/STM32F4xx_HAL_Driver/Src/stm32f4xx_hal_rtc_ex.c **** HAL_StatusTypeDef HAL_RTCEx_DeactivateRefClock(RTC_HandleTypeDef *hrtc)
1693:Drivers/STM32F4xx_HAL_Driver/Src/stm32f4xx_hal_rtc_ex.c **** {
 3133              		.loc 1 1693 1 is_stmt 1 view -0
 3134              		.cfi_startproc
 3135              		@ args = 0, pretend = 0, frame = 0
 3136              		@ frame_needed = 0, uses_anonymous_args = 0
1694:Drivers/STM32F4xx_HAL_Driver/Src/stm32f4xx_hal_rtc_ex.c ****   HAL_StatusTypeDef status;
 3137              		.loc 1 1694 3 view .LVU1092
1695:Drivers/STM32F4xx_HAL_Driver/Src/stm32f4xx_hal_rtc_ex.c **** 
1696:Drivers/STM32F4xx_HAL_Driver/Src/stm32f4xx_hal_rtc_ex.c ****   /* Process Locked */
1697:Drivers/STM32F4xx_HAL_Driver/Src/stm32f4xx_hal_rtc_ex.c ****   __HAL_LOCK(hrtc);
 3138              		.loc 1 1697 3 view .LVU1093
ARM GAS  /tmp/ccqAQKKp.s 			page 89


 3139              		.loc 1 1697 3 view .LVU1094
 3140 0000 037F     		ldrb	r3, [r0, #28]	@ zero_extendqisi2
 3141 0002 012B     		cmp	r3, #1
 3142 0004 21D0     		beq	.L200
1693:Drivers/STM32F4xx_HAL_Driver/Src/stm32f4xx_hal_rtc_ex.c ****   HAL_StatusTypeDef status;
 3143              		.loc 1 1693 1 is_stmt 0 view .LVU1095
 3144 0006 10B5     		push	{r4, lr}
 3145              	.LCFI39:
 3146              		.cfi_def_cfa_offset 8
 3147              		.cfi_offset 4, -8
 3148              		.cfi_offset 14, -4
 3149 0008 0446     		mov	r4, r0
 3150              		.loc 1 1697 3 is_stmt 1 discriminator 2 view .LVU1096
 3151 000a 0123     		movs	r3, #1
 3152 000c 0377     		strb	r3, [r0, #28]
 3153              		.loc 1 1697 3 view .LVU1097
1698:Drivers/STM32F4xx_HAL_Driver/Src/stm32f4xx_hal_rtc_ex.c **** 
1699:Drivers/STM32F4xx_HAL_Driver/Src/stm32f4xx_hal_rtc_ex.c ****   hrtc->State = HAL_RTC_STATE_BUSY;
 3154              		.loc 1 1699 3 view .LVU1098
 3155              		.loc 1 1699 15 is_stmt 0 view .LVU1099
 3156 000e 0223     		movs	r3, #2
 3157 0010 4377     		strb	r3, [r0, #29]
1700:Drivers/STM32F4xx_HAL_Driver/Src/stm32f4xx_hal_rtc_ex.c **** 
1701:Drivers/STM32F4xx_HAL_Driver/Src/stm32f4xx_hal_rtc_ex.c ****   /* Disable the write protection for RTC registers */
1702:Drivers/STM32F4xx_HAL_Driver/Src/stm32f4xx_hal_rtc_ex.c ****   __HAL_RTC_WRITEPROTECTION_DISABLE(hrtc);
 3158              		.loc 1 1702 3 is_stmt 1 view .LVU1100
 3159              		.loc 1 1702 3 view .LVU1101
 3160 0012 0368     		ldr	r3, [r0]
 3161 0014 CA22     		movs	r2, #202
 3162 0016 5A62     		str	r2, [r3, #36]
 3163              		.loc 1 1702 3 view .LVU1102
 3164 0018 0368     		ldr	r3, [r0]
 3165 001a 5322     		movs	r2, #83
 3166 001c 5A62     		str	r2, [r3, #36]
 3167              		.loc 1 1702 3 view .LVU1103
1703:Drivers/STM32F4xx_HAL_Driver/Src/stm32f4xx_hal_rtc_ex.c **** 
1704:Drivers/STM32F4xx_HAL_Driver/Src/stm32f4xx_hal_rtc_ex.c ****   /* Enter Initialization mode */
1705:Drivers/STM32F4xx_HAL_Driver/Src/stm32f4xx_hal_rtc_ex.c ****   status = RTC_EnterInitMode(hrtc);
 3168              		.loc 1 1705 3 view .LVU1104
 3169              		.loc 1 1705 12 is_stmt 0 view .LVU1105
 3170 001e FFF7FEFF 		bl	RTC_EnterInitMode
 3171              	.LVL205:
1706:Drivers/STM32F4xx_HAL_Driver/Src/stm32f4xx_hal_rtc_ex.c **** 
1707:Drivers/STM32F4xx_HAL_Driver/Src/stm32f4xx_hal_rtc_ex.c ****   if (status == HAL_OK)
 3172              		.loc 1 1707 3 is_stmt 1 view .LVU1106
 3173              		.loc 1 1707 6 is_stmt 0 view .LVU1107
 3174 0022 28B1     		cbz	r0, .L205
 3175              	.L199:
 3176              	.LVL206:
1708:Drivers/STM32F4xx_HAL_Driver/Src/stm32f4xx_hal_rtc_ex.c ****   {
1709:Drivers/STM32F4xx_HAL_Driver/Src/stm32f4xx_hal_rtc_ex.c ****     /* Disable the reference clock detection */
1710:Drivers/STM32F4xx_HAL_Driver/Src/stm32f4xx_hal_rtc_ex.c ****     __HAL_RTC_CLOCKREF_DETECTION_DISABLE(hrtc);
1711:Drivers/STM32F4xx_HAL_Driver/Src/stm32f4xx_hal_rtc_ex.c **** 
1712:Drivers/STM32F4xx_HAL_Driver/Src/stm32f4xx_hal_rtc_ex.c ****     /* Exit Initialization mode */
1713:Drivers/STM32F4xx_HAL_Driver/Src/stm32f4xx_hal_rtc_ex.c ****     status = RTC_ExitInitMode(hrtc);
1714:Drivers/STM32F4xx_HAL_Driver/Src/stm32f4xx_hal_rtc_ex.c ****   }
1715:Drivers/STM32F4xx_HAL_Driver/Src/stm32f4xx_hal_rtc_ex.c **** 
ARM GAS  /tmp/ccqAQKKp.s 			page 90


1716:Drivers/STM32F4xx_HAL_Driver/Src/stm32f4xx_hal_rtc_ex.c ****   if (status == HAL_OK)
1717:Drivers/STM32F4xx_HAL_Driver/Src/stm32f4xx_hal_rtc_ex.c ****   {
1718:Drivers/STM32F4xx_HAL_Driver/Src/stm32f4xx_hal_rtc_ex.c ****     hrtc->State = HAL_RTC_STATE_READY;
1719:Drivers/STM32F4xx_HAL_Driver/Src/stm32f4xx_hal_rtc_ex.c ****   }
1720:Drivers/STM32F4xx_HAL_Driver/Src/stm32f4xx_hal_rtc_ex.c **** 
1721:Drivers/STM32F4xx_HAL_Driver/Src/stm32f4xx_hal_rtc_ex.c ****   /* Enable the write protection for RTC registers */
1722:Drivers/STM32F4xx_HAL_Driver/Src/stm32f4xx_hal_rtc_ex.c ****   __HAL_RTC_WRITEPROTECTION_ENABLE(hrtc);
 3177              		.loc 1 1722 3 is_stmt 1 view .LVU1108
 3178              		.loc 1 1722 3 view .LVU1109
 3179 0024 2368     		ldr	r3, [r4]
 3180 0026 FF22     		movs	r2, #255
 3181 0028 5A62     		str	r2, [r3, #36]
 3182              		.loc 1 1722 3 view .LVU1110
1723:Drivers/STM32F4xx_HAL_Driver/Src/stm32f4xx_hal_rtc_ex.c **** 
1724:Drivers/STM32F4xx_HAL_Driver/Src/stm32f4xx_hal_rtc_ex.c ****   /* Process Unlocked */
1725:Drivers/STM32F4xx_HAL_Driver/Src/stm32f4xx_hal_rtc_ex.c ****   __HAL_UNLOCK(hrtc);
 3183              		.loc 1 1725 3 view .LVU1111
 3184              		.loc 1 1725 3 view .LVU1112
 3185 002a 0023     		movs	r3, #0
 3186 002c 2377     		strb	r3, [r4, #28]
 3187              		.loc 1 1725 3 view .LVU1113
1726:Drivers/STM32F4xx_HAL_Driver/Src/stm32f4xx_hal_rtc_ex.c **** 
1727:Drivers/STM32F4xx_HAL_Driver/Src/stm32f4xx_hal_rtc_ex.c ****   return status;
 3188              		.loc 1 1727 3 view .LVU1114
1728:Drivers/STM32F4xx_HAL_Driver/Src/stm32f4xx_hal_rtc_ex.c **** }
 3189              		.loc 1 1728 1 is_stmt 0 view .LVU1115
 3190 002e 10BD     		pop	{r4, pc}
 3191              	.LVL207:
 3192              	.L205:
1710:Drivers/STM32F4xx_HAL_Driver/Src/stm32f4xx_hal_rtc_ex.c **** 
 3193              		.loc 1 1710 5 is_stmt 1 view .LVU1116
 3194 0030 2268     		ldr	r2, [r4]
 3195 0032 9368     		ldr	r3, [r2, #8]
 3196 0034 23F01003 		bic	r3, r3, #16
 3197 0038 9360     		str	r3, [r2, #8]
1713:Drivers/STM32F4xx_HAL_Driver/Src/stm32f4xx_hal_rtc_ex.c ****   }
 3198              		.loc 1 1713 5 view .LVU1117
1713:Drivers/STM32F4xx_HAL_Driver/Src/stm32f4xx_hal_rtc_ex.c ****   }
 3199              		.loc 1 1713 14 is_stmt 0 view .LVU1118
 3200 003a 2046     		mov	r0, r4
 3201              	.LVL208:
1713:Drivers/STM32F4xx_HAL_Driver/Src/stm32f4xx_hal_rtc_ex.c ****   }
 3202              		.loc 1 1713 14 view .LVU1119
 3203 003c FFF7FEFF 		bl	RTC_ExitInitMode
 3204              	.LVL209:
1716:Drivers/STM32F4xx_HAL_Driver/Src/stm32f4xx_hal_rtc_ex.c ****   {
 3205              		.loc 1 1716 3 is_stmt 1 view .LVU1120
1716:Drivers/STM32F4xx_HAL_Driver/Src/stm32f4xx_hal_rtc_ex.c ****   {
 3206              		.loc 1 1716 6 is_stmt 0 view .LVU1121
 3207 0040 0028     		cmp	r0, #0
 3208 0042 EFD1     		bne	.L199
1718:Drivers/STM32F4xx_HAL_Driver/Src/stm32f4xx_hal_rtc_ex.c ****   }
 3209              		.loc 1 1718 5 is_stmt 1 view .LVU1122
1718:Drivers/STM32F4xx_HAL_Driver/Src/stm32f4xx_hal_rtc_ex.c ****   }
 3210              		.loc 1 1718 17 is_stmt 0 view .LVU1123
 3211 0044 0123     		movs	r3, #1
 3212 0046 6377     		strb	r3, [r4, #29]
ARM GAS  /tmp/ccqAQKKp.s 			page 91


 3213 0048 ECE7     		b	.L199
 3214              	.LVL210:
 3215              	.L200:
 3216              	.LCFI40:
 3217              		.cfi_def_cfa_offset 0
 3218              		.cfi_restore 4
 3219              		.cfi_restore 14
1697:Drivers/STM32F4xx_HAL_Driver/Src/stm32f4xx_hal_rtc_ex.c **** 
 3220              		.loc 1 1697 3 discriminator 1 view .LVU1124
 3221 004a 0220     		movs	r0, #2
 3222              	.LVL211:
 3223              		.loc 1 1728 1 view .LVU1125
 3224 004c 7047     		bx	lr
 3225              		.cfi_endproc
 3226              	.LFE269:
 3228              		.section	.text.HAL_RTCEx_EnableBypassShadow,"ax",%progbits
 3229              		.align	1
 3230              		.global	HAL_RTCEx_EnableBypassShadow
 3231              		.syntax unified
 3232              		.thumb
 3233              		.thumb_func
 3235              	HAL_RTCEx_EnableBypassShadow:
 3236              	.LVL212:
 3237              	.LFB270:
1729:Drivers/STM32F4xx_HAL_Driver/Src/stm32f4xx_hal_rtc_ex.c **** 
1730:Drivers/STM32F4xx_HAL_Driver/Src/stm32f4xx_hal_rtc_ex.c **** /**
1731:Drivers/STM32F4xx_HAL_Driver/Src/stm32f4xx_hal_rtc_ex.c ****   * @brief  Enables the Bypass Shadow feature.
1732:Drivers/STM32F4xx_HAL_Driver/Src/stm32f4xx_hal_rtc_ex.c ****   * @param  hrtc pointer to a RTC_HandleTypeDef structure that contains
1733:Drivers/STM32F4xx_HAL_Driver/Src/stm32f4xx_hal_rtc_ex.c ****   *                the configuration information for RTC.
1734:Drivers/STM32F4xx_HAL_Driver/Src/stm32f4xx_hal_rtc_ex.c ****   * @note   When the Bypass Shadow is enabled the calendar value are taken
1735:Drivers/STM32F4xx_HAL_Driver/Src/stm32f4xx_hal_rtc_ex.c ****   *         directly from the Calendar counter.
1736:Drivers/STM32F4xx_HAL_Driver/Src/stm32f4xx_hal_rtc_ex.c ****   * @retval HAL status
1737:Drivers/STM32F4xx_HAL_Driver/Src/stm32f4xx_hal_rtc_ex.c ****   */
1738:Drivers/STM32F4xx_HAL_Driver/Src/stm32f4xx_hal_rtc_ex.c **** HAL_StatusTypeDef HAL_RTCEx_EnableBypassShadow(RTC_HandleTypeDef *hrtc)
1739:Drivers/STM32F4xx_HAL_Driver/Src/stm32f4xx_hal_rtc_ex.c **** {
 3238              		.loc 1 1739 1 is_stmt 1 view -0
 3239              		.cfi_startproc
 3240              		@ args = 0, pretend = 0, frame = 0
 3241              		@ frame_needed = 0, uses_anonymous_args = 0
 3242              		@ link register save eliminated.
1740:Drivers/STM32F4xx_HAL_Driver/Src/stm32f4xx_hal_rtc_ex.c ****   /* Process Locked */
1741:Drivers/STM32F4xx_HAL_Driver/Src/stm32f4xx_hal_rtc_ex.c ****   __HAL_LOCK(hrtc);
 3243              		.loc 1 1741 3 view .LVU1127
 3244              		.loc 1 1741 3 view .LVU1128
 3245 0000 037F     		ldrb	r3, [r0, #28]	@ zero_extendqisi2
 3246 0002 012B     		cmp	r3, #1
 3247 0004 16D0     		beq	.L208
 3248              		.loc 1 1741 3 discriminator 2 view .LVU1129
 3249 0006 0122     		movs	r2, #1
 3250 0008 0277     		strb	r2, [r0, #28]
 3251              		.loc 1 1741 3 view .LVU1130
1742:Drivers/STM32F4xx_HAL_Driver/Src/stm32f4xx_hal_rtc_ex.c **** 
1743:Drivers/STM32F4xx_HAL_Driver/Src/stm32f4xx_hal_rtc_ex.c ****   hrtc->State = HAL_RTC_STATE_BUSY;
 3252              		.loc 1 1743 3 view .LVU1131
 3253              		.loc 1 1743 15 is_stmt 0 view .LVU1132
 3254 000a 0223     		movs	r3, #2
 3255 000c 4377     		strb	r3, [r0, #29]
ARM GAS  /tmp/ccqAQKKp.s 			page 92


1744:Drivers/STM32F4xx_HAL_Driver/Src/stm32f4xx_hal_rtc_ex.c **** 
1745:Drivers/STM32F4xx_HAL_Driver/Src/stm32f4xx_hal_rtc_ex.c ****   /* Disable the write protection for RTC registers */
1746:Drivers/STM32F4xx_HAL_Driver/Src/stm32f4xx_hal_rtc_ex.c ****   __HAL_RTC_WRITEPROTECTION_DISABLE(hrtc);
 3256              		.loc 1 1746 3 is_stmt 1 view .LVU1133
 3257              		.loc 1 1746 3 view .LVU1134
 3258 000e 0368     		ldr	r3, [r0]
 3259 0010 CA21     		movs	r1, #202
 3260 0012 5962     		str	r1, [r3, #36]
 3261              		.loc 1 1746 3 view .LVU1135
 3262 0014 0368     		ldr	r3, [r0]
 3263 0016 5321     		movs	r1, #83
 3264 0018 5962     		str	r1, [r3, #36]
 3265              		.loc 1 1746 3 view .LVU1136
1747:Drivers/STM32F4xx_HAL_Driver/Src/stm32f4xx_hal_rtc_ex.c **** 
1748:Drivers/STM32F4xx_HAL_Driver/Src/stm32f4xx_hal_rtc_ex.c ****   /* Set the BYPSHAD bit */
1749:Drivers/STM32F4xx_HAL_Driver/Src/stm32f4xx_hal_rtc_ex.c ****   hrtc->Instance->CR |= (uint32_t)RTC_CR_BYPSHAD;
 3266              		.loc 1 1749 3 view .LVU1137
 3267              		.loc 1 1749 7 is_stmt 0 view .LVU1138
 3268 001a 0168     		ldr	r1, [r0]
 3269              		.loc 1 1749 17 view .LVU1139
 3270 001c 8B68     		ldr	r3, [r1, #8]
 3271              		.loc 1 1749 22 view .LVU1140
 3272 001e 43F02003 		orr	r3, r3, #32
 3273 0022 8B60     		str	r3, [r1, #8]
1750:Drivers/STM32F4xx_HAL_Driver/Src/stm32f4xx_hal_rtc_ex.c **** 
1751:Drivers/STM32F4xx_HAL_Driver/Src/stm32f4xx_hal_rtc_ex.c ****   /* Enable the write protection for RTC registers */
1752:Drivers/STM32F4xx_HAL_Driver/Src/stm32f4xx_hal_rtc_ex.c ****   __HAL_RTC_WRITEPROTECTION_ENABLE(hrtc);
 3274              		.loc 1 1752 3 is_stmt 1 view .LVU1141
 3275              		.loc 1 1752 3 view .LVU1142
 3276 0024 0368     		ldr	r3, [r0]
 3277 0026 FF21     		movs	r1, #255
 3278 0028 5962     		str	r1, [r3, #36]
 3279              		.loc 1 1752 3 view .LVU1143
1753:Drivers/STM32F4xx_HAL_Driver/Src/stm32f4xx_hal_rtc_ex.c **** 
1754:Drivers/STM32F4xx_HAL_Driver/Src/stm32f4xx_hal_rtc_ex.c ****   /* Change RTC state */
1755:Drivers/STM32F4xx_HAL_Driver/Src/stm32f4xx_hal_rtc_ex.c ****   hrtc->State = HAL_RTC_STATE_READY;
 3280              		.loc 1 1755 3 view .LVU1144
 3281              		.loc 1 1755 15 is_stmt 0 view .LVU1145
 3282 002a 4277     		strb	r2, [r0, #29]
1756:Drivers/STM32F4xx_HAL_Driver/Src/stm32f4xx_hal_rtc_ex.c **** 
1757:Drivers/STM32F4xx_HAL_Driver/Src/stm32f4xx_hal_rtc_ex.c ****   /* Process Unlocked */
1758:Drivers/STM32F4xx_HAL_Driver/Src/stm32f4xx_hal_rtc_ex.c ****   __HAL_UNLOCK(hrtc);
 3283              		.loc 1 1758 3 is_stmt 1 view .LVU1146
 3284              		.loc 1 1758 3 view .LVU1147
 3285 002c 0023     		movs	r3, #0
 3286 002e 0377     		strb	r3, [r0, #28]
 3287              		.loc 1 1758 3 view .LVU1148
1759:Drivers/STM32F4xx_HAL_Driver/Src/stm32f4xx_hal_rtc_ex.c **** 
1760:Drivers/STM32F4xx_HAL_Driver/Src/stm32f4xx_hal_rtc_ex.c ****   return HAL_OK;
 3288              		.loc 1 1760 3 view .LVU1149
 3289              		.loc 1 1760 10 is_stmt 0 view .LVU1150
 3290 0030 1846     		mov	r0, r3
 3291              	.LVL213:
 3292              		.loc 1 1760 10 view .LVU1151
 3293 0032 7047     		bx	lr
 3294              	.LVL214:
 3295              	.L208:
ARM GAS  /tmp/ccqAQKKp.s 			page 93


1741:Drivers/STM32F4xx_HAL_Driver/Src/stm32f4xx_hal_rtc_ex.c **** 
 3296              		.loc 1 1741 3 discriminator 1 view .LVU1152
 3297 0034 0220     		movs	r0, #2
 3298              	.LVL215:
1761:Drivers/STM32F4xx_HAL_Driver/Src/stm32f4xx_hal_rtc_ex.c **** }
 3299              		.loc 1 1761 1 view .LVU1153
 3300 0036 7047     		bx	lr
 3301              		.cfi_endproc
 3302              	.LFE270:
 3304              		.section	.text.HAL_RTCEx_DisableBypassShadow,"ax",%progbits
 3305              		.align	1
 3306              		.global	HAL_RTCEx_DisableBypassShadow
 3307              		.syntax unified
 3308              		.thumb
 3309              		.thumb_func
 3311              	HAL_RTCEx_DisableBypassShadow:
 3312              	.LVL216:
 3313              	.LFB271:
1762:Drivers/STM32F4xx_HAL_Driver/Src/stm32f4xx_hal_rtc_ex.c **** 
1763:Drivers/STM32F4xx_HAL_Driver/Src/stm32f4xx_hal_rtc_ex.c **** /**
1764:Drivers/STM32F4xx_HAL_Driver/Src/stm32f4xx_hal_rtc_ex.c ****   * @brief  Disables the Bypass Shadow feature.
1765:Drivers/STM32F4xx_HAL_Driver/Src/stm32f4xx_hal_rtc_ex.c ****   * @param  hrtc pointer to a RTC_HandleTypeDef structure that contains
1766:Drivers/STM32F4xx_HAL_Driver/Src/stm32f4xx_hal_rtc_ex.c ****   *                the configuration information for RTC.
1767:Drivers/STM32F4xx_HAL_Driver/Src/stm32f4xx_hal_rtc_ex.c ****   * @note   When the Bypass Shadow is enabled the calendar value are taken
1768:Drivers/STM32F4xx_HAL_Driver/Src/stm32f4xx_hal_rtc_ex.c ****   *         directly from the Calendar counter.
1769:Drivers/STM32F4xx_HAL_Driver/Src/stm32f4xx_hal_rtc_ex.c ****   * @retval HAL status
1770:Drivers/STM32F4xx_HAL_Driver/Src/stm32f4xx_hal_rtc_ex.c ****   */
1771:Drivers/STM32F4xx_HAL_Driver/Src/stm32f4xx_hal_rtc_ex.c **** HAL_StatusTypeDef HAL_RTCEx_DisableBypassShadow(RTC_HandleTypeDef *hrtc)
1772:Drivers/STM32F4xx_HAL_Driver/Src/stm32f4xx_hal_rtc_ex.c **** {
 3314              		.loc 1 1772 1 is_stmt 1 view -0
 3315              		.cfi_startproc
 3316              		@ args = 0, pretend = 0, frame = 0
 3317              		@ frame_needed = 0, uses_anonymous_args = 0
 3318              		@ link register save eliminated.
1773:Drivers/STM32F4xx_HAL_Driver/Src/stm32f4xx_hal_rtc_ex.c ****   /* Process Locked */
1774:Drivers/STM32F4xx_HAL_Driver/Src/stm32f4xx_hal_rtc_ex.c ****   __HAL_LOCK(hrtc);
 3319              		.loc 1 1774 3 view .LVU1155
 3320              		.loc 1 1774 3 view .LVU1156
 3321 0000 037F     		ldrb	r3, [r0, #28]	@ zero_extendqisi2
 3322 0002 012B     		cmp	r3, #1
 3323 0004 16D0     		beq	.L211
 3324              		.loc 1 1774 3 discriminator 2 view .LVU1157
 3325 0006 0122     		movs	r2, #1
 3326 0008 0277     		strb	r2, [r0, #28]
 3327              		.loc 1 1774 3 view .LVU1158
1775:Drivers/STM32F4xx_HAL_Driver/Src/stm32f4xx_hal_rtc_ex.c **** 
1776:Drivers/STM32F4xx_HAL_Driver/Src/stm32f4xx_hal_rtc_ex.c ****   hrtc->State = HAL_RTC_STATE_BUSY;
 3328              		.loc 1 1776 3 view .LVU1159
 3329              		.loc 1 1776 15 is_stmt 0 view .LVU1160
 3330 000a 0223     		movs	r3, #2
 3331 000c 4377     		strb	r3, [r0, #29]
1777:Drivers/STM32F4xx_HAL_Driver/Src/stm32f4xx_hal_rtc_ex.c **** 
1778:Drivers/STM32F4xx_HAL_Driver/Src/stm32f4xx_hal_rtc_ex.c ****   /* Disable the write protection for RTC registers */
1779:Drivers/STM32F4xx_HAL_Driver/Src/stm32f4xx_hal_rtc_ex.c ****   __HAL_RTC_WRITEPROTECTION_DISABLE(hrtc);
 3332              		.loc 1 1779 3 is_stmt 1 view .LVU1161
 3333              		.loc 1 1779 3 view .LVU1162
 3334 000e 0368     		ldr	r3, [r0]
ARM GAS  /tmp/ccqAQKKp.s 			page 94


 3335 0010 CA21     		movs	r1, #202
 3336 0012 5962     		str	r1, [r3, #36]
 3337              		.loc 1 1779 3 view .LVU1163
 3338 0014 0368     		ldr	r3, [r0]
 3339 0016 5321     		movs	r1, #83
 3340 0018 5962     		str	r1, [r3, #36]
 3341              		.loc 1 1779 3 view .LVU1164
1780:Drivers/STM32F4xx_HAL_Driver/Src/stm32f4xx_hal_rtc_ex.c **** 
1781:Drivers/STM32F4xx_HAL_Driver/Src/stm32f4xx_hal_rtc_ex.c ****   /* Reset the BYPSHAD bit */
1782:Drivers/STM32F4xx_HAL_Driver/Src/stm32f4xx_hal_rtc_ex.c ****   hrtc->Instance->CR &= (uint32_t)~RTC_CR_BYPSHAD;
 3342              		.loc 1 1782 3 view .LVU1165
 3343              		.loc 1 1782 7 is_stmt 0 view .LVU1166
 3344 001a 0168     		ldr	r1, [r0]
 3345              		.loc 1 1782 17 view .LVU1167
 3346 001c 8B68     		ldr	r3, [r1, #8]
 3347              		.loc 1 1782 22 view .LVU1168
 3348 001e 23F02003 		bic	r3, r3, #32
 3349 0022 8B60     		str	r3, [r1, #8]
1783:Drivers/STM32F4xx_HAL_Driver/Src/stm32f4xx_hal_rtc_ex.c **** 
1784:Drivers/STM32F4xx_HAL_Driver/Src/stm32f4xx_hal_rtc_ex.c ****   /* Enable the write protection for RTC registers */
1785:Drivers/STM32F4xx_HAL_Driver/Src/stm32f4xx_hal_rtc_ex.c ****   __HAL_RTC_WRITEPROTECTION_ENABLE(hrtc);
 3350              		.loc 1 1785 3 is_stmt 1 view .LVU1169
 3351              		.loc 1 1785 3 view .LVU1170
 3352 0024 0368     		ldr	r3, [r0]
 3353 0026 FF21     		movs	r1, #255
 3354 0028 5962     		str	r1, [r3, #36]
 3355              		.loc 1 1785 3 view .LVU1171
1786:Drivers/STM32F4xx_HAL_Driver/Src/stm32f4xx_hal_rtc_ex.c **** 
1787:Drivers/STM32F4xx_HAL_Driver/Src/stm32f4xx_hal_rtc_ex.c ****   /* Change RTC state */
1788:Drivers/STM32F4xx_HAL_Driver/Src/stm32f4xx_hal_rtc_ex.c ****   hrtc->State = HAL_RTC_STATE_READY;
 3356              		.loc 1 1788 3 view .LVU1172
 3357              		.loc 1 1788 15 is_stmt 0 view .LVU1173
 3358 002a 4277     		strb	r2, [r0, #29]
1789:Drivers/STM32F4xx_HAL_Driver/Src/stm32f4xx_hal_rtc_ex.c **** 
1790:Drivers/STM32F4xx_HAL_Driver/Src/stm32f4xx_hal_rtc_ex.c ****   /* Process Unlocked */
1791:Drivers/STM32F4xx_HAL_Driver/Src/stm32f4xx_hal_rtc_ex.c ****   __HAL_UNLOCK(hrtc);
 3359              		.loc 1 1791 3 is_stmt 1 view .LVU1174
 3360              		.loc 1 1791 3 view .LVU1175
 3361 002c 0023     		movs	r3, #0
 3362 002e 0377     		strb	r3, [r0, #28]
 3363              		.loc 1 1791 3 view .LVU1176
1792:Drivers/STM32F4xx_HAL_Driver/Src/stm32f4xx_hal_rtc_ex.c **** 
1793:Drivers/STM32F4xx_HAL_Driver/Src/stm32f4xx_hal_rtc_ex.c ****   return HAL_OK;
 3364              		.loc 1 1793 3 view .LVU1177
 3365              		.loc 1 1793 10 is_stmt 0 view .LVU1178
 3366 0030 1846     		mov	r0, r3
 3367              	.LVL217:
 3368              		.loc 1 1793 10 view .LVU1179
 3369 0032 7047     		bx	lr
 3370              	.LVL218:
 3371              	.L211:
1774:Drivers/STM32F4xx_HAL_Driver/Src/stm32f4xx_hal_rtc_ex.c **** 
 3372              		.loc 1 1774 3 discriminator 1 view .LVU1180
 3373 0034 0220     		movs	r0, #2
 3374              	.LVL219:
1794:Drivers/STM32F4xx_HAL_Driver/Src/stm32f4xx_hal_rtc_ex.c **** }
 3375              		.loc 1 1794 1 view .LVU1181
ARM GAS  /tmp/ccqAQKKp.s 			page 95


 3376 0036 7047     		bx	lr
 3377              		.cfi_endproc
 3378              	.LFE271:
 3380              		.section	.text.HAL_RTCEx_AlarmBEventCallback,"ax",%progbits
 3381              		.align	1
 3382              		.weak	HAL_RTCEx_AlarmBEventCallback
 3383              		.syntax unified
 3384              		.thumb
 3385              		.thumb_func
 3387              	HAL_RTCEx_AlarmBEventCallback:
 3388              	.LVL220:
 3389              	.LFB272:
1795:Drivers/STM32F4xx_HAL_Driver/Src/stm32f4xx_hal_rtc_ex.c **** 
1796:Drivers/STM32F4xx_HAL_Driver/Src/stm32f4xx_hal_rtc_ex.c **** /**
1797:Drivers/STM32F4xx_HAL_Driver/Src/stm32f4xx_hal_rtc_ex.c ****   * @}
1798:Drivers/STM32F4xx_HAL_Driver/Src/stm32f4xx_hal_rtc_ex.c ****   */
1799:Drivers/STM32F4xx_HAL_Driver/Src/stm32f4xx_hal_rtc_ex.c **** 
1800:Drivers/STM32F4xx_HAL_Driver/Src/stm32f4xx_hal_rtc_ex.c **** /** @defgroup RTCEx_Exported_Functions_Group4 Extended features functions
1801:Drivers/STM32F4xx_HAL_Driver/Src/stm32f4xx_hal_rtc_ex.c ****   * @brief    Extended features functions
1802:Drivers/STM32F4xx_HAL_Driver/Src/stm32f4xx_hal_rtc_ex.c ****   *
1803:Drivers/STM32F4xx_HAL_Driver/Src/stm32f4xx_hal_rtc_ex.c **** @verbatim
1804:Drivers/STM32F4xx_HAL_Driver/Src/stm32f4xx_hal_rtc_ex.c ****  ===============================================================================
1805:Drivers/STM32F4xx_HAL_Driver/Src/stm32f4xx_hal_rtc_ex.c ****                  ##### Extended features functions #####
1806:Drivers/STM32F4xx_HAL_Driver/Src/stm32f4xx_hal_rtc_ex.c ****  ===============================================================================
1807:Drivers/STM32F4xx_HAL_Driver/Src/stm32f4xx_hal_rtc_ex.c ****     [..]  This section provides functions allowing to:
1808:Drivers/STM32F4xx_HAL_Driver/Src/stm32f4xx_hal_rtc_ex.c ****       (+) RTC Alarm B callback
1809:Drivers/STM32F4xx_HAL_Driver/Src/stm32f4xx_hal_rtc_ex.c ****       (+) RTC Poll for Alarm B request
1810:Drivers/STM32F4xx_HAL_Driver/Src/stm32f4xx_hal_rtc_ex.c **** 
1811:Drivers/STM32F4xx_HAL_Driver/Src/stm32f4xx_hal_rtc_ex.c **** @endverbatim
1812:Drivers/STM32F4xx_HAL_Driver/Src/stm32f4xx_hal_rtc_ex.c ****   * @{
1813:Drivers/STM32F4xx_HAL_Driver/Src/stm32f4xx_hal_rtc_ex.c ****   */
1814:Drivers/STM32F4xx_HAL_Driver/Src/stm32f4xx_hal_rtc_ex.c **** 
1815:Drivers/STM32F4xx_HAL_Driver/Src/stm32f4xx_hal_rtc_ex.c **** /**
1816:Drivers/STM32F4xx_HAL_Driver/Src/stm32f4xx_hal_rtc_ex.c ****   * @brief  Alarm B callback.
1817:Drivers/STM32F4xx_HAL_Driver/Src/stm32f4xx_hal_rtc_ex.c ****   * @param  hrtc pointer to a RTC_HandleTypeDef structure that contains
1818:Drivers/STM32F4xx_HAL_Driver/Src/stm32f4xx_hal_rtc_ex.c ****   *                the configuration information for RTC.
1819:Drivers/STM32F4xx_HAL_Driver/Src/stm32f4xx_hal_rtc_ex.c ****   * @retval None
1820:Drivers/STM32F4xx_HAL_Driver/Src/stm32f4xx_hal_rtc_ex.c ****   */
1821:Drivers/STM32F4xx_HAL_Driver/Src/stm32f4xx_hal_rtc_ex.c **** __weak void HAL_RTCEx_AlarmBEventCallback(RTC_HandleTypeDef *hrtc)
1822:Drivers/STM32F4xx_HAL_Driver/Src/stm32f4xx_hal_rtc_ex.c **** {
 3390              		.loc 1 1822 1 is_stmt 1 view -0
 3391              		.cfi_startproc
 3392              		@ args = 0, pretend = 0, frame = 0
 3393              		@ frame_needed = 0, uses_anonymous_args = 0
 3394              		@ link register save eliminated.
1823:Drivers/STM32F4xx_HAL_Driver/Src/stm32f4xx_hal_rtc_ex.c ****   /* Prevent unused argument(s) compilation warning */
1824:Drivers/STM32F4xx_HAL_Driver/Src/stm32f4xx_hal_rtc_ex.c ****   UNUSED(hrtc);
 3395              		.loc 1 1824 3 view .LVU1183
1825:Drivers/STM32F4xx_HAL_Driver/Src/stm32f4xx_hal_rtc_ex.c **** 
1826:Drivers/STM32F4xx_HAL_Driver/Src/stm32f4xx_hal_rtc_ex.c ****   /* NOTE: This function should not be modified, when the callback is needed,
1827:Drivers/STM32F4xx_HAL_Driver/Src/stm32f4xx_hal_rtc_ex.c ****            the HAL_RTCEx_AlarmBEventCallback could be implemented in the user file
1828:Drivers/STM32F4xx_HAL_Driver/Src/stm32f4xx_hal_rtc_ex.c ****    */
1829:Drivers/STM32F4xx_HAL_Driver/Src/stm32f4xx_hal_rtc_ex.c **** }
 3396              		.loc 1 1829 1 is_stmt 0 view .LVU1184
 3397 0000 7047     		bx	lr
 3398              		.cfi_endproc
 3399              	.LFE272:
ARM GAS  /tmp/ccqAQKKp.s 			page 96


 3401              		.section	.text.HAL_RTCEx_PollForAlarmBEvent,"ax",%progbits
 3402              		.align	1
 3403              		.global	HAL_RTCEx_PollForAlarmBEvent
 3404              		.syntax unified
 3405              		.thumb
 3406              		.thumb_func
 3408              	HAL_RTCEx_PollForAlarmBEvent:
 3409              	.LVL221:
 3410              	.LFB273:
1830:Drivers/STM32F4xx_HAL_Driver/Src/stm32f4xx_hal_rtc_ex.c **** 
1831:Drivers/STM32F4xx_HAL_Driver/Src/stm32f4xx_hal_rtc_ex.c **** /**
1832:Drivers/STM32F4xx_HAL_Driver/Src/stm32f4xx_hal_rtc_ex.c ****   * @brief  Handles Alarm B Polling request.
1833:Drivers/STM32F4xx_HAL_Driver/Src/stm32f4xx_hal_rtc_ex.c ****   * @param  hrtc pointer to a RTC_HandleTypeDef structure that contains
1834:Drivers/STM32F4xx_HAL_Driver/Src/stm32f4xx_hal_rtc_ex.c ****   *                the configuration information for RTC.
1835:Drivers/STM32F4xx_HAL_Driver/Src/stm32f4xx_hal_rtc_ex.c ****   * @param  Timeout Timeout duration
1836:Drivers/STM32F4xx_HAL_Driver/Src/stm32f4xx_hal_rtc_ex.c ****   * @retval HAL status
1837:Drivers/STM32F4xx_HAL_Driver/Src/stm32f4xx_hal_rtc_ex.c ****   */
1838:Drivers/STM32F4xx_HAL_Driver/Src/stm32f4xx_hal_rtc_ex.c **** HAL_StatusTypeDef HAL_RTCEx_PollForAlarmBEvent(RTC_HandleTypeDef *hrtc, uint32_t Timeout)
1839:Drivers/STM32F4xx_HAL_Driver/Src/stm32f4xx_hal_rtc_ex.c **** {
 3411              		.loc 1 1839 1 is_stmt 1 view -0
 3412              		.cfi_startproc
 3413              		@ args = 0, pretend = 0, frame = 0
 3414              		@ frame_needed = 0, uses_anonymous_args = 0
 3415              		.loc 1 1839 1 is_stmt 0 view .LVU1186
 3416 0000 70B5     		push	{r4, r5, r6, lr}
 3417              	.LCFI41:
 3418              		.cfi_def_cfa_offset 16
 3419              		.cfi_offset 4, -16
 3420              		.cfi_offset 5, -12
 3421              		.cfi_offset 6, -8
 3422              		.cfi_offset 14, -4
 3423 0002 0446     		mov	r4, r0
 3424 0004 0D46     		mov	r5, r1
1840:Drivers/STM32F4xx_HAL_Driver/Src/stm32f4xx_hal_rtc_ex.c ****   uint32_t tickstart = 0U;
 3425              		.loc 1 1840 3 is_stmt 1 view .LVU1187
 3426              	.LVL222:
1841:Drivers/STM32F4xx_HAL_Driver/Src/stm32f4xx_hal_rtc_ex.c **** 
1842:Drivers/STM32F4xx_HAL_Driver/Src/stm32f4xx_hal_rtc_ex.c ****   /* Get tick */
1843:Drivers/STM32F4xx_HAL_Driver/Src/stm32f4xx_hal_rtc_ex.c ****   tickstart = HAL_GetTick();
 3427              		.loc 1 1843 3 view .LVU1188
 3428              		.loc 1 1843 15 is_stmt 0 view .LVU1189
 3429 0006 FFF7FEFF 		bl	HAL_GetTick
 3430              	.LVL223:
 3431              		.loc 1 1843 15 view .LVU1190
 3432 000a 0646     		mov	r6, r0
 3433              	.LVL224:
1844:Drivers/STM32F4xx_HAL_Driver/Src/stm32f4xx_hal_rtc_ex.c **** 
1845:Drivers/STM32F4xx_HAL_Driver/Src/stm32f4xx_hal_rtc_ex.c ****   /* Wait till RTC ALRBF flag is set and if timeout is reached exit */
1846:Drivers/STM32F4xx_HAL_Driver/Src/stm32f4xx_hal_rtc_ex.c ****   while (__HAL_RTC_ALARM_GET_FLAG(hrtc, RTC_FLAG_ALRBF) == 0U)
 3434              		.loc 1 1846 3 is_stmt 1 view .LVU1191
 3435              	.L215:
 3436              		.loc 1 1846 57 view .LVU1192
 3437              		.loc 1 1846 10 is_stmt 0 view .LVU1193
 3438 000c 2368     		ldr	r3, [r4]
 3439 000e DA68     		ldr	r2, [r3, #12]
 3440              		.loc 1 1846 57 view .LVU1194
 3441 0010 12F4007F 		tst	r2, #512
ARM GAS  /tmp/ccqAQKKp.s 			page 97


 3442 0014 0BD1     		bne	.L220
1847:Drivers/STM32F4xx_HAL_Driver/Src/stm32f4xx_hal_rtc_ex.c ****   {
1848:Drivers/STM32F4xx_HAL_Driver/Src/stm32f4xx_hal_rtc_ex.c ****     if (Timeout != HAL_MAX_DELAY)
 3443              		.loc 1 1848 5 is_stmt 1 view .LVU1195
 3444              		.loc 1 1848 8 is_stmt 0 view .LVU1196
 3445 0016 B5F1FF3F 		cmp	r5, #-1
 3446 001a F7D0     		beq	.L215
1849:Drivers/STM32F4xx_HAL_Driver/Src/stm32f4xx_hal_rtc_ex.c ****     {
1850:Drivers/STM32F4xx_HAL_Driver/Src/stm32f4xx_hal_rtc_ex.c ****       if ((Timeout == 0U) || ((HAL_GetTick() - tickstart) > Timeout))
 3447              		.loc 1 1850 7 is_stmt 1 view .LVU1197
 3448              		.loc 1 1850 10 is_stmt 0 view .LVU1198
 3449 001c 25B1     		cbz	r5, .L216
 3450              		.loc 1 1850 32 discriminator 1 view .LVU1199
 3451 001e FFF7FEFF 		bl	HAL_GetTick
 3452              	.LVL225:
 3453              		.loc 1 1850 46 discriminator 1 view .LVU1200
 3454 0022 801B     		subs	r0, r0, r6
 3455              		.loc 1 1850 27 discriminator 1 view .LVU1201
 3456 0024 A842     		cmp	r0, r5
 3457 0026 F1D9     		bls	.L215
 3458              	.L216:
1851:Drivers/STM32F4xx_HAL_Driver/Src/stm32f4xx_hal_rtc_ex.c ****       {
1852:Drivers/STM32F4xx_HAL_Driver/Src/stm32f4xx_hal_rtc_ex.c ****         hrtc->State = HAL_RTC_STATE_TIMEOUT;
 3459              		.loc 1 1852 9 is_stmt 1 view .LVU1202
 3460              		.loc 1 1852 21 is_stmt 0 view .LVU1203
 3461 0028 0320     		movs	r0, #3
 3462 002a 6077     		strb	r0, [r4, #29]
1853:Drivers/STM32F4xx_HAL_Driver/Src/stm32f4xx_hal_rtc_ex.c ****         return HAL_TIMEOUT;
 3463              		.loc 1 1853 9 is_stmt 1 view .LVU1204
 3464              		.loc 1 1853 16 is_stmt 0 view .LVU1205
 3465 002c 07E0     		b	.L217
 3466              	.L220:
1854:Drivers/STM32F4xx_HAL_Driver/Src/stm32f4xx_hal_rtc_ex.c ****       }
1855:Drivers/STM32F4xx_HAL_Driver/Src/stm32f4xx_hal_rtc_ex.c ****     }
1856:Drivers/STM32F4xx_HAL_Driver/Src/stm32f4xx_hal_rtc_ex.c ****   }
1857:Drivers/STM32F4xx_HAL_Driver/Src/stm32f4xx_hal_rtc_ex.c **** 
1858:Drivers/STM32F4xx_HAL_Driver/Src/stm32f4xx_hal_rtc_ex.c ****   /* Clear the Alarm flag */
1859:Drivers/STM32F4xx_HAL_Driver/Src/stm32f4xx_hal_rtc_ex.c ****   __HAL_RTC_ALARM_CLEAR_FLAG(hrtc, RTC_FLAG_ALRBF);
 3467              		.loc 1 1859 3 is_stmt 1 view .LVU1206
 3468 002e DA68     		ldr	r2, [r3, #12]
 3469 0030 D2B2     		uxtb	r2, r2
 3470 0032 62F42072 		orn	r2, r2, #640
 3471 0036 DA60     		str	r2, [r3, #12]
1860:Drivers/STM32F4xx_HAL_Driver/Src/stm32f4xx_hal_rtc_ex.c **** 
1861:Drivers/STM32F4xx_HAL_Driver/Src/stm32f4xx_hal_rtc_ex.c ****   /* Change RTC state */
1862:Drivers/STM32F4xx_HAL_Driver/Src/stm32f4xx_hal_rtc_ex.c ****   hrtc->State = HAL_RTC_STATE_READY;
 3472              		.loc 1 1862 3 view .LVU1207
 3473              		.loc 1 1862 15 is_stmt 0 view .LVU1208
 3474 0038 0123     		movs	r3, #1
 3475 003a 6377     		strb	r3, [r4, #29]
1863:Drivers/STM32F4xx_HAL_Driver/Src/stm32f4xx_hal_rtc_ex.c **** 
1864:Drivers/STM32F4xx_HAL_Driver/Src/stm32f4xx_hal_rtc_ex.c ****   return HAL_OK;
 3476              		.loc 1 1864 3 is_stmt 1 view .LVU1209
 3477              		.loc 1 1864 10 is_stmt 0 view .LVU1210
 3478 003c 0020     		movs	r0, #0
 3479              	.L217:
1865:Drivers/STM32F4xx_HAL_Driver/Src/stm32f4xx_hal_rtc_ex.c **** }
ARM GAS  /tmp/ccqAQKKp.s 			page 98


 3480              		.loc 1 1865 1 view .LVU1211
 3481 003e 70BD     		pop	{r4, r5, r6, pc}
 3482              		.loc 1 1865 1 view .LVU1212
 3483              		.cfi_endproc
 3484              	.LFE273:
 3486              		.text
 3487              	.Letext0:
 3488              		.file 2 "/usr/lib/gcc/arm-none-eabi/14.2.1/include/stdint.h"
 3489              		.file 3 "Drivers/CMSIS/Device/ST/STM32F4xx/Include/stm32f407xx.h"
 3490              		.file 4 "Drivers/STM32F4xx_HAL_Driver/Inc/stm32f4xx_hal_def.h"
 3491              		.file 5 "Drivers/STM32F4xx_HAL_Driver/Inc/stm32f4xx_hal_rtc.h"
 3492              		.file 6 "Drivers/STM32F4xx_HAL_Driver/Inc/stm32f4xx_hal_rtc_ex.h"
 3493              		.file 7 "Drivers/CMSIS/Device/ST/STM32F4xx/Include/system_stm32f4xx.h"
 3494              		.file 8 "Drivers/STM32F4xx_HAL_Driver/Inc/stm32f4xx_hal.h"
ARM GAS  /tmp/ccqAQKKp.s 			page 99


DEFINED SYMBOLS
                            *ABS*:00000000 stm32f4xx_hal_rtc_ex.c
     /tmp/ccqAQKKp.s:21     .text.HAL_RTCEx_SetTimeStamp:00000000 $t
     /tmp/ccqAQKKp.s:27     .text.HAL_RTCEx_SetTimeStamp:00000000 HAL_RTCEx_SetTimeStamp
     /tmp/ccqAQKKp.s:160    .text.HAL_RTCEx_SetTimeStamp_IT:00000000 $t
     /tmp/ccqAQKKp.s:166    .text.HAL_RTCEx_SetTimeStamp_IT:00000000 HAL_RTCEx_SetTimeStamp_IT
     /tmp/ccqAQKKp.s:312    .text.HAL_RTCEx_SetTimeStamp_IT:00000094 $d
     /tmp/ccqAQKKp.s:317    .text.HAL_RTCEx_DeactivateTimeStamp:00000000 $t
     /tmp/ccqAQKKp.s:323    .text.HAL_RTCEx_DeactivateTimeStamp:00000000 HAL_RTCEx_DeactivateTimeStamp
     /tmp/ccqAQKKp.s:409    .text.HAL_RTCEx_GetTimeStamp:00000000 $t
     /tmp/ccqAQKKp.s:415    .text.HAL_RTCEx_GetTimeStamp:00000000 HAL_RTCEx_GetTimeStamp
     /tmp/ccqAQKKp.s:561    .text.HAL_RTCEx_SetTamper:00000000 $t
     /tmp/ccqAQKKp.s:567    .text.HAL_RTCEx_SetTamper:00000000 HAL_RTCEx_SetTamper
     /tmp/ccqAQKKp.s:712    .text.HAL_RTCEx_SetTamper_IT:00000000 $t
     /tmp/ccqAQKKp.s:718    .text.HAL_RTCEx_SetTamper_IT:00000000 HAL_RTCEx_SetTamper_IT
     /tmp/ccqAQKKp.s:871    .text.HAL_RTCEx_SetTamper_IT:00000070 $d
     /tmp/ccqAQKKp.s:876    .text.HAL_RTCEx_DeactivateTamper:00000000 $t
     /tmp/ccqAQKKp.s:882    .text.HAL_RTCEx_DeactivateTamper:00000000 HAL_RTCEx_DeactivateTamper
     /tmp/ccqAQKKp.s:946    .text.HAL_RTCEx_TimeStampEventCallback:00000000 $t
     /tmp/ccqAQKKp.s:952    .text.HAL_RTCEx_TimeStampEventCallback:00000000 HAL_RTCEx_TimeStampEventCallback
     /tmp/ccqAQKKp.s:967    .text.HAL_RTCEx_Tamper1EventCallback:00000000 $t
     /tmp/ccqAQKKp.s:973    .text.HAL_RTCEx_Tamper1EventCallback:00000000 HAL_RTCEx_Tamper1EventCallback
     /tmp/ccqAQKKp.s:988    .text.HAL_RTCEx_Tamper2EventCallback:00000000 $t
     /tmp/ccqAQKKp.s:994    .text.HAL_RTCEx_Tamper2EventCallback:00000000 HAL_RTCEx_Tamper2EventCallback
     /tmp/ccqAQKKp.s:1009   .text.HAL_RTCEx_TamperTimeStampIRQHandler:00000000 $t
     /tmp/ccqAQKKp.s:1015   .text.HAL_RTCEx_TamperTimeStampIRQHandler:00000000 HAL_RTCEx_TamperTimeStampIRQHandler
     /tmp/ccqAQKKp.s:1119   .text.HAL_RTCEx_TamperTimeStampIRQHandler:00000080 $d
     /tmp/ccqAQKKp.s:1124   .text.HAL_RTCEx_PollForTimeStampEvent:00000000 $t
     /tmp/ccqAQKKp.s:1130   .text.HAL_RTCEx_PollForTimeStampEvent:00000000 HAL_RTCEx_PollForTimeStampEvent
     /tmp/ccqAQKKp.s:1228   .text.HAL_RTCEx_PollForTamper1Event:00000000 $t
     /tmp/ccqAQKKp.s:1234   .text.HAL_RTCEx_PollForTamper1Event:00000000 HAL_RTCEx_PollForTamper1Event
     /tmp/ccqAQKKp.s:1313   .text.HAL_RTCEx_PollForTamper2Event:00000000 $t
     /tmp/ccqAQKKp.s:1319   .text.HAL_RTCEx_PollForTamper2Event:00000000 HAL_RTCEx_PollForTamper2Event
     /tmp/ccqAQKKp.s:1398   .text.HAL_RTCEx_SetWakeUpTimer:00000000 $t
     /tmp/ccqAQKKp.s:1404   .text.HAL_RTCEx_SetWakeUpTimer:00000000 HAL_RTCEx_SetWakeUpTimer
     /tmp/ccqAQKKp.s:1615   .text.HAL_RTCEx_SetWakeUpTimer_IT:00000000 $t
     /tmp/ccqAQKKp.s:1621   .text.HAL_RTCEx_SetWakeUpTimer_IT:00000000 HAL_RTCEx_SetWakeUpTimer_IT
     /tmp/ccqAQKKp.s:1858   .text.HAL_RTCEx_SetWakeUpTimer_IT:0000011c $d
     /tmp/ccqAQKKp.s:1865   .text.HAL_RTCEx_DeactivateWakeUpTimer:00000000 $t
     /tmp/ccqAQKKp.s:1871   .text.HAL_RTCEx_DeactivateWakeUpTimer:00000000 HAL_RTCEx_DeactivateWakeUpTimer
     /tmp/ccqAQKKp.s:1996   .text.HAL_RTCEx_GetWakeUpTimer:00000000 $t
     /tmp/ccqAQKKp.s:2002   .text.HAL_RTCEx_GetWakeUpTimer:00000000 HAL_RTCEx_GetWakeUpTimer
     /tmp/ccqAQKKp.s:2023   .text.HAL_RTCEx_WakeUpTimerEventCallback:00000000 $t
     /tmp/ccqAQKKp.s:2029   .text.HAL_RTCEx_WakeUpTimerEventCallback:00000000 HAL_RTCEx_WakeUpTimerEventCallback
     /tmp/ccqAQKKp.s:2044   .text.HAL_RTCEx_WakeUpTimerIRQHandler:00000000 $t
     /tmp/ccqAQKKp.s:2050   .text.HAL_RTCEx_WakeUpTimerIRQHandler:00000000 HAL_RTCEx_WakeUpTimerIRQHandler
     /tmp/ccqAQKKp.s:2098   .text.HAL_RTCEx_WakeUpTimerIRQHandler:0000002c $d
     /tmp/ccqAQKKp.s:2103   .text.HAL_RTCEx_PollForWakeUpTimerEvent:00000000 $t
     /tmp/ccqAQKKp.s:2109   .text.HAL_RTCEx_PollForWakeUpTimerEvent:00000000 HAL_RTCEx_PollForWakeUpTimerEvent
     /tmp/ccqAQKKp.s:2188   .text.HAL_RTCEx_BKUPWrite:00000000 $t
     /tmp/ccqAQKKp.s:2194   .text.HAL_RTCEx_BKUPWrite:00000000 HAL_RTCEx_BKUPWrite
     /tmp/ccqAQKKp.s:2220   .text.HAL_RTCEx_BKUPRead:00000000 $t
     /tmp/ccqAQKKp.s:2226   .text.HAL_RTCEx_BKUPRead:00000000 HAL_RTCEx_BKUPRead
     /tmp/ccqAQKKp.s:2253   .text.HAL_RTCEx_SetCoarseCalib:00000000 $t
     /tmp/ccqAQKKp.s:2259   .text.HAL_RTCEx_SetCoarseCalib:00000000 HAL_RTCEx_SetCoarseCalib
     /tmp/ccqAQKKp.s:2376   .text.HAL_RTCEx_DeactivateCoarseCalib:00000000 $t
     /tmp/ccqAQKKp.s:2382   .text.HAL_RTCEx_DeactivateCoarseCalib:00000000 HAL_RTCEx_DeactivateCoarseCalib
ARM GAS  /tmp/ccqAQKKp.s 			page 100


     /tmp/ccqAQKKp.s:2481   .text.HAL_RTCEx_SetSmoothCalib:00000000 $t
     /tmp/ccqAQKKp.s:2487   .text.HAL_RTCEx_SetSmoothCalib:00000000 HAL_RTCEx_SetSmoothCalib
     /tmp/ccqAQKKp.s:2637   .text.HAL_RTCEx_SetSynchroShift:00000000 $t
     /tmp/ccqAQKKp.s:2643   .text.HAL_RTCEx_SetSynchroShift:00000000 HAL_RTCEx_SetSynchroShift
     /tmp/ccqAQKKp.s:2845   .text.HAL_RTCEx_SetCalibrationOutPut:00000000 $t
     /tmp/ccqAQKKp.s:2851   .text.HAL_RTCEx_SetCalibrationOutPut:00000000 HAL_RTCEx_SetCalibrationOutPut
     /tmp/ccqAQKKp.s:2946   .text.HAL_RTCEx_DeactivateCalibrationOutPut:00000000 $t
     /tmp/ccqAQKKp.s:2952   .text.HAL_RTCEx_DeactivateCalibrationOutPut:00000000 HAL_RTCEx_DeactivateCalibrationOutPut
     /tmp/ccqAQKKp.s:3019   .text.HAL_RTCEx_SetRefClock:00000000 $t
     /tmp/ccqAQKKp.s:3025   .text.HAL_RTCEx_SetRefClock:00000000 HAL_RTCEx_SetRefClock
     /tmp/ccqAQKKp.s:3124   .text.HAL_RTCEx_DeactivateRefClock:00000000 $t
     /tmp/ccqAQKKp.s:3130   .text.HAL_RTCEx_DeactivateRefClock:00000000 HAL_RTCEx_DeactivateRefClock
     /tmp/ccqAQKKp.s:3229   .text.HAL_RTCEx_EnableBypassShadow:00000000 $t
     /tmp/ccqAQKKp.s:3235   .text.HAL_RTCEx_EnableBypassShadow:00000000 HAL_RTCEx_EnableBypassShadow
     /tmp/ccqAQKKp.s:3305   .text.HAL_RTCEx_DisableBypassShadow:00000000 $t
     /tmp/ccqAQKKp.s:3311   .text.HAL_RTCEx_DisableBypassShadow:00000000 HAL_RTCEx_DisableBypassShadow
     /tmp/ccqAQKKp.s:3381   .text.HAL_RTCEx_AlarmBEventCallback:00000000 $t
     /tmp/ccqAQKKp.s:3387   .text.HAL_RTCEx_AlarmBEventCallback:00000000 HAL_RTCEx_AlarmBEventCallback
     /tmp/ccqAQKKp.s:3402   .text.HAL_RTCEx_PollForAlarmBEvent:00000000 $t
     /tmp/ccqAQKKp.s:3408   .text.HAL_RTCEx_PollForAlarmBEvent:00000000 HAL_RTCEx_PollForAlarmBEvent

UNDEFINED SYMBOLS
RTC_Bcd2ToByte
HAL_GetTick
SystemCoreClock
RTC_EnterInitMode
RTC_ExitInitMode
HAL_RTC_WaitForSynchro
