ARM GAS  /tmp/ccDzuYuu.s 			page 1


   1              		.cpu cortex-m4
   2              		.arch armv7e-m
   3              		.fpu fpv4-sp-d16
   4              		.eabi_attribute 27, 1
   5              		.eabi_attribute 28, 1
   6              		.eabi_attribute 20, 1
   7              		.eabi_attribute 21, 1
   8              		.eabi_attribute 23, 3
   9              		.eabi_attribute 24, 1
  10              		.eabi_attribute 25, 1
  11              		.eabi_attribute 26, 1
  12              		.eabi_attribute 30, 1
  13              		.eabi_attribute 34, 1
  14              		.eabi_attribute 18, 4
  15              		.file	"stm32f4xx_hal_rtc.c"
  16              		.text
  17              	.Ltext0:
  18              		.cfi_sections	.debug_frame
  19              		.file 1 "Drivers/STM32F4xx_HAL_Driver/Src/stm32f4xx_hal_rtc.c"
  20              		.section	.text.HAL_RTC_MspInit,"ax",%progbits
  21              		.align	1
  22              		.weak	HAL_RTC_MspInit
  23              		.syntax unified
  24              		.thumb
  25              		.thumb_func
  27              	HAL_RTC_MspInit:
  28              	.LVL0:
  29              	.LFB241:
   1:Drivers/STM32F4xx_HAL_Driver/Src/stm32f4xx_hal_rtc.c **** /**
   2:Drivers/STM32F4xx_HAL_Driver/Src/stm32f4xx_hal_rtc.c ****   ******************************************************************************
   3:Drivers/STM32F4xx_HAL_Driver/Src/stm32f4xx_hal_rtc.c ****   * @file    stm32f4xx_hal_rtc.c
   4:Drivers/STM32F4xx_HAL_Driver/Src/stm32f4xx_hal_rtc.c ****   * @author  MCD Application Team
   5:Drivers/STM32F4xx_HAL_Driver/Src/stm32f4xx_hal_rtc.c ****   * @brief   RTC HAL module driver.
   6:Drivers/STM32F4xx_HAL_Driver/Src/stm32f4xx_hal_rtc.c ****   *          This file provides firmware functions to manage the following
   7:Drivers/STM32F4xx_HAL_Driver/Src/stm32f4xx_hal_rtc.c ****   *          functionalities of the Real-Time Clock (RTC) peripheral:
   8:Drivers/STM32F4xx_HAL_Driver/Src/stm32f4xx_hal_rtc.c ****   *           + Initialization and de-initialization functions
   9:Drivers/STM32F4xx_HAL_Driver/Src/stm32f4xx_hal_rtc.c ****   *           + Calendar (Time and Date) configuration functions
  10:Drivers/STM32F4xx_HAL_Driver/Src/stm32f4xx_hal_rtc.c ****   *           + Alarms (Alarm A and Alarm B) configuration functions
  11:Drivers/STM32F4xx_HAL_Driver/Src/stm32f4xx_hal_rtc.c ****   *           + Peripheral Control functions
  12:Drivers/STM32F4xx_HAL_Driver/Src/stm32f4xx_hal_rtc.c ****   *           + Peripheral State functions
  13:Drivers/STM32F4xx_HAL_Driver/Src/stm32f4xx_hal_rtc.c ****   *
  14:Drivers/STM32F4xx_HAL_Driver/Src/stm32f4xx_hal_rtc.c ****   ******************************************************************************
  15:Drivers/STM32F4xx_HAL_Driver/Src/stm32f4xx_hal_rtc.c ****   * @attention
  16:Drivers/STM32F4xx_HAL_Driver/Src/stm32f4xx_hal_rtc.c ****   *
  17:Drivers/STM32F4xx_HAL_Driver/Src/stm32f4xx_hal_rtc.c ****   * Copyright (c) 2016 STMicroelectronics.
  18:Drivers/STM32F4xx_HAL_Driver/Src/stm32f4xx_hal_rtc.c ****   * All rights reserved.
  19:Drivers/STM32F4xx_HAL_Driver/Src/stm32f4xx_hal_rtc.c ****   *
  20:Drivers/STM32F4xx_HAL_Driver/Src/stm32f4xx_hal_rtc.c ****   * This software is licensed under terms that can be found in the LICENSE file
  21:Drivers/STM32F4xx_HAL_Driver/Src/stm32f4xx_hal_rtc.c ****   * in the root directory of this software component.
  22:Drivers/STM32F4xx_HAL_Driver/Src/stm32f4xx_hal_rtc.c ****   * If no LICENSE file comes with this software, it is provided AS-IS.
  23:Drivers/STM32F4xx_HAL_Driver/Src/stm32f4xx_hal_rtc.c ****   *
  24:Drivers/STM32F4xx_HAL_Driver/Src/stm32f4xx_hal_rtc.c ****   ******************************************************************************
  25:Drivers/STM32F4xx_HAL_Driver/Src/stm32f4xx_hal_rtc.c ****   @verbatim
  26:Drivers/STM32F4xx_HAL_Driver/Src/stm32f4xx_hal_rtc.c ****   ==============================================================================
  27:Drivers/STM32F4xx_HAL_Driver/Src/stm32f4xx_hal_rtc.c ****                ##### RTC and Backup Domain Operating Condition #####
  28:Drivers/STM32F4xx_HAL_Driver/Src/stm32f4xx_hal_rtc.c ****   ==============================================================================
  29:Drivers/STM32F4xx_HAL_Driver/Src/stm32f4xx_hal_rtc.c ****   [..] The real-time clock (RTC), the RTC backup registers, and the backup
ARM GAS  /tmp/ccDzuYuu.s 			page 2


  30:Drivers/STM32F4xx_HAL_Driver/Src/stm32f4xx_hal_rtc.c ****        SRAM (BKP SRAM) can be powered from the VBAT voltage when the main
  31:Drivers/STM32F4xx_HAL_Driver/Src/stm32f4xx_hal_rtc.c ****        VDD supply is powered off.
  32:Drivers/STM32F4xx_HAL_Driver/Src/stm32f4xx_hal_rtc.c ****        To retain the content of the RTC backup registers, BKP SRAM, and supply
  33:Drivers/STM32F4xx_HAL_Driver/Src/stm32f4xx_hal_rtc.c ****        the RTC when VDD is turned off, VBAT pin can be connected to an optional
  34:Drivers/STM32F4xx_HAL_Driver/Src/stm32f4xx_hal_rtc.c ****        standby voltage supplied by a battery or by another source.
  35:Drivers/STM32F4xx_HAL_Driver/Src/stm32f4xx_hal_rtc.c **** 
  36:Drivers/STM32F4xx_HAL_Driver/Src/stm32f4xx_hal_rtc.c ****   [..] To allow the RTC operating even when the main digital supply (VDD) is turned
  37:Drivers/STM32F4xx_HAL_Driver/Src/stm32f4xx_hal_rtc.c ****        off, the VBAT pin powers the following blocks:
  38:Drivers/STM32F4xx_HAL_Driver/Src/stm32f4xx_hal_rtc.c ****     (#) The RTC
  39:Drivers/STM32F4xx_HAL_Driver/Src/stm32f4xx_hal_rtc.c ****     (#) The LSE oscillator
  40:Drivers/STM32F4xx_HAL_Driver/Src/stm32f4xx_hal_rtc.c ****     (#) The BKP SRAM when the low power backup regulator is enabled
  41:Drivers/STM32F4xx_HAL_Driver/Src/stm32f4xx_hal_rtc.c ****     (#) PC13 to PC15 I/Os, plus PI8 I/O (when available)
  42:Drivers/STM32F4xx_HAL_Driver/Src/stm32f4xx_hal_rtc.c **** 
  43:Drivers/STM32F4xx_HAL_Driver/Src/stm32f4xx_hal_rtc.c ****   [..] When the backup domain is supplied by VDD (analog switch connected to VDD),
  44:Drivers/STM32F4xx_HAL_Driver/Src/stm32f4xx_hal_rtc.c ****        the following pins are available:
  45:Drivers/STM32F4xx_HAL_Driver/Src/stm32f4xx_hal_rtc.c ****     (#) PC14 and PC15 can be used as either GPIO or LSE pins
  46:Drivers/STM32F4xx_HAL_Driver/Src/stm32f4xx_hal_rtc.c ****     (#) PC13 can be used as a GPIO or as the RTC_AF1 pin
  47:Drivers/STM32F4xx_HAL_Driver/Src/stm32f4xx_hal_rtc.c ****     (#) PI8 can be used as a GPIO or as the RTC_AF2 pin
  48:Drivers/STM32F4xx_HAL_Driver/Src/stm32f4xx_hal_rtc.c **** 
  49:Drivers/STM32F4xx_HAL_Driver/Src/stm32f4xx_hal_rtc.c ****   [..] When the backup domain is supplied by VBAT (analog switch connected to VBAT
  50:Drivers/STM32F4xx_HAL_Driver/Src/stm32f4xx_hal_rtc.c ****        because VDD is not present), the following pins are available:
  51:Drivers/STM32F4xx_HAL_Driver/Src/stm32f4xx_hal_rtc.c ****     (#) PC14 and PC15 can be used as LSE pins only
  52:Drivers/STM32F4xx_HAL_Driver/Src/stm32f4xx_hal_rtc.c ****     (#) PC13 can be used as the RTC_AF1 pin
  53:Drivers/STM32F4xx_HAL_Driver/Src/stm32f4xx_hal_rtc.c ****     (#) PI8 can be used as the RTC_AF2 pin
  54:Drivers/STM32F4xx_HAL_Driver/Src/stm32f4xx_hal_rtc.c **** 
  55:Drivers/STM32F4xx_HAL_Driver/Src/stm32f4xx_hal_rtc.c ****                    ##### Backup Domain Reset #####
  56:Drivers/STM32F4xx_HAL_Driver/Src/stm32f4xx_hal_rtc.c ****   ==================================================================
  57:Drivers/STM32F4xx_HAL_Driver/Src/stm32f4xx_hal_rtc.c ****   [..] The backup domain reset sets all RTC registers and the RCC_BDCR register
  58:Drivers/STM32F4xx_HAL_Driver/Src/stm32f4xx_hal_rtc.c ****        to their reset values.
  59:Drivers/STM32F4xx_HAL_Driver/Src/stm32f4xx_hal_rtc.c ****        The BKP SRAM is not affected by this reset. The only way to reset the BKP
  60:Drivers/STM32F4xx_HAL_Driver/Src/stm32f4xx_hal_rtc.c ****        SRAM is through the Flash interface by requesting a protection level
  61:Drivers/STM32F4xx_HAL_Driver/Src/stm32f4xx_hal_rtc.c ****        change from 1 to 0.
  62:Drivers/STM32F4xx_HAL_Driver/Src/stm32f4xx_hal_rtc.c ****   [..] A backup domain reset is generated when one of the following events occurs:
  63:Drivers/STM32F4xx_HAL_Driver/Src/stm32f4xx_hal_rtc.c ****     (#) Software reset, triggered by setting the BDRST bit in the
  64:Drivers/STM32F4xx_HAL_Driver/Src/stm32f4xx_hal_rtc.c ****         RCC Backup domain control register (RCC_BDCR).
  65:Drivers/STM32F4xx_HAL_Driver/Src/stm32f4xx_hal_rtc.c ****     (#) VDD or VBAT power on, if both supplies have previously been powered off.
  66:Drivers/STM32F4xx_HAL_Driver/Src/stm32f4xx_hal_rtc.c **** 
  67:Drivers/STM32F4xx_HAL_Driver/Src/stm32f4xx_hal_rtc.c ****                    ##### Backup Domain Access #####
  68:Drivers/STM32F4xx_HAL_Driver/Src/stm32f4xx_hal_rtc.c ****   ==================================================================
  69:Drivers/STM32F4xx_HAL_Driver/Src/stm32f4xx_hal_rtc.c ****   [..] After reset, the backup domain (RTC registers, RTC backup data registers
  70:Drivers/STM32F4xx_HAL_Driver/Src/stm32f4xx_hal_rtc.c ****        and BKP SRAM) is protected against possible unwanted write accesses.
  71:Drivers/STM32F4xx_HAL_Driver/Src/stm32f4xx_hal_rtc.c ****   [..] To enable access to the RTC Domain and RTC registers, proceed as follows:
  72:Drivers/STM32F4xx_HAL_Driver/Src/stm32f4xx_hal_rtc.c ****     (+) Enable the Power Controller (PWR) APB1 interface clock using the
  73:Drivers/STM32F4xx_HAL_Driver/Src/stm32f4xx_hal_rtc.c ****         __HAL_RCC_PWR_CLK_ENABLE() macro.
  74:Drivers/STM32F4xx_HAL_Driver/Src/stm32f4xx_hal_rtc.c ****     (+) Enable access to RTC domain using the HAL_PWR_EnableBkUpAccess() function.
  75:Drivers/STM32F4xx_HAL_Driver/Src/stm32f4xx_hal_rtc.c ****     (+) Select the RTC clock source using the __HAL_RCC_RTC_CONFIG() macro.
  76:Drivers/STM32F4xx_HAL_Driver/Src/stm32f4xx_hal_rtc.c ****     (+) Enable RTC Clock using the __HAL_RCC_RTC_ENABLE() macro.
  77:Drivers/STM32F4xx_HAL_Driver/Src/stm32f4xx_hal_rtc.c **** 
  78:Drivers/STM32F4xx_HAL_Driver/Src/stm32f4xx_hal_rtc.c ****   ==============================================================================
  79:Drivers/STM32F4xx_HAL_Driver/Src/stm32f4xx_hal_rtc.c ****                         ##### How to use this driver #####
  80:Drivers/STM32F4xx_HAL_Driver/Src/stm32f4xx_hal_rtc.c ****   ==============================================================================
  81:Drivers/STM32F4xx_HAL_Driver/Src/stm32f4xx_hal_rtc.c ****   [..]
  82:Drivers/STM32F4xx_HAL_Driver/Src/stm32f4xx_hal_rtc.c ****     (+) Enable the RTC domain access (see description in the section above).
  83:Drivers/STM32F4xx_HAL_Driver/Src/stm32f4xx_hal_rtc.c ****     (+) Configure the RTC Prescaler (Asynchronous and Synchronous) and RTC hour
  84:Drivers/STM32F4xx_HAL_Driver/Src/stm32f4xx_hal_rtc.c ****         format using the HAL_RTC_Init() function.
  85:Drivers/STM32F4xx_HAL_Driver/Src/stm32f4xx_hal_rtc.c **** 
  86:Drivers/STM32F4xx_HAL_Driver/Src/stm32f4xx_hal_rtc.c ****   *** Time and Date configuration ***
ARM GAS  /tmp/ccDzuYuu.s 			page 3


  87:Drivers/STM32F4xx_HAL_Driver/Src/stm32f4xx_hal_rtc.c ****   ===================================
  88:Drivers/STM32F4xx_HAL_Driver/Src/stm32f4xx_hal_rtc.c ****   [..]
  89:Drivers/STM32F4xx_HAL_Driver/Src/stm32f4xx_hal_rtc.c ****     (+) To configure the RTC Calendar (Time and Date) use the HAL_RTC_SetTime()
  90:Drivers/STM32F4xx_HAL_Driver/Src/stm32f4xx_hal_rtc.c ****         and HAL_RTC_SetDate() functions.
  91:Drivers/STM32F4xx_HAL_Driver/Src/stm32f4xx_hal_rtc.c ****     (+) To read the RTC Calendar, use the HAL_RTC_GetTime() and HAL_RTC_GetDate()
  92:Drivers/STM32F4xx_HAL_Driver/Src/stm32f4xx_hal_rtc.c ****         functions.
  93:Drivers/STM32F4xx_HAL_Driver/Src/stm32f4xx_hal_rtc.c ****     (+) To manage the RTC summer or winter time change, use the following
  94:Drivers/STM32F4xx_HAL_Driver/Src/stm32f4xx_hal_rtc.c ****         functions:
  95:Drivers/STM32F4xx_HAL_Driver/Src/stm32f4xx_hal_rtc.c ****         (++) HAL_RTC_DST_Add1Hour() or HAL_RTC_DST_Sub1Hour to add or subtract
  96:Drivers/STM32F4xx_HAL_Driver/Src/stm32f4xx_hal_rtc.c ****              1 hour from the calendar time.
  97:Drivers/STM32F4xx_HAL_Driver/Src/stm32f4xx_hal_rtc.c ****         (++) HAL_RTC_DST_SetStoreOperation() or HAL_RTC_DST_ClearStoreOperation
  98:Drivers/STM32F4xx_HAL_Driver/Src/stm32f4xx_hal_rtc.c ****              to memorize whether the time change has been performed or not.
  99:Drivers/STM32F4xx_HAL_Driver/Src/stm32f4xx_hal_rtc.c **** 
 100:Drivers/STM32F4xx_HAL_Driver/Src/stm32f4xx_hal_rtc.c ****   *** Alarm configuration ***
 101:Drivers/STM32F4xx_HAL_Driver/Src/stm32f4xx_hal_rtc.c ****   ===========================
 102:Drivers/STM32F4xx_HAL_Driver/Src/stm32f4xx_hal_rtc.c ****   [..]
 103:Drivers/STM32F4xx_HAL_Driver/Src/stm32f4xx_hal_rtc.c ****     (+) To configure the RTC Alarm use the HAL_RTC_SetAlarm() function.
 104:Drivers/STM32F4xx_HAL_Driver/Src/stm32f4xx_hal_rtc.c ****         You can also configure the RTC Alarm with interrupt mode using the
 105:Drivers/STM32F4xx_HAL_Driver/Src/stm32f4xx_hal_rtc.c ****         HAL_RTC_SetAlarm_IT() function.
 106:Drivers/STM32F4xx_HAL_Driver/Src/stm32f4xx_hal_rtc.c ****     (+) To read the RTC Alarm, use the HAL_RTC_GetAlarm() function.
 107:Drivers/STM32F4xx_HAL_Driver/Src/stm32f4xx_hal_rtc.c **** 
 108:Drivers/STM32F4xx_HAL_Driver/Src/stm32f4xx_hal_rtc.c ****                   ##### RTC and low power modes #####
 109:Drivers/STM32F4xx_HAL_Driver/Src/stm32f4xx_hal_rtc.c ****   ==================================================================
 110:Drivers/STM32F4xx_HAL_Driver/Src/stm32f4xx_hal_rtc.c ****   [..] The MCU can be woken up from a low power mode by an RTC alternate
 111:Drivers/STM32F4xx_HAL_Driver/Src/stm32f4xx_hal_rtc.c ****        function.
 112:Drivers/STM32F4xx_HAL_Driver/Src/stm32f4xx_hal_rtc.c ****   [..] The RTC alternate functions are the RTC alarms (Alarm A and Alarm B),
 113:Drivers/STM32F4xx_HAL_Driver/Src/stm32f4xx_hal_rtc.c ****        RTC wakeup, RTC tamper event detection and RTC timestamp event detection.
 114:Drivers/STM32F4xx_HAL_Driver/Src/stm32f4xx_hal_rtc.c ****        These RTC alternate functions can wake up the system from the Stop and
 115:Drivers/STM32F4xx_HAL_Driver/Src/stm32f4xx_hal_rtc.c ****        Standby low power modes.
 116:Drivers/STM32F4xx_HAL_Driver/Src/stm32f4xx_hal_rtc.c ****   [..] The system can also wake up from low power modes without depending
 117:Drivers/STM32F4xx_HAL_Driver/Src/stm32f4xx_hal_rtc.c ****        on an external interrupt (Auto-wakeup mode), by using the RTC alarm
 118:Drivers/STM32F4xx_HAL_Driver/Src/stm32f4xx_hal_rtc.c ****        or the RTC wakeup events.
 119:Drivers/STM32F4xx_HAL_Driver/Src/stm32f4xx_hal_rtc.c ****   [..] The RTC provides a programmable time base for waking up from the
 120:Drivers/STM32F4xx_HAL_Driver/Src/stm32f4xx_hal_rtc.c ****        Stop or Standby mode at regular intervals.
 121:Drivers/STM32F4xx_HAL_Driver/Src/stm32f4xx_hal_rtc.c ****        Wakeup from STOP and STANDBY modes is possible only when the RTC clock
 122:Drivers/STM32F4xx_HAL_Driver/Src/stm32f4xx_hal_rtc.c ****        source is LSE or LSI.
 123:Drivers/STM32F4xx_HAL_Driver/Src/stm32f4xx_hal_rtc.c **** 
 124:Drivers/STM32F4xx_HAL_Driver/Src/stm32f4xx_hal_rtc.c ****   *** Callback registration ***
 125:Drivers/STM32F4xx_HAL_Driver/Src/stm32f4xx_hal_rtc.c ****   =============================================
 126:Drivers/STM32F4xx_HAL_Driver/Src/stm32f4xx_hal_rtc.c ****   [..]
 127:Drivers/STM32F4xx_HAL_Driver/Src/stm32f4xx_hal_rtc.c ****   When the compilation define USE_HAL_RTC_REGISTER_CALLBACKS is set to 0 or
 128:Drivers/STM32F4xx_HAL_Driver/Src/stm32f4xx_hal_rtc.c ****   not defined, the callback registration feature is not available and all
 129:Drivers/STM32F4xx_HAL_Driver/Src/stm32f4xx_hal_rtc.c ****   callbacks are set to the corresponding weak functions.
 130:Drivers/STM32F4xx_HAL_Driver/Src/stm32f4xx_hal_rtc.c ****   This is the recommended configuration in order to optimize memory/code
 131:Drivers/STM32F4xx_HAL_Driver/Src/stm32f4xx_hal_rtc.c ****   consumption footprint/performances.
 132:Drivers/STM32F4xx_HAL_Driver/Src/stm32f4xx_hal_rtc.c ****   [..]
 133:Drivers/STM32F4xx_HAL_Driver/Src/stm32f4xx_hal_rtc.c ****   The compilation define  USE_HAL_RTC_REGISTER_CALLBACKS when set to 1
 134:Drivers/STM32F4xx_HAL_Driver/Src/stm32f4xx_hal_rtc.c ****   allows the user to configure dynamically the driver callbacks.
 135:Drivers/STM32F4xx_HAL_Driver/Src/stm32f4xx_hal_rtc.c ****   Use Function HAL_RTC_RegisterCallback() to register an interrupt callback.
 136:Drivers/STM32F4xx_HAL_Driver/Src/stm32f4xx_hal_rtc.c ****   [..]
 137:Drivers/STM32F4xx_HAL_Driver/Src/stm32f4xx_hal_rtc.c ****   Function HAL_RTC_RegisterCallback() allows to register following callbacks:
 138:Drivers/STM32F4xx_HAL_Driver/Src/stm32f4xx_hal_rtc.c ****     (+) AlarmAEventCallback          : RTC Alarm A Event callback.
 139:Drivers/STM32F4xx_HAL_Driver/Src/stm32f4xx_hal_rtc.c ****     (+) AlarmBEventCallback          : RTC Alarm B Event callback.
 140:Drivers/STM32F4xx_HAL_Driver/Src/stm32f4xx_hal_rtc.c ****     (+) TimeStampEventCallback       : RTC Timestamp Event callback.
 141:Drivers/STM32F4xx_HAL_Driver/Src/stm32f4xx_hal_rtc.c ****     (+) WakeUpTimerEventCallback     : RTC WakeUpTimer Event callback.
 142:Drivers/STM32F4xx_HAL_Driver/Src/stm32f4xx_hal_rtc.c ****     (+) Tamper1EventCallback         : RTC Tamper 1 Event callback.
 143:Drivers/STM32F4xx_HAL_Driver/Src/stm32f4xx_hal_rtc.c ****     (+) Tamper2EventCallback         : RTC Tamper 2 Event callback. (*)
ARM GAS  /tmp/ccDzuYuu.s 			page 4


 144:Drivers/STM32F4xx_HAL_Driver/Src/stm32f4xx_hal_rtc.c ****     (+) MspInitCallback              : RTC MspInit callback.
 145:Drivers/STM32F4xx_HAL_Driver/Src/stm32f4xx_hal_rtc.c ****     (+) MspDeInitCallback            : RTC MspDeInit callback.
 146:Drivers/STM32F4xx_HAL_Driver/Src/stm32f4xx_hal_rtc.c **** 
 147:Drivers/STM32F4xx_HAL_Driver/Src/stm32f4xx_hal_rtc.c ****   (*) value not applicable to all devices.
 148:Drivers/STM32F4xx_HAL_Driver/Src/stm32f4xx_hal_rtc.c ****   [..]
 149:Drivers/STM32F4xx_HAL_Driver/Src/stm32f4xx_hal_rtc.c ****   This function takes as parameters the HAL peripheral handle, the Callback ID
 150:Drivers/STM32F4xx_HAL_Driver/Src/stm32f4xx_hal_rtc.c ****   and a pointer to the user callback function.
 151:Drivers/STM32F4xx_HAL_Driver/Src/stm32f4xx_hal_rtc.c ****   [..]
 152:Drivers/STM32F4xx_HAL_Driver/Src/stm32f4xx_hal_rtc.c ****   Use function HAL_RTC_UnRegisterCallback() to reset a callback to the default
 153:Drivers/STM32F4xx_HAL_Driver/Src/stm32f4xx_hal_rtc.c ****   weak function.
 154:Drivers/STM32F4xx_HAL_Driver/Src/stm32f4xx_hal_rtc.c ****   HAL_RTC_UnRegisterCallback() takes as parameters the HAL peripheral handle,
 155:Drivers/STM32F4xx_HAL_Driver/Src/stm32f4xx_hal_rtc.c ****   and the Callback ID.
 156:Drivers/STM32F4xx_HAL_Driver/Src/stm32f4xx_hal_rtc.c ****   This function allows to reset following callbacks:
 157:Drivers/STM32F4xx_HAL_Driver/Src/stm32f4xx_hal_rtc.c ****     (+) AlarmAEventCallback          : RTC Alarm A Event callback.
 158:Drivers/STM32F4xx_HAL_Driver/Src/stm32f4xx_hal_rtc.c ****     (+) AlarmBEventCallback          : RTC Alarm B Event callback.
 159:Drivers/STM32F4xx_HAL_Driver/Src/stm32f4xx_hal_rtc.c ****     (+) TimeStampEventCallback       : RTC Timestamp Event callback.
 160:Drivers/STM32F4xx_HAL_Driver/Src/stm32f4xx_hal_rtc.c ****     (+) WakeUpTimerEventCallback     : RTC WakeUpTimer Event callback.
 161:Drivers/STM32F4xx_HAL_Driver/Src/stm32f4xx_hal_rtc.c ****     (+) Tamper1EventCallback         : RTC Tamper 1 Event callback.
 162:Drivers/STM32F4xx_HAL_Driver/Src/stm32f4xx_hal_rtc.c ****     (+) Tamper2EventCallback         : RTC Tamper 2 Event callback. (*)
 163:Drivers/STM32F4xx_HAL_Driver/Src/stm32f4xx_hal_rtc.c ****     (+) MspInitCallback              : RTC MspInit callback.
 164:Drivers/STM32F4xx_HAL_Driver/Src/stm32f4xx_hal_rtc.c ****     (+) MspDeInitCallback            : RTC MspDeInit callback.
 165:Drivers/STM32F4xx_HAL_Driver/Src/stm32f4xx_hal_rtc.c **** 
 166:Drivers/STM32F4xx_HAL_Driver/Src/stm32f4xx_hal_rtc.c ****   (*) value not applicable to all devices.
 167:Drivers/STM32F4xx_HAL_Driver/Src/stm32f4xx_hal_rtc.c ****   [..]
 168:Drivers/STM32F4xx_HAL_Driver/Src/stm32f4xx_hal_rtc.c ****   By default, after the HAL_RTC_Init() and when the state is HAL_RTC_STATE_RESET,
 169:Drivers/STM32F4xx_HAL_Driver/Src/stm32f4xx_hal_rtc.c ****   all callbacks are set to the corresponding weak functions:
 170:Drivers/STM32F4xx_HAL_Driver/Src/stm32f4xx_hal_rtc.c ****   examples AlarmAEventCallback(), TimeStampEventCallback().
 171:Drivers/STM32F4xx_HAL_Driver/Src/stm32f4xx_hal_rtc.c ****   Exception done for MspInit() and MspDeInit() callbacks that are reset to the
 172:Drivers/STM32F4xx_HAL_Driver/Src/stm32f4xx_hal_rtc.c ****   legacy weak function in the HAL_RTC_Init()/HAL_RTC_DeInit() only when these
 173:Drivers/STM32F4xx_HAL_Driver/Src/stm32f4xx_hal_rtc.c ****   callbacks are null (not registered beforehand).
 174:Drivers/STM32F4xx_HAL_Driver/Src/stm32f4xx_hal_rtc.c ****   If not, MspInit() or MspDeInit() are not null, HAL_RTC_Init()/HAL_RTC_DeInit()
 175:Drivers/STM32F4xx_HAL_Driver/Src/stm32f4xx_hal_rtc.c ****   keep and use the user MspInit()/MspDeInit() callbacks (registered beforehand).
 176:Drivers/STM32F4xx_HAL_Driver/Src/stm32f4xx_hal_rtc.c ****   [..]
 177:Drivers/STM32F4xx_HAL_Driver/Src/stm32f4xx_hal_rtc.c ****   Callbacks can be registered/unregistered in HAL_RTC_STATE_READY state only.
 178:Drivers/STM32F4xx_HAL_Driver/Src/stm32f4xx_hal_rtc.c ****   Exception done for MspInit() and MspDeInit() that can be registered/unregistered
 179:Drivers/STM32F4xx_HAL_Driver/Src/stm32f4xx_hal_rtc.c ****   in HAL_RTC_STATE_READY or HAL_RTC_STATE_RESET state.
 180:Drivers/STM32F4xx_HAL_Driver/Src/stm32f4xx_hal_rtc.c ****   Thus registered (user) MspInit()/MspDeInit() callbacks can be used during the
 181:Drivers/STM32F4xx_HAL_Driver/Src/stm32f4xx_hal_rtc.c ****   Init/DeInit.
 182:Drivers/STM32F4xx_HAL_Driver/Src/stm32f4xx_hal_rtc.c ****   In that case first register the MspInit()/MspDeInit() user callbacks using
 183:Drivers/STM32F4xx_HAL_Driver/Src/stm32f4xx_hal_rtc.c ****   HAL_RTC_RegisterCallback() before calling HAL_RTC_DeInit() or HAL_RTC_Init()
 184:Drivers/STM32F4xx_HAL_Driver/Src/stm32f4xx_hal_rtc.c ****   functions.
 185:Drivers/STM32F4xx_HAL_Driver/Src/stm32f4xx_hal_rtc.c **** 
 186:Drivers/STM32F4xx_HAL_Driver/Src/stm32f4xx_hal_rtc.c ****   @endverbatim
 187:Drivers/STM32F4xx_HAL_Driver/Src/stm32f4xx_hal_rtc.c ****   ******************************************************************************
 188:Drivers/STM32F4xx_HAL_Driver/Src/stm32f4xx_hal_rtc.c ****   */
 189:Drivers/STM32F4xx_HAL_Driver/Src/stm32f4xx_hal_rtc.c **** 
 190:Drivers/STM32F4xx_HAL_Driver/Src/stm32f4xx_hal_rtc.c **** /* Includes ------------------------------------------------------------------*/
 191:Drivers/STM32F4xx_HAL_Driver/Src/stm32f4xx_hal_rtc.c **** #include "stm32f4xx_hal.h"
 192:Drivers/STM32F4xx_HAL_Driver/Src/stm32f4xx_hal_rtc.c **** 
 193:Drivers/STM32F4xx_HAL_Driver/Src/stm32f4xx_hal_rtc.c **** /** @addtogroup STM32F4xx_HAL_Driver
 194:Drivers/STM32F4xx_HAL_Driver/Src/stm32f4xx_hal_rtc.c ****   * @{
 195:Drivers/STM32F4xx_HAL_Driver/Src/stm32f4xx_hal_rtc.c ****   */
 196:Drivers/STM32F4xx_HAL_Driver/Src/stm32f4xx_hal_rtc.c **** 
 197:Drivers/STM32F4xx_HAL_Driver/Src/stm32f4xx_hal_rtc.c **** /** @defgroup RTC RTC
 198:Drivers/STM32F4xx_HAL_Driver/Src/stm32f4xx_hal_rtc.c ****   * @brief    RTC HAL module driver
 199:Drivers/STM32F4xx_HAL_Driver/Src/stm32f4xx_hal_rtc.c ****   * @{
 200:Drivers/STM32F4xx_HAL_Driver/Src/stm32f4xx_hal_rtc.c ****   */
ARM GAS  /tmp/ccDzuYuu.s 			page 5


 201:Drivers/STM32F4xx_HAL_Driver/Src/stm32f4xx_hal_rtc.c **** 
 202:Drivers/STM32F4xx_HAL_Driver/Src/stm32f4xx_hal_rtc.c **** #ifdef HAL_RTC_MODULE_ENABLED
 203:Drivers/STM32F4xx_HAL_Driver/Src/stm32f4xx_hal_rtc.c **** 
 204:Drivers/STM32F4xx_HAL_Driver/Src/stm32f4xx_hal_rtc.c **** /* Private typedef -----------------------------------------------------------*/
 205:Drivers/STM32F4xx_HAL_Driver/Src/stm32f4xx_hal_rtc.c **** /* Private define ------------------------------------------------------------*/
 206:Drivers/STM32F4xx_HAL_Driver/Src/stm32f4xx_hal_rtc.c **** /* Private macro -------------------------------------------------------------*/
 207:Drivers/STM32F4xx_HAL_Driver/Src/stm32f4xx_hal_rtc.c **** /* Private variables ---------------------------------------------------------*/
 208:Drivers/STM32F4xx_HAL_Driver/Src/stm32f4xx_hal_rtc.c **** /* Private function prototypes -----------------------------------------------*/
 209:Drivers/STM32F4xx_HAL_Driver/Src/stm32f4xx_hal_rtc.c **** /* Exported functions --------------------------------------------------------*/
 210:Drivers/STM32F4xx_HAL_Driver/Src/stm32f4xx_hal_rtc.c **** 
 211:Drivers/STM32F4xx_HAL_Driver/Src/stm32f4xx_hal_rtc.c **** /** @defgroup RTC_Exported_Functions RTC Exported Functions
 212:Drivers/STM32F4xx_HAL_Driver/Src/stm32f4xx_hal_rtc.c ****   * @{
 213:Drivers/STM32F4xx_HAL_Driver/Src/stm32f4xx_hal_rtc.c ****   */
 214:Drivers/STM32F4xx_HAL_Driver/Src/stm32f4xx_hal_rtc.c **** 
 215:Drivers/STM32F4xx_HAL_Driver/Src/stm32f4xx_hal_rtc.c **** /** @defgroup RTC_Exported_Functions_Group1 Initialization and de-initialization functions
 216:Drivers/STM32F4xx_HAL_Driver/Src/stm32f4xx_hal_rtc.c ****   * @brief    Initialization and Configuration functions
 217:Drivers/STM32F4xx_HAL_Driver/Src/stm32f4xx_hal_rtc.c ****   *
 218:Drivers/STM32F4xx_HAL_Driver/Src/stm32f4xx_hal_rtc.c **** @verbatim
 219:Drivers/STM32F4xx_HAL_Driver/Src/stm32f4xx_hal_rtc.c ****  ===============================================================================
 220:Drivers/STM32F4xx_HAL_Driver/Src/stm32f4xx_hal_rtc.c ****               ##### Initialization and de-initialization functions #####
 221:Drivers/STM32F4xx_HAL_Driver/Src/stm32f4xx_hal_rtc.c ****  ===============================================================================
 222:Drivers/STM32F4xx_HAL_Driver/Src/stm32f4xx_hal_rtc.c ****    [..] This section provides functions allowing to initialize and configure the
 223:Drivers/STM32F4xx_HAL_Driver/Src/stm32f4xx_hal_rtc.c ****          RTC Prescaler (Synchronous and Asynchronous), RTC Hour format, disable
 224:Drivers/STM32F4xx_HAL_Driver/Src/stm32f4xx_hal_rtc.c ****          RTC registers Write protection, enter and exit the RTC initialization mode,
 225:Drivers/STM32F4xx_HAL_Driver/Src/stm32f4xx_hal_rtc.c ****          RTC registers synchronization check and reference clock detection enable.
 226:Drivers/STM32F4xx_HAL_Driver/Src/stm32f4xx_hal_rtc.c ****          (#) The RTC Prescaler is programmed to generate the RTC 1Hz time base.
 227:Drivers/STM32F4xx_HAL_Driver/Src/stm32f4xx_hal_rtc.c ****              It is split into 2 programmable prescalers to minimize power consumption.
 228:Drivers/STM32F4xx_HAL_Driver/Src/stm32f4xx_hal_rtc.c ****              (++) A 7-bit asynchronous prescaler and a 15-bit synchronous prescaler.
 229:Drivers/STM32F4xx_HAL_Driver/Src/stm32f4xx_hal_rtc.c ****              (++) When both prescalers are used, it is recommended to configure the
 230:Drivers/STM32F4xx_HAL_Driver/Src/stm32f4xx_hal_rtc.c ****                  asynchronous prescaler to a high value to minimize power consumption.
 231:Drivers/STM32F4xx_HAL_Driver/Src/stm32f4xx_hal_rtc.c ****          (#) All RTC registers are Write protected. Writing to the RTC registers
 232:Drivers/STM32F4xx_HAL_Driver/Src/stm32f4xx_hal_rtc.c ****              is enabled by writing a key into the Write Protection register, RTC_WPR.
 233:Drivers/STM32F4xx_HAL_Driver/Src/stm32f4xx_hal_rtc.c ****          (#) To configure the RTC Calendar, user application should enter
 234:Drivers/STM32F4xx_HAL_Driver/Src/stm32f4xx_hal_rtc.c ****              initialization mode. In this mode, the calendar counter is stopped
 235:Drivers/STM32F4xx_HAL_Driver/Src/stm32f4xx_hal_rtc.c ****              and its value can be updated. When the initialization sequence is
 236:Drivers/STM32F4xx_HAL_Driver/Src/stm32f4xx_hal_rtc.c ****              complete, the calendar restarts counting after 4 RTCCLK cycles.
 237:Drivers/STM32F4xx_HAL_Driver/Src/stm32f4xx_hal_rtc.c ****          (#) To read the calendar through the shadow registers after Calendar
 238:Drivers/STM32F4xx_HAL_Driver/Src/stm32f4xx_hal_rtc.c ****              initialization, calendar update or after wakeup from low power modes
 239:Drivers/STM32F4xx_HAL_Driver/Src/stm32f4xx_hal_rtc.c ****              the software must first clear the RSF flag. The software must then
 240:Drivers/STM32F4xx_HAL_Driver/Src/stm32f4xx_hal_rtc.c ****              wait until it is set again before reading the calendar, which means
 241:Drivers/STM32F4xx_HAL_Driver/Src/stm32f4xx_hal_rtc.c ****              that the calendar registers have been correctly copied into the
 242:Drivers/STM32F4xx_HAL_Driver/Src/stm32f4xx_hal_rtc.c ****              RTC_TR and RTC_DR shadow registers. The HAL_RTC_WaitForSynchro() function
 243:Drivers/STM32F4xx_HAL_Driver/Src/stm32f4xx_hal_rtc.c ****              implements the above software sequence (RSF clear and RSF check).
 244:Drivers/STM32F4xx_HAL_Driver/Src/stm32f4xx_hal_rtc.c **** 
 245:Drivers/STM32F4xx_HAL_Driver/Src/stm32f4xx_hal_rtc.c **** @endverbatim
 246:Drivers/STM32F4xx_HAL_Driver/Src/stm32f4xx_hal_rtc.c ****   * @{
 247:Drivers/STM32F4xx_HAL_Driver/Src/stm32f4xx_hal_rtc.c ****   */
 248:Drivers/STM32F4xx_HAL_Driver/Src/stm32f4xx_hal_rtc.c **** 
 249:Drivers/STM32F4xx_HAL_Driver/Src/stm32f4xx_hal_rtc.c **** /**
 250:Drivers/STM32F4xx_HAL_Driver/Src/stm32f4xx_hal_rtc.c ****   * @brief  Initializes the RTC peripheral
 251:Drivers/STM32F4xx_HAL_Driver/Src/stm32f4xx_hal_rtc.c ****   * @param  hrtc pointer to a RTC_HandleTypeDef structure that contains
 252:Drivers/STM32F4xx_HAL_Driver/Src/stm32f4xx_hal_rtc.c ****   *                the configuration information for RTC.
 253:Drivers/STM32F4xx_HAL_Driver/Src/stm32f4xx_hal_rtc.c ****   * @retval HAL status
 254:Drivers/STM32F4xx_HAL_Driver/Src/stm32f4xx_hal_rtc.c ****   */
 255:Drivers/STM32F4xx_HAL_Driver/Src/stm32f4xx_hal_rtc.c **** HAL_StatusTypeDef HAL_RTC_Init(RTC_HandleTypeDef *hrtc)
 256:Drivers/STM32F4xx_HAL_Driver/Src/stm32f4xx_hal_rtc.c **** {
 257:Drivers/STM32F4xx_HAL_Driver/Src/stm32f4xx_hal_rtc.c ****   HAL_StatusTypeDef status;
ARM GAS  /tmp/ccDzuYuu.s 			page 6


 258:Drivers/STM32F4xx_HAL_Driver/Src/stm32f4xx_hal_rtc.c **** 
 259:Drivers/STM32F4xx_HAL_Driver/Src/stm32f4xx_hal_rtc.c ****   /* Check RTC handler validity */
 260:Drivers/STM32F4xx_HAL_Driver/Src/stm32f4xx_hal_rtc.c ****   if (hrtc == NULL)
 261:Drivers/STM32F4xx_HAL_Driver/Src/stm32f4xx_hal_rtc.c ****   {
 262:Drivers/STM32F4xx_HAL_Driver/Src/stm32f4xx_hal_rtc.c ****     return HAL_ERROR;
 263:Drivers/STM32F4xx_HAL_Driver/Src/stm32f4xx_hal_rtc.c ****   }
 264:Drivers/STM32F4xx_HAL_Driver/Src/stm32f4xx_hal_rtc.c **** 
 265:Drivers/STM32F4xx_HAL_Driver/Src/stm32f4xx_hal_rtc.c ****   /* Check the parameters */
 266:Drivers/STM32F4xx_HAL_Driver/Src/stm32f4xx_hal_rtc.c ****   assert_param(IS_RTC_ALL_INSTANCE(hrtc->Instance));
 267:Drivers/STM32F4xx_HAL_Driver/Src/stm32f4xx_hal_rtc.c ****   assert_param(IS_RTC_HOUR_FORMAT(hrtc->Init.HourFormat));
 268:Drivers/STM32F4xx_HAL_Driver/Src/stm32f4xx_hal_rtc.c ****   assert_param(IS_RTC_ASYNCH_PREDIV(hrtc->Init.AsynchPrediv));
 269:Drivers/STM32F4xx_HAL_Driver/Src/stm32f4xx_hal_rtc.c ****   assert_param(IS_RTC_SYNCH_PREDIV(hrtc->Init.SynchPrediv));
 270:Drivers/STM32F4xx_HAL_Driver/Src/stm32f4xx_hal_rtc.c ****   assert_param(IS_RTC_OUTPUT(hrtc->Init.OutPut));
 271:Drivers/STM32F4xx_HAL_Driver/Src/stm32f4xx_hal_rtc.c ****   assert_param(IS_RTC_OUTPUT_POL(hrtc->Init.OutPutPolarity));
 272:Drivers/STM32F4xx_HAL_Driver/Src/stm32f4xx_hal_rtc.c ****   assert_param(IS_RTC_OUTPUT_TYPE(hrtc->Init.OutPutType));
 273:Drivers/STM32F4xx_HAL_Driver/Src/stm32f4xx_hal_rtc.c **** 
 274:Drivers/STM32F4xx_HAL_Driver/Src/stm32f4xx_hal_rtc.c **** #if (USE_HAL_RTC_REGISTER_CALLBACKS == 1)
 275:Drivers/STM32F4xx_HAL_Driver/Src/stm32f4xx_hal_rtc.c ****   if (hrtc->State == HAL_RTC_STATE_RESET)
 276:Drivers/STM32F4xx_HAL_Driver/Src/stm32f4xx_hal_rtc.c ****   {
 277:Drivers/STM32F4xx_HAL_Driver/Src/stm32f4xx_hal_rtc.c ****     /* Allocate lock resource and initialize it */
 278:Drivers/STM32F4xx_HAL_Driver/Src/stm32f4xx_hal_rtc.c ****     hrtc->Lock = HAL_UNLOCKED;
 279:Drivers/STM32F4xx_HAL_Driver/Src/stm32f4xx_hal_rtc.c **** 
 280:Drivers/STM32F4xx_HAL_Driver/Src/stm32f4xx_hal_rtc.c ****     hrtc->AlarmAEventCallback          =  HAL_RTC_AlarmAEventCallback;        /* Legacy weak AlarmA
 281:Drivers/STM32F4xx_HAL_Driver/Src/stm32f4xx_hal_rtc.c ****     hrtc->AlarmBEventCallback          =  HAL_RTCEx_AlarmBEventCallback;      /* Legacy weak AlarmB
 282:Drivers/STM32F4xx_HAL_Driver/Src/stm32f4xx_hal_rtc.c ****     hrtc->TimeStampEventCallback       =  HAL_RTCEx_TimeStampEventCallback;   /* Legacy weak TimeSt
 283:Drivers/STM32F4xx_HAL_Driver/Src/stm32f4xx_hal_rtc.c ****     hrtc->WakeUpTimerEventCallback     =  HAL_RTCEx_WakeUpTimerEventCallback; /* Legacy weak WakeUp
 284:Drivers/STM32F4xx_HAL_Driver/Src/stm32f4xx_hal_rtc.c ****     hrtc->Tamper1EventCallback         =  HAL_RTCEx_Tamper1EventCallback;     /* Legacy weak Tamper
 285:Drivers/STM32F4xx_HAL_Driver/Src/stm32f4xx_hal_rtc.c **** #if defined(RTC_TAMPER2_SUPPORT)
 286:Drivers/STM32F4xx_HAL_Driver/Src/stm32f4xx_hal_rtc.c ****     hrtc->Tamper2EventCallback         =  HAL_RTCEx_Tamper2EventCallback;     /* Legacy weak Tamper
 287:Drivers/STM32F4xx_HAL_Driver/Src/stm32f4xx_hal_rtc.c **** #endif /* RTC_TAMPER2_SUPPORT */
 288:Drivers/STM32F4xx_HAL_Driver/Src/stm32f4xx_hal_rtc.c **** 
 289:Drivers/STM32F4xx_HAL_Driver/Src/stm32f4xx_hal_rtc.c ****     if (hrtc->MspInitCallback == NULL)
 290:Drivers/STM32F4xx_HAL_Driver/Src/stm32f4xx_hal_rtc.c ****     {
 291:Drivers/STM32F4xx_HAL_Driver/Src/stm32f4xx_hal_rtc.c ****       hrtc->MspInitCallback = HAL_RTC_MspInit;
 292:Drivers/STM32F4xx_HAL_Driver/Src/stm32f4xx_hal_rtc.c ****     }
 293:Drivers/STM32F4xx_HAL_Driver/Src/stm32f4xx_hal_rtc.c ****     /* Init the low level hardware */
 294:Drivers/STM32F4xx_HAL_Driver/Src/stm32f4xx_hal_rtc.c ****     hrtc->MspInitCallback(hrtc);
 295:Drivers/STM32F4xx_HAL_Driver/Src/stm32f4xx_hal_rtc.c **** 
 296:Drivers/STM32F4xx_HAL_Driver/Src/stm32f4xx_hal_rtc.c ****     if (hrtc->MspDeInitCallback == NULL)
 297:Drivers/STM32F4xx_HAL_Driver/Src/stm32f4xx_hal_rtc.c ****     {
 298:Drivers/STM32F4xx_HAL_Driver/Src/stm32f4xx_hal_rtc.c ****       hrtc->MspDeInitCallback = HAL_RTC_MspDeInit;
 299:Drivers/STM32F4xx_HAL_Driver/Src/stm32f4xx_hal_rtc.c ****     }
 300:Drivers/STM32F4xx_HAL_Driver/Src/stm32f4xx_hal_rtc.c ****   }
 301:Drivers/STM32F4xx_HAL_Driver/Src/stm32f4xx_hal_rtc.c **** #else /* USE_HAL_RTC_REGISTER_CALLBACKS */
 302:Drivers/STM32F4xx_HAL_Driver/Src/stm32f4xx_hal_rtc.c ****   if (hrtc->State == HAL_RTC_STATE_RESET)
 303:Drivers/STM32F4xx_HAL_Driver/Src/stm32f4xx_hal_rtc.c ****   {
 304:Drivers/STM32F4xx_HAL_Driver/Src/stm32f4xx_hal_rtc.c ****     /* Allocate lock resource and initialize it */
 305:Drivers/STM32F4xx_HAL_Driver/Src/stm32f4xx_hal_rtc.c ****     hrtc->Lock = HAL_UNLOCKED;
 306:Drivers/STM32F4xx_HAL_Driver/Src/stm32f4xx_hal_rtc.c **** 
 307:Drivers/STM32F4xx_HAL_Driver/Src/stm32f4xx_hal_rtc.c ****     /* Initialize RTC MSP */
 308:Drivers/STM32F4xx_HAL_Driver/Src/stm32f4xx_hal_rtc.c ****     HAL_RTC_MspInit(hrtc);
 309:Drivers/STM32F4xx_HAL_Driver/Src/stm32f4xx_hal_rtc.c ****   }
 310:Drivers/STM32F4xx_HAL_Driver/Src/stm32f4xx_hal_rtc.c **** #endif /* USE_HAL_RTC_REGISTER_CALLBACKS */
 311:Drivers/STM32F4xx_HAL_Driver/Src/stm32f4xx_hal_rtc.c **** 
 312:Drivers/STM32F4xx_HAL_Driver/Src/stm32f4xx_hal_rtc.c ****   /* Set RTC state */
 313:Drivers/STM32F4xx_HAL_Driver/Src/stm32f4xx_hal_rtc.c ****   hrtc->State = HAL_RTC_STATE_BUSY;
 314:Drivers/STM32F4xx_HAL_Driver/Src/stm32f4xx_hal_rtc.c **** 
ARM GAS  /tmp/ccDzuYuu.s 			page 7


 315:Drivers/STM32F4xx_HAL_Driver/Src/stm32f4xx_hal_rtc.c ****   /* Check whether the calendar needs to be initialized */
 316:Drivers/STM32F4xx_HAL_Driver/Src/stm32f4xx_hal_rtc.c ****   if (__HAL_RTC_IS_CALENDAR_INITIALIZED(hrtc) == 0U)
 317:Drivers/STM32F4xx_HAL_Driver/Src/stm32f4xx_hal_rtc.c ****   {
 318:Drivers/STM32F4xx_HAL_Driver/Src/stm32f4xx_hal_rtc.c ****     /* Disable the write protection for RTC registers */
 319:Drivers/STM32F4xx_HAL_Driver/Src/stm32f4xx_hal_rtc.c ****     __HAL_RTC_WRITEPROTECTION_DISABLE(hrtc);
 320:Drivers/STM32F4xx_HAL_Driver/Src/stm32f4xx_hal_rtc.c **** 
 321:Drivers/STM32F4xx_HAL_Driver/Src/stm32f4xx_hal_rtc.c ****     /* Enter Initialization mode */
 322:Drivers/STM32F4xx_HAL_Driver/Src/stm32f4xx_hal_rtc.c ****     status = RTC_EnterInitMode(hrtc);
 323:Drivers/STM32F4xx_HAL_Driver/Src/stm32f4xx_hal_rtc.c **** 
 324:Drivers/STM32F4xx_HAL_Driver/Src/stm32f4xx_hal_rtc.c ****     if (status == HAL_OK)
 325:Drivers/STM32F4xx_HAL_Driver/Src/stm32f4xx_hal_rtc.c ****     {
 326:Drivers/STM32F4xx_HAL_Driver/Src/stm32f4xx_hal_rtc.c ****       /* Clear RTC_CR FMT, OSEL and POL Bits */
 327:Drivers/STM32F4xx_HAL_Driver/Src/stm32f4xx_hal_rtc.c ****       hrtc->Instance->CR &= ((uint32_t)~(RTC_CR_FMT | RTC_CR_OSEL | RTC_CR_POL));
 328:Drivers/STM32F4xx_HAL_Driver/Src/stm32f4xx_hal_rtc.c ****       /* Set RTC_CR register */
 329:Drivers/STM32F4xx_HAL_Driver/Src/stm32f4xx_hal_rtc.c ****       hrtc->Instance->CR |= (uint32_t)(hrtc->Init.HourFormat | hrtc->Init.OutPut | hrtc->Init.OutPu
 330:Drivers/STM32F4xx_HAL_Driver/Src/stm32f4xx_hal_rtc.c **** 
 331:Drivers/STM32F4xx_HAL_Driver/Src/stm32f4xx_hal_rtc.c ****       /* Configure the RTC PRER */
 332:Drivers/STM32F4xx_HAL_Driver/Src/stm32f4xx_hal_rtc.c ****       hrtc->Instance->PRER = (uint32_t)(hrtc->Init.SynchPrediv);
 333:Drivers/STM32F4xx_HAL_Driver/Src/stm32f4xx_hal_rtc.c ****       hrtc->Instance->PRER |= (uint32_t)(hrtc->Init.AsynchPrediv << RTC_PRER_PREDIV_A_Pos);
 334:Drivers/STM32F4xx_HAL_Driver/Src/stm32f4xx_hal_rtc.c **** 
 335:Drivers/STM32F4xx_HAL_Driver/Src/stm32f4xx_hal_rtc.c ****       /* Exit Initialization mode */
 336:Drivers/STM32F4xx_HAL_Driver/Src/stm32f4xx_hal_rtc.c ****       status = RTC_ExitInitMode(hrtc);
 337:Drivers/STM32F4xx_HAL_Driver/Src/stm32f4xx_hal_rtc.c ****     }
 338:Drivers/STM32F4xx_HAL_Driver/Src/stm32f4xx_hal_rtc.c **** 
 339:Drivers/STM32F4xx_HAL_Driver/Src/stm32f4xx_hal_rtc.c ****     if (status == HAL_OK)
 340:Drivers/STM32F4xx_HAL_Driver/Src/stm32f4xx_hal_rtc.c ****     {
 341:Drivers/STM32F4xx_HAL_Driver/Src/stm32f4xx_hal_rtc.c ****       hrtc->Instance->TAFCR &= (uint32_t)~RTC_OUTPUT_TYPE_PUSHPULL;
 342:Drivers/STM32F4xx_HAL_Driver/Src/stm32f4xx_hal_rtc.c ****       hrtc->Instance->TAFCR |= (uint32_t)(hrtc->Init.OutPutType);
 343:Drivers/STM32F4xx_HAL_Driver/Src/stm32f4xx_hal_rtc.c ****     }
 344:Drivers/STM32F4xx_HAL_Driver/Src/stm32f4xx_hal_rtc.c **** 
 345:Drivers/STM32F4xx_HAL_Driver/Src/stm32f4xx_hal_rtc.c ****     /* Enable the write protection for RTC registers */
 346:Drivers/STM32F4xx_HAL_Driver/Src/stm32f4xx_hal_rtc.c ****     __HAL_RTC_WRITEPROTECTION_ENABLE(hrtc);
 347:Drivers/STM32F4xx_HAL_Driver/Src/stm32f4xx_hal_rtc.c ****   }
 348:Drivers/STM32F4xx_HAL_Driver/Src/stm32f4xx_hal_rtc.c ****   else
 349:Drivers/STM32F4xx_HAL_Driver/Src/stm32f4xx_hal_rtc.c ****   {
 350:Drivers/STM32F4xx_HAL_Driver/Src/stm32f4xx_hal_rtc.c ****     /* The calendar is already initialized */
 351:Drivers/STM32F4xx_HAL_Driver/Src/stm32f4xx_hal_rtc.c ****     status = HAL_OK;
 352:Drivers/STM32F4xx_HAL_Driver/Src/stm32f4xx_hal_rtc.c ****   }
 353:Drivers/STM32F4xx_HAL_Driver/Src/stm32f4xx_hal_rtc.c **** 
 354:Drivers/STM32F4xx_HAL_Driver/Src/stm32f4xx_hal_rtc.c ****   if (status == HAL_OK)
 355:Drivers/STM32F4xx_HAL_Driver/Src/stm32f4xx_hal_rtc.c ****   {
 356:Drivers/STM32F4xx_HAL_Driver/Src/stm32f4xx_hal_rtc.c ****     hrtc->State = HAL_RTC_STATE_READY;
 357:Drivers/STM32F4xx_HAL_Driver/Src/stm32f4xx_hal_rtc.c ****   }
 358:Drivers/STM32F4xx_HAL_Driver/Src/stm32f4xx_hal_rtc.c **** 
 359:Drivers/STM32F4xx_HAL_Driver/Src/stm32f4xx_hal_rtc.c ****   return status;
 360:Drivers/STM32F4xx_HAL_Driver/Src/stm32f4xx_hal_rtc.c **** }
 361:Drivers/STM32F4xx_HAL_Driver/Src/stm32f4xx_hal_rtc.c **** 
 362:Drivers/STM32F4xx_HAL_Driver/Src/stm32f4xx_hal_rtc.c **** /**
 363:Drivers/STM32F4xx_HAL_Driver/Src/stm32f4xx_hal_rtc.c ****   * @brief  DeInitializes the RTC peripheral
 364:Drivers/STM32F4xx_HAL_Driver/Src/stm32f4xx_hal_rtc.c ****   * @param  hrtc pointer to a RTC_HandleTypeDef structure that contains
 365:Drivers/STM32F4xx_HAL_Driver/Src/stm32f4xx_hal_rtc.c ****   *                the configuration information for RTC.
 366:Drivers/STM32F4xx_HAL_Driver/Src/stm32f4xx_hal_rtc.c ****   * @note   This function does not reset the RTC Backup Data registers.
 367:Drivers/STM32F4xx_HAL_Driver/Src/stm32f4xx_hal_rtc.c ****   * @retval HAL status
 368:Drivers/STM32F4xx_HAL_Driver/Src/stm32f4xx_hal_rtc.c ****   */
 369:Drivers/STM32F4xx_HAL_Driver/Src/stm32f4xx_hal_rtc.c **** HAL_StatusTypeDef HAL_RTC_DeInit(RTC_HandleTypeDef *hrtc)
 370:Drivers/STM32F4xx_HAL_Driver/Src/stm32f4xx_hal_rtc.c **** {
 371:Drivers/STM32F4xx_HAL_Driver/Src/stm32f4xx_hal_rtc.c ****   HAL_StatusTypeDef status;
ARM GAS  /tmp/ccDzuYuu.s 			page 8


 372:Drivers/STM32F4xx_HAL_Driver/Src/stm32f4xx_hal_rtc.c **** 
 373:Drivers/STM32F4xx_HAL_Driver/Src/stm32f4xx_hal_rtc.c ****   /* Check the parameters */
 374:Drivers/STM32F4xx_HAL_Driver/Src/stm32f4xx_hal_rtc.c ****   assert_param(IS_RTC_ALL_INSTANCE(hrtc->Instance));
 375:Drivers/STM32F4xx_HAL_Driver/Src/stm32f4xx_hal_rtc.c **** 
 376:Drivers/STM32F4xx_HAL_Driver/Src/stm32f4xx_hal_rtc.c ****   /* Set RTC state */
 377:Drivers/STM32F4xx_HAL_Driver/Src/stm32f4xx_hal_rtc.c ****   hrtc->State = HAL_RTC_STATE_BUSY;
 378:Drivers/STM32F4xx_HAL_Driver/Src/stm32f4xx_hal_rtc.c **** 
 379:Drivers/STM32F4xx_HAL_Driver/Src/stm32f4xx_hal_rtc.c ****   /* Disable the write protection for RTC registers */
 380:Drivers/STM32F4xx_HAL_Driver/Src/stm32f4xx_hal_rtc.c ****   __HAL_RTC_WRITEPROTECTION_DISABLE(hrtc);
 381:Drivers/STM32F4xx_HAL_Driver/Src/stm32f4xx_hal_rtc.c **** 
 382:Drivers/STM32F4xx_HAL_Driver/Src/stm32f4xx_hal_rtc.c ****   /* Enter Initialization mode */
 383:Drivers/STM32F4xx_HAL_Driver/Src/stm32f4xx_hal_rtc.c ****   status = RTC_EnterInitMode(hrtc);
 384:Drivers/STM32F4xx_HAL_Driver/Src/stm32f4xx_hal_rtc.c **** 
 385:Drivers/STM32F4xx_HAL_Driver/Src/stm32f4xx_hal_rtc.c ****   if (status == HAL_OK)
 386:Drivers/STM32F4xx_HAL_Driver/Src/stm32f4xx_hal_rtc.c ****   {
 387:Drivers/STM32F4xx_HAL_Driver/Src/stm32f4xx_hal_rtc.c ****     /* Reset RTC registers */
 388:Drivers/STM32F4xx_HAL_Driver/Src/stm32f4xx_hal_rtc.c ****     hrtc->Instance->TR = 0x00000000U;
 389:Drivers/STM32F4xx_HAL_Driver/Src/stm32f4xx_hal_rtc.c ****     hrtc->Instance->DR = (RTC_DR_WDU_0 | RTC_DR_MU_0 | RTC_DR_DU_0);
 390:Drivers/STM32F4xx_HAL_Driver/Src/stm32f4xx_hal_rtc.c ****     hrtc->Instance->CR = 0x00000000U;
 391:Drivers/STM32F4xx_HAL_Driver/Src/stm32f4xx_hal_rtc.c ****     hrtc->Instance->WUTR = RTC_WUTR_WUT;
 392:Drivers/STM32F4xx_HAL_Driver/Src/stm32f4xx_hal_rtc.c ****     hrtc->Instance->PRER = (uint32_t)(RTC_PRER_PREDIV_A | 0x000000FFU);
 393:Drivers/STM32F4xx_HAL_Driver/Src/stm32f4xx_hal_rtc.c ****     hrtc->Instance->CALIBR   = 0x00000000U;
 394:Drivers/STM32F4xx_HAL_Driver/Src/stm32f4xx_hal_rtc.c ****     hrtc->Instance->ALRMAR   = 0x00000000U;
 395:Drivers/STM32F4xx_HAL_Driver/Src/stm32f4xx_hal_rtc.c ****     hrtc->Instance->ALRMBR   = 0x00000000U;
 396:Drivers/STM32F4xx_HAL_Driver/Src/stm32f4xx_hal_rtc.c ****     hrtc->Instance->CALR     = 0x00000000U;
 397:Drivers/STM32F4xx_HAL_Driver/Src/stm32f4xx_hal_rtc.c ****     hrtc->Instance->SHIFTR   = 0x00000000U;
 398:Drivers/STM32F4xx_HAL_Driver/Src/stm32f4xx_hal_rtc.c ****     hrtc->Instance->ALRMASSR = 0x00000000U;
 399:Drivers/STM32F4xx_HAL_Driver/Src/stm32f4xx_hal_rtc.c ****     hrtc->Instance->ALRMBSSR = 0x00000000U;
 400:Drivers/STM32F4xx_HAL_Driver/Src/stm32f4xx_hal_rtc.c **** 
 401:Drivers/STM32F4xx_HAL_Driver/Src/stm32f4xx_hal_rtc.c ****     /* Exit Initialization mode */
 402:Drivers/STM32F4xx_HAL_Driver/Src/stm32f4xx_hal_rtc.c ****     status = RTC_ExitInitMode(hrtc);
 403:Drivers/STM32F4xx_HAL_Driver/Src/stm32f4xx_hal_rtc.c ****   }
 404:Drivers/STM32F4xx_HAL_Driver/Src/stm32f4xx_hal_rtc.c **** 
 405:Drivers/STM32F4xx_HAL_Driver/Src/stm32f4xx_hal_rtc.c ****   /* Enable the write protection for RTC registers */
 406:Drivers/STM32F4xx_HAL_Driver/Src/stm32f4xx_hal_rtc.c ****   __HAL_RTC_WRITEPROTECTION_ENABLE(hrtc);
 407:Drivers/STM32F4xx_HAL_Driver/Src/stm32f4xx_hal_rtc.c **** 
 408:Drivers/STM32F4xx_HAL_Driver/Src/stm32f4xx_hal_rtc.c ****   if (status == HAL_OK)
 409:Drivers/STM32F4xx_HAL_Driver/Src/stm32f4xx_hal_rtc.c ****   {
 410:Drivers/STM32F4xx_HAL_Driver/Src/stm32f4xx_hal_rtc.c ****     /* Reset Tamper and alternate functions configuration register */
 411:Drivers/STM32F4xx_HAL_Driver/Src/stm32f4xx_hal_rtc.c ****     hrtc->Instance->TAFCR = 0x00000000U;
 412:Drivers/STM32F4xx_HAL_Driver/Src/stm32f4xx_hal_rtc.c **** 
 413:Drivers/STM32F4xx_HAL_Driver/Src/stm32f4xx_hal_rtc.c **** #if (USE_HAL_RTC_REGISTER_CALLBACKS == 1)
 414:Drivers/STM32F4xx_HAL_Driver/Src/stm32f4xx_hal_rtc.c ****     if (hrtc->MspDeInitCallback == NULL)
 415:Drivers/STM32F4xx_HAL_Driver/Src/stm32f4xx_hal_rtc.c ****     {
 416:Drivers/STM32F4xx_HAL_Driver/Src/stm32f4xx_hal_rtc.c ****       hrtc->MspDeInitCallback = HAL_RTC_MspDeInit;
 417:Drivers/STM32F4xx_HAL_Driver/Src/stm32f4xx_hal_rtc.c ****     }
 418:Drivers/STM32F4xx_HAL_Driver/Src/stm32f4xx_hal_rtc.c **** 
 419:Drivers/STM32F4xx_HAL_Driver/Src/stm32f4xx_hal_rtc.c ****     /* DeInit the low level hardware: CLOCK, NVIC.*/
 420:Drivers/STM32F4xx_HAL_Driver/Src/stm32f4xx_hal_rtc.c ****     hrtc->MspDeInitCallback(hrtc);
 421:Drivers/STM32F4xx_HAL_Driver/Src/stm32f4xx_hal_rtc.c **** #else /* USE_HAL_RTC_REGISTER_CALLBACKS */
 422:Drivers/STM32F4xx_HAL_Driver/Src/stm32f4xx_hal_rtc.c ****     /* De-Initialize RTC MSP */
 423:Drivers/STM32F4xx_HAL_Driver/Src/stm32f4xx_hal_rtc.c ****     HAL_RTC_MspDeInit(hrtc);
 424:Drivers/STM32F4xx_HAL_Driver/Src/stm32f4xx_hal_rtc.c **** #endif /* USE_HAL_RTC_REGISTER_CALLBACKS */
 425:Drivers/STM32F4xx_HAL_Driver/Src/stm32f4xx_hal_rtc.c **** 
 426:Drivers/STM32F4xx_HAL_Driver/Src/stm32f4xx_hal_rtc.c ****     hrtc->State = HAL_RTC_STATE_RESET;
 427:Drivers/STM32F4xx_HAL_Driver/Src/stm32f4xx_hal_rtc.c ****   }
 428:Drivers/STM32F4xx_HAL_Driver/Src/stm32f4xx_hal_rtc.c **** 
ARM GAS  /tmp/ccDzuYuu.s 			page 9


 429:Drivers/STM32F4xx_HAL_Driver/Src/stm32f4xx_hal_rtc.c ****   /* Release Lock */
 430:Drivers/STM32F4xx_HAL_Driver/Src/stm32f4xx_hal_rtc.c ****   __HAL_UNLOCK(hrtc);
 431:Drivers/STM32F4xx_HAL_Driver/Src/stm32f4xx_hal_rtc.c **** 
 432:Drivers/STM32F4xx_HAL_Driver/Src/stm32f4xx_hal_rtc.c ****   return status;
 433:Drivers/STM32F4xx_HAL_Driver/Src/stm32f4xx_hal_rtc.c **** }
 434:Drivers/STM32F4xx_HAL_Driver/Src/stm32f4xx_hal_rtc.c **** 
 435:Drivers/STM32F4xx_HAL_Driver/Src/stm32f4xx_hal_rtc.c **** #if (USE_HAL_RTC_REGISTER_CALLBACKS == 1)
 436:Drivers/STM32F4xx_HAL_Driver/Src/stm32f4xx_hal_rtc.c **** /**
 437:Drivers/STM32F4xx_HAL_Driver/Src/stm32f4xx_hal_rtc.c ****   * @brief  Registers a User RTC Callback
 438:Drivers/STM32F4xx_HAL_Driver/Src/stm32f4xx_hal_rtc.c ****   *         To be used instead of the weak predefined callback
 439:Drivers/STM32F4xx_HAL_Driver/Src/stm32f4xx_hal_rtc.c ****   * @param  hrtc pointer to a RTC_HandleTypeDef structure that contains
 440:Drivers/STM32F4xx_HAL_Driver/Src/stm32f4xx_hal_rtc.c ****   *                the configuration information for RTC.
 441:Drivers/STM32F4xx_HAL_Driver/Src/stm32f4xx_hal_rtc.c ****   * @param  CallbackID ID of the callback to be registered
 442:Drivers/STM32F4xx_HAL_Driver/Src/stm32f4xx_hal_rtc.c ****   *         This parameter can be one of the following values:
 443:Drivers/STM32F4xx_HAL_Driver/Src/stm32f4xx_hal_rtc.c ****   *          @arg @ref HAL_RTC_ALARM_A_EVENT_CB_ID          Alarm A Event Callback ID
 444:Drivers/STM32F4xx_HAL_Driver/Src/stm32f4xx_hal_rtc.c ****   *          @arg @ref HAL_RTC_ALARM_B_EVENT_CB_ID          Alarm B Event Callback ID
 445:Drivers/STM32F4xx_HAL_Driver/Src/stm32f4xx_hal_rtc.c ****   *          @arg @ref HAL_RTC_TIMESTAMP_EVENT_CB_ID        Timestamp Event Callback ID
 446:Drivers/STM32F4xx_HAL_Driver/Src/stm32f4xx_hal_rtc.c ****   *          @arg @ref HAL_RTC_WAKEUPTIMER_EVENT_CB_ID      Wakeup Timer Event Callback ID
 447:Drivers/STM32F4xx_HAL_Driver/Src/stm32f4xx_hal_rtc.c ****   *          @arg @ref HAL_RTC_TAMPER1_EVENT_CB_ID          Tamper 1 Event Callback ID
 448:Drivers/STM32F4xx_HAL_Driver/Src/stm32f4xx_hal_rtc.c ****   *          @arg @ref HAL_RTC_TAMPER2_EVENT_CB_ID          Tamper 2 Event Callback ID (*)
 449:Drivers/STM32F4xx_HAL_Driver/Src/stm32f4xx_hal_rtc.c ****   *          @arg @ref HAL_RTC_MSPINIT_CB_ID                MSP Init callback ID
 450:Drivers/STM32F4xx_HAL_Driver/Src/stm32f4xx_hal_rtc.c ****   *          @arg @ref HAL_RTC_MSPDEINIT_CB_ID              MSP DeInit callback ID
 451:Drivers/STM32F4xx_HAL_Driver/Src/stm32f4xx_hal_rtc.c ****   *
 452:Drivers/STM32F4xx_HAL_Driver/Src/stm32f4xx_hal_rtc.c ****   *         (*) value not applicable to all devices.
 453:Drivers/STM32F4xx_HAL_Driver/Src/stm32f4xx_hal_rtc.c ****   * @param  pCallback pointer to the Callback function
 454:Drivers/STM32F4xx_HAL_Driver/Src/stm32f4xx_hal_rtc.c ****   * @retval HAL status
 455:Drivers/STM32F4xx_HAL_Driver/Src/stm32f4xx_hal_rtc.c ****   */
 456:Drivers/STM32F4xx_HAL_Driver/Src/stm32f4xx_hal_rtc.c **** HAL_StatusTypeDef HAL_RTC_RegisterCallback(RTC_HandleTypeDef *hrtc, HAL_RTC_CallbackIDTypeDef Callb
 457:Drivers/STM32F4xx_HAL_Driver/Src/stm32f4xx_hal_rtc.c **** {
 458:Drivers/STM32F4xx_HAL_Driver/Src/stm32f4xx_hal_rtc.c ****   HAL_StatusTypeDef status = HAL_OK;
 459:Drivers/STM32F4xx_HAL_Driver/Src/stm32f4xx_hal_rtc.c **** 
 460:Drivers/STM32F4xx_HAL_Driver/Src/stm32f4xx_hal_rtc.c ****   if (pCallback == NULL)
 461:Drivers/STM32F4xx_HAL_Driver/Src/stm32f4xx_hal_rtc.c ****   {
 462:Drivers/STM32F4xx_HAL_Driver/Src/stm32f4xx_hal_rtc.c ****     return HAL_ERROR;
 463:Drivers/STM32F4xx_HAL_Driver/Src/stm32f4xx_hal_rtc.c ****   }
 464:Drivers/STM32F4xx_HAL_Driver/Src/stm32f4xx_hal_rtc.c **** 
 465:Drivers/STM32F4xx_HAL_Driver/Src/stm32f4xx_hal_rtc.c ****   /* Process locked */
 466:Drivers/STM32F4xx_HAL_Driver/Src/stm32f4xx_hal_rtc.c ****   __HAL_LOCK(hrtc);
 467:Drivers/STM32F4xx_HAL_Driver/Src/stm32f4xx_hal_rtc.c **** 
 468:Drivers/STM32F4xx_HAL_Driver/Src/stm32f4xx_hal_rtc.c ****   if (HAL_RTC_STATE_READY == hrtc->State)
 469:Drivers/STM32F4xx_HAL_Driver/Src/stm32f4xx_hal_rtc.c ****   {
 470:Drivers/STM32F4xx_HAL_Driver/Src/stm32f4xx_hal_rtc.c ****     switch (CallbackID)
 471:Drivers/STM32F4xx_HAL_Driver/Src/stm32f4xx_hal_rtc.c ****     {
 472:Drivers/STM32F4xx_HAL_Driver/Src/stm32f4xx_hal_rtc.c ****       case HAL_RTC_ALARM_A_EVENT_CB_ID :
 473:Drivers/STM32F4xx_HAL_Driver/Src/stm32f4xx_hal_rtc.c ****         hrtc->AlarmAEventCallback = pCallback;
 474:Drivers/STM32F4xx_HAL_Driver/Src/stm32f4xx_hal_rtc.c ****         break;
 475:Drivers/STM32F4xx_HAL_Driver/Src/stm32f4xx_hal_rtc.c **** 
 476:Drivers/STM32F4xx_HAL_Driver/Src/stm32f4xx_hal_rtc.c ****       case HAL_RTC_ALARM_B_EVENT_CB_ID :
 477:Drivers/STM32F4xx_HAL_Driver/Src/stm32f4xx_hal_rtc.c ****         hrtc->AlarmBEventCallback = pCallback;
 478:Drivers/STM32F4xx_HAL_Driver/Src/stm32f4xx_hal_rtc.c ****         break;
 479:Drivers/STM32F4xx_HAL_Driver/Src/stm32f4xx_hal_rtc.c **** 
 480:Drivers/STM32F4xx_HAL_Driver/Src/stm32f4xx_hal_rtc.c ****       case HAL_RTC_TIMESTAMP_EVENT_CB_ID :
 481:Drivers/STM32F4xx_HAL_Driver/Src/stm32f4xx_hal_rtc.c ****         hrtc->TimeStampEventCallback = pCallback;
 482:Drivers/STM32F4xx_HAL_Driver/Src/stm32f4xx_hal_rtc.c ****         break;
 483:Drivers/STM32F4xx_HAL_Driver/Src/stm32f4xx_hal_rtc.c **** 
 484:Drivers/STM32F4xx_HAL_Driver/Src/stm32f4xx_hal_rtc.c ****       case HAL_RTC_WAKEUPTIMER_EVENT_CB_ID :
 485:Drivers/STM32F4xx_HAL_Driver/Src/stm32f4xx_hal_rtc.c ****         hrtc->WakeUpTimerEventCallback = pCallback;
ARM GAS  /tmp/ccDzuYuu.s 			page 10


 486:Drivers/STM32F4xx_HAL_Driver/Src/stm32f4xx_hal_rtc.c ****         break;
 487:Drivers/STM32F4xx_HAL_Driver/Src/stm32f4xx_hal_rtc.c **** 
 488:Drivers/STM32F4xx_HAL_Driver/Src/stm32f4xx_hal_rtc.c ****       case HAL_RTC_TAMPER1_EVENT_CB_ID :
 489:Drivers/STM32F4xx_HAL_Driver/Src/stm32f4xx_hal_rtc.c ****         hrtc->Tamper1EventCallback = pCallback;
 490:Drivers/STM32F4xx_HAL_Driver/Src/stm32f4xx_hal_rtc.c ****         break;
 491:Drivers/STM32F4xx_HAL_Driver/Src/stm32f4xx_hal_rtc.c **** 
 492:Drivers/STM32F4xx_HAL_Driver/Src/stm32f4xx_hal_rtc.c **** #if defined(RTC_TAMPER2_SUPPORT)
 493:Drivers/STM32F4xx_HAL_Driver/Src/stm32f4xx_hal_rtc.c ****       case HAL_RTC_TAMPER2_EVENT_CB_ID :
 494:Drivers/STM32F4xx_HAL_Driver/Src/stm32f4xx_hal_rtc.c ****         hrtc->Tamper2EventCallback = pCallback;
 495:Drivers/STM32F4xx_HAL_Driver/Src/stm32f4xx_hal_rtc.c ****         break;
 496:Drivers/STM32F4xx_HAL_Driver/Src/stm32f4xx_hal_rtc.c **** #endif /* RTC_TAMPER2_SUPPORT */
 497:Drivers/STM32F4xx_HAL_Driver/Src/stm32f4xx_hal_rtc.c **** 
 498:Drivers/STM32F4xx_HAL_Driver/Src/stm32f4xx_hal_rtc.c ****       case HAL_RTC_MSPINIT_CB_ID :
 499:Drivers/STM32F4xx_HAL_Driver/Src/stm32f4xx_hal_rtc.c ****         hrtc->MspInitCallback = pCallback;
 500:Drivers/STM32F4xx_HAL_Driver/Src/stm32f4xx_hal_rtc.c ****         break;
 501:Drivers/STM32F4xx_HAL_Driver/Src/stm32f4xx_hal_rtc.c **** 
 502:Drivers/STM32F4xx_HAL_Driver/Src/stm32f4xx_hal_rtc.c ****       case HAL_RTC_MSPDEINIT_CB_ID :
 503:Drivers/STM32F4xx_HAL_Driver/Src/stm32f4xx_hal_rtc.c ****         hrtc->MspDeInitCallback = pCallback;
 504:Drivers/STM32F4xx_HAL_Driver/Src/stm32f4xx_hal_rtc.c ****         break;
 505:Drivers/STM32F4xx_HAL_Driver/Src/stm32f4xx_hal_rtc.c **** 
 506:Drivers/STM32F4xx_HAL_Driver/Src/stm32f4xx_hal_rtc.c ****       default :
 507:Drivers/STM32F4xx_HAL_Driver/Src/stm32f4xx_hal_rtc.c ****         /* Return error status */
 508:Drivers/STM32F4xx_HAL_Driver/Src/stm32f4xx_hal_rtc.c ****         status =  HAL_ERROR;
 509:Drivers/STM32F4xx_HAL_Driver/Src/stm32f4xx_hal_rtc.c ****         break;
 510:Drivers/STM32F4xx_HAL_Driver/Src/stm32f4xx_hal_rtc.c ****     }
 511:Drivers/STM32F4xx_HAL_Driver/Src/stm32f4xx_hal_rtc.c ****   }
 512:Drivers/STM32F4xx_HAL_Driver/Src/stm32f4xx_hal_rtc.c ****   else if (HAL_RTC_STATE_RESET == hrtc->State)
 513:Drivers/STM32F4xx_HAL_Driver/Src/stm32f4xx_hal_rtc.c ****   {
 514:Drivers/STM32F4xx_HAL_Driver/Src/stm32f4xx_hal_rtc.c ****     switch (CallbackID)
 515:Drivers/STM32F4xx_HAL_Driver/Src/stm32f4xx_hal_rtc.c ****     {
 516:Drivers/STM32F4xx_HAL_Driver/Src/stm32f4xx_hal_rtc.c ****       case HAL_RTC_MSPINIT_CB_ID :
 517:Drivers/STM32F4xx_HAL_Driver/Src/stm32f4xx_hal_rtc.c ****         hrtc->MspInitCallback = pCallback;
 518:Drivers/STM32F4xx_HAL_Driver/Src/stm32f4xx_hal_rtc.c ****         break;
 519:Drivers/STM32F4xx_HAL_Driver/Src/stm32f4xx_hal_rtc.c **** 
 520:Drivers/STM32F4xx_HAL_Driver/Src/stm32f4xx_hal_rtc.c ****       case HAL_RTC_MSPDEINIT_CB_ID :
 521:Drivers/STM32F4xx_HAL_Driver/Src/stm32f4xx_hal_rtc.c ****         hrtc->MspDeInitCallback = pCallback;
 522:Drivers/STM32F4xx_HAL_Driver/Src/stm32f4xx_hal_rtc.c ****         break;
 523:Drivers/STM32F4xx_HAL_Driver/Src/stm32f4xx_hal_rtc.c **** 
 524:Drivers/STM32F4xx_HAL_Driver/Src/stm32f4xx_hal_rtc.c ****       default :
 525:Drivers/STM32F4xx_HAL_Driver/Src/stm32f4xx_hal_rtc.c ****         /* Return error status */
 526:Drivers/STM32F4xx_HAL_Driver/Src/stm32f4xx_hal_rtc.c ****         status =  HAL_ERROR;
 527:Drivers/STM32F4xx_HAL_Driver/Src/stm32f4xx_hal_rtc.c ****         break;
 528:Drivers/STM32F4xx_HAL_Driver/Src/stm32f4xx_hal_rtc.c ****     }
 529:Drivers/STM32F4xx_HAL_Driver/Src/stm32f4xx_hal_rtc.c ****   }
 530:Drivers/STM32F4xx_HAL_Driver/Src/stm32f4xx_hal_rtc.c ****   else
 531:Drivers/STM32F4xx_HAL_Driver/Src/stm32f4xx_hal_rtc.c ****   {
 532:Drivers/STM32F4xx_HAL_Driver/Src/stm32f4xx_hal_rtc.c ****     /* Return error status */
 533:Drivers/STM32F4xx_HAL_Driver/Src/stm32f4xx_hal_rtc.c ****     status =  HAL_ERROR;
 534:Drivers/STM32F4xx_HAL_Driver/Src/stm32f4xx_hal_rtc.c ****   }
 535:Drivers/STM32F4xx_HAL_Driver/Src/stm32f4xx_hal_rtc.c **** 
 536:Drivers/STM32F4xx_HAL_Driver/Src/stm32f4xx_hal_rtc.c ****   /* Release Lock */
 537:Drivers/STM32F4xx_HAL_Driver/Src/stm32f4xx_hal_rtc.c ****   __HAL_UNLOCK(hrtc);
 538:Drivers/STM32F4xx_HAL_Driver/Src/stm32f4xx_hal_rtc.c **** 
 539:Drivers/STM32F4xx_HAL_Driver/Src/stm32f4xx_hal_rtc.c ****   return status;
 540:Drivers/STM32F4xx_HAL_Driver/Src/stm32f4xx_hal_rtc.c **** }
 541:Drivers/STM32F4xx_HAL_Driver/Src/stm32f4xx_hal_rtc.c **** 
 542:Drivers/STM32F4xx_HAL_Driver/Src/stm32f4xx_hal_rtc.c **** /**
ARM GAS  /tmp/ccDzuYuu.s 			page 11


 543:Drivers/STM32F4xx_HAL_Driver/Src/stm32f4xx_hal_rtc.c ****   * @brief  Unregisters an RTC Callback
 544:Drivers/STM32F4xx_HAL_Driver/Src/stm32f4xx_hal_rtc.c ****   *         RTC callback is redirected to the weak predefined callback
 545:Drivers/STM32F4xx_HAL_Driver/Src/stm32f4xx_hal_rtc.c ****   * @param  hrtc pointer to a RTC_HandleTypeDef structure that contains
 546:Drivers/STM32F4xx_HAL_Driver/Src/stm32f4xx_hal_rtc.c ****   *                the configuration information for RTC.
 547:Drivers/STM32F4xx_HAL_Driver/Src/stm32f4xx_hal_rtc.c ****   * @param  CallbackID ID of the callback to be unregistered
 548:Drivers/STM32F4xx_HAL_Driver/Src/stm32f4xx_hal_rtc.c ****   *         This parameter can be one of the following values:
 549:Drivers/STM32F4xx_HAL_Driver/Src/stm32f4xx_hal_rtc.c ****   *          @arg @ref HAL_RTC_ALARM_A_EVENT_CB_ID          Alarm A Event Callback ID
 550:Drivers/STM32F4xx_HAL_Driver/Src/stm32f4xx_hal_rtc.c ****   *          @arg @ref HAL_RTC_ALARM_B_EVENT_CB_ID          Alarm B Event Callback ID
 551:Drivers/STM32F4xx_HAL_Driver/Src/stm32f4xx_hal_rtc.c ****   *          @arg @ref HAL_RTC_TIMESTAMP_EVENT_CB_ID        Timestamp Event Callback ID
 552:Drivers/STM32F4xx_HAL_Driver/Src/stm32f4xx_hal_rtc.c ****   *          @arg @ref HAL_RTC_WAKEUPTIMER_EVENT_CB_ID      Wakeup Timer Event Callback ID
 553:Drivers/STM32F4xx_HAL_Driver/Src/stm32f4xx_hal_rtc.c ****   *          @arg @ref HAL_RTC_TAMPER1_EVENT_CB_ID          Tamper 1 Event Callback ID
 554:Drivers/STM32F4xx_HAL_Driver/Src/stm32f4xx_hal_rtc.c ****   *          @arg @ref HAL_RTC_TAMPER2_EVENT_CB_ID          Tamper 2 Event Callback ID (*)
 555:Drivers/STM32F4xx_HAL_Driver/Src/stm32f4xx_hal_rtc.c ****   *          @arg @ref HAL_RTC_MSPINIT_CB_ID                MSP Init callback ID
 556:Drivers/STM32F4xx_HAL_Driver/Src/stm32f4xx_hal_rtc.c ****   *          @arg @ref HAL_RTC_MSPDEINIT_CB_ID              MSP DeInit callback ID
 557:Drivers/STM32F4xx_HAL_Driver/Src/stm32f4xx_hal_rtc.c ****   *
 558:Drivers/STM32F4xx_HAL_Driver/Src/stm32f4xx_hal_rtc.c ****   *         (*) value not applicable to all devices.
 559:Drivers/STM32F4xx_HAL_Driver/Src/stm32f4xx_hal_rtc.c ****   * @retval HAL status
 560:Drivers/STM32F4xx_HAL_Driver/Src/stm32f4xx_hal_rtc.c ****   */
 561:Drivers/STM32F4xx_HAL_Driver/Src/stm32f4xx_hal_rtc.c **** HAL_StatusTypeDef HAL_RTC_UnRegisterCallback(RTC_HandleTypeDef *hrtc, HAL_RTC_CallbackIDTypeDef Cal
 562:Drivers/STM32F4xx_HAL_Driver/Src/stm32f4xx_hal_rtc.c **** {
 563:Drivers/STM32F4xx_HAL_Driver/Src/stm32f4xx_hal_rtc.c ****   HAL_StatusTypeDef status = HAL_OK;
 564:Drivers/STM32F4xx_HAL_Driver/Src/stm32f4xx_hal_rtc.c **** 
 565:Drivers/STM32F4xx_HAL_Driver/Src/stm32f4xx_hal_rtc.c ****   /* Process locked */
 566:Drivers/STM32F4xx_HAL_Driver/Src/stm32f4xx_hal_rtc.c ****   __HAL_LOCK(hrtc);
 567:Drivers/STM32F4xx_HAL_Driver/Src/stm32f4xx_hal_rtc.c **** 
 568:Drivers/STM32F4xx_HAL_Driver/Src/stm32f4xx_hal_rtc.c ****   if (HAL_RTC_STATE_READY == hrtc->State)
 569:Drivers/STM32F4xx_HAL_Driver/Src/stm32f4xx_hal_rtc.c ****   {
 570:Drivers/STM32F4xx_HAL_Driver/Src/stm32f4xx_hal_rtc.c ****     switch (CallbackID)
 571:Drivers/STM32F4xx_HAL_Driver/Src/stm32f4xx_hal_rtc.c ****     {
 572:Drivers/STM32F4xx_HAL_Driver/Src/stm32f4xx_hal_rtc.c ****       case HAL_RTC_ALARM_A_EVENT_CB_ID :
 573:Drivers/STM32F4xx_HAL_Driver/Src/stm32f4xx_hal_rtc.c ****         hrtc->AlarmAEventCallback = HAL_RTC_AlarmAEventCallback;             /* Legacy weak AlarmAE
 574:Drivers/STM32F4xx_HAL_Driver/Src/stm32f4xx_hal_rtc.c ****         break;
 575:Drivers/STM32F4xx_HAL_Driver/Src/stm32f4xx_hal_rtc.c **** 
 576:Drivers/STM32F4xx_HAL_Driver/Src/stm32f4xx_hal_rtc.c ****       case HAL_RTC_ALARM_B_EVENT_CB_ID :
 577:Drivers/STM32F4xx_HAL_Driver/Src/stm32f4xx_hal_rtc.c ****         hrtc->AlarmBEventCallback = HAL_RTCEx_AlarmBEventCallback;           /* Legacy weak AlarmBE
 578:Drivers/STM32F4xx_HAL_Driver/Src/stm32f4xx_hal_rtc.c ****         break;
 579:Drivers/STM32F4xx_HAL_Driver/Src/stm32f4xx_hal_rtc.c **** 
 580:Drivers/STM32F4xx_HAL_Driver/Src/stm32f4xx_hal_rtc.c ****       case HAL_RTC_TIMESTAMP_EVENT_CB_ID :
 581:Drivers/STM32F4xx_HAL_Driver/Src/stm32f4xx_hal_rtc.c ****         hrtc->TimeStampEventCallback = HAL_RTCEx_TimeStampEventCallback;     /* Legacy weak TimeSta
 582:Drivers/STM32F4xx_HAL_Driver/Src/stm32f4xx_hal_rtc.c ****         break;
 583:Drivers/STM32F4xx_HAL_Driver/Src/stm32f4xx_hal_rtc.c **** 
 584:Drivers/STM32F4xx_HAL_Driver/Src/stm32f4xx_hal_rtc.c ****       case HAL_RTC_WAKEUPTIMER_EVENT_CB_ID :
 585:Drivers/STM32F4xx_HAL_Driver/Src/stm32f4xx_hal_rtc.c ****         hrtc->WakeUpTimerEventCallback = HAL_RTCEx_WakeUpTimerEventCallback; /* Legacy weak WakeUpT
 586:Drivers/STM32F4xx_HAL_Driver/Src/stm32f4xx_hal_rtc.c ****         break;
 587:Drivers/STM32F4xx_HAL_Driver/Src/stm32f4xx_hal_rtc.c **** 
 588:Drivers/STM32F4xx_HAL_Driver/Src/stm32f4xx_hal_rtc.c ****       case HAL_RTC_TAMPER1_EVENT_CB_ID :
 589:Drivers/STM32F4xx_HAL_Driver/Src/stm32f4xx_hal_rtc.c ****         hrtc->Tamper1EventCallback = HAL_RTCEx_Tamper1EventCallback;         /* Legacy weak Tamper1
 590:Drivers/STM32F4xx_HAL_Driver/Src/stm32f4xx_hal_rtc.c ****         break;
 591:Drivers/STM32F4xx_HAL_Driver/Src/stm32f4xx_hal_rtc.c **** 
 592:Drivers/STM32F4xx_HAL_Driver/Src/stm32f4xx_hal_rtc.c **** #if defined(RTC_TAMPER2_SUPPORT)
 593:Drivers/STM32F4xx_HAL_Driver/Src/stm32f4xx_hal_rtc.c ****       case HAL_RTC_TAMPER2_EVENT_CB_ID :
 594:Drivers/STM32F4xx_HAL_Driver/Src/stm32f4xx_hal_rtc.c ****         hrtc->Tamper2EventCallback = HAL_RTCEx_Tamper2EventCallback;         /* Legacy weak Tamper2
 595:Drivers/STM32F4xx_HAL_Driver/Src/stm32f4xx_hal_rtc.c ****         break;
 596:Drivers/STM32F4xx_HAL_Driver/Src/stm32f4xx_hal_rtc.c **** #endif /* RTC_TAMPER2_SUPPORT */
 597:Drivers/STM32F4xx_HAL_Driver/Src/stm32f4xx_hal_rtc.c **** 
 598:Drivers/STM32F4xx_HAL_Driver/Src/stm32f4xx_hal_rtc.c ****       case HAL_RTC_MSPINIT_CB_ID :
 599:Drivers/STM32F4xx_HAL_Driver/Src/stm32f4xx_hal_rtc.c ****         hrtc->MspInitCallback = HAL_RTC_MspInit;
ARM GAS  /tmp/ccDzuYuu.s 			page 12


 600:Drivers/STM32F4xx_HAL_Driver/Src/stm32f4xx_hal_rtc.c ****         break;
 601:Drivers/STM32F4xx_HAL_Driver/Src/stm32f4xx_hal_rtc.c **** 
 602:Drivers/STM32F4xx_HAL_Driver/Src/stm32f4xx_hal_rtc.c ****       case HAL_RTC_MSPDEINIT_CB_ID :
 603:Drivers/STM32F4xx_HAL_Driver/Src/stm32f4xx_hal_rtc.c ****         hrtc->MspDeInitCallback = HAL_RTC_MspDeInit;
 604:Drivers/STM32F4xx_HAL_Driver/Src/stm32f4xx_hal_rtc.c ****         break;
 605:Drivers/STM32F4xx_HAL_Driver/Src/stm32f4xx_hal_rtc.c **** 
 606:Drivers/STM32F4xx_HAL_Driver/Src/stm32f4xx_hal_rtc.c ****       default :
 607:Drivers/STM32F4xx_HAL_Driver/Src/stm32f4xx_hal_rtc.c ****         /* Return error status */
 608:Drivers/STM32F4xx_HAL_Driver/Src/stm32f4xx_hal_rtc.c ****         status =  HAL_ERROR;
 609:Drivers/STM32F4xx_HAL_Driver/Src/stm32f4xx_hal_rtc.c ****         break;
 610:Drivers/STM32F4xx_HAL_Driver/Src/stm32f4xx_hal_rtc.c ****     }
 611:Drivers/STM32F4xx_HAL_Driver/Src/stm32f4xx_hal_rtc.c ****   }
 612:Drivers/STM32F4xx_HAL_Driver/Src/stm32f4xx_hal_rtc.c ****   else if (HAL_RTC_STATE_RESET == hrtc->State)
 613:Drivers/STM32F4xx_HAL_Driver/Src/stm32f4xx_hal_rtc.c ****   {
 614:Drivers/STM32F4xx_HAL_Driver/Src/stm32f4xx_hal_rtc.c ****     switch (CallbackID)
 615:Drivers/STM32F4xx_HAL_Driver/Src/stm32f4xx_hal_rtc.c ****     {
 616:Drivers/STM32F4xx_HAL_Driver/Src/stm32f4xx_hal_rtc.c ****       case HAL_RTC_MSPINIT_CB_ID :
 617:Drivers/STM32F4xx_HAL_Driver/Src/stm32f4xx_hal_rtc.c ****         hrtc->MspInitCallback = HAL_RTC_MspInit;
 618:Drivers/STM32F4xx_HAL_Driver/Src/stm32f4xx_hal_rtc.c ****         break;
 619:Drivers/STM32F4xx_HAL_Driver/Src/stm32f4xx_hal_rtc.c **** 
 620:Drivers/STM32F4xx_HAL_Driver/Src/stm32f4xx_hal_rtc.c ****       case HAL_RTC_MSPDEINIT_CB_ID :
 621:Drivers/STM32F4xx_HAL_Driver/Src/stm32f4xx_hal_rtc.c ****         hrtc->MspDeInitCallback = HAL_RTC_MspDeInit;
 622:Drivers/STM32F4xx_HAL_Driver/Src/stm32f4xx_hal_rtc.c ****         break;
 623:Drivers/STM32F4xx_HAL_Driver/Src/stm32f4xx_hal_rtc.c **** 
 624:Drivers/STM32F4xx_HAL_Driver/Src/stm32f4xx_hal_rtc.c ****       default :
 625:Drivers/STM32F4xx_HAL_Driver/Src/stm32f4xx_hal_rtc.c ****         /* Return error status */
 626:Drivers/STM32F4xx_HAL_Driver/Src/stm32f4xx_hal_rtc.c ****         status =  HAL_ERROR;
 627:Drivers/STM32F4xx_HAL_Driver/Src/stm32f4xx_hal_rtc.c ****         break;
 628:Drivers/STM32F4xx_HAL_Driver/Src/stm32f4xx_hal_rtc.c ****     }
 629:Drivers/STM32F4xx_HAL_Driver/Src/stm32f4xx_hal_rtc.c ****   }
 630:Drivers/STM32F4xx_HAL_Driver/Src/stm32f4xx_hal_rtc.c ****   else
 631:Drivers/STM32F4xx_HAL_Driver/Src/stm32f4xx_hal_rtc.c ****   {
 632:Drivers/STM32F4xx_HAL_Driver/Src/stm32f4xx_hal_rtc.c ****     /* Return error status */
 633:Drivers/STM32F4xx_HAL_Driver/Src/stm32f4xx_hal_rtc.c ****     status =  HAL_ERROR;
 634:Drivers/STM32F4xx_HAL_Driver/Src/stm32f4xx_hal_rtc.c ****   }
 635:Drivers/STM32F4xx_HAL_Driver/Src/stm32f4xx_hal_rtc.c **** 
 636:Drivers/STM32F4xx_HAL_Driver/Src/stm32f4xx_hal_rtc.c ****   /* Release Lock */
 637:Drivers/STM32F4xx_HAL_Driver/Src/stm32f4xx_hal_rtc.c ****   __HAL_UNLOCK(hrtc);
 638:Drivers/STM32F4xx_HAL_Driver/Src/stm32f4xx_hal_rtc.c **** 
 639:Drivers/STM32F4xx_HAL_Driver/Src/stm32f4xx_hal_rtc.c ****   return status;
 640:Drivers/STM32F4xx_HAL_Driver/Src/stm32f4xx_hal_rtc.c **** }
 641:Drivers/STM32F4xx_HAL_Driver/Src/stm32f4xx_hal_rtc.c **** #endif /* USE_HAL_RTC_REGISTER_CALLBACKS */
 642:Drivers/STM32F4xx_HAL_Driver/Src/stm32f4xx_hal_rtc.c **** 
 643:Drivers/STM32F4xx_HAL_Driver/Src/stm32f4xx_hal_rtc.c **** /**
 644:Drivers/STM32F4xx_HAL_Driver/Src/stm32f4xx_hal_rtc.c ****   * @brief  Initializes the RTC MSP.
 645:Drivers/STM32F4xx_HAL_Driver/Src/stm32f4xx_hal_rtc.c ****   * @param  hrtc pointer to a RTC_HandleTypeDef structure that contains
 646:Drivers/STM32F4xx_HAL_Driver/Src/stm32f4xx_hal_rtc.c ****   *                the configuration information for RTC.
 647:Drivers/STM32F4xx_HAL_Driver/Src/stm32f4xx_hal_rtc.c ****   * @retval None
 648:Drivers/STM32F4xx_HAL_Driver/Src/stm32f4xx_hal_rtc.c ****   */
 649:Drivers/STM32F4xx_HAL_Driver/Src/stm32f4xx_hal_rtc.c **** __weak void HAL_RTC_MspInit(RTC_HandleTypeDef *hrtc)
 650:Drivers/STM32F4xx_HAL_Driver/Src/stm32f4xx_hal_rtc.c **** {
  30              		.loc 1 650 1 view -0
  31              		.cfi_startproc
  32              		@ args = 0, pretend = 0, frame = 0
  33              		@ frame_needed = 0, uses_anonymous_args = 0
  34              		@ link register save eliminated.
 651:Drivers/STM32F4xx_HAL_Driver/Src/stm32f4xx_hal_rtc.c ****   /* Prevent unused argument(s) compilation warning */
ARM GAS  /tmp/ccDzuYuu.s 			page 13


 652:Drivers/STM32F4xx_HAL_Driver/Src/stm32f4xx_hal_rtc.c ****   UNUSED(hrtc);
  35              		.loc 1 652 3 view .LVU1
 653:Drivers/STM32F4xx_HAL_Driver/Src/stm32f4xx_hal_rtc.c **** 
 654:Drivers/STM32F4xx_HAL_Driver/Src/stm32f4xx_hal_rtc.c ****   /* NOTE: This function should not be modified, when the callback is needed,
 655:Drivers/STM32F4xx_HAL_Driver/Src/stm32f4xx_hal_rtc.c ****            the HAL_RTC_MspInit could be implemented in the user file
 656:Drivers/STM32F4xx_HAL_Driver/Src/stm32f4xx_hal_rtc.c ****    */
 657:Drivers/STM32F4xx_HAL_Driver/Src/stm32f4xx_hal_rtc.c **** }
  36              		.loc 1 657 1 is_stmt 0 view .LVU2
  37 0000 7047     		bx	lr
  38              		.cfi_endproc
  39              	.LFE241:
  41              		.section	.text.HAL_RTC_MspDeInit,"ax",%progbits
  42              		.align	1
  43              		.weak	HAL_RTC_MspDeInit
  44              		.syntax unified
  45              		.thumb
  46              		.thumb_func
  48              	HAL_RTC_MspDeInit:
  49              	.LVL1:
  50              	.LFB242:
 658:Drivers/STM32F4xx_HAL_Driver/Src/stm32f4xx_hal_rtc.c **** 
 659:Drivers/STM32F4xx_HAL_Driver/Src/stm32f4xx_hal_rtc.c **** /**
 660:Drivers/STM32F4xx_HAL_Driver/Src/stm32f4xx_hal_rtc.c ****   * @brief  DeInitializes the RTC MSP.
 661:Drivers/STM32F4xx_HAL_Driver/Src/stm32f4xx_hal_rtc.c ****   * @param  hrtc pointer to a RTC_HandleTypeDef structure that contains
 662:Drivers/STM32F4xx_HAL_Driver/Src/stm32f4xx_hal_rtc.c ****   *                the configuration information for RTC.
 663:Drivers/STM32F4xx_HAL_Driver/Src/stm32f4xx_hal_rtc.c ****   * @retval None
 664:Drivers/STM32F4xx_HAL_Driver/Src/stm32f4xx_hal_rtc.c ****   */
 665:Drivers/STM32F4xx_HAL_Driver/Src/stm32f4xx_hal_rtc.c **** __weak void HAL_RTC_MspDeInit(RTC_HandleTypeDef *hrtc)
 666:Drivers/STM32F4xx_HAL_Driver/Src/stm32f4xx_hal_rtc.c **** {
  51              		.loc 1 666 1 is_stmt 1 view -0
  52              		.cfi_startproc
  53              		@ args = 0, pretend = 0, frame = 0
  54              		@ frame_needed = 0, uses_anonymous_args = 0
  55              		@ link register save eliminated.
 667:Drivers/STM32F4xx_HAL_Driver/Src/stm32f4xx_hal_rtc.c ****   /* Prevent unused argument(s) compilation warning */
 668:Drivers/STM32F4xx_HAL_Driver/Src/stm32f4xx_hal_rtc.c ****   UNUSED(hrtc);
  56              		.loc 1 668 3 view .LVU4
 669:Drivers/STM32F4xx_HAL_Driver/Src/stm32f4xx_hal_rtc.c **** 
 670:Drivers/STM32F4xx_HAL_Driver/Src/stm32f4xx_hal_rtc.c ****   /* NOTE: This function should not be modified, when the callback is needed,
 671:Drivers/STM32F4xx_HAL_Driver/Src/stm32f4xx_hal_rtc.c ****            the HAL_RTC_MspDeInit could be implemented in the user file
 672:Drivers/STM32F4xx_HAL_Driver/Src/stm32f4xx_hal_rtc.c ****    */
 673:Drivers/STM32F4xx_HAL_Driver/Src/stm32f4xx_hal_rtc.c **** }
  57              		.loc 1 673 1 is_stmt 0 view .LVU5
  58 0000 7047     		bx	lr
  59              		.cfi_endproc
  60              	.LFE242:
  62              		.section	.text.HAL_RTC_DeactivateAlarm,"ax",%progbits
  63              		.align	1
  64              		.global	HAL_RTC_DeactivateAlarm
  65              		.syntax unified
  66              		.thumb
  67              		.thumb_func
  69              	HAL_RTC_DeactivateAlarm:
  70              	.LVL2:
  71              	.LFB249:
 674:Drivers/STM32F4xx_HAL_Driver/Src/stm32f4xx_hal_rtc.c **** 
 675:Drivers/STM32F4xx_HAL_Driver/Src/stm32f4xx_hal_rtc.c **** /**
ARM GAS  /tmp/ccDzuYuu.s 			page 14


 676:Drivers/STM32F4xx_HAL_Driver/Src/stm32f4xx_hal_rtc.c ****   * @}
 677:Drivers/STM32F4xx_HAL_Driver/Src/stm32f4xx_hal_rtc.c ****   */
 678:Drivers/STM32F4xx_HAL_Driver/Src/stm32f4xx_hal_rtc.c **** 
 679:Drivers/STM32F4xx_HAL_Driver/Src/stm32f4xx_hal_rtc.c **** /** @defgroup RTC_Exported_Functions_Group2 RTC Time and Date functions
 680:Drivers/STM32F4xx_HAL_Driver/Src/stm32f4xx_hal_rtc.c ****   * @brief    RTC Time and Date functions
 681:Drivers/STM32F4xx_HAL_Driver/Src/stm32f4xx_hal_rtc.c ****   *
 682:Drivers/STM32F4xx_HAL_Driver/Src/stm32f4xx_hal_rtc.c **** @verbatim
 683:Drivers/STM32F4xx_HAL_Driver/Src/stm32f4xx_hal_rtc.c ****  ===============================================================================
 684:Drivers/STM32F4xx_HAL_Driver/Src/stm32f4xx_hal_rtc.c ****                  ##### RTC Time and Date functions #####
 685:Drivers/STM32F4xx_HAL_Driver/Src/stm32f4xx_hal_rtc.c ****  ===============================================================================
 686:Drivers/STM32F4xx_HAL_Driver/Src/stm32f4xx_hal_rtc.c **** 
 687:Drivers/STM32F4xx_HAL_Driver/Src/stm32f4xx_hal_rtc.c ****  [..] This section provides functions allowing to configure Time and Date features
 688:Drivers/STM32F4xx_HAL_Driver/Src/stm32f4xx_hal_rtc.c **** 
 689:Drivers/STM32F4xx_HAL_Driver/Src/stm32f4xx_hal_rtc.c **** @endverbatim
 690:Drivers/STM32F4xx_HAL_Driver/Src/stm32f4xx_hal_rtc.c ****   * @{
 691:Drivers/STM32F4xx_HAL_Driver/Src/stm32f4xx_hal_rtc.c ****   */
 692:Drivers/STM32F4xx_HAL_Driver/Src/stm32f4xx_hal_rtc.c **** 
 693:Drivers/STM32F4xx_HAL_Driver/Src/stm32f4xx_hal_rtc.c **** /**
 694:Drivers/STM32F4xx_HAL_Driver/Src/stm32f4xx_hal_rtc.c ****   * @brief  Sets RTC current time.
 695:Drivers/STM32F4xx_HAL_Driver/Src/stm32f4xx_hal_rtc.c ****   * @param  hrtc pointer to a RTC_HandleTypeDef structure that contains
 696:Drivers/STM32F4xx_HAL_Driver/Src/stm32f4xx_hal_rtc.c ****   *                the configuration information for RTC.
 697:Drivers/STM32F4xx_HAL_Driver/Src/stm32f4xx_hal_rtc.c ****   * @param  sTime Pointer to Time structure
 698:Drivers/STM32F4xx_HAL_Driver/Src/stm32f4xx_hal_rtc.c ****   * @note   DayLightSaving and StoreOperation interfaces are deprecated.
 699:Drivers/STM32F4xx_HAL_Driver/Src/stm32f4xx_hal_rtc.c ****   *         To manage Daylight Saving Time, please use HAL_RTC_DST_xxx functions.
 700:Drivers/STM32F4xx_HAL_Driver/Src/stm32f4xx_hal_rtc.c ****   * @param  Format Specifies the format of the entered parameters.
 701:Drivers/STM32F4xx_HAL_Driver/Src/stm32f4xx_hal_rtc.c ****   *          This parameter can be one of the following values:
 702:Drivers/STM32F4xx_HAL_Driver/Src/stm32f4xx_hal_rtc.c ****   *            @arg RTC_FORMAT_BIN: Binary data format
 703:Drivers/STM32F4xx_HAL_Driver/Src/stm32f4xx_hal_rtc.c ****   *            @arg RTC_FORMAT_BCD: BCD data format
 704:Drivers/STM32F4xx_HAL_Driver/Src/stm32f4xx_hal_rtc.c ****   * @retval HAL status
 705:Drivers/STM32F4xx_HAL_Driver/Src/stm32f4xx_hal_rtc.c ****   */
 706:Drivers/STM32F4xx_HAL_Driver/Src/stm32f4xx_hal_rtc.c **** HAL_StatusTypeDef HAL_RTC_SetTime(RTC_HandleTypeDef *hrtc, RTC_TimeTypeDef *sTime, uint32_t Format)
 707:Drivers/STM32F4xx_HAL_Driver/Src/stm32f4xx_hal_rtc.c **** {
 708:Drivers/STM32F4xx_HAL_Driver/Src/stm32f4xx_hal_rtc.c ****   uint32_t tmpreg = 0U;
 709:Drivers/STM32F4xx_HAL_Driver/Src/stm32f4xx_hal_rtc.c ****   HAL_StatusTypeDef status;
 710:Drivers/STM32F4xx_HAL_Driver/Src/stm32f4xx_hal_rtc.c **** 
 711:Drivers/STM32F4xx_HAL_Driver/Src/stm32f4xx_hal_rtc.c ****   /* Check the parameters */
 712:Drivers/STM32F4xx_HAL_Driver/Src/stm32f4xx_hal_rtc.c ****   assert_param(IS_RTC_FORMAT(Format));
 713:Drivers/STM32F4xx_HAL_Driver/Src/stm32f4xx_hal_rtc.c ****   assert_param(IS_RTC_DAYLIGHT_SAVING(sTime->DayLightSaving));
 714:Drivers/STM32F4xx_HAL_Driver/Src/stm32f4xx_hal_rtc.c ****   assert_param(IS_RTC_STORE_OPERATION(sTime->StoreOperation));
 715:Drivers/STM32F4xx_HAL_Driver/Src/stm32f4xx_hal_rtc.c **** 
 716:Drivers/STM32F4xx_HAL_Driver/Src/stm32f4xx_hal_rtc.c ****   /* Process Locked */
 717:Drivers/STM32F4xx_HAL_Driver/Src/stm32f4xx_hal_rtc.c ****   __HAL_LOCK(hrtc);
 718:Drivers/STM32F4xx_HAL_Driver/Src/stm32f4xx_hal_rtc.c **** 
 719:Drivers/STM32F4xx_HAL_Driver/Src/stm32f4xx_hal_rtc.c ****   hrtc->State = HAL_RTC_STATE_BUSY;
 720:Drivers/STM32F4xx_HAL_Driver/Src/stm32f4xx_hal_rtc.c **** 
 721:Drivers/STM32F4xx_HAL_Driver/Src/stm32f4xx_hal_rtc.c ****   if (Format == RTC_FORMAT_BIN)
 722:Drivers/STM32F4xx_HAL_Driver/Src/stm32f4xx_hal_rtc.c ****   {
 723:Drivers/STM32F4xx_HAL_Driver/Src/stm32f4xx_hal_rtc.c ****     if ((hrtc->Instance->CR & RTC_CR_FMT) != 0U)
 724:Drivers/STM32F4xx_HAL_Driver/Src/stm32f4xx_hal_rtc.c ****     {
 725:Drivers/STM32F4xx_HAL_Driver/Src/stm32f4xx_hal_rtc.c ****       assert_param(IS_RTC_HOUR12(sTime->Hours));
 726:Drivers/STM32F4xx_HAL_Driver/Src/stm32f4xx_hal_rtc.c ****       assert_param(IS_RTC_HOURFORMAT12(sTime->TimeFormat));
 727:Drivers/STM32F4xx_HAL_Driver/Src/stm32f4xx_hal_rtc.c ****     }
 728:Drivers/STM32F4xx_HAL_Driver/Src/stm32f4xx_hal_rtc.c ****     else
 729:Drivers/STM32F4xx_HAL_Driver/Src/stm32f4xx_hal_rtc.c ****     {
 730:Drivers/STM32F4xx_HAL_Driver/Src/stm32f4xx_hal_rtc.c ****       sTime->TimeFormat = 0x00U;
 731:Drivers/STM32F4xx_HAL_Driver/Src/stm32f4xx_hal_rtc.c ****       assert_param(IS_RTC_HOUR24(sTime->Hours));
 732:Drivers/STM32F4xx_HAL_Driver/Src/stm32f4xx_hal_rtc.c ****     }
ARM GAS  /tmp/ccDzuYuu.s 			page 15


 733:Drivers/STM32F4xx_HAL_Driver/Src/stm32f4xx_hal_rtc.c ****     assert_param(IS_RTC_MINUTES(sTime->Minutes));
 734:Drivers/STM32F4xx_HAL_Driver/Src/stm32f4xx_hal_rtc.c ****     assert_param(IS_RTC_SECONDS(sTime->Seconds));
 735:Drivers/STM32F4xx_HAL_Driver/Src/stm32f4xx_hal_rtc.c **** 
 736:Drivers/STM32F4xx_HAL_Driver/Src/stm32f4xx_hal_rtc.c ****     tmpreg = (uint32_t)(( (uint32_t)RTC_ByteToBcd2(sTime->Hours)   << RTC_TR_HU_Pos)  | \
 737:Drivers/STM32F4xx_HAL_Driver/Src/stm32f4xx_hal_rtc.c ****                         ( (uint32_t)RTC_ByteToBcd2(sTime->Minutes) << RTC_TR_MNU_Pos) | \
 738:Drivers/STM32F4xx_HAL_Driver/Src/stm32f4xx_hal_rtc.c ****                         ( (uint32_t)RTC_ByteToBcd2(sTime->Seconds))                   | \
 739:Drivers/STM32F4xx_HAL_Driver/Src/stm32f4xx_hal_rtc.c ****                         (((uint32_t)sTime->TimeFormat)             << RTC_TR_PM_Pos));
 740:Drivers/STM32F4xx_HAL_Driver/Src/stm32f4xx_hal_rtc.c ****   }
 741:Drivers/STM32F4xx_HAL_Driver/Src/stm32f4xx_hal_rtc.c ****   else
 742:Drivers/STM32F4xx_HAL_Driver/Src/stm32f4xx_hal_rtc.c ****   {
 743:Drivers/STM32F4xx_HAL_Driver/Src/stm32f4xx_hal_rtc.c ****     if ((hrtc->Instance->CR & RTC_CR_FMT) != 0U)
 744:Drivers/STM32F4xx_HAL_Driver/Src/stm32f4xx_hal_rtc.c ****     {
 745:Drivers/STM32F4xx_HAL_Driver/Src/stm32f4xx_hal_rtc.c ****       assert_param(IS_RTC_HOUR12(RTC_Bcd2ToByte(sTime->Hours)));
 746:Drivers/STM32F4xx_HAL_Driver/Src/stm32f4xx_hal_rtc.c ****       assert_param(IS_RTC_HOURFORMAT12(sTime->TimeFormat));
 747:Drivers/STM32F4xx_HAL_Driver/Src/stm32f4xx_hal_rtc.c ****     }
 748:Drivers/STM32F4xx_HAL_Driver/Src/stm32f4xx_hal_rtc.c ****     else
 749:Drivers/STM32F4xx_HAL_Driver/Src/stm32f4xx_hal_rtc.c ****     {
 750:Drivers/STM32F4xx_HAL_Driver/Src/stm32f4xx_hal_rtc.c ****       sTime->TimeFormat = 0x00U;
 751:Drivers/STM32F4xx_HAL_Driver/Src/stm32f4xx_hal_rtc.c ****       assert_param(IS_RTC_HOUR24(RTC_Bcd2ToByte(sTime->Hours)));
 752:Drivers/STM32F4xx_HAL_Driver/Src/stm32f4xx_hal_rtc.c ****     }
 753:Drivers/STM32F4xx_HAL_Driver/Src/stm32f4xx_hal_rtc.c ****     assert_param(IS_RTC_MINUTES(RTC_Bcd2ToByte(sTime->Minutes)));
 754:Drivers/STM32F4xx_HAL_Driver/Src/stm32f4xx_hal_rtc.c ****     assert_param(IS_RTC_SECONDS(RTC_Bcd2ToByte(sTime->Seconds)));
 755:Drivers/STM32F4xx_HAL_Driver/Src/stm32f4xx_hal_rtc.c ****     tmpreg = (((uint32_t)(sTime->Hours)      << RTC_TR_HU_Pos)  | \
 756:Drivers/STM32F4xx_HAL_Driver/Src/stm32f4xx_hal_rtc.c ****               ((uint32_t)(sTime->Minutes)    << RTC_TR_MNU_Pos) | \
 757:Drivers/STM32F4xx_HAL_Driver/Src/stm32f4xx_hal_rtc.c ****               ((uint32_t) sTime->Seconds)                       | \
 758:Drivers/STM32F4xx_HAL_Driver/Src/stm32f4xx_hal_rtc.c ****               ((uint32_t)(sTime->TimeFormat) << RTC_TR_PM_Pos));
 759:Drivers/STM32F4xx_HAL_Driver/Src/stm32f4xx_hal_rtc.c ****   }
 760:Drivers/STM32F4xx_HAL_Driver/Src/stm32f4xx_hal_rtc.c **** 
 761:Drivers/STM32F4xx_HAL_Driver/Src/stm32f4xx_hal_rtc.c ****   /* Disable the write protection for RTC registers */
 762:Drivers/STM32F4xx_HAL_Driver/Src/stm32f4xx_hal_rtc.c ****   __HAL_RTC_WRITEPROTECTION_DISABLE(hrtc);
 763:Drivers/STM32F4xx_HAL_Driver/Src/stm32f4xx_hal_rtc.c **** 
 764:Drivers/STM32F4xx_HAL_Driver/Src/stm32f4xx_hal_rtc.c ****   /* Enter Initialization mode */
 765:Drivers/STM32F4xx_HAL_Driver/Src/stm32f4xx_hal_rtc.c ****   status = RTC_EnterInitMode(hrtc);
 766:Drivers/STM32F4xx_HAL_Driver/Src/stm32f4xx_hal_rtc.c **** 
 767:Drivers/STM32F4xx_HAL_Driver/Src/stm32f4xx_hal_rtc.c ****   if (status == HAL_OK)
 768:Drivers/STM32F4xx_HAL_Driver/Src/stm32f4xx_hal_rtc.c ****   {
 769:Drivers/STM32F4xx_HAL_Driver/Src/stm32f4xx_hal_rtc.c ****     /* Set the RTC_TR register */
 770:Drivers/STM32F4xx_HAL_Driver/Src/stm32f4xx_hal_rtc.c ****     hrtc->Instance->TR = (uint32_t)(tmpreg & RTC_TR_RESERVED_MASK);
 771:Drivers/STM32F4xx_HAL_Driver/Src/stm32f4xx_hal_rtc.c **** 
 772:Drivers/STM32F4xx_HAL_Driver/Src/stm32f4xx_hal_rtc.c ****     /* Clear the bits to be configured (Deprecated. Use HAL_RTC_DST_xxx functions instead) */
 773:Drivers/STM32F4xx_HAL_Driver/Src/stm32f4xx_hal_rtc.c ****     hrtc->Instance->CR &= (uint32_t)~RTC_CR_BKP;
 774:Drivers/STM32F4xx_HAL_Driver/Src/stm32f4xx_hal_rtc.c **** 
 775:Drivers/STM32F4xx_HAL_Driver/Src/stm32f4xx_hal_rtc.c ****     /* Configure the RTC_CR register (Deprecated. Use HAL_RTC_DST_xxx functions instead) */
 776:Drivers/STM32F4xx_HAL_Driver/Src/stm32f4xx_hal_rtc.c ****     hrtc->Instance->CR |= (uint32_t)(sTime->DayLightSaving | sTime->StoreOperation);
 777:Drivers/STM32F4xx_HAL_Driver/Src/stm32f4xx_hal_rtc.c **** 
 778:Drivers/STM32F4xx_HAL_Driver/Src/stm32f4xx_hal_rtc.c ****     /* Exit Initialization mode */
 779:Drivers/STM32F4xx_HAL_Driver/Src/stm32f4xx_hal_rtc.c ****     status = RTC_ExitInitMode(hrtc);
 780:Drivers/STM32F4xx_HAL_Driver/Src/stm32f4xx_hal_rtc.c ****   }
 781:Drivers/STM32F4xx_HAL_Driver/Src/stm32f4xx_hal_rtc.c **** 
 782:Drivers/STM32F4xx_HAL_Driver/Src/stm32f4xx_hal_rtc.c ****   if (status == HAL_OK)
 783:Drivers/STM32F4xx_HAL_Driver/Src/stm32f4xx_hal_rtc.c ****   {
 784:Drivers/STM32F4xx_HAL_Driver/Src/stm32f4xx_hal_rtc.c ****     hrtc->State = HAL_RTC_STATE_READY;
 785:Drivers/STM32F4xx_HAL_Driver/Src/stm32f4xx_hal_rtc.c ****   }
 786:Drivers/STM32F4xx_HAL_Driver/Src/stm32f4xx_hal_rtc.c **** 
 787:Drivers/STM32F4xx_HAL_Driver/Src/stm32f4xx_hal_rtc.c ****   /* Enable the write protection for RTC registers */
 788:Drivers/STM32F4xx_HAL_Driver/Src/stm32f4xx_hal_rtc.c ****   __HAL_RTC_WRITEPROTECTION_ENABLE(hrtc);
 789:Drivers/STM32F4xx_HAL_Driver/Src/stm32f4xx_hal_rtc.c **** 
ARM GAS  /tmp/ccDzuYuu.s 			page 16


 790:Drivers/STM32F4xx_HAL_Driver/Src/stm32f4xx_hal_rtc.c ****   /* Process Unlocked */
 791:Drivers/STM32F4xx_HAL_Driver/Src/stm32f4xx_hal_rtc.c ****   __HAL_UNLOCK(hrtc);
 792:Drivers/STM32F4xx_HAL_Driver/Src/stm32f4xx_hal_rtc.c **** 
 793:Drivers/STM32F4xx_HAL_Driver/Src/stm32f4xx_hal_rtc.c ****   return status;
 794:Drivers/STM32F4xx_HAL_Driver/Src/stm32f4xx_hal_rtc.c **** }
 795:Drivers/STM32F4xx_HAL_Driver/Src/stm32f4xx_hal_rtc.c **** 
 796:Drivers/STM32F4xx_HAL_Driver/Src/stm32f4xx_hal_rtc.c **** /**
 797:Drivers/STM32F4xx_HAL_Driver/Src/stm32f4xx_hal_rtc.c ****   * @brief  Gets RTC current time.
 798:Drivers/STM32F4xx_HAL_Driver/Src/stm32f4xx_hal_rtc.c ****   * @param  hrtc pointer to a RTC_HandleTypeDef structure that contains
 799:Drivers/STM32F4xx_HAL_Driver/Src/stm32f4xx_hal_rtc.c ****   *                the configuration information for RTC.
 800:Drivers/STM32F4xx_HAL_Driver/Src/stm32f4xx_hal_rtc.c ****   * @param  sTime Pointer to Time structure
 801:Drivers/STM32F4xx_HAL_Driver/Src/stm32f4xx_hal_rtc.c ****   * @param  Format Specifies the format of the entered parameters.
 802:Drivers/STM32F4xx_HAL_Driver/Src/stm32f4xx_hal_rtc.c ****   *          This parameter can be one of the following values:
 803:Drivers/STM32F4xx_HAL_Driver/Src/stm32f4xx_hal_rtc.c ****   *            @arg RTC_FORMAT_BIN: Binary data format
 804:Drivers/STM32F4xx_HAL_Driver/Src/stm32f4xx_hal_rtc.c ****   *            @arg RTC_FORMAT_BCD: BCD data format
 805:Drivers/STM32F4xx_HAL_Driver/Src/stm32f4xx_hal_rtc.c ****   * @note  You can use SubSeconds and SecondFraction (sTime structure fields
 806:Drivers/STM32F4xx_HAL_Driver/Src/stm32f4xx_hal_rtc.c ****   *        returned) to convert SubSeconds value in second fraction ratio with
 807:Drivers/STM32F4xx_HAL_Driver/Src/stm32f4xx_hal_rtc.c ****   *        time unit following generic formula:
 808:Drivers/STM32F4xx_HAL_Driver/Src/stm32f4xx_hal_rtc.c ****   *        Second fraction ratio * time_unit =
 809:Drivers/STM32F4xx_HAL_Driver/Src/stm32f4xx_hal_rtc.c ****   *           [(SecondFraction - SubSeconds) / (SecondFraction + 1)] * time_unit
 810:Drivers/STM32F4xx_HAL_Driver/Src/stm32f4xx_hal_rtc.c ****   *        This conversion can be performed only if no shift operation is pending
 811:Drivers/STM32F4xx_HAL_Driver/Src/stm32f4xx_hal_rtc.c ****   *        (ie. SHFP=0) when PREDIV_S >= SS
 812:Drivers/STM32F4xx_HAL_Driver/Src/stm32f4xx_hal_rtc.c ****   * @note  You must call HAL_RTC_GetDate() after HAL_RTC_GetTime() to unlock the
 813:Drivers/STM32F4xx_HAL_Driver/Src/stm32f4xx_hal_rtc.c ****   *        values in the higher-order calendar shadow registers to ensure
 814:Drivers/STM32F4xx_HAL_Driver/Src/stm32f4xx_hal_rtc.c ****   *        consistency between the time and date values.
 815:Drivers/STM32F4xx_HAL_Driver/Src/stm32f4xx_hal_rtc.c ****   *        Reading RTC current time locks the values in calendar shadow registers
 816:Drivers/STM32F4xx_HAL_Driver/Src/stm32f4xx_hal_rtc.c ****   *        until current date is read to ensure consistency between the time and
 817:Drivers/STM32F4xx_HAL_Driver/Src/stm32f4xx_hal_rtc.c ****   *        date values.
 818:Drivers/STM32F4xx_HAL_Driver/Src/stm32f4xx_hal_rtc.c ****   * @retval HAL status
 819:Drivers/STM32F4xx_HAL_Driver/Src/stm32f4xx_hal_rtc.c ****   */
 820:Drivers/STM32F4xx_HAL_Driver/Src/stm32f4xx_hal_rtc.c **** HAL_StatusTypeDef HAL_RTC_GetTime(RTC_HandleTypeDef *hrtc, RTC_TimeTypeDef *sTime, uint32_t Format)
 821:Drivers/STM32F4xx_HAL_Driver/Src/stm32f4xx_hal_rtc.c **** {
 822:Drivers/STM32F4xx_HAL_Driver/Src/stm32f4xx_hal_rtc.c ****   uint32_t tmpreg = 0U;
 823:Drivers/STM32F4xx_HAL_Driver/Src/stm32f4xx_hal_rtc.c **** 
 824:Drivers/STM32F4xx_HAL_Driver/Src/stm32f4xx_hal_rtc.c ****   /* Check the parameters */
 825:Drivers/STM32F4xx_HAL_Driver/Src/stm32f4xx_hal_rtc.c ****   assert_param(IS_RTC_FORMAT(Format));
 826:Drivers/STM32F4xx_HAL_Driver/Src/stm32f4xx_hal_rtc.c **** 
 827:Drivers/STM32F4xx_HAL_Driver/Src/stm32f4xx_hal_rtc.c ****   /* Get subseconds value from the corresponding register */
 828:Drivers/STM32F4xx_HAL_Driver/Src/stm32f4xx_hal_rtc.c ****   sTime->SubSeconds = (uint32_t)(hrtc->Instance->SSR);
 829:Drivers/STM32F4xx_HAL_Driver/Src/stm32f4xx_hal_rtc.c **** 
 830:Drivers/STM32F4xx_HAL_Driver/Src/stm32f4xx_hal_rtc.c ****   /* Get SecondFraction structure field from the corresponding register field*/
 831:Drivers/STM32F4xx_HAL_Driver/Src/stm32f4xx_hal_rtc.c ****   sTime->SecondFraction = (uint32_t)(hrtc->Instance->PRER & RTC_PRER_PREDIV_S);
 832:Drivers/STM32F4xx_HAL_Driver/Src/stm32f4xx_hal_rtc.c **** 
 833:Drivers/STM32F4xx_HAL_Driver/Src/stm32f4xx_hal_rtc.c ****   /* Get the TR register */
 834:Drivers/STM32F4xx_HAL_Driver/Src/stm32f4xx_hal_rtc.c ****   tmpreg = (uint32_t)(hrtc->Instance->TR & RTC_TR_RESERVED_MASK);
 835:Drivers/STM32F4xx_HAL_Driver/Src/stm32f4xx_hal_rtc.c **** 
 836:Drivers/STM32F4xx_HAL_Driver/Src/stm32f4xx_hal_rtc.c ****   /* Fill the structure fields with the read parameters */
 837:Drivers/STM32F4xx_HAL_Driver/Src/stm32f4xx_hal_rtc.c ****   sTime->Hours      = (uint8_t)((tmpreg & (RTC_TR_HT  | RTC_TR_HU))  >> RTC_TR_HU_Pos);
 838:Drivers/STM32F4xx_HAL_Driver/Src/stm32f4xx_hal_rtc.c ****   sTime->Minutes    = (uint8_t)((tmpreg & (RTC_TR_MNT | RTC_TR_MNU)) >> RTC_TR_MNU_Pos);
 839:Drivers/STM32F4xx_HAL_Driver/Src/stm32f4xx_hal_rtc.c ****   sTime->Seconds    = (uint8_t)( tmpreg & (RTC_TR_ST  | RTC_TR_SU));
 840:Drivers/STM32F4xx_HAL_Driver/Src/stm32f4xx_hal_rtc.c ****   sTime->TimeFormat = (uint8_t)((tmpreg & (RTC_TR_PM))               >> RTC_TR_PM_Pos);
 841:Drivers/STM32F4xx_HAL_Driver/Src/stm32f4xx_hal_rtc.c **** 
 842:Drivers/STM32F4xx_HAL_Driver/Src/stm32f4xx_hal_rtc.c ****   /* Check the input parameters format */
 843:Drivers/STM32F4xx_HAL_Driver/Src/stm32f4xx_hal_rtc.c ****   if (Format == RTC_FORMAT_BIN)
 844:Drivers/STM32F4xx_HAL_Driver/Src/stm32f4xx_hal_rtc.c ****   {
 845:Drivers/STM32F4xx_HAL_Driver/Src/stm32f4xx_hal_rtc.c ****     /* Convert the time structure parameters to Binary format */
 846:Drivers/STM32F4xx_HAL_Driver/Src/stm32f4xx_hal_rtc.c ****     sTime->Hours = (uint8_t)RTC_Bcd2ToByte(sTime->Hours);
ARM GAS  /tmp/ccDzuYuu.s 			page 17


 847:Drivers/STM32F4xx_HAL_Driver/Src/stm32f4xx_hal_rtc.c ****     sTime->Minutes = (uint8_t)RTC_Bcd2ToByte(sTime->Minutes);
 848:Drivers/STM32F4xx_HAL_Driver/Src/stm32f4xx_hal_rtc.c ****     sTime->Seconds = (uint8_t)RTC_Bcd2ToByte(sTime->Seconds);
 849:Drivers/STM32F4xx_HAL_Driver/Src/stm32f4xx_hal_rtc.c ****   }
 850:Drivers/STM32F4xx_HAL_Driver/Src/stm32f4xx_hal_rtc.c **** 
 851:Drivers/STM32F4xx_HAL_Driver/Src/stm32f4xx_hal_rtc.c ****   return HAL_OK;
 852:Drivers/STM32F4xx_HAL_Driver/Src/stm32f4xx_hal_rtc.c **** }
 853:Drivers/STM32F4xx_HAL_Driver/Src/stm32f4xx_hal_rtc.c **** 
 854:Drivers/STM32F4xx_HAL_Driver/Src/stm32f4xx_hal_rtc.c **** /**
 855:Drivers/STM32F4xx_HAL_Driver/Src/stm32f4xx_hal_rtc.c ****   * @brief  Sets RTC current date.
 856:Drivers/STM32F4xx_HAL_Driver/Src/stm32f4xx_hal_rtc.c ****   * @param  hrtc pointer to a RTC_HandleTypeDef structure that contains
 857:Drivers/STM32F4xx_HAL_Driver/Src/stm32f4xx_hal_rtc.c ****   *                the configuration information for RTC.
 858:Drivers/STM32F4xx_HAL_Driver/Src/stm32f4xx_hal_rtc.c ****   * @param  sDate Pointer to date structure
 859:Drivers/STM32F4xx_HAL_Driver/Src/stm32f4xx_hal_rtc.c ****   * @param  Format specifies the format of the entered parameters.
 860:Drivers/STM32F4xx_HAL_Driver/Src/stm32f4xx_hal_rtc.c ****   *          This parameter can be one of the following values:
 861:Drivers/STM32F4xx_HAL_Driver/Src/stm32f4xx_hal_rtc.c ****   *            @arg RTC_FORMAT_BIN: Binary data format
 862:Drivers/STM32F4xx_HAL_Driver/Src/stm32f4xx_hal_rtc.c ****   *            @arg RTC_FORMAT_BCD: BCD data format
 863:Drivers/STM32F4xx_HAL_Driver/Src/stm32f4xx_hal_rtc.c ****   * @retval HAL status
 864:Drivers/STM32F4xx_HAL_Driver/Src/stm32f4xx_hal_rtc.c ****   */
 865:Drivers/STM32F4xx_HAL_Driver/Src/stm32f4xx_hal_rtc.c **** HAL_StatusTypeDef HAL_RTC_SetDate(RTC_HandleTypeDef *hrtc, RTC_DateTypeDef *sDate, uint32_t Format)
 866:Drivers/STM32F4xx_HAL_Driver/Src/stm32f4xx_hal_rtc.c **** {
 867:Drivers/STM32F4xx_HAL_Driver/Src/stm32f4xx_hal_rtc.c ****   uint32_t datetmpreg = 0U;
 868:Drivers/STM32F4xx_HAL_Driver/Src/stm32f4xx_hal_rtc.c ****   HAL_StatusTypeDef status;
 869:Drivers/STM32F4xx_HAL_Driver/Src/stm32f4xx_hal_rtc.c **** 
 870:Drivers/STM32F4xx_HAL_Driver/Src/stm32f4xx_hal_rtc.c ****   /* Check the parameters */
 871:Drivers/STM32F4xx_HAL_Driver/Src/stm32f4xx_hal_rtc.c ****   assert_param(IS_RTC_FORMAT(Format));
 872:Drivers/STM32F4xx_HAL_Driver/Src/stm32f4xx_hal_rtc.c **** 
 873:Drivers/STM32F4xx_HAL_Driver/Src/stm32f4xx_hal_rtc.c ****   /* Process Locked */
 874:Drivers/STM32F4xx_HAL_Driver/Src/stm32f4xx_hal_rtc.c ****   __HAL_LOCK(hrtc);
 875:Drivers/STM32F4xx_HAL_Driver/Src/stm32f4xx_hal_rtc.c **** 
 876:Drivers/STM32F4xx_HAL_Driver/Src/stm32f4xx_hal_rtc.c ****   hrtc->State = HAL_RTC_STATE_BUSY;
 877:Drivers/STM32F4xx_HAL_Driver/Src/stm32f4xx_hal_rtc.c **** 
 878:Drivers/STM32F4xx_HAL_Driver/Src/stm32f4xx_hal_rtc.c ****   if ((Format == RTC_FORMAT_BIN) && ((sDate->Month & 0x10U) == 0x10U))
 879:Drivers/STM32F4xx_HAL_Driver/Src/stm32f4xx_hal_rtc.c ****   {
 880:Drivers/STM32F4xx_HAL_Driver/Src/stm32f4xx_hal_rtc.c ****     sDate->Month = (uint8_t)((sDate->Month & (uint8_t)~(0x10U)) + (uint8_t)0x0AU);
 881:Drivers/STM32F4xx_HAL_Driver/Src/stm32f4xx_hal_rtc.c ****   }
 882:Drivers/STM32F4xx_HAL_Driver/Src/stm32f4xx_hal_rtc.c **** 
 883:Drivers/STM32F4xx_HAL_Driver/Src/stm32f4xx_hal_rtc.c ****   assert_param(IS_RTC_WEEKDAY(sDate->WeekDay));
 884:Drivers/STM32F4xx_HAL_Driver/Src/stm32f4xx_hal_rtc.c **** 
 885:Drivers/STM32F4xx_HAL_Driver/Src/stm32f4xx_hal_rtc.c ****   if (Format == RTC_FORMAT_BIN)
 886:Drivers/STM32F4xx_HAL_Driver/Src/stm32f4xx_hal_rtc.c ****   {
 887:Drivers/STM32F4xx_HAL_Driver/Src/stm32f4xx_hal_rtc.c ****     assert_param(IS_RTC_YEAR(sDate->Year));
 888:Drivers/STM32F4xx_HAL_Driver/Src/stm32f4xx_hal_rtc.c ****     assert_param(IS_RTC_MONTH(sDate->Month));
 889:Drivers/STM32F4xx_HAL_Driver/Src/stm32f4xx_hal_rtc.c ****     assert_param(IS_RTC_DATE(sDate->Date));
 890:Drivers/STM32F4xx_HAL_Driver/Src/stm32f4xx_hal_rtc.c **** 
 891:Drivers/STM32F4xx_HAL_Driver/Src/stm32f4xx_hal_rtc.c ****     datetmpreg = (((uint32_t)RTC_ByteToBcd2(sDate->Year)  << RTC_DR_YU_Pos) | \
 892:Drivers/STM32F4xx_HAL_Driver/Src/stm32f4xx_hal_rtc.c ****                   ((uint32_t)RTC_ByteToBcd2(sDate->Month) << RTC_DR_MU_Pos) | \
 893:Drivers/STM32F4xx_HAL_Driver/Src/stm32f4xx_hal_rtc.c ****                   ((uint32_t)RTC_ByteToBcd2(sDate->Date))                   | \
 894:Drivers/STM32F4xx_HAL_Driver/Src/stm32f4xx_hal_rtc.c ****                   ((uint32_t)sDate->WeekDay               << RTC_DR_WDU_Pos));
 895:Drivers/STM32F4xx_HAL_Driver/Src/stm32f4xx_hal_rtc.c ****   }
 896:Drivers/STM32F4xx_HAL_Driver/Src/stm32f4xx_hal_rtc.c ****   else
 897:Drivers/STM32F4xx_HAL_Driver/Src/stm32f4xx_hal_rtc.c ****   {
 898:Drivers/STM32F4xx_HAL_Driver/Src/stm32f4xx_hal_rtc.c ****     assert_param(IS_RTC_YEAR(RTC_Bcd2ToByte(sDate->Year)));
 899:Drivers/STM32F4xx_HAL_Driver/Src/stm32f4xx_hal_rtc.c ****     assert_param(IS_RTC_MONTH(RTC_Bcd2ToByte(sDate->Month)));
 900:Drivers/STM32F4xx_HAL_Driver/Src/stm32f4xx_hal_rtc.c ****     assert_param(IS_RTC_DATE(RTC_Bcd2ToByte(sDate->Date)));
 901:Drivers/STM32F4xx_HAL_Driver/Src/stm32f4xx_hal_rtc.c **** 
 902:Drivers/STM32F4xx_HAL_Driver/Src/stm32f4xx_hal_rtc.c ****     datetmpreg = ((((uint32_t)sDate->Year)    << RTC_DR_YU_Pos) | \
 903:Drivers/STM32F4xx_HAL_Driver/Src/stm32f4xx_hal_rtc.c ****                   (((uint32_t)sDate->Month)   << RTC_DR_MU_Pos) | \
ARM GAS  /tmp/ccDzuYuu.s 			page 18


 904:Drivers/STM32F4xx_HAL_Driver/Src/stm32f4xx_hal_rtc.c ****                   ((uint32_t) sDate->Date)                      | \
 905:Drivers/STM32F4xx_HAL_Driver/Src/stm32f4xx_hal_rtc.c ****                   (((uint32_t)sDate->WeekDay) << RTC_DR_WDU_Pos));
 906:Drivers/STM32F4xx_HAL_Driver/Src/stm32f4xx_hal_rtc.c ****   }
 907:Drivers/STM32F4xx_HAL_Driver/Src/stm32f4xx_hal_rtc.c **** 
 908:Drivers/STM32F4xx_HAL_Driver/Src/stm32f4xx_hal_rtc.c ****   /* Disable the write protection for RTC registers */
 909:Drivers/STM32F4xx_HAL_Driver/Src/stm32f4xx_hal_rtc.c ****   __HAL_RTC_WRITEPROTECTION_DISABLE(hrtc);
 910:Drivers/STM32F4xx_HAL_Driver/Src/stm32f4xx_hal_rtc.c **** 
 911:Drivers/STM32F4xx_HAL_Driver/Src/stm32f4xx_hal_rtc.c ****   /* Enter Initialization mode */
 912:Drivers/STM32F4xx_HAL_Driver/Src/stm32f4xx_hal_rtc.c ****   status = RTC_EnterInitMode(hrtc);
 913:Drivers/STM32F4xx_HAL_Driver/Src/stm32f4xx_hal_rtc.c **** 
 914:Drivers/STM32F4xx_HAL_Driver/Src/stm32f4xx_hal_rtc.c ****   if (status == HAL_OK)
 915:Drivers/STM32F4xx_HAL_Driver/Src/stm32f4xx_hal_rtc.c ****   {
 916:Drivers/STM32F4xx_HAL_Driver/Src/stm32f4xx_hal_rtc.c ****     /* Set the RTC_DR register */
 917:Drivers/STM32F4xx_HAL_Driver/Src/stm32f4xx_hal_rtc.c ****     hrtc->Instance->DR = (uint32_t)(datetmpreg & RTC_DR_RESERVED_MASK);
 918:Drivers/STM32F4xx_HAL_Driver/Src/stm32f4xx_hal_rtc.c **** 
 919:Drivers/STM32F4xx_HAL_Driver/Src/stm32f4xx_hal_rtc.c ****     /* Exit Initialization mode */
 920:Drivers/STM32F4xx_HAL_Driver/Src/stm32f4xx_hal_rtc.c ****     status = RTC_ExitInitMode(hrtc);
 921:Drivers/STM32F4xx_HAL_Driver/Src/stm32f4xx_hal_rtc.c ****   }
 922:Drivers/STM32F4xx_HAL_Driver/Src/stm32f4xx_hal_rtc.c **** 
 923:Drivers/STM32F4xx_HAL_Driver/Src/stm32f4xx_hal_rtc.c ****   if (status == HAL_OK)
 924:Drivers/STM32F4xx_HAL_Driver/Src/stm32f4xx_hal_rtc.c ****   {
 925:Drivers/STM32F4xx_HAL_Driver/Src/stm32f4xx_hal_rtc.c ****     hrtc->State = HAL_RTC_STATE_READY;
 926:Drivers/STM32F4xx_HAL_Driver/Src/stm32f4xx_hal_rtc.c ****   }
 927:Drivers/STM32F4xx_HAL_Driver/Src/stm32f4xx_hal_rtc.c **** 
 928:Drivers/STM32F4xx_HAL_Driver/Src/stm32f4xx_hal_rtc.c ****   /* Enable the write protection for RTC registers */
 929:Drivers/STM32F4xx_HAL_Driver/Src/stm32f4xx_hal_rtc.c ****   __HAL_RTC_WRITEPROTECTION_ENABLE(hrtc);
 930:Drivers/STM32F4xx_HAL_Driver/Src/stm32f4xx_hal_rtc.c **** 
 931:Drivers/STM32F4xx_HAL_Driver/Src/stm32f4xx_hal_rtc.c ****   /* Process Unlocked */
 932:Drivers/STM32F4xx_HAL_Driver/Src/stm32f4xx_hal_rtc.c ****   __HAL_UNLOCK(hrtc);
 933:Drivers/STM32F4xx_HAL_Driver/Src/stm32f4xx_hal_rtc.c **** 
 934:Drivers/STM32F4xx_HAL_Driver/Src/stm32f4xx_hal_rtc.c ****   return status;
 935:Drivers/STM32F4xx_HAL_Driver/Src/stm32f4xx_hal_rtc.c **** }
 936:Drivers/STM32F4xx_HAL_Driver/Src/stm32f4xx_hal_rtc.c **** 
 937:Drivers/STM32F4xx_HAL_Driver/Src/stm32f4xx_hal_rtc.c **** /**
 938:Drivers/STM32F4xx_HAL_Driver/Src/stm32f4xx_hal_rtc.c ****   * @brief  Gets RTC current date.
 939:Drivers/STM32F4xx_HAL_Driver/Src/stm32f4xx_hal_rtc.c ****   * @param  hrtc pointer to a RTC_HandleTypeDef structure that contains
 940:Drivers/STM32F4xx_HAL_Driver/Src/stm32f4xx_hal_rtc.c ****   *                the configuration information for RTC.
 941:Drivers/STM32F4xx_HAL_Driver/Src/stm32f4xx_hal_rtc.c ****   * @param  sDate Pointer to Date structure
 942:Drivers/STM32F4xx_HAL_Driver/Src/stm32f4xx_hal_rtc.c ****   * @param  Format Specifies the format of the entered parameters.
 943:Drivers/STM32F4xx_HAL_Driver/Src/stm32f4xx_hal_rtc.c ****   *          This parameter can be one of the following values:
 944:Drivers/STM32F4xx_HAL_Driver/Src/stm32f4xx_hal_rtc.c ****   *            @arg RTC_FORMAT_BIN:  Binary data format
 945:Drivers/STM32F4xx_HAL_Driver/Src/stm32f4xx_hal_rtc.c ****   *            @arg RTC_FORMAT_BCD:  BCD data format
 946:Drivers/STM32F4xx_HAL_Driver/Src/stm32f4xx_hal_rtc.c ****   * @note  You must call HAL_RTC_GetDate() after HAL_RTC_GetTime() to unlock the
 947:Drivers/STM32F4xx_HAL_Driver/Src/stm32f4xx_hal_rtc.c ****   *        values in the higher-order calendar shadow registers to ensure
 948:Drivers/STM32F4xx_HAL_Driver/Src/stm32f4xx_hal_rtc.c ****   *        consistency between the time and date values.
 949:Drivers/STM32F4xx_HAL_Driver/Src/stm32f4xx_hal_rtc.c ****   *        Reading RTC current time locks the values in calendar shadow registers
 950:Drivers/STM32F4xx_HAL_Driver/Src/stm32f4xx_hal_rtc.c ****   *        until current date is read to ensure consistency between the time and
 951:Drivers/STM32F4xx_HAL_Driver/Src/stm32f4xx_hal_rtc.c ****   *        date values.
 952:Drivers/STM32F4xx_HAL_Driver/Src/stm32f4xx_hal_rtc.c ****   * @retval HAL status
 953:Drivers/STM32F4xx_HAL_Driver/Src/stm32f4xx_hal_rtc.c ****   */
 954:Drivers/STM32F4xx_HAL_Driver/Src/stm32f4xx_hal_rtc.c **** HAL_StatusTypeDef HAL_RTC_GetDate(RTC_HandleTypeDef *hrtc, RTC_DateTypeDef *sDate, uint32_t Format)
 955:Drivers/STM32F4xx_HAL_Driver/Src/stm32f4xx_hal_rtc.c **** {
 956:Drivers/STM32F4xx_HAL_Driver/Src/stm32f4xx_hal_rtc.c ****   uint32_t datetmpreg = 0U;
 957:Drivers/STM32F4xx_HAL_Driver/Src/stm32f4xx_hal_rtc.c **** 
 958:Drivers/STM32F4xx_HAL_Driver/Src/stm32f4xx_hal_rtc.c ****   /* Check the parameters */
 959:Drivers/STM32F4xx_HAL_Driver/Src/stm32f4xx_hal_rtc.c ****   assert_param(IS_RTC_FORMAT(Format));
 960:Drivers/STM32F4xx_HAL_Driver/Src/stm32f4xx_hal_rtc.c **** 
ARM GAS  /tmp/ccDzuYuu.s 			page 19


 961:Drivers/STM32F4xx_HAL_Driver/Src/stm32f4xx_hal_rtc.c ****   /* Get the DR register */
 962:Drivers/STM32F4xx_HAL_Driver/Src/stm32f4xx_hal_rtc.c ****   datetmpreg = (uint32_t)(hrtc->Instance->DR & RTC_DR_RESERVED_MASK);
 963:Drivers/STM32F4xx_HAL_Driver/Src/stm32f4xx_hal_rtc.c **** 
 964:Drivers/STM32F4xx_HAL_Driver/Src/stm32f4xx_hal_rtc.c ****   /* Fill the structure fields with the read parameters */
 965:Drivers/STM32F4xx_HAL_Driver/Src/stm32f4xx_hal_rtc.c ****   sDate->Year    = (uint8_t)((datetmpreg & (RTC_DR_YT | RTC_DR_YU)) >> RTC_DR_YU_Pos);
 966:Drivers/STM32F4xx_HAL_Driver/Src/stm32f4xx_hal_rtc.c ****   sDate->Month   = (uint8_t)((datetmpreg & (RTC_DR_MT | RTC_DR_MU)) >> RTC_DR_MU_Pos);
 967:Drivers/STM32F4xx_HAL_Driver/Src/stm32f4xx_hal_rtc.c ****   sDate->Date    = (uint8_t) (datetmpreg & (RTC_DR_DT | RTC_DR_DU));
 968:Drivers/STM32F4xx_HAL_Driver/Src/stm32f4xx_hal_rtc.c ****   sDate->WeekDay = (uint8_t)((datetmpreg & (RTC_DR_WDU))            >> RTC_DR_WDU_Pos);
 969:Drivers/STM32F4xx_HAL_Driver/Src/stm32f4xx_hal_rtc.c **** 
 970:Drivers/STM32F4xx_HAL_Driver/Src/stm32f4xx_hal_rtc.c ****   /* Check the input parameters format */
 971:Drivers/STM32F4xx_HAL_Driver/Src/stm32f4xx_hal_rtc.c ****   if (Format == RTC_FORMAT_BIN)
 972:Drivers/STM32F4xx_HAL_Driver/Src/stm32f4xx_hal_rtc.c ****   {
 973:Drivers/STM32F4xx_HAL_Driver/Src/stm32f4xx_hal_rtc.c ****     /* Convert the date structure parameters to Binary format */
 974:Drivers/STM32F4xx_HAL_Driver/Src/stm32f4xx_hal_rtc.c ****     sDate->Year  = (uint8_t)RTC_Bcd2ToByte(sDate->Year);
 975:Drivers/STM32F4xx_HAL_Driver/Src/stm32f4xx_hal_rtc.c ****     sDate->Month = (uint8_t)RTC_Bcd2ToByte(sDate->Month);
 976:Drivers/STM32F4xx_HAL_Driver/Src/stm32f4xx_hal_rtc.c ****     sDate->Date  = (uint8_t)RTC_Bcd2ToByte(sDate->Date);
 977:Drivers/STM32F4xx_HAL_Driver/Src/stm32f4xx_hal_rtc.c ****   }
 978:Drivers/STM32F4xx_HAL_Driver/Src/stm32f4xx_hal_rtc.c ****   return HAL_OK;
 979:Drivers/STM32F4xx_HAL_Driver/Src/stm32f4xx_hal_rtc.c **** }
 980:Drivers/STM32F4xx_HAL_Driver/Src/stm32f4xx_hal_rtc.c **** 
 981:Drivers/STM32F4xx_HAL_Driver/Src/stm32f4xx_hal_rtc.c **** /**
 982:Drivers/STM32F4xx_HAL_Driver/Src/stm32f4xx_hal_rtc.c ****   * @}
 983:Drivers/STM32F4xx_HAL_Driver/Src/stm32f4xx_hal_rtc.c ****   */
 984:Drivers/STM32F4xx_HAL_Driver/Src/stm32f4xx_hal_rtc.c **** 
 985:Drivers/STM32F4xx_HAL_Driver/Src/stm32f4xx_hal_rtc.c **** /** @defgroup RTC_Exported_Functions_Group3 RTC Alarm functions
 986:Drivers/STM32F4xx_HAL_Driver/Src/stm32f4xx_hal_rtc.c ****   * @brief    RTC Alarm functions
 987:Drivers/STM32F4xx_HAL_Driver/Src/stm32f4xx_hal_rtc.c ****   *
 988:Drivers/STM32F4xx_HAL_Driver/Src/stm32f4xx_hal_rtc.c **** @verbatim
 989:Drivers/STM32F4xx_HAL_Driver/Src/stm32f4xx_hal_rtc.c ****  ===============================================================================
 990:Drivers/STM32F4xx_HAL_Driver/Src/stm32f4xx_hal_rtc.c ****                  ##### RTC Alarm functions #####
 991:Drivers/STM32F4xx_HAL_Driver/Src/stm32f4xx_hal_rtc.c ****  ===============================================================================
 992:Drivers/STM32F4xx_HAL_Driver/Src/stm32f4xx_hal_rtc.c **** 
 993:Drivers/STM32F4xx_HAL_Driver/Src/stm32f4xx_hal_rtc.c ****  [..] This section provides functions allowing to configure Alarm feature
 994:Drivers/STM32F4xx_HAL_Driver/Src/stm32f4xx_hal_rtc.c **** 
 995:Drivers/STM32F4xx_HAL_Driver/Src/stm32f4xx_hal_rtc.c **** @endverbatim
 996:Drivers/STM32F4xx_HAL_Driver/Src/stm32f4xx_hal_rtc.c ****   * @{
 997:Drivers/STM32F4xx_HAL_Driver/Src/stm32f4xx_hal_rtc.c ****   */
 998:Drivers/STM32F4xx_HAL_Driver/Src/stm32f4xx_hal_rtc.c **** /**
 999:Drivers/STM32F4xx_HAL_Driver/Src/stm32f4xx_hal_rtc.c ****   * @brief  Sets the specified RTC Alarm.
1000:Drivers/STM32F4xx_HAL_Driver/Src/stm32f4xx_hal_rtc.c ****   * @param  hrtc pointer to a RTC_HandleTypeDef structure that contains
1001:Drivers/STM32F4xx_HAL_Driver/Src/stm32f4xx_hal_rtc.c ****   *                the configuration information for RTC.
1002:Drivers/STM32F4xx_HAL_Driver/Src/stm32f4xx_hal_rtc.c ****   * @param  sAlarm Pointer to Alarm structure
1003:Drivers/STM32F4xx_HAL_Driver/Src/stm32f4xx_hal_rtc.c ****   * @param  Format Specifies the format of the entered parameters.
1004:Drivers/STM32F4xx_HAL_Driver/Src/stm32f4xx_hal_rtc.c ****   *          This parameter can be one of the following values:
1005:Drivers/STM32F4xx_HAL_Driver/Src/stm32f4xx_hal_rtc.c ****   *             @arg RTC_FORMAT_BIN: Binary data format
1006:Drivers/STM32F4xx_HAL_Driver/Src/stm32f4xx_hal_rtc.c ****   *             @arg RTC_FORMAT_BCD: BCD data format
1007:Drivers/STM32F4xx_HAL_Driver/Src/stm32f4xx_hal_rtc.c ****   * @note   The Alarm register can only be written when the corresponding Alarm
1008:Drivers/STM32F4xx_HAL_Driver/Src/stm32f4xx_hal_rtc.c ****   *         is disabled (Use the HAL_RTC_DeactivateAlarm()).
1009:Drivers/STM32F4xx_HAL_Driver/Src/stm32f4xx_hal_rtc.c ****   * @note   The HAL_RTC_SetTime() must be called before enabling the Alarm feature.
1010:Drivers/STM32F4xx_HAL_Driver/Src/stm32f4xx_hal_rtc.c ****   * @retval HAL status
1011:Drivers/STM32F4xx_HAL_Driver/Src/stm32f4xx_hal_rtc.c ****   */
1012:Drivers/STM32F4xx_HAL_Driver/Src/stm32f4xx_hal_rtc.c **** HAL_StatusTypeDef HAL_RTC_SetAlarm(RTC_HandleTypeDef *hrtc, RTC_AlarmTypeDef *sAlarm, uint32_t Form
1013:Drivers/STM32F4xx_HAL_Driver/Src/stm32f4xx_hal_rtc.c **** {
1014:Drivers/STM32F4xx_HAL_Driver/Src/stm32f4xx_hal_rtc.c ****   uint32_t tickstart = 0U;
1015:Drivers/STM32F4xx_HAL_Driver/Src/stm32f4xx_hal_rtc.c ****   uint32_t tmpreg = 0U;
1016:Drivers/STM32F4xx_HAL_Driver/Src/stm32f4xx_hal_rtc.c ****   uint32_t subsecondtmpreg = 0U;
1017:Drivers/STM32F4xx_HAL_Driver/Src/stm32f4xx_hal_rtc.c **** 
ARM GAS  /tmp/ccDzuYuu.s 			page 20


1018:Drivers/STM32F4xx_HAL_Driver/Src/stm32f4xx_hal_rtc.c ****   /* Check the parameters */
1019:Drivers/STM32F4xx_HAL_Driver/Src/stm32f4xx_hal_rtc.c ****   assert_param(IS_RTC_FORMAT(Format));
1020:Drivers/STM32F4xx_HAL_Driver/Src/stm32f4xx_hal_rtc.c ****   assert_param(IS_RTC_ALARM(sAlarm->Alarm));
1021:Drivers/STM32F4xx_HAL_Driver/Src/stm32f4xx_hal_rtc.c ****   assert_param(IS_RTC_ALARM_MASK(sAlarm->AlarmMask));
1022:Drivers/STM32F4xx_HAL_Driver/Src/stm32f4xx_hal_rtc.c ****   assert_param(IS_RTC_ALARM_DATE_WEEKDAY_SEL(sAlarm->AlarmDateWeekDaySel));
1023:Drivers/STM32F4xx_HAL_Driver/Src/stm32f4xx_hal_rtc.c ****   assert_param(IS_RTC_ALARM_SUB_SECOND_VALUE(sAlarm->AlarmTime.SubSeconds));
1024:Drivers/STM32F4xx_HAL_Driver/Src/stm32f4xx_hal_rtc.c ****   assert_param(IS_RTC_ALARM_SUB_SECOND_MASK(sAlarm->AlarmSubSecondMask));
1025:Drivers/STM32F4xx_HAL_Driver/Src/stm32f4xx_hal_rtc.c **** 
1026:Drivers/STM32F4xx_HAL_Driver/Src/stm32f4xx_hal_rtc.c ****   /* Process Locked */
1027:Drivers/STM32F4xx_HAL_Driver/Src/stm32f4xx_hal_rtc.c ****   __HAL_LOCK(hrtc);
1028:Drivers/STM32F4xx_HAL_Driver/Src/stm32f4xx_hal_rtc.c **** 
1029:Drivers/STM32F4xx_HAL_Driver/Src/stm32f4xx_hal_rtc.c ****   /* Change RTC state to BUSY */
1030:Drivers/STM32F4xx_HAL_Driver/Src/stm32f4xx_hal_rtc.c ****   hrtc->State = HAL_RTC_STATE_BUSY;
1031:Drivers/STM32F4xx_HAL_Driver/Src/stm32f4xx_hal_rtc.c **** 
1032:Drivers/STM32F4xx_HAL_Driver/Src/stm32f4xx_hal_rtc.c ****   /* Check the data format (binary or BCD) and store the Alarm time and date
1033:Drivers/STM32F4xx_HAL_Driver/Src/stm32f4xx_hal_rtc.c ****      configuration accordingly */
1034:Drivers/STM32F4xx_HAL_Driver/Src/stm32f4xx_hal_rtc.c ****   if (Format == RTC_FORMAT_BIN)
1035:Drivers/STM32F4xx_HAL_Driver/Src/stm32f4xx_hal_rtc.c ****   {
1036:Drivers/STM32F4xx_HAL_Driver/Src/stm32f4xx_hal_rtc.c ****     if ((hrtc->Instance->CR & RTC_CR_FMT) != 0U)
1037:Drivers/STM32F4xx_HAL_Driver/Src/stm32f4xx_hal_rtc.c ****     {
1038:Drivers/STM32F4xx_HAL_Driver/Src/stm32f4xx_hal_rtc.c ****       assert_param(IS_RTC_HOUR12(sAlarm->AlarmTime.Hours));
1039:Drivers/STM32F4xx_HAL_Driver/Src/stm32f4xx_hal_rtc.c ****       assert_param(IS_RTC_HOURFORMAT12(sAlarm->AlarmTime.TimeFormat));
1040:Drivers/STM32F4xx_HAL_Driver/Src/stm32f4xx_hal_rtc.c ****     }
1041:Drivers/STM32F4xx_HAL_Driver/Src/stm32f4xx_hal_rtc.c ****     else
1042:Drivers/STM32F4xx_HAL_Driver/Src/stm32f4xx_hal_rtc.c ****     {
1043:Drivers/STM32F4xx_HAL_Driver/Src/stm32f4xx_hal_rtc.c ****       sAlarm->AlarmTime.TimeFormat = 0x00U;
1044:Drivers/STM32F4xx_HAL_Driver/Src/stm32f4xx_hal_rtc.c ****       assert_param(IS_RTC_HOUR24(sAlarm->AlarmTime.Hours));
1045:Drivers/STM32F4xx_HAL_Driver/Src/stm32f4xx_hal_rtc.c ****     }
1046:Drivers/STM32F4xx_HAL_Driver/Src/stm32f4xx_hal_rtc.c ****     assert_param(IS_RTC_MINUTES(sAlarm->AlarmTime.Minutes));
1047:Drivers/STM32F4xx_HAL_Driver/Src/stm32f4xx_hal_rtc.c ****     assert_param(IS_RTC_SECONDS(sAlarm->AlarmTime.Seconds));
1048:Drivers/STM32F4xx_HAL_Driver/Src/stm32f4xx_hal_rtc.c **** 
1049:Drivers/STM32F4xx_HAL_Driver/Src/stm32f4xx_hal_rtc.c ****     if (sAlarm->AlarmDateWeekDaySel == RTC_ALARMDATEWEEKDAYSEL_DATE)
1050:Drivers/STM32F4xx_HAL_Driver/Src/stm32f4xx_hal_rtc.c ****     {
1051:Drivers/STM32F4xx_HAL_Driver/Src/stm32f4xx_hal_rtc.c ****       assert_param(IS_RTC_ALARM_DATE_WEEKDAY_DATE(sAlarm->AlarmDateWeekDay));
1052:Drivers/STM32F4xx_HAL_Driver/Src/stm32f4xx_hal_rtc.c ****     }
1053:Drivers/STM32F4xx_HAL_Driver/Src/stm32f4xx_hal_rtc.c ****     else
1054:Drivers/STM32F4xx_HAL_Driver/Src/stm32f4xx_hal_rtc.c ****     {
1055:Drivers/STM32F4xx_HAL_Driver/Src/stm32f4xx_hal_rtc.c ****       assert_param(IS_RTC_ALARM_DATE_WEEKDAY_WEEKDAY(sAlarm->AlarmDateWeekDay));
1056:Drivers/STM32F4xx_HAL_Driver/Src/stm32f4xx_hal_rtc.c ****     }
1057:Drivers/STM32F4xx_HAL_Driver/Src/stm32f4xx_hal_rtc.c **** 
1058:Drivers/STM32F4xx_HAL_Driver/Src/stm32f4xx_hal_rtc.c ****     tmpreg = (((uint32_t)RTC_ByteToBcd2(sAlarm->AlarmTime.Hours)   << RTC_ALRMAR_HU_Pos)  | \
1059:Drivers/STM32F4xx_HAL_Driver/Src/stm32f4xx_hal_rtc.c ****               ((uint32_t)RTC_ByteToBcd2(sAlarm->AlarmTime.Minutes) << RTC_ALRMAR_MNU_Pos) | \
1060:Drivers/STM32F4xx_HAL_Driver/Src/stm32f4xx_hal_rtc.c ****               ((uint32_t)RTC_ByteToBcd2(sAlarm->AlarmTime.Seconds))                       | \
1061:Drivers/STM32F4xx_HAL_Driver/Src/stm32f4xx_hal_rtc.c ****               ((uint32_t)(sAlarm->AlarmTime.TimeFormat)            << RTC_ALRMAR_PM_Pos)  | \
1062:Drivers/STM32F4xx_HAL_Driver/Src/stm32f4xx_hal_rtc.c ****               ((uint32_t)RTC_ByteToBcd2(sAlarm->AlarmDateWeekDay)  << RTC_ALRMAR_DU_Pos)  | \
1063:Drivers/STM32F4xx_HAL_Driver/Src/stm32f4xx_hal_rtc.c ****               ((uint32_t)sAlarm->AlarmDateWeekDaySel)                                     | \
1064:Drivers/STM32F4xx_HAL_Driver/Src/stm32f4xx_hal_rtc.c ****               ((uint32_t)sAlarm->AlarmMask));
1065:Drivers/STM32F4xx_HAL_Driver/Src/stm32f4xx_hal_rtc.c ****   }
1066:Drivers/STM32F4xx_HAL_Driver/Src/stm32f4xx_hal_rtc.c ****   else
1067:Drivers/STM32F4xx_HAL_Driver/Src/stm32f4xx_hal_rtc.c ****   {
1068:Drivers/STM32F4xx_HAL_Driver/Src/stm32f4xx_hal_rtc.c ****     if ((hrtc->Instance->CR & RTC_CR_FMT) != 0U)
1069:Drivers/STM32F4xx_HAL_Driver/Src/stm32f4xx_hal_rtc.c ****     {
1070:Drivers/STM32F4xx_HAL_Driver/Src/stm32f4xx_hal_rtc.c ****       assert_param(IS_RTC_HOUR12(RTC_Bcd2ToByte(sAlarm->AlarmTime.Hours)));
1071:Drivers/STM32F4xx_HAL_Driver/Src/stm32f4xx_hal_rtc.c ****       assert_param(IS_RTC_HOURFORMAT12(sAlarm->AlarmTime.TimeFormat));
1072:Drivers/STM32F4xx_HAL_Driver/Src/stm32f4xx_hal_rtc.c ****     }
1073:Drivers/STM32F4xx_HAL_Driver/Src/stm32f4xx_hal_rtc.c ****     else
1074:Drivers/STM32F4xx_HAL_Driver/Src/stm32f4xx_hal_rtc.c ****     {
ARM GAS  /tmp/ccDzuYuu.s 			page 21


1075:Drivers/STM32F4xx_HAL_Driver/Src/stm32f4xx_hal_rtc.c ****       sAlarm->AlarmTime.TimeFormat = 0x00U;
1076:Drivers/STM32F4xx_HAL_Driver/Src/stm32f4xx_hal_rtc.c ****       assert_param(IS_RTC_HOUR24(RTC_Bcd2ToByte(sAlarm->AlarmTime.Hours)));
1077:Drivers/STM32F4xx_HAL_Driver/Src/stm32f4xx_hal_rtc.c ****     }
1078:Drivers/STM32F4xx_HAL_Driver/Src/stm32f4xx_hal_rtc.c **** 
1079:Drivers/STM32F4xx_HAL_Driver/Src/stm32f4xx_hal_rtc.c ****     assert_param(IS_RTC_MINUTES(RTC_Bcd2ToByte(sAlarm->AlarmTime.Minutes)));
1080:Drivers/STM32F4xx_HAL_Driver/Src/stm32f4xx_hal_rtc.c ****     assert_param(IS_RTC_SECONDS(RTC_Bcd2ToByte(sAlarm->AlarmTime.Seconds)));
1081:Drivers/STM32F4xx_HAL_Driver/Src/stm32f4xx_hal_rtc.c **** 
1082:Drivers/STM32F4xx_HAL_Driver/Src/stm32f4xx_hal_rtc.c ****     if (sAlarm->AlarmDateWeekDaySel == RTC_ALARMDATEWEEKDAYSEL_DATE)
1083:Drivers/STM32F4xx_HAL_Driver/Src/stm32f4xx_hal_rtc.c ****     {
1084:Drivers/STM32F4xx_HAL_Driver/Src/stm32f4xx_hal_rtc.c ****       assert_param(IS_RTC_ALARM_DATE_WEEKDAY_DATE(RTC_Bcd2ToByte(sAlarm->AlarmDateWeekDay)));
1085:Drivers/STM32F4xx_HAL_Driver/Src/stm32f4xx_hal_rtc.c ****     }
1086:Drivers/STM32F4xx_HAL_Driver/Src/stm32f4xx_hal_rtc.c ****     else
1087:Drivers/STM32F4xx_HAL_Driver/Src/stm32f4xx_hal_rtc.c ****     {
1088:Drivers/STM32F4xx_HAL_Driver/Src/stm32f4xx_hal_rtc.c ****       assert_param(IS_RTC_ALARM_DATE_WEEKDAY_WEEKDAY(RTC_Bcd2ToByte(sAlarm->AlarmDateWeekDay)));
1089:Drivers/STM32F4xx_HAL_Driver/Src/stm32f4xx_hal_rtc.c ****     }
1090:Drivers/STM32F4xx_HAL_Driver/Src/stm32f4xx_hal_rtc.c **** 
1091:Drivers/STM32F4xx_HAL_Driver/Src/stm32f4xx_hal_rtc.c ****     tmpreg = (((uint32_t)(sAlarm->AlarmTime.Hours)      << RTC_ALRMAR_HU_Pos)  | \
1092:Drivers/STM32F4xx_HAL_Driver/Src/stm32f4xx_hal_rtc.c ****               ((uint32_t)(sAlarm->AlarmTime.Minutes)    << RTC_ALRMAR_MNU_Pos) | \
1093:Drivers/STM32F4xx_HAL_Driver/Src/stm32f4xx_hal_rtc.c ****               ((uint32_t) sAlarm->AlarmTime.Seconds)                           | \
1094:Drivers/STM32F4xx_HAL_Driver/Src/stm32f4xx_hal_rtc.c ****               ((uint32_t)(sAlarm->AlarmTime.TimeFormat) << RTC_ALRMAR_PM_Pos)  | \
1095:Drivers/STM32F4xx_HAL_Driver/Src/stm32f4xx_hal_rtc.c ****               ((uint32_t)(sAlarm->AlarmDateWeekDay)     << RTC_ALRMAR_DU_Pos)  | \
1096:Drivers/STM32F4xx_HAL_Driver/Src/stm32f4xx_hal_rtc.c ****               ((uint32_t) sAlarm->AlarmDateWeekDaySel)                         | \
1097:Drivers/STM32F4xx_HAL_Driver/Src/stm32f4xx_hal_rtc.c ****               ((uint32_t) sAlarm->AlarmMask));
1098:Drivers/STM32F4xx_HAL_Driver/Src/stm32f4xx_hal_rtc.c ****   }
1099:Drivers/STM32F4xx_HAL_Driver/Src/stm32f4xx_hal_rtc.c **** 
1100:Drivers/STM32F4xx_HAL_Driver/Src/stm32f4xx_hal_rtc.c ****   /* Store the Alarm subseconds configuration */
1101:Drivers/STM32F4xx_HAL_Driver/Src/stm32f4xx_hal_rtc.c ****   subsecondtmpreg = (uint32_t)((uint32_t)(sAlarm->AlarmTime.SubSeconds) | \
1102:Drivers/STM32F4xx_HAL_Driver/Src/stm32f4xx_hal_rtc.c ****                                (uint32_t)(sAlarm->AlarmSubSecondMask));
1103:Drivers/STM32F4xx_HAL_Driver/Src/stm32f4xx_hal_rtc.c **** 
1104:Drivers/STM32F4xx_HAL_Driver/Src/stm32f4xx_hal_rtc.c ****   /* Disable the write protection for RTC registers */
1105:Drivers/STM32F4xx_HAL_Driver/Src/stm32f4xx_hal_rtc.c ****   __HAL_RTC_WRITEPROTECTION_DISABLE(hrtc);
1106:Drivers/STM32F4xx_HAL_Driver/Src/stm32f4xx_hal_rtc.c **** 
1107:Drivers/STM32F4xx_HAL_Driver/Src/stm32f4xx_hal_rtc.c ****   if (sAlarm->Alarm == RTC_ALARM_A)
1108:Drivers/STM32F4xx_HAL_Driver/Src/stm32f4xx_hal_rtc.c ****   {
1109:Drivers/STM32F4xx_HAL_Driver/Src/stm32f4xx_hal_rtc.c ****     /* Disable Alarm A */
1110:Drivers/STM32F4xx_HAL_Driver/Src/stm32f4xx_hal_rtc.c ****     __HAL_RTC_ALARMA_DISABLE(hrtc);
1111:Drivers/STM32F4xx_HAL_Driver/Src/stm32f4xx_hal_rtc.c **** 
1112:Drivers/STM32F4xx_HAL_Driver/Src/stm32f4xx_hal_rtc.c ****     /* In case interrupt mode is used, the interrupt source must be disabled */
1113:Drivers/STM32F4xx_HAL_Driver/Src/stm32f4xx_hal_rtc.c ****     __HAL_RTC_ALARM_DISABLE_IT(hrtc, RTC_IT_ALRA);
1114:Drivers/STM32F4xx_HAL_Driver/Src/stm32f4xx_hal_rtc.c **** 
1115:Drivers/STM32F4xx_HAL_Driver/Src/stm32f4xx_hal_rtc.c ****     /* Clear Alarm A flag */
1116:Drivers/STM32F4xx_HAL_Driver/Src/stm32f4xx_hal_rtc.c ****     __HAL_RTC_ALARM_CLEAR_FLAG(hrtc, RTC_FLAG_ALRAF);
1117:Drivers/STM32F4xx_HAL_Driver/Src/stm32f4xx_hal_rtc.c **** 
1118:Drivers/STM32F4xx_HAL_Driver/Src/stm32f4xx_hal_rtc.c ****     /* Get tick */
1119:Drivers/STM32F4xx_HAL_Driver/Src/stm32f4xx_hal_rtc.c ****     tickstart = HAL_GetTick();
1120:Drivers/STM32F4xx_HAL_Driver/Src/stm32f4xx_hal_rtc.c **** 
1121:Drivers/STM32F4xx_HAL_Driver/Src/stm32f4xx_hal_rtc.c ****     /* Wait till RTC ALRAWF flag is set and if timeout is reached exit */
1122:Drivers/STM32F4xx_HAL_Driver/Src/stm32f4xx_hal_rtc.c ****     while (__HAL_RTC_ALARM_GET_FLAG(hrtc, RTC_FLAG_ALRAWF) == 0U)
1123:Drivers/STM32F4xx_HAL_Driver/Src/stm32f4xx_hal_rtc.c ****     {
1124:Drivers/STM32F4xx_HAL_Driver/Src/stm32f4xx_hal_rtc.c ****       if ((HAL_GetTick() - tickstart) > RTC_TIMEOUT_VALUE)
1125:Drivers/STM32F4xx_HAL_Driver/Src/stm32f4xx_hal_rtc.c ****       {
1126:Drivers/STM32F4xx_HAL_Driver/Src/stm32f4xx_hal_rtc.c ****         /* Enable the write protection for RTC registers */
1127:Drivers/STM32F4xx_HAL_Driver/Src/stm32f4xx_hal_rtc.c ****         __HAL_RTC_WRITEPROTECTION_ENABLE(hrtc);
1128:Drivers/STM32F4xx_HAL_Driver/Src/stm32f4xx_hal_rtc.c **** 
1129:Drivers/STM32F4xx_HAL_Driver/Src/stm32f4xx_hal_rtc.c ****         hrtc->State = HAL_RTC_STATE_TIMEOUT;
1130:Drivers/STM32F4xx_HAL_Driver/Src/stm32f4xx_hal_rtc.c **** 
1131:Drivers/STM32F4xx_HAL_Driver/Src/stm32f4xx_hal_rtc.c ****         /* Process Unlocked */
ARM GAS  /tmp/ccDzuYuu.s 			page 22


1132:Drivers/STM32F4xx_HAL_Driver/Src/stm32f4xx_hal_rtc.c ****         __HAL_UNLOCK(hrtc);
1133:Drivers/STM32F4xx_HAL_Driver/Src/stm32f4xx_hal_rtc.c **** 
1134:Drivers/STM32F4xx_HAL_Driver/Src/stm32f4xx_hal_rtc.c ****         return HAL_TIMEOUT;
1135:Drivers/STM32F4xx_HAL_Driver/Src/stm32f4xx_hal_rtc.c ****       }
1136:Drivers/STM32F4xx_HAL_Driver/Src/stm32f4xx_hal_rtc.c ****     }
1137:Drivers/STM32F4xx_HAL_Driver/Src/stm32f4xx_hal_rtc.c **** 
1138:Drivers/STM32F4xx_HAL_Driver/Src/stm32f4xx_hal_rtc.c ****     /* Configure Alarm A register */
1139:Drivers/STM32F4xx_HAL_Driver/Src/stm32f4xx_hal_rtc.c ****     hrtc->Instance->ALRMAR = (uint32_t)tmpreg;
1140:Drivers/STM32F4xx_HAL_Driver/Src/stm32f4xx_hal_rtc.c ****     /* Configure Alarm A Subseconds register */
1141:Drivers/STM32F4xx_HAL_Driver/Src/stm32f4xx_hal_rtc.c ****     hrtc->Instance->ALRMASSR = subsecondtmpreg;
1142:Drivers/STM32F4xx_HAL_Driver/Src/stm32f4xx_hal_rtc.c ****     /* Enable Alarm A */
1143:Drivers/STM32F4xx_HAL_Driver/Src/stm32f4xx_hal_rtc.c ****     __HAL_RTC_ALARMA_ENABLE(hrtc);
1144:Drivers/STM32F4xx_HAL_Driver/Src/stm32f4xx_hal_rtc.c ****   }
1145:Drivers/STM32F4xx_HAL_Driver/Src/stm32f4xx_hal_rtc.c ****   else
1146:Drivers/STM32F4xx_HAL_Driver/Src/stm32f4xx_hal_rtc.c ****   {
1147:Drivers/STM32F4xx_HAL_Driver/Src/stm32f4xx_hal_rtc.c ****     /* Disable Alarm B */
1148:Drivers/STM32F4xx_HAL_Driver/Src/stm32f4xx_hal_rtc.c ****     __HAL_RTC_ALARMB_DISABLE(hrtc);
1149:Drivers/STM32F4xx_HAL_Driver/Src/stm32f4xx_hal_rtc.c **** 
1150:Drivers/STM32F4xx_HAL_Driver/Src/stm32f4xx_hal_rtc.c ****     /* In case interrupt mode is used, the interrupt source must be disabled */
1151:Drivers/STM32F4xx_HAL_Driver/Src/stm32f4xx_hal_rtc.c ****     __HAL_RTC_ALARM_DISABLE_IT(hrtc, RTC_IT_ALRB);
1152:Drivers/STM32F4xx_HAL_Driver/Src/stm32f4xx_hal_rtc.c **** 
1153:Drivers/STM32F4xx_HAL_Driver/Src/stm32f4xx_hal_rtc.c ****     /* Clear Alarm B flag */
1154:Drivers/STM32F4xx_HAL_Driver/Src/stm32f4xx_hal_rtc.c ****     __HAL_RTC_ALARM_CLEAR_FLAG(hrtc, RTC_FLAG_ALRBF);
1155:Drivers/STM32F4xx_HAL_Driver/Src/stm32f4xx_hal_rtc.c **** 
1156:Drivers/STM32F4xx_HAL_Driver/Src/stm32f4xx_hal_rtc.c ****     /* Get tick */
1157:Drivers/STM32F4xx_HAL_Driver/Src/stm32f4xx_hal_rtc.c ****     tickstart = HAL_GetTick();
1158:Drivers/STM32F4xx_HAL_Driver/Src/stm32f4xx_hal_rtc.c **** 
1159:Drivers/STM32F4xx_HAL_Driver/Src/stm32f4xx_hal_rtc.c ****     /* Wait till RTC ALRBWF flag is set and if timeout is reached exit */
1160:Drivers/STM32F4xx_HAL_Driver/Src/stm32f4xx_hal_rtc.c ****     while (__HAL_RTC_ALARM_GET_FLAG(hrtc, RTC_FLAG_ALRBWF) == 0U)
1161:Drivers/STM32F4xx_HAL_Driver/Src/stm32f4xx_hal_rtc.c ****     {
1162:Drivers/STM32F4xx_HAL_Driver/Src/stm32f4xx_hal_rtc.c ****       if ((HAL_GetTick() - tickstart) > RTC_TIMEOUT_VALUE)
1163:Drivers/STM32F4xx_HAL_Driver/Src/stm32f4xx_hal_rtc.c ****       {
1164:Drivers/STM32F4xx_HAL_Driver/Src/stm32f4xx_hal_rtc.c ****         /* Enable the write protection for RTC registers */
1165:Drivers/STM32F4xx_HAL_Driver/Src/stm32f4xx_hal_rtc.c ****         __HAL_RTC_WRITEPROTECTION_ENABLE(hrtc);
1166:Drivers/STM32F4xx_HAL_Driver/Src/stm32f4xx_hal_rtc.c **** 
1167:Drivers/STM32F4xx_HAL_Driver/Src/stm32f4xx_hal_rtc.c ****         hrtc->State = HAL_RTC_STATE_TIMEOUT;
1168:Drivers/STM32F4xx_HAL_Driver/Src/stm32f4xx_hal_rtc.c **** 
1169:Drivers/STM32F4xx_HAL_Driver/Src/stm32f4xx_hal_rtc.c ****         /* Process Unlocked */
1170:Drivers/STM32F4xx_HAL_Driver/Src/stm32f4xx_hal_rtc.c ****         __HAL_UNLOCK(hrtc);
1171:Drivers/STM32F4xx_HAL_Driver/Src/stm32f4xx_hal_rtc.c **** 
1172:Drivers/STM32F4xx_HAL_Driver/Src/stm32f4xx_hal_rtc.c ****         return HAL_TIMEOUT;
1173:Drivers/STM32F4xx_HAL_Driver/Src/stm32f4xx_hal_rtc.c ****       }
1174:Drivers/STM32F4xx_HAL_Driver/Src/stm32f4xx_hal_rtc.c ****     }
1175:Drivers/STM32F4xx_HAL_Driver/Src/stm32f4xx_hal_rtc.c **** 
1176:Drivers/STM32F4xx_HAL_Driver/Src/stm32f4xx_hal_rtc.c ****     /* Configure Alarm B register */
1177:Drivers/STM32F4xx_HAL_Driver/Src/stm32f4xx_hal_rtc.c ****     hrtc->Instance->ALRMBR = (uint32_t)tmpreg;
1178:Drivers/STM32F4xx_HAL_Driver/Src/stm32f4xx_hal_rtc.c ****     /* Configure Alarm B Subseconds register */
1179:Drivers/STM32F4xx_HAL_Driver/Src/stm32f4xx_hal_rtc.c ****     hrtc->Instance->ALRMBSSR = subsecondtmpreg;
1180:Drivers/STM32F4xx_HAL_Driver/Src/stm32f4xx_hal_rtc.c ****     /* Enable Alarm B */
1181:Drivers/STM32F4xx_HAL_Driver/Src/stm32f4xx_hal_rtc.c ****     __HAL_RTC_ALARMB_ENABLE(hrtc);
1182:Drivers/STM32F4xx_HAL_Driver/Src/stm32f4xx_hal_rtc.c ****   }
1183:Drivers/STM32F4xx_HAL_Driver/Src/stm32f4xx_hal_rtc.c **** 
1184:Drivers/STM32F4xx_HAL_Driver/Src/stm32f4xx_hal_rtc.c ****   /* Enable the write protection for RTC registers */
1185:Drivers/STM32F4xx_HAL_Driver/Src/stm32f4xx_hal_rtc.c ****   __HAL_RTC_WRITEPROTECTION_ENABLE(hrtc);
1186:Drivers/STM32F4xx_HAL_Driver/Src/stm32f4xx_hal_rtc.c **** 
1187:Drivers/STM32F4xx_HAL_Driver/Src/stm32f4xx_hal_rtc.c ****   /* Change RTC state back to READY */
1188:Drivers/STM32F4xx_HAL_Driver/Src/stm32f4xx_hal_rtc.c ****   hrtc->State = HAL_RTC_STATE_READY;
ARM GAS  /tmp/ccDzuYuu.s 			page 23


1189:Drivers/STM32F4xx_HAL_Driver/Src/stm32f4xx_hal_rtc.c **** 
1190:Drivers/STM32F4xx_HAL_Driver/Src/stm32f4xx_hal_rtc.c ****   /* Process Unlocked */
1191:Drivers/STM32F4xx_HAL_Driver/Src/stm32f4xx_hal_rtc.c ****   __HAL_UNLOCK(hrtc);
1192:Drivers/STM32F4xx_HAL_Driver/Src/stm32f4xx_hal_rtc.c **** 
1193:Drivers/STM32F4xx_HAL_Driver/Src/stm32f4xx_hal_rtc.c ****   return HAL_OK;
1194:Drivers/STM32F4xx_HAL_Driver/Src/stm32f4xx_hal_rtc.c **** }
1195:Drivers/STM32F4xx_HAL_Driver/Src/stm32f4xx_hal_rtc.c **** 
1196:Drivers/STM32F4xx_HAL_Driver/Src/stm32f4xx_hal_rtc.c **** /**
1197:Drivers/STM32F4xx_HAL_Driver/Src/stm32f4xx_hal_rtc.c ****   * @brief  Sets the specified RTC Alarm with Interrupt.
1198:Drivers/STM32F4xx_HAL_Driver/Src/stm32f4xx_hal_rtc.c ****   * @param  hrtc pointer to a RTC_HandleTypeDef structure that contains
1199:Drivers/STM32F4xx_HAL_Driver/Src/stm32f4xx_hal_rtc.c ****   *                the configuration information for RTC.
1200:Drivers/STM32F4xx_HAL_Driver/Src/stm32f4xx_hal_rtc.c ****   * @param  sAlarm Pointer to Alarm structure
1201:Drivers/STM32F4xx_HAL_Driver/Src/stm32f4xx_hal_rtc.c ****   * @param  Format Specifies the format of the entered parameters.
1202:Drivers/STM32F4xx_HAL_Driver/Src/stm32f4xx_hal_rtc.c ****   *          This parameter can be one of the following values:
1203:Drivers/STM32F4xx_HAL_Driver/Src/stm32f4xx_hal_rtc.c ****   *             @arg RTC_FORMAT_BIN: Binary data format
1204:Drivers/STM32F4xx_HAL_Driver/Src/stm32f4xx_hal_rtc.c ****   *             @arg RTC_FORMAT_BCD: BCD data format
1205:Drivers/STM32F4xx_HAL_Driver/Src/stm32f4xx_hal_rtc.c ****   * @note   The Alarm register can only be written when the corresponding Alarm
1206:Drivers/STM32F4xx_HAL_Driver/Src/stm32f4xx_hal_rtc.c ****   *         is disabled (Use the HAL_RTC_DeactivateAlarm()).
1207:Drivers/STM32F4xx_HAL_Driver/Src/stm32f4xx_hal_rtc.c ****   * @note   The HAL_RTC_SetTime() must be called before enabling the Alarm feature.
1208:Drivers/STM32F4xx_HAL_Driver/Src/stm32f4xx_hal_rtc.c ****   * @retval HAL status
1209:Drivers/STM32F4xx_HAL_Driver/Src/stm32f4xx_hal_rtc.c ****   */
1210:Drivers/STM32F4xx_HAL_Driver/Src/stm32f4xx_hal_rtc.c **** HAL_StatusTypeDef HAL_RTC_SetAlarm_IT(RTC_HandleTypeDef *hrtc, RTC_AlarmTypeDef *sAlarm, uint32_t F
1211:Drivers/STM32F4xx_HAL_Driver/Src/stm32f4xx_hal_rtc.c **** {
1212:Drivers/STM32F4xx_HAL_Driver/Src/stm32f4xx_hal_rtc.c ****   __IO uint32_t count  = RTC_TIMEOUT_VALUE * (SystemCoreClock / 32U / 1000U);
1213:Drivers/STM32F4xx_HAL_Driver/Src/stm32f4xx_hal_rtc.c ****        uint32_t tmpreg = 0U;
1214:Drivers/STM32F4xx_HAL_Driver/Src/stm32f4xx_hal_rtc.c ****        uint32_t subsecondtmpreg = 0U;
1215:Drivers/STM32F4xx_HAL_Driver/Src/stm32f4xx_hal_rtc.c **** 
1216:Drivers/STM32F4xx_HAL_Driver/Src/stm32f4xx_hal_rtc.c ****   /* Check the parameters */
1217:Drivers/STM32F4xx_HAL_Driver/Src/stm32f4xx_hal_rtc.c ****   assert_param(IS_RTC_FORMAT(Format));
1218:Drivers/STM32F4xx_HAL_Driver/Src/stm32f4xx_hal_rtc.c ****   assert_param(IS_RTC_ALARM(sAlarm->Alarm));
1219:Drivers/STM32F4xx_HAL_Driver/Src/stm32f4xx_hal_rtc.c ****   assert_param(IS_RTC_ALARM_MASK(sAlarm->AlarmMask));
1220:Drivers/STM32F4xx_HAL_Driver/Src/stm32f4xx_hal_rtc.c ****   assert_param(IS_RTC_ALARM_DATE_WEEKDAY_SEL(sAlarm->AlarmDateWeekDaySel));
1221:Drivers/STM32F4xx_HAL_Driver/Src/stm32f4xx_hal_rtc.c ****   assert_param(IS_RTC_ALARM_SUB_SECOND_VALUE(sAlarm->AlarmTime.SubSeconds));
1222:Drivers/STM32F4xx_HAL_Driver/Src/stm32f4xx_hal_rtc.c ****   assert_param(IS_RTC_ALARM_SUB_SECOND_MASK(sAlarm->AlarmSubSecondMask));
1223:Drivers/STM32F4xx_HAL_Driver/Src/stm32f4xx_hal_rtc.c **** 
1224:Drivers/STM32F4xx_HAL_Driver/Src/stm32f4xx_hal_rtc.c ****   /* Process Locked */
1225:Drivers/STM32F4xx_HAL_Driver/Src/stm32f4xx_hal_rtc.c ****   __HAL_LOCK(hrtc);
1226:Drivers/STM32F4xx_HAL_Driver/Src/stm32f4xx_hal_rtc.c **** 
1227:Drivers/STM32F4xx_HAL_Driver/Src/stm32f4xx_hal_rtc.c ****   /* Change RTC state to BUSY */
1228:Drivers/STM32F4xx_HAL_Driver/Src/stm32f4xx_hal_rtc.c ****   hrtc->State = HAL_RTC_STATE_BUSY;
1229:Drivers/STM32F4xx_HAL_Driver/Src/stm32f4xx_hal_rtc.c **** 
1230:Drivers/STM32F4xx_HAL_Driver/Src/stm32f4xx_hal_rtc.c ****   /* Check the data format (binary or BCD) and store the Alarm time and date
1231:Drivers/STM32F4xx_HAL_Driver/Src/stm32f4xx_hal_rtc.c ****      configuration accordingly */
1232:Drivers/STM32F4xx_HAL_Driver/Src/stm32f4xx_hal_rtc.c ****   if (Format == RTC_FORMAT_BIN)
1233:Drivers/STM32F4xx_HAL_Driver/Src/stm32f4xx_hal_rtc.c ****   {
1234:Drivers/STM32F4xx_HAL_Driver/Src/stm32f4xx_hal_rtc.c ****     if ((hrtc->Instance->CR & RTC_CR_FMT) != 0U)
1235:Drivers/STM32F4xx_HAL_Driver/Src/stm32f4xx_hal_rtc.c ****     {
1236:Drivers/STM32F4xx_HAL_Driver/Src/stm32f4xx_hal_rtc.c ****       assert_param(IS_RTC_HOUR12(sAlarm->AlarmTime.Hours));
1237:Drivers/STM32F4xx_HAL_Driver/Src/stm32f4xx_hal_rtc.c ****       assert_param(IS_RTC_HOURFORMAT12(sAlarm->AlarmTime.TimeFormat));
1238:Drivers/STM32F4xx_HAL_Driver/Src/stm32f4xx_hal_rtc.c ****     }
1239:Drivers/STM32F4xx_HAL_Driver/Src/stm32f4xx_hal_rtc.c ****     else
1240:Drivers/STM32F4xx_HAL_Driver/Src/stm32f4xx_hal_rtc.c ****     {
1241:Drivers/STM32F4xx_HAL_Driver/Src/stm32f4xx_hal_rtc.c ****       sAlarm->AlarmTime.TimeFormat = 0x00U;
1242:Drivers/STM32F4xx_HAL_Driver/Src/stm32f4xx_hal_rtc.c ****       assert_param(IS_RTC_HOUR24(sAlarm->AlarmTime.Hours));
1243:Drivers/STM32F4xx_HAL_Driver/Src/stm32f4xx_hal_rtc.c ****     }
1244:Drivers/STM32F4xx_HAL_Driver/Src/stm32f4xx_hal_rtc.c ****     assert_param(IS_RTC_MINUTES(sAlarm->AlarmTime.Minutes));
1245:Drivers/STM32F4xx_HAL_Driver/Src/stm32f4xx_hal_rtc.c ****     assert_param(IS_RTC_SECONDS(sAlarm->AlarmTime.Seconds));
ARM GAS  /tmp/ccDzuYuu.s 			page 24


1246:Drivers/STM32F4xx_HAL_Driver/Src/stm32f4xx_hal_rtc.c **** 
1247:Drivers/STM32F4xx_HAL_Driver/Src/stm32f4xx_hal_rtc.c ****     if (sAlarm->AlarmDateWeekDaySel == RTC_ALARMDATEWEEKDAYSEL_DATE)
1248:Drivers/STM32F4xx_HAL_Driver/Src/stm32f4xx_hal_rtc.c ****     {
1249:Drivers/STM32F4xx_HAL_Driver/Src/stm32f4xx_hal_rtc.c ****       assert_param(IS_RTC_ALARM_DATE_WEEKDAY_DATE(sAlarm->AlarmDateWeekDay));
1250:Drivers/STM32F4xx_HAL_Driver/Src/stm32f4xx_hal_rtc.c ****     }
1251:Drivers/STM32F4xx_HAL_Driver/Src/stm32f4xx_hal_rtc.c ****     else
1252:Drivers/STM32F4xx_HAL_Driver/Src/stm32f4xx_hal_rtc.c ****     {
1253:Drivers/STM32F4xx_HAL_Driver/Src/stm32f4xx_hal_rtc.c ****       assert_param(IS_RTC_ALARM_DATE_WEEKDAY_WEEKDAY(sAlarm->AlarmDateWeekDay));
1254:Drivers/STM32F4xx_HAL_Driver/Src/stm32f4xx_hal_rtc.c ****     }
1255:Drivers/STM32F4xx_HAL_Driver/Src/stm32f4xx_hal_rtc.c **** 
1256:Drivers/STM32F4xx_HAL_Driver/Src/stm32f4xx_hal_rtc.c ****     tmpreg = (((uint32_t)RTC_ByteToBcd2(sAlarm->AlarmTime.Hours)   << RTC_ALRMAR_HU_Pos)  | \
1257:Drivers/STM32F4xx_HAL_Driver/Src/stm32f4xx_hal_rtc.c ****               ((uint32_t)RTC_ByteToBcd2(sAlarm->AlarmTime.Minutes) << RTC_ALRMAR_MNU_Pos) | \
1258:Drivers/STM32F4xx_HAL_Driver/Src/stm32f4xx_hal_rtc.c ****               ((uint32_t)RTC_ByteToBcd2(sAlarm->AlarmTime.Seconds))                       | \
1259:Drivers/STM32F4xx_HAL_Driver/Src/stm32f4xx_hal_rtc.c ****               ((uint32_t)(sAlarm->AlarmTime.TimeFormat)            << RTC_ALRMAR_PM_Pos)  | \
1260:Drivers/STM32F4xx_HAL_Driver/Src/stm32f4xx_hal_rtc.c ****               ((uint32_t)RTC_ByteToBcd2(sAlarm->AlarmDateWeekDay)  << RTC_ALRMAR_DU_Pos)  | \
1261:Drivers/STM32F4xx_HAL_Driver/Src/stm32f4xx_hal_rtc.c ****               ((uint32_t)sAlarm->AlarmDateWeekDaySel)                                     | \
1262:Drivers/STM32F4xx_HAL_Driver/Src/stm32f4xx_hal_rtc.c ****               ((uint32_t)sAlarm->AlarmMask));
1263:Drivers/STM32F4xx_HAL_Driver/Src/stm32f4xx_hal_rtc.c ****   }
1264:Drivers/STM32F4xx_HAL_Driver/Src/stm32f4xx_hal_rtc.c ****   else
1265:Drivers/STM32F4xx_HAL_Driver/Src/stm32f4xx_hal_rtc.c ****   {
1266:Drivers/STM32F4xx_HAL_Driver/Src/stm32f4xx_hal_rtc.c ****     if ((hrtc->Instance->CR & RTC_CR_FMT) != 0U)
1267:Drivers/STM32F4xx_HAL_Driver/Src/stm32f4xx_hal_rtc.c ****     {
1268:Drivers/STM32F4xx_HAL_Driver/Src/stm32f4xx_hal_rtc.c ****       assert_param(IS_RTC_HOUR12(RTC_Bcd2ToByte(sAlarm->AlarmTime.Hours)));
1269:Drivers/STM32F4xx_HAL_Driver/Src/stm32f4xx_hal_rtc.c ****       assert_param(IS_RTC_HOURFORMAT12(sAlarm->AlarmTime.TimeFormat));
1270:Drivers/STM32F4xx_HAL_Driver/Src/stm32f4xx_hal_rtc.c ****     }
1271:Drivers/STM32F4xx_HAL_Driver/Src/stm32f4xx_hal_rtc.c ****     else
1272:Drivers/STM32F4xx_HAL_Driver/Src/stm32f4xx_hal_rtc.c ****     {
1273:Drivers/STM32F4xx_HAL_Driver/Src/stm32f4xx_hal_rtc.c ****       sAlarm->AlarmTime.TimeFormat = 0x00U;
1274:Drivers/STM32F4xx_HAL_Driver/Src/stm32f4xx_hal_rtc.c ****       assert_param(IS_RTC_HOUR24(RTC_Bcd2ToByte(sAlarm->AlarmTime.Hours)));
1275:Drivers/STM32F4xx_HAL_Driver/Src/stm32f4xx_hal_rtc.c ****     }
1276:Drivers/STM32F4xx_HAL_Driver/Src/stm32f4xx_hal_rtc.c **** 
1277:Drivers/STM32F4xx_HAL_Driver/Src/stm32f4xx_hal_rtc.c ****     assert_param(IS_RTC_MINUTES(RTC_Bcd2ToByte(sAlarm->AlarmTime.Minutes)));
1278:Drivers/STM32F4xx_HAL_Driver/Src/stm32f4xx_hal_rtc.c ****     assert_param(IS_RTC_SECONDS(RTC_Bcd2ToByte(sAlarm->AlarmTime.Seconds)));
1279:Drivers/STM32F4xx_HAL_Driver/Src/stm32f4xx_hal_rtc.c **** 
1280:Drivers/STM32F4xx_HAL_Driver/Src/stm32f4xx_hal_rtc.c ****     if (sAlarm->AlarmDateWeekDaySel == RTC_ALARMDATEWEEKDAYSEL_DATE)
1281:Drivers/STM32F4xx_HAL_Driver/Src/stm32f4xx_hal_rtc.c ****     {
1282:Drivers/STM32F4xx_HAL_Driver/Src/stm32f4xx_hal_rtc.c ****       assert_param(IS_RTC_ALARM_DATE_WEEKDAY_DATE(RTC_Bcd2ToByte(sAlarm->AlarmDateWeekDay)));
1283:Drivers/STM32F4xx_HAL_Driver/Src/stm32f4xx_hal_rtc.c ****     }
1284:Drivers/STM32F4xx_HAL_Driver/Src/stm32f4xx_hal_rtc.c ****     else
1285:Drivers/STM32F4xx_HAL_Driver/Src/stm32f4xx_hal_rtc.c ****     {
1286:Drivers/STM32F4xx_HAL_Driver/Src/stm32f4xx_hal_rtc.c ****       assert_param(IS_RTC_ALARM_DATE_WEEKDAY_WEEKDAY(RTC_Bcd2ToByte(sAlarm->AlarmDateWeekDay)));
1287:Drivers/STM32F4xx_HAL_Driver/Src/stm32f4xx_hal_rtc.c ****     }
1288:Drivers/STM32F4xx_HAL_Driver/Src/stm32f4xx_hal_rtc.c **** 
1289:Drivers/STM32F4xx_HAL_Driver/Src/stm32f4xx_hal_rtc.c ****     tmpreg = (((uint32_t)(sAlarm->AlarmTime.Hours)      << RTC_ALRMAR_HU_Pos)  | \
1290:Drivers/STM32F4xx_HAL_Driver/Src/stm32f4xx_hal_rtc.c ****               ((uint32_t)(sAlarm->AlarmTime.Minutes)    << RTC_ALRMAR_MNU_Pos) | \
1291:Drivers/STM32F4xx_HAL_Driver/Src/stm32f4xx_hal_rtc.c ****               ((uint32_t) sAlarm->AlarmTime.Seconds)                           | \
1292:Drivers/STM32F4xx_HAL_Driver/Src/stm32f4xx_hal_rtc.c ****               ((uint32_t)(sAlarm->AlarmTime.TimeFormat) << RTC_ALRMAR_PM_Pos)  | \
1293:Drivers/STM32F4xx_HAL_Driver/Src/stm32f4xx_hal_rtc.c ****               ((uint32_t)(sAlarm->AlarmDateWeekDay)     << RTC_ALRMAR_DU_Pos)  | \
1294:Drivers/STM32F4xx_HAL_Driver/Src/stm32f4xx_hal_rtc.c ****               ((uint32_t) sAlarm->AlarmDateWeekDaySel)                         | \
1295:Drivers/STM32F4xx_HAL_Driver/Src/stm32f4xx_hal_rtc.c ****               ((uint32_t) sAlarm->AlarmMask));
1296:Drivers/STM32F4xx_HAL_Driver/Src/stm32f4xx_hal_rtc.c ****   }
1297:Drivers/STM32F4xx_HAL_Driver/Src/stm32f4xx_hal_rtc.c **** 
1298:Drivers/STM32F4xx_HAL_Driver/Src/stm32f4xx_hal_rtc.c ****   /* Store the Alarm subseconds configuration */
1299:Drivers/STM32F4xx_HAL_Driver/Src/stm32f4xx_hal_rtc.c ****   subsecondtmpreg = (uint32_t)((uint32_t)(sAlarm->AlarmTime.SubSeconds) | \
1300:Drivers/STM32F4xx_HAL_Driver/Src/stm32f4xx_hal_rtc.c ****                                (uint32_t)(sAlarm->AlarmSubSecondMask));
1301:Drivers/STM32F4xx_HAL_Driver/Src/stm32f4xx_hal_rtc.c **** 
1302:Drivers/STM32F4xx_HAL_Driver/Src/stm32f4xx_hal_rtc.c ****   /* Disable the write protection for RTC registers */
ARM GAS  /tmp/ccDzuYuu.s 			page 25


1303:Drivers/STM32F4xx_HAL_Driver/Src/stm32f4xx_hal_rtc.c ****   __HAL_RTC_WRITEPROTECTION_DISABLE(hrtc);
1304:Drivers/STM32F4xx_HAL_Driver/Src/stm32f4xx_hal_rtc.c **** 
1305:Drivers/STM32F4xx_HAL_Driver/Src/stm32f4xx_hal_rtc.c ****   if (sAlarm->Alarm == RTC_ALARM_A)
1306:Drivers/STM32F4xx_HAL_Driver/Src/stm32f4xx_hal_rtc.c ****   {
1307:Drivers/STM32F4xx_HAL_Driver/Src/stm32f4xx_hal_rtc.c ****     /* Disable Alarm A */
1308:Drivers/STM32F4xx_HAL_Driver/Src/stm32f4xx_hal_rtc.c ****     __HAL_RTC_ALARMA_DISABLE(hrtc);
1309:Drivers/STM32F4xx_HAL_Driver/Src/stm32f4xx_hal_rtc.c **** 
1310:Drivers/STM32F4xx_HAL_Driver/Src/stm32f4xx_hal_rtc.c ****     /* Clear Alarm A flag */
1311:Drivers/STM32F4xx_HAL_Driver/Src/stm32f4xx_hal_rtc.c ****     __HAL_RTC_ALARM_CLEAR_FLAG(hrtc, RTC_FLAG_ALRAF);
1312:Drivers/STM32F4xx_HAL_Driver/Src/stm32f4xx_hal_rtc.c **** 
1313:Drivers/STM32F4xx_HAL_Driver/Src/stm32f4xx_hal_rtc.c ****     /* Wait till RTC ALRAWF flag is set and if timeout is reached exit */
1314:Drivers/STM32F4xx_HAL_Driver/Src/stm32f4xx_hal_rtc.c ****     do
1315:Drivers/STM32F4xx_HAL_Driver/Src/stm32f4xx_hal_rtc.c ****     {
1316:Drivers/STM32F4xx_HAL_Driver/Src/stm32f4xx_hal_rtc.c ****       count = count - 1U;
1317:Drivers/STM32F4xx_HAL_Driver/Src/stm32f4xx_hal_rtc.c ****       if (count == 0U)
1318:Drivers/STM32F4xx_HAL_Driver/Src/stm32f4xx_hal_rtc.c ****       {
1319:Drivers/STM32F4xx_HAL_Driver/Src/stm32f4xx_hal_rtc.c ****         /* Enable the write protection for RTC registers */
1320:Drivers/STM32F4xx_HAL_Driver/Src/stm32f4xx_hal_rtc.c ****         __HAL_RTC_WRITEPROTECTION_ENABLE(hrtc);
1321:Drivers/STM32F4xx_HAL_Driver/Src/stm32f4xx_hal_rtc.c **** 
1322:Drivers/STM32F4xx_HAL_Driver/Src/stm32f4xx_hal_rtc.c ****         hrtc->State = HAL_RTC_STATE_TIMEOUT;
1323:Drivers/STM32F4xx_HAL_Driver/Src/stm32f4xx_hal_rtc.c **** 
1324:Drivers/STM32F4xx_HAL_Driver/Src/stm32f4xx_hal_rtc.c ****         /* Process Unlocked */
1325:Drivers/STM32F4xx_HAL_Driver/Src/stm32f4xx_hal_rtc.c ****         __HAL_UNLOCK(hrtc);
1326:Drivers/STM32F4xx_HAL_Driver/Src/stm32f4xx_hal_rtc.c **** 
1327:Drivers/STM32F4xx_HAL_Driver/Src/stm32f4xx_hal_rtc.c ****         return HAL_TIMEOUT;
1328:Drivers/STM32F4xx_HAL_Driver/Src/stm32f4xx_hal_rtc.c ****       }
1329:Drivers/STM32F4xx_HAL_Driver/Src/stm32f4xx_hal_rtc.c ****     } while (__HAL_RTC_ALARM_GET_FLAG(hrtc, RTC_FLAG_ALRAWF) == 0U);
1330:Drivers/STM32F4xx_HAL_Driver/Src/stm32f4xx_hal_rtc.c **** 
1331:Drivers/STM32F4xx_HAL_Driver/Src/stm32f4xx_hal_rtc.c ****   /* Configure Alarm A register */
1332:Drivers/STM32F4xx_HAL_Driver/Src/stm32f4xx_hal_rtc.c ****     hrtc->Instance->ALRMAR = (uint32_t)tmpreg;
1333:Drivers/STM32F4xx_HAL_Driver/Src/stm32f4xx_hal_rtc.c ****     /* Configure Alarm A Subseconds register */
1334:Drivers/STM32F4xx_HAL_Driver/Src/stm32f4xx_hal_rtc.c ****     hrtc->Instance->ALRMASSR = subsecondtmpreg;
1335:Drivers/STM32F4xx_HAL_Driver/Src/stm32f4xx_hal_rtc.c ****     /* Enable Alarm A */
1336:Drivers/STM32F4xx_HAL_Driver/Src/stm32f4xx_hal_rtc.c ****     __HAL_RTC_ALARMA_ENABLE(hrtc);
1337:Drivers/STM32F4xx_HAL_Driver/Src/stm32f4xx_hal_rtc.c ****     /* Enable Alarm A interrupt */
1338:Drivers/STM32F4xx_HAL_Driver/Src/stm32f4xx_hal_rtc.c ****     __HAL_RTC_ALARM_ENABLE_IT(hrtc, RTC_IT_ALRA);
1339:Drivers/STM32F4xx_HAL_Driver/Src/stm32f4xx_hal_rtc.c ****   }
1340:Drivers/STM32F4xx_HAL_Driver/Src/stm32f4xx_hal_rtc.c ****   else
1341:Drivers/STM32F4xx_HAL_Driver/Src/stm32f4xx_hal_rtc.c ****   {
1342:Drivers/STM32F4xx_HAL_Driver/Src/stm32f4xx_hal_rtc.c ****     /* Disable Alarm B */
1343:Drivers/STM32F4xx_HAL_Driver/Src/stm32f4xx_hal_rtc.c ****     __HAL_RTC_ALARMB_DISABLE(hrtc);
1344:Drivers/STM32F4xx_HAL_Driver/Src/stm32f4xx_hal_rtc.c **** 
1345:Drivers/STM32F4xx_HAL_Driver/Src/stm32f4xx_hal_rtc.c ****     /* Clear Alarm B flag */
1346:Drivers/STM32F4xx_HAL_Driver/Src/stm32f4xx_hal_rtc.c ****     __HAL_RTC_ALARM_CLEAR_FLAG(hrtc, RTC_FLAG_ALRBF);
1347:Drivers/STM32F4xx_HAL_Driver/Src/stm32f4xx_hal_rtc.c **** 
1348:Drivers/STM32F4xx_HAL_Driver/Src/stm32f4xx_hal_rtc.c ****     /* Reload the counter */
1349:Drivers/STM32F4xx_HAL_Driver/Src/stm32f4xx_hal_rtc.c ****     count = RTC_TIMEOUT_VALUE * (SystemCoreClock / 32U / 1000U);
1350:Drivers/STM32F4xx_HAL_Driver/Src/stm32f4xx_hal_rtc.c **** 
1351:Drivers/STM32F4xx_HAL_Driver/Src/stm32f4xx_hal_rtc.c ****     /* Wait till RTC ALRBWF flag is set and if timeout is reached exit */
1352:Drivers/STM32F4xx_HAL_Driver/Src/stm32f4xx_hal_rtc.c ****     do
1353:Drivers/STM32F4xx_HAL_Driver/Src/stm32f4xx_hal_rtc.c ****     {
1354:Drivers/STM32F4xx_HAL_Driver/Src/stm32f4xx_hal_rtc.c ****       count = count - 1U;
1355:Drivers/STM32F4xx_HAL_Driver/Src/stm32f4xx_hal_rtc.c ****       if (count == 0U)
1356:Drivers/STM32F4xx_HAL_Driver/Src/stm32f4xx_hal_rtc.c ****       {
1357:Drivers/STM32F4xx_HAL_Driver/Src/stm32f4xx_hal_rtc.c ****         /* Enable the write protection for RTC registers */
1358:Drivers/STM32F4xx_HAL_Driver/Src/stm32f4xx_hal_rtc.c ****         __HAL_RTC_WRITEPROTECTION_ENABLE(hrtc);
1359:Drivers/STM32F4xx_HAL_Driver/Src/stm32f4xx_hal_rtc.c **** 
ARM GAS  /tmp/ccDzuYuu.s 			page 26


1360:Drivers/STM32F4xx_HAL_Driver/Src/stm32f4xx_hal_rtc.c ****         hrtc->State = HAL_RTC_STATE_TIMEOUT;
1361:Drivers/STM32F4xx_HAL_Driver/Src/stm32f4xx_hal_rtc.c **** 
1362:Drivers/STM32F4xx_HAL_Driver/Src/stm32f4xx_hal_rtc.c ****         /* Process Unlocked */
1363:Drivers/STM32F4xx_HAL_Driver/Src/stm32f4xx_hal_rtc.c ****         __HAL_UNLOCK(hrtc);
1364:Drivers/STM32F4xx_HAL_Driver/Src/stm32f4xx_hal_rtc.c **** 
1365:Drivers/STM32F4xx_HAL_Driver/Src/stm32f4xx_hal_rtc.c ****         return HAL_TIMEOUT;
1366:Drivers/STM32F4xx_HAL_Driver/Src/stm32f4xx_hal_rtc.c ****       }
1367:Drivers/STM32F4xx_HAL_Driver/Src/stm32f4xx_hal_rtc.c ****     } while (__HAL_RTC_ALARM_GET_FLAG(hrtc, RTC_FLAG_ALRBWF) == 0U);
1368:Drivers/STM32F4xx_HAL_Driver/Src/stm32f4xx_hal_rtc.c **** 
1369:Drivers/STM32F4xx_HAL_Driver/Src/stm32f4xx_hal_rtc.c ****     /* Configure Alarm B register */
1370:Drivers/STM32F4xx_HAL_Driver/Src/stm32f4xx_hal_rtc.c ****     hrtc->Instance->ALRMBR = (uint32_t)tmpreg;
1371:Drivers/STM32F4xx_HAL_Driver/Src/stm32f4xx_hal_rtc.c ****     /* Configure Alarm B Subseconds register */
1372:Drivers/STM32F4xx_HAL_Driver/Src/stm32f4xx_hal_rtc.c ****     hrtc->Instance->ALRMBSSR = subsecondtmpreg;
1373:Drivers/STM32F4xx_HAL_Driver/Src/stm32f4xx_hal_rtc.c ****     /* Enable Alarm B */
1374:Drivers/STM32F4xx_HAL_Driver/Src/stm32f4xx_hal_rtc.c ****     __HAL_RTC_ALARMB_ENABLE(hrtc);
1375:Drivers/STM32F4xx_HAL_Driver/Src/stm32f4xx_hal_rtc.c ****     /* Enable Alarm B interrupt */
1376:Drivers/STM32F4xx_HAL_Driver/Src/stm32f4xx_hal_rtc.c ****     __HAL_RTC_ALARM_ENABLE_IT(hrtc, RTC_IT_ALRB);
1377:Drivers/STM32F4xx_HAL_Driver/Src/stm32f4xx_hal_rtc.c ****   }
1378:Drivers/STM32F4xx_HAL_Driver/Src/stm32f4xx_hal_rtc.c **** 
1379:Drivers/STM32F4xx_HAL_Driver/Src/stm32f4xx_hal_rtc.c ****   /* Enable and configure the EXTI line associated to the RTC Alarm interrupt */
1380:Drivers/STM32F4xx_HAL_Driver/Src/stm32f4xx_hal_rtc.c ****   __HAL_RTC_ALARM_EXTI_ENABLE_IT();
1381:Drivers/STM32F4xx_HAL_Driver/Src/stm32f4xx_hal_rtc.c ****   __HAL_RTC_ALARM_EXTI_ENABLE_RISING_EDGE();
1382:Drivers/STM32F4xx_HAL_Driver/Src/stm32f4xx_hal_rtc.c **** 
1383:Drivers/STM32F4xx_HAL_Driver/Src/stm32f4xx_hal_rtc.c ****   /* Enable the write protection for RTC registers */
1384:Drivers/STM32F4xx_HAL_Driver/Src/stm32f4xx_hal_rtc.c ****   __HAL_RTC_WRITEPROTECTION_ENABLE(hrtc);
1385:Drivers/STM32F4xx_HAL_Driver/Src/stm32f4xx_hal_rtc.c **** 
1386:Drivers/STM32F4xx_HAL_Driver/Src/stm32f4xx_hal_rtc.c ****   /* Change RTC state back to READY */
1387:Drivers/STM32F4xx_HAL_Driver/Src/stm32f4xx_hal_rtc.c ****   hrtc->State = HAL_RTC_STATE_READY;
1388:Drivers/STM32F4xx_HAL_Driver/Src/stm32f4xx_hal_rtc.c **** 
1389:Drivers/STM32F4xx_HAL_Driver/Src/stm32f4xx_hal_rtc.c ****   /* Process Unlocked */
1390:Drivers/STM32F4xx_HAL_Driver/Src/stm32f4xx_hal_rtc.c ****   __HAL_UNLOCK(hrtc);
1391:Drivers/STM32F4xx_HAL_Driver/Src/stm32f4xx_hal_rtc.c **** 
1392:Drivers/STM32F4xx_HAL_Driver/Src/stm32f4xx_hal_rtc.c ****   return HAL_OK;
1393:Drivers/STM32F4xx_HAL_Driver/Src/stm32f4xx_hal_rtc.c **** }
1394:Drivers/STM32F4xx_HAL_Driver/Src/stm32f4xx_hal_rtc.c **** 
1395:Drivers/STM32F4xx_HAL_Driver/Src/stm32f4xx_hal_rtc.c **** /**
1396:Drivers/STM32F4xx_HAL_Driver/Src/stm32f4xx_hal_rtc.c ****   * @brief  Deactivates the specified RTC Alarm.
1397:Drivers/STM32F4xx_HAL_Driver/Src/stm32f4xx_hal_rtc.c ****   * @param  hrtc pointer to a RTC_HandleTypeDef structure that contains
1398:Drivers/STM32F4xx_HAL_Driver/Src/stm32f4xx_hal_rtc.c ****   *                the configuration information for RTC.
1399:Drivers/STM32F4xx_HAL_Driver/Src/stm32f4xx_hal_rtc.c ****   * @param  Alarm Specifies the Alarm.
1400:Drivers/STM32F4xx_HAL_Driver/Src/stm32f4xx_hal_rtc.c ****   *          This parameter can be one of the following values:
1401:Drivers/STM32F4xx_HAL_Driver/Src/stm32f4xx_hal_rtc.c ****   *            @arg RTC_ALARM_A: Alarm A
1402:Drivers/STM32F4xx_HAL_Driver/Src/stm32f4xx_hal_rtc.c ****   *            @arg RTC_ALARM_B: Alarm B
1403:Drivers/STM32F4xx_HAL_Driver/Src/stm32f4xx_hal_rtc.c ****   * @retval HAL status
1404:Drivers/STM32F4xx_HAL_Driver/Src/stm32f4xx_hal_rtc.c ****   */
1405:Drivers/STM32F4xx_HAL_Driver/Src/stm32f4xx_hal_rtc.c **** HAL_StatusTypeDef HAL_RTC_DeactivateAlarm(RTC_HandleTypeDef *hrtc, uint32_t Alarm)
1406:Drivers/STM32F4xx_HAL_Driver/Src/stm32f4xx_hal_rtc.c **** {
  72              		.loc 1 1406 1 is_stmt 1 view -0
  73              		.cfi_startproc
  74              		@ args = 0, pretend = 0, frame = 0
  75              		@ frame_needed = 0, uses_anonymous_args = 0
  76              		.loc 1 1406 1 is_stmt 0 view .LVU7
  77 0000 38B5     		push	{r3, r4, r5, lr}
  78              	.LCFI0:
  79              		.cfi_def_cfa_offset 16
  80              		.cfi_offset 3, -16
  81              		.cfi_offset 4, -12
ARM GAS  /tmp/ccDzuYuu.s 			page 27


  82              		.cfi_offset 5, -8
  83              		.cfi_offset 14, -4
1407:Drivers/STM32F4xx_HAL_Driver/Src/stm32f4xx_hal_rtc.c ****   uint32_t tickstart = 0U;
  84              		.loc 1 1407 3 is_stmt 1 view .LVU8
  85              	.LVL3:
1408:Drivers/STM32F4xx_HAL_Driver/Src/stm32f4xx_hal_rtc.c **** 
1409:Drivers/STM32F4xx_HAL_Driver/Src/stm32f4xx_hal_rtc.c ****   /* Check the parameters */
1410:Drivers/STM32F4xx_HAL_Driver/Src/stm32f4xx_hal_rtc.c ****   assert_param(IS_RTC_ALARM(Alarm));
  86              		.loc 1 1410 3 view .LVU9
1411:Drivers/STM32F4xx_HAL_Driver/Src/stm32f4xx_hal_rtc.c **** 
1412:Drivers/STM32F4xx_HAL_Driver/Src/stm32f4xx_hal_rtc.c ****   /* Process Locked */
1413:Drivers/STM32F4xx_HAL_Driver/Src/stm32f4xx_hal_rtc.c ****   __HAL_LOCK(hrtc);
  87              		.loc 1 1413 3 view .LVU10
  88              		.loc 1 1413 3 view .LVU11
  89 0002 037F     		ldrb	r3, [r0, #28]	@ zero_extendqisi2
  90 0004 012B     		cmp	r3, #1
  91 0006 55D0     		beq	.L11
  92 0008 0446     		mov	r4, r0
  93              		.loc 1 1413 3 discriminator 2 view .LVU12
  94 000a 0123     		movs	r3, #1
  95 000c 0377     		strb	r3, [r0, #28]
  96              		.loc 1 1413 3 view .LVU13
1414:Drivers/STM32F4xx_HAL_Driver/Src/stm32f4xx_hal_rtc.c **** 
1415:Drivers/STM32F4xx_HAL_Driver/Src/stm32f4xx_hal_rtc.c ****   hrtc->State = HAL_RTC_STATE_BUSY;
  97              		.loc 1 1415 3 view .LVU14
  98              		.loc 1 1415 15 is_stmt 0 view .LVU15
  99 000e 0223     		movs	r3, #2
 100 0010 4377     		strb	r3, [r0, #29]
1416:Drivers/STM32F4xx_HAL_Driver/Src/stm32f4xx_hal_rtc.c **** 
1417:Drivers/STM32F4xx_HAL_Driver/Src/stm32f4xx_hal_rtc.c ****   /* Disable the write protection for RTC registers */
1418:Drivers/STM32F4xx_HAL_Driver/Src/stm32f4xx_hal_rtc.c ****   __HAL_RTC_WRITEPROTECTION_DISABLE(hrtc);
 101              		.loc 1 1418 3 is_stmt 1 view .LVU16
 102              		.loc 1 1418 3 view .LVU17
 103 0012 0368     		ldr	r3, [r0]
 104 0014 CA22     		movs	r2, #202
 105 0016 5A62     		str	r2, [r3, #36]
 106              		.loc 1 1418 3 view .LVU18
 107 0018 0368     		ldr	r3, [r0]
 108 001a 5322     		movs	r2, #83
 109 001c 5A62     		str	r2, [r3, #36]
 110              		.loc 1 1418 3 view .LVU19
1419:Drivers/STM32F4xx_HAL_Driver/Src/stm32f4xx_hal_rtc.c **** 
1420:Drivers/STM32F4xx_HAL_Driver/Src/stm32f4xx_hal_rtc.c ****   if (Alarm == RTC_ALARM_A)
 111              		.loc 1 1420 3 view .LVU20
 112              		.loc 1 1420 6 is_stmt 0 view .LVU21
 113 001e B1F5807F 		cmp	r1, #256
 114 0022 1FD0     		beq	.L13
1421:Drivers/STM32F4xx_HAL_Driver/Src/stm32f4xx_hal_rtc.c ****   {
1422:Drivers/STM32F4xx_HAL_Driver/Src/stm32f4xx_hal_rtc.c ****     /* Disable Alarm A */
1423:Drivers/STM32F4xx_HAL_Driver/Src/stm32f4xx_hal_rtc.c ****     __HAL_RTC_ALARMA_DISABLE(hrtc);
1424:Drivers/STM32F4xx_HAL_Driver/Src/stm32f4xx_hal_rtc.c **** 
1425:Drivers/STM32F4xx_HAL_Driver/Src/stm32f4xx_hal_rtc.c ****     /* In case interrupt mode is used, the interrupt source must be disabled */
1426:Drivers/STM32F4xx_HAL_Driver/Src/stm32f4xx_hal_rtc.c ****     __HAL_RTC_ALARM_DISABLE_IT(hrtc, RTC_IT_ALRA);
1427:Drivers/STM32F4xx_HAL_Driver/Src/stm32f4xx_hal_rtc.c **** 
1428:Drivers/STM32F4xx_HAL_Driver/Src/stm32f4xx_hal_rtc.c ****     /* Get tick */
1429:Drivers/STM32F4xx_HAL_Driver/Src/stm32f4xx_hal_rtc.c ****     tickstart = HAL_GetTick();
1430:Drivers/STM32F4xx_HAL_Driver/Src/stm32f4xx_hal_rtc.c **** 
ARM GAS  /tmp/ccDzuYuu.s 			page 28


1431:Drivers/STM32F4xx_HAL_Driver/Src/stm32f4xx_hal_rtc.c ****     /* Wait till RTC ALRAWF flag is set and if timeout is reached exit */
1432:Drivers/STM32F4xx_HAL_Driver/Src/stm32f4xx_hal_rtc.c ****     while (__HAL_RTC_ALARM_GET_FLAG(hrtc, RTC_FLAG_ALRAWF) == 0U)
1433:Drivers/STM32F4xx_HAL_Driver/Src/stm32f4xx_hal_rtc.c ****     {
1434:Drivers/STM32F4xx_HAL_Driver/Src/stm32f4xx_hal_rtc.c ****       if ((HAL_GetTick() - tickstart) > RTC_TIMEOUT_VALUE)
1435:Drivers/STM32F4xx_HAL_Driver/Src/stm32f4xx_hal_rtc.c ****       {
1436:Drivers/STM32F4xx_HAL_Driver/Src/stm32f4xx_hal_rtc.c ****         /* Enable the write protection for RTC registers */
1437:Drivers/STM32F4xx_HAL_Driver/Src/stm32f4xx_hal_rtc.c ****         __HAL_RTC_WRITEPROTECTION_ENABLE(hrtc);
1438:Drivers/STM32F4xx_HAL_Driver/Src/stm32f4xx_hal_rtc.c **** 
1439:Drivers/STM32F4xx_HAL_Driver/Src/stm32f4xx_hal_rtc.c ****         hrtc->State = HAL_RTC_STATE_TIMEOUT;
1440:Drivers/STM32F4xx_HAL_Driver/Src/stm32f4xx_hal_rtc.c **** 
1441:Drivers/STM32F4xx_HAL_Driver/Src/stm32f4xx_hal_rtc.c ****         /* Process Unlocked */
1442:Drivers/STM32F4xx_HAL_Driver/Src/stm32f4xx_hal_rtc.c ****         __HAL_UNLOCK(hrtc);
1443:Drivers/STM32F4xx_HAL_Driver/Src/stm32f4xx_hal_rtc.c **** 
1444:Drivers/STM32F4xx_HAL_Driver/Src/stm32f4xx_hal_rtc.c ****         return HAL_TIMEOUT;
1445:Drivers/STM32F4xx_HAL_Driver/Src/stm32f4xx_hal_rtc.c ****       }
1446:Drivers/STM32F4xx_HAL_Driver/Src/stm32f4xx_hal_rtc.c ****     }
1447:Drivers/STM32F4xx_HAL_Driver/Src/stm32f4xx_hal_rtc.c ****   }
1448:Drivers/STM32F4xx_HAL_Driver/Src/stm32f4xx_hal_rtc.c ****   else
1449:Drivers/STM32F4xx_HAL_Driver/Src/stm32f4xx_hal_rtc.c ****   {
1450:Drivers/STM32F4xx_HAL_Driver/Src/stm32f4xx_hal_rtc.c ****     /* Disable Alarm B */
1451:Drivers/STM32F4xx_HAL_Driver/Src/stm32f4xx_hal_rtc.c ****     __HAL_RTC_ALARMB_DISABLE(hrtc);
 115              		.loc 1 1451 5 is_stmt 1 view .LVU22
 116 0024 0268     		ldr	r2, [r0]
 117 0026 9368     		ldr	r3, [r2, #8]
 118 0028 23F40073 		bic	r3, r3, #512
 119 002c 9360     		str	r3, [r2, #8]
1452:Drivers/STM32F4xx_HAL_Driver/Src/stm32f4xx_hal_rtc.c **** 
1453:Drivers/STM32F4xx_HAL_Driver/Src/stm32f4xx_hal_rtc.c ****     /* In case interrupt mode is used, the interrupt source must be disabled */
1454:Drivers/STM32F4xx_HAL_Driver/Src/stm32f4xx_hal_rtc.c ****     __HAL_RTC_ALARM_DISABLE_IT(hrtc, RTC_IT_ALRB);
 120              		.loc 1 1454 5 view .LVU23
 121 002e 0268     		ldr	r2, [r0]
 122 0030 9368     		ldr	r3, [r2, #8]
 123 0032 23F40053 		bic	r3, r3, #8192
 124 0036 9360     		str	r3, [r2, #8]
1455:Drivers/STM32F4xx_HAL_Driver/Src/stm32f4xx_hal_rtc.c **** 
1456:Drivers/STM32F4xx_HAL_Driver/Src/stm32f4xx_hal_rtc.c ****     /* Get tick */
1457:Drivers/STM32F4xx_HAL_Driver/Src/stm32f4xx_hal_rtc.c ****     tickstart = HAL_GetTick();
 125              		.loc 1 1457 5 view .LVU24
 126              		.loc 1 1457 17 is_stmt 0 view .LVU25
 127 0038 FFF7FEFF 		bl	HAL_GetTick
 128              	.LVL4:
 129              		.loc 1 1457 17 view .LVU26
 130 003c 0546     		mov	r5, r0
 131              	.LVL5:
1458:Drivers/STM32F4xx_HAL_Driver/Src/stm32f4xx_hal_rtc.c **** 
1459:Drivers/STM32F4xx_HAL_Driver/Src/stm32f4xx_hal_rtc.c ****     /* Wait till RTC ALRBWF flag is set and if timeout is reached exit */
1460:Drivers/STM32F4xx_HAL_Driver/Src/stm32f4xx_hal_rtc.c ****     while (__HAL_RTC_ALARM_GET_FLAG(hrtc, RTC_FLAG_ALRBWF) == 0U)
 132              		.loc 1 1460 5 is_stmt 1 view .LVU27
 133              	.L9:
 134              		.loc 1 1460 60 view .LVU28
 135              		.loc 1 1460 12 is_stmt 0 view .LVU29
 136 003e 2368     		ldr	r3, [r4]
 137 0040 DB68     		ldr	r3, [r3, #12]
 138              		.loc 1 1460 60 view .LVU30
 139 0042 13F0020F 		tst	r3, #2
 140 0046 2DD1     		bne	.L8
1461:Drivers/STM32F4xx_HAL_Driver/Src/stm32f4xx_hal_rtc.c ****     {
ARM GAS  /tmp/ccDzuYuu.s 			page 29


1462:Drivers/STM32F4xx_HAL_Driver/Src/stm32f4xx_hal_rtc.c ****       if ((HAL_GetTick() - tickstart) > RTC_TIMEOUT_VALUE)
 141              		.loc 1 1462 7 is_stmt 1 view .LVU31
 142              		.loc 1 1462 12 is_stmt 0 view .LVU32
 143 0048 FFF7FEFF 		bl	HAL_GetTick
 144              	.LVL6:
 145              		.loc 1 1462 26 discriminator 1 view .LVU33
 146 004c 431B     		subs	r3, r0, r5
 147              		.loc 1 1462 10 discriminator 1 view .LVU34
 148 004e B3F57A7F 		cmp	r3, #1000
 149 0052 F4D9     		bls	.L9
1463:Drivers/STM32F4xx_HAL_Driver/Src/stm32f4xx_hal_rtc.c ****       {
1464:Drivers/STM32F4xx_HAL_Driver/Src/stm32f4xx_hal_rtc.c ****         /* Enable the write protection for RTC registers */
1465:Drivers/STM32F4xx_HAL_Driver/Src/stm32f4xx_hal_rtc.c ****         __HAL_RTC_WRITEPROTECTION_ENABLE(hrtc);
 150              		.loc 1 1465 9 is_stmt 1 view .LVU35
 151              		.loc 1 1465 9 view .LVU36
 152 0054 2368     		ldr	r3, [r4]
 153 0056 FF22     		movs	r2, #255
 154 0058 5A62     		str	r2, [r3, #36]
 155              		.loc 1 1465 9 view .LVU37
1466:Drivers/STM32F4xx_HAL_Driver/Src/stm32f4xx_hal_rtc.c **** 
1467:Drivers/STM32F4xx_HAL_Driver/Src/stm32f4xx_hal_rtc.c ****         hrtc->State = HAL_RTC_STATE_TIMEOUT;
 156              		.loc 1 1467 9 view .LVU38
 157              		.loc 1 1467 21 is_stmt 0 view .LVU39
 158 005a 0320     		movs	r0, #3
 159 005c 6077     		strb	r0, [r4, #29]
1468:Drivers/STM32F4xx_HAL_Driver/Src/stm32f4xx_hal_rtc.c **** 
1469:Drivers/STM32F4xx_HAL_Driver/Src/stm32f4xx_hal_rtc.c ****         /* Process Unlocked */
1470:Drivers/STM32F4xx_HAL_Driver/Src/stm32f4xx_hal_rtc.c ****         __HAL_UNLOCK(hrtc);
 160              		.loc 1 1470 9 is_stmt 1 view .LVU40
 161              		.loc 1 1470 9 view .LVU41
 162 005e 0023     		movs	r3, #0
 163 0060 2377     		strb	r3, [r4, #28]
 164              		.loc 1 1470 9 view .LVU42
1471:Drivers/STM32F4xx_HAL_Driver/Src/stm32f4xx_hal_rtc.c **** 
1472:Drivers/STM32F4xx_HAL_Driver/Src/stm32f4xx_hal_rtc.c ****         return HAL_TIMEOUT;
 165              		.loc 1 1472 9 view .LVU43
 166              		.loc 1 1472 16 is_stmt 0 view .LVU44
 167 0062 26E0     		b	.L4
 168              	.LVL7:
 169              	.L13:
1423:Drivers/STM32F4xx_HAL_Driver/Src/stm32f4xx_hal_rtc.c **** 
 170              		.loc 1 1423 5 is_stmt 1 view .LVU45
 171 0064 0268     		ldr	r2, [r0]
 172 0066 9368     		ldr	r3, [r2, #8]
 173 0068 23F48073 		bic	r3, r3, #256
 174 006c 9360     		str	r3, [r2, #8]
1426:Drivers/STM32F4xx_HAL_Driver/Src/stm32f4xx_hal_rtc.c **** 
 175              		.loc 1 1426 5 view .LVU46
 176 006e 0268     		ldr	r2, [r0]
 177 0070 9368     		ldr	r3, [r2, #8]
 178 0072 23F48053 		bic	r3, r3, #4096
 179 0076 9360     		str	r3, [r2, #8]
1429:Drivers/STM32F4xx_HAL_Driver/Src/stm32f4xx_hal_rtc.c **** 
 180              		.loc 1 1429 5 view .LVU47
1429:Drivers/STM32F4xx_HAL_Driver/Src/stm32f4xx_hal_rtc.c **** 
 181              		.loc 1 1429 17 is_stmt 0 view .LVU48
 182 0078 FFF7FEFF 		bl	HAL_GetTick
ARM GAS  /tmp/ccDzuYuu.s 			page 30


 183              	.LVL8:
1429:Drivers/STM32F4xx_HAL_Driver/Src/stm32f4xx_hal_rtc.c **** 
 184              		.loc 1 1429 17 view .LVU49
 185 007c 0546     		mov	r5, r0
 186              	.LVL9:
1432:Drivers/STM32F4xx_HAL_Driver/Src/stm32f4xx_hal_rtc.c ****     {
 187              		.loc 1 1432 5 is_stmt 1 view .LVU50
 188              	.L6:
1432:Drivers/STM32F4xx_HAL_Driver/Src/stm32f4xx_hal_rtc.c ****     {
 189              		.loc 1 1432 60 view .LVU51
1432:Drivers/STM32F4xx_HAL_Driver/Src/stm32f4xx_hal_rtc.c ****     {
 190              		.loc 1 1432 12 is_stmt 0 view .LVU52
 191 007e 2368     		ldr	r3, [r4]
 192 0080 DB68     		ldr	r3, [r3, #12]
1432:Drivers/STM32F4xx_HAL_Driver/Src/stm32f4xx_hal_rtc.c ****     {
 193              		.loc 1 1432 60 view .LVU53
 194 0082 13F0010F 		tst	r3, #1
 195 0086 0DD1     		bne	.L8
1434:Drivers/STM32F4xx_HAL_Driver/Src/stm32f4xx_hal_rtc.c ****       {
 196              		.loc 1 1434 7 is_stmt 1 view .LVU54
1434:Drivers/STM32F4xx_HAL_Driver/Src/stm32f4xx_hal_rtc.c ****       {
 197              		.loc 1 1434 12 is_stmt 0 view .LVU55
 198 0088 FFF7FEFF 		bl	HAL_GetTick
 199              	.LVL10:
1434:Drivers/STM32F4xx_HAL_Driver/Src/stm32f4xx_hal_rtc.c ****       {
 200              		.loc 1 1434 26 discriminator 1 view .LVU56
 201 008c 401B     		subs	r0, r0, r5
1434:Drivers/STM32F4xx_HAL_Driver/Src/stm32f4xx_hal_rtc.c ****       {
 202              		.loc 1 1434 10 discriminator 1 view .LVU57
 203 008e B0F57A7F 		cmp	r0, #1000
 204 0092 F4D9     		bls	.L6
1437:Drivers/STM32F4xx_HAL_Driver/Src/stm32f4xx_hal_rtc.c **** 
 205              		.loc 1 1437 9 is_stmt 1 view .LVU58
1437:Drivers/STM32F4xx_HAL_Driver/Src/stm32f4xx_hal_rtc.c **** 
 206              		.loc 1 1437 9 view .LVU59
 207 0094 2368     		ldr	r3, [r4]
 208 0096 FF22     		movs	r2, #255
 209 0098 5A62     		str	r2, [r3, #36]
1437:Drivers/STM32F4xx_HAL_Driver/Src/stm32f4xx_hal_rtc.c **** 
 210              		.loc 1 1437 9 view .LVU60
1439:Drivers/STM32F4xx_HAL_Driver/Src/stm32f4xx_hal_rtc.c **** 
 211              		.loc 1 1439 9 view .LVU61
1439:Drivers/STM32F4xx_HAL_Driver/Src/stm32f4xx_hal_rtc.c **** 
 212              		.loc 1 1439 21 is_stmt 0 view .LVU62
 213 009a 0320     		movs	r0, #3
 214 009c 6077     		strb	r0, [r4, #29]
1442:Drivers/STM32F4xx_HAL_Driver/Src/stm32f4xx_hal_rtc.c **** 
 215              		.loc 1 1442 9 is_stmt 1 view .LVU63
1442:Drivers/STM32F4xx_HAL_Driver/Src/stm32f4xx_hal_rtc.c **** 
 216              		.loc 1 1442 9 view .LVU64
 217 009e 0023     		movs	r3, #0
 218 00a0 2377     		strb	r3, [r4, #28]
1442:Drivers/STM32F4xx_HAL_Driver/Src/stm32f4xx_hal_rtc.c **** 
 219              		.loc 1 1442 9 view .LVU65
1444:Drivers/STM32F4xx_HAL_Driver/Src/stm32f4xx_hal_rtc.c ****       }
 220              		.loc 1 1444 9 view .LVU66
1444:Drivers/STM32F4xx_HAL_Driver/Src/stm32f4xx_hal_rtc.c ****       }
ARM GAS  /tmp/ccDzuYuu.s 			page 31


 221              		.loc 1 1444 16 is_stmt 0 view .LVU67
 222 00a2 06E0     		b	.L4
 223              	.L8:
1473:Drivers/STM32F4xx_HAL_Driver/Src/stm32f4xx_hal_rtc.c ****       }
1474:Drivers/STM32F4xx_HAL_Driver/Src/stm32f4xx_hal_rtc.c ****     }
1475:Drivers/STM32F4xx_HAL_Driver/Src/stm32f4xx_hal_rtc.c ****   }
1476:Drivers/STM32F4xx_HAL_Driver/Src/stm32f4xx_hal_rtc.c **** 
1477:Drivers/STM32F4xx_HAL_Driver/Src/stm32f4xx_hal_rtc.c ****   /* Enable the write protection for RTC registers */
1478:Drivers/STM32F4xx_HAL_Driver/Src/stm32f4xx_hal_rtc.c ****   __HAL_RTC_WRITEPROTECTION_ENABLE(hrtc);
 224              		.loc 1 1478 3 is_stmt 1 view .LVU68
 225              		.loc 1 1478 3 view .LVU69
 226 00a4 2368     		ldr	r3, [r4]
 227 00a6 FF22     		movs	r2, #255
 228 00a8 5A62     		str	r2, [r3, #36]
 229              		.loc 1 1478 3 view .LVU70
1479:Drivers/STM32F4xx_HAL_Driver/Src/stm32f4xx_hal_rtc.c **** 
1480:Drivers/STM32F4xx_HAL_Driver/Src/stm32f4xx_hal_rtc.c ****   hrtc->State = HAL_RTC_STATE_READY;
 230              		.loc 1 1480 3 view .LVU71
 231              		.loc 1 1480 15 is_stmt 0 view .LVU72
 232 00aa 0123     		movs	r3, #1
 233 00ac 6377     		strb	r3, [r4, #29]
1481:Drivers/STM32F4xx_HAL_Driver/Src/stm32f4xx_hal_rtc.c **** 
1482:Drivers/STM32F4xx_HAL_Driver/Src/stm32f4xx_hal_rtc.c ****   /* Process Unlocked */
1483:Drivers/STM32F4xx_HAL_Driver/Src/stm32f4xx_hal_rtc.c ****   __HAL_UNLOCK(hrtc);
 234              		.loc 1 1483 3 is_stmt 1 view .LVU73
 235              		.loc 1 1483 3 view .LVU74
 236 00ae 0020     		movs	r0, #0
 237 00b0 2077     		strb	r0, [r4, #28]
 238              		.loc 1 1483 3 view .LVU75
1484:Drivers/STM32F4xx_HAL_Driver/Src/stm32f4xx_hal_rtc.c **** 
1485:Drivers/STM32F4xx_HAL_Driver/Src/stm32f4xx_hal_rtc.c ****   return HAL_OK;
 239              		.loc 1 1485 3 view .LVU76
 240              	.LVL11:
 241              	.L4:
1486:Drivers/STM32F4xx_HAL_Driver/Src/stm32f4xx_hal_rtc.c **** }
 242              		.loc 1 1486 1 is_stmt 0 view .LVU77
 243 00b2 38BD     		pop	{r3, r4, r5, pc}
 244              	.LVL12:
 245              	.L11:
1413:Drivers/STM32F4xx_HAL_Driver/Src/stm32f4xx_hal_rtc.c **** 
 246              		.loc 1 1413 3 discriminator 1 view .LVU78
 247 00b4 0220     		movs	r0, #2
 248              	.LVL13:
1413:Drivers/STM32F4xx_HAL_Driver/Src/stm32f4xx_hal_rtc.c **** 
 249              		.loc 1 1413 3 discriminator 1 view .LVU79
 250 00b6 FCE7     		b	.L4
 251              		.cfi_endproc
 252              	.LFE249:
 254              		.section	.text.HAL_RTC_AlarmAEventCallback,"ax",%progbits
 255              		.align	1
 256              		.weak	HAL_RTC_AlarmAEventCallback
 257              		.syntax unified
 258              		.thumb
 259              		.thumb_func
 261              	HAL_RTC_AlarmAEventCallback:
 262              	.LVL14:
 263              	.LFB252:
ARM GAS  /tmp/ccDzuYuu.s 			page 32


1487:Drivers/STM32F4xx_HAL_Driver/Src/stm32f4xx_hal_rtc.c **** 
1488:Drivers/STM32F4xx_HAL_Driver/Src/stm32f4xx_hal_rtc.c **** /**
1489:Drivers/STM32F4xx_HAL_Driver/Src/stm32f4xx_hal_rtc.c ****   * @brief  Gets the RTC Alarm value and masks.
1490:Drivers/STM32F4xx_HAL_Driver/Src/stm32f4xx_hal_rtc.c ****   * @param  hrtc pointer to a RTC_HandleTypeDef structure that contains
1491:Drivers/STM32F4xx_HAL_Driver/Src/stm32f4xx_hal_rtc.c ****   *                the configuration information for RTC.
1492:Drivers/STM32F4xx_HAL_Driver/Src/stm32f4xx_hal_rtc.c ****   * @param  sAlarm Pointer to Date structure
1493:Drivers/STM32F4xx_HAL_Driver/Src/stm32f4xx_hal_rtc.c ****   * @param  Alarm Specifies the Alarm.
1494:Drivers/STM32F4xx_HAL_Driver/Src/stm32f4xx_hal_rtc.c ****   *          This parameter can be one of the following values:
1495:Drivers/STM32F4xx_HAL_Driver/Src/stm32f4xx_hal_rtc.c ****   *            @arg RTC_ALARM_A: Alarm A
1496:Drivers/STM32F4xx_HAL_Driver/Src/stm32f4xx_hal_rtc.c ****   *            @arg RTC_ALARM_B: Alarm B
1497:Drivers/STM32F4xx_HAL_Driver/Src/stm32f4xx_hal_rtc.c ****   * @param  Format Specifies the format of the entered parameters.
1498:Drivers/STM32F4xx_HAL_Driver/Src/stm32f4xx_hal_rtc.c ****   *          This parameter can be one of the following values:
1499:Drivers/STM32F4xx_HAL_Driver/Src/stm32f4xx_hal_rtc.c ****   *             @arg RTC_FORMAT_BIN: Binary data format
1500:Drivers/STM32F4xx_HAL_Driver/Src/stm32f4xx_hal_rtc.c ****   *             @arg RTC_FORMAT_BCD: BCD data format
1501:Drivers/STM32F4xx_HAL_Driver/Src/stm32f4xx_hal_rtc.c ****   * @retval HAL status
1502:Drivers/STM32F4xx_HAL_Driver/Src/stm32f4xx_hal_rtc.c ****   */
1503:Drivers/STM32F4xx_HAL_Driver/Src/stm32f4xx_hal_rtc.c **** HAL_StatusTypeDef HAL_RTC_GetAlarm(RTC_HandleTypeDef *hrtc, RTC_AlarmTypeDef *sAlarm, uint32_t Alar
1504:Drivers/STM32F4xx_HAL_Driver/Src/stm32f4xx_hal_rtc.c **** {
1505:Drivers/STM32F4xx_HAL_Driver/Src/stm32f4xx_hal_rtc.c ****   uint32_t tmpreg = 0U;
1506:Drivers/STM32F4xx_HAL_Driver/Src/stm32f4xx_hal_rtc.c ****   uint32_t subsecondtmpreg = 0U;
1507:Drivers/STM32F4xx_HAL_Driver/Src/stm32f4xx_hal_rtc.c **** 
1508:Drivers/STM32F4xx_HAL_Driver/Src/stm32f4xx_hal_rtc.c ****   /* Check the parameters */
1509:Drivers/STM32F4xx_HAL_Driver/Src/stm32f4xx_hal_rtc.c ****   assert_param(IS_RTC_FORMAT(Format));
1510:Drivers/STM32F4xx_HAL_Driver/Src/stm32f4xx_hal_rtc.c ****   assert_param(IS_RTC_ALARM(Alarm));
1511:Drivers/STM32F4xx_HAL_Driver/Src/stm32f4xx_hal_rtc.c **** 
1512:Drivers/STM32F4xx_HAL_Driver/Src/stm32f4xx_hal_rtc.c ****   if (Alarm == RTC_ALARM_A)
1513:Drivers/STM32F4xx_HAL_Driver/Src/stm32f4xx_hal_rtc.c ****   {
1514:Drivers/STM32F4xx_HAL_Driver/Src/stm32f4xx_hal_rtc.c ****     sAlarm->Alarm = RTC_ALARM_A;
1515:Drivers/STM32F4xx_HAL_Driver/Src/stm32f4xx_hal_rtc.c **** 
1516:Drivers/STM32F4xx_HAL_Driver/Src/stm32f4xx_hal_rtc.c ****     tmpreg = (uint32_t)(hrtc->Instance->ALRMAR);
1517:Drivers/STM32F4xx_HAL_Driver/Src/stm32f4xx_hal_rtc.c ****     subsecondtmpreg = (uint32_t)((hrtc->Instance->ALRMASSR) & RTC_ALRMASSR_SS);
1518:Drivers/STM32F4xx_HAL_Driver/Src/stm32f4xx_hal_rtc.c ****   }
1519:Drivers/STM32F4xx_HAL_Driver/Src/stm32f4xx_hal_rtc.c ****   else
1520:Drivers/STM32F4xx_HAL_Driver/Src/stm32f4xx_hal_rtc.c ****   {
1521:Drivers/STM32F4xx_HAL_Driver/Src/stm32f4xx_hal_rtc.c ****     sAlarm->Alarm = RTC_ALARM_B;
1522:Drivers/STM32F4xx_HAL_Driver/Src/stm32f4xx_hal_rtc.c **** 
1523:Drivers/STM32F4xx_HAL_Driver/Src/stm32f4xx_hal_rtc.c ****     tmpreg = (uint32_t)(hrtc->Instance->ALRMBR);
1524:Drivers/STM32F4xx_HAL_Driver/Src/stm32f4xx_hal_rtc.c ****     subsecondtmpreg = (uint32_t)((hrtc->Instance->ALRMBSSR) & RTC_ALRMBSSR_SS);
1525:Drivers/STM32F4xx_HAL_Driver/Src/stm32f4xx_hal_rtc.c ****   }
1526:Drivers/STM32F4xx_HAL_Driver/Src/stm32f4xx_hal_rtc.c **** 
1527:Drivers/STM32F4xx_HAL_Driver/Src/stm32f4xx_hal_rtc.c ****   /* Fill the structure with the read parameters */
1528:Drivers/STM32F4xx_HAL_Driver/Src/stm32f4xx_hal_rtc.c ****   sAlarm->AlarmTime.Hours      = (uint8_t) ((tmpreg & (RTC_ALRMAR_HT  | RTC_ALRMAR_HU))  >> RTC_ALR
1529:Drivers/STM32F4xx_HAL_Driver/Src/stm32f4xx_hal_rtc.c ****   sAlarm->AlarmTime.Minutes    = (uint8_t) ((tmpreg & (RTC_ALRMAR_MNT | RTC_ALRMAR_MNU)) >> RTC_ALR
1530:Drivers/STM32F4xx_HAL_Driver/Src/stm32f4xx_hal_rtc.c ****   sAlarm->AlarmTime.Seconds    = (uint8_t) ( tmpreg & (RTC_ALRMAR_ST  | RTC_ALRMAR_SU));
1531:Drivers/STM32F4xx_HAL_Driver/Src/stm32f4xx_hal_rtc.c ****   sAlarm->AlarmTime.TimeFormat = (uint8_t) ((tmpreg & RTC_ALRMAR_PM)                     >> RTC_TR_
1532:Drivers/STM32F4xx_HAL_Driver/Src/stm32f4xx_hal_rtc.c ****   sAlarm->AlarmTime.SubSeconds = (uint32_t) subsecondtmpreg;
1533:Drivers/STM32F4xx_HAL_Driver/Src/stm32f4xx_hal_rtc.c ****   sAlarm->AlarmDateWeekDay     = (uint8_t) ((tmpreg & (RTC_ALRMAR_DT  | RTC_ALRMAR_DU))  >> RTC_ALR
1534:Drivers/STM32F4xx_HAL_Driver/Src/stm32f4xx_hal_rtc.c ****   sAlarm->AlarmDateWeekDaySel  = (uint32_t) (tmpreg & RTC_ALRMAR_WDSEL);
1535:Drivers/STM32F4xx_HAL_Driver/Src/stm32f4xx_hal_rtc.c ****   sAlarm->AlarmMask            = (uint32_t) (tmpreg & RTC_ALARMMASK_ALL);
1536:Drivers/STM32F4xx_HAL_Driver/Src/stm32f4xx_hal_rtc.c **** 
1537:Drivers/STM32F4xx_HAL_Driver/Src/stm32f4xx_hal_rtc.c ****   if (Format == RTC_FORMAT_BIN)
1538:Drivers/STM32F4xx_HAL_Driver/Src/stm32f4xx_hal_rtc.c ****   {
1539:Drivers/STM32F4xx_HAL_Driver/Src/stm32f4xx_hal_rtc.c ****     sAlarm->AlarmTime.Hours   = RTC_Bcd2ToByte(sAlarm->AlarmTime.Hours);
1540:Drivers/STM32F4xx_HAL_Driver/Src/stm32f4xx_hal_rtc.c ****     sAlarm->AlarmTime.Minutes = RTC_Bcd2ToByte(sAlarm->AlarmTime.Minutes);
1541:Drivers/STM32F4xx_HAL_Driver/Src/stm32f4xx_hal_rtc.c ****     sAlarm->AlarmTime.Seconds = RTC_Bcd2ToByte(sAlarm->AlarmTime.Seconds);
1542:Drivers/STM32F4xx_HAL_Driver/Src/stm32f4xx_hal_rtc.c ****     sAlarm->AlarmDateWeekDay  = RTC_Bcd2ToByte(sAlarm->AlarmDateWeekDay);
1543:Drivers/STM32F4xx_HAL_Driver/Src/stm32f4xx_hal_rtc.c ****   }
ARM GAS  /tmp/ccDzuYuu.s 			page 33


1544:Drivers/STM32F4xx_HAL_Driver/Src/stm32f4xx_hal_rtc.c **** 
1545:Drivers/STM32F4xx_HAL_Driver/Src/stm32f4xx_hal_rtc.c ****   return HAL_OK;
1546:Drivers/STM32F4xx_HAL_Driver/Src/stm32f4xx_hal_rtc.c **** }
1547:Drivers/STM32F4xx_HAL_Driver/Src/stm32f4xx_hal_rtc.c **** 
1548:Drivers/STM32F4xx_HAL_Driver/Src/stm32f4xx_hal_rtc.c **** /**
1549:Drivers/STM32F4xx_HAL_Driver/Src/stm32f4xx_hal_rtc.c ****   * @brief  Handles Alarm interrupt request.
1550:Drivers/STM32F4xx_HAL_Driver/Src/stm32f4xx_hal_rtc.c ****   * @param  hrtc pointer to a RTC_HandleTypeDef structure that contains
1551:Drivers/STM32F4xx_HAL_Driver/Src/stm32f4xx_hal_rtc.c ****   *                the configuration information for RTC.
1552:Drivers/STM32F4xx_HAL_Driver/Src/stm32f4xx_hal_rtc.c ****   * @retval None
1553:Drivers/STM32F4xx_HAL_Driver/Src/stm32f4xx_hal_rtc.c ****   */
1554:Drivers/STM32F4xx_HAL_Driver/Src/stm32f4xx_hal_rtc.c **** void HAL_RTC_AlarmIRQHandler(RTC_HandleTypeDef *hrtc)
1555:Drivers/STM32F4xx_HAL_Driver/Src/stm32f4xx_hal_rtc.c **** {
1556:Drivers/STM32F4xx_HAL_Driver/Src/stm32f4xx_hal_rtc.c ****   /* Clear the EXTI flag associated to the RTC Alarm interrupt */
1557:Drivers/STM32F4xx_HAL_Driver/Src/stm32f4xx_hal_rtc.c ****   __HAL_RTC_ALARM_EXTI_CLEAR_FLAG();
1558:Drivers/STM32F4xx_HAL_Driver/Src/stm32f4xx_hal_rtc.c **** 
1559:Drivers/STM32F4xx_HAL_Driver/Src/stm32f4xx_hal_rtc.c ****   /* Get the Alarm A interrupt source enable status */
1560:Drivers/STM32F4xx_HAL_Driver/Src/stm32f4xx_hal_rtc.c ****   if (__HAL_RTC_ALARM_GET_IT_SOURCE(hrtc, RTC_IT_ALRA) != 0U)
1561:Drivers/STM32F4xx_HAL_Driver/Src/stm32f4xx_hal_rtc.c ****   {
1562:Drivers/STM32F4xx_HAL_Driver/Src/stm32f4xx_hal_rtc.c ****     /* Get the pending status of the Alarm A Interrupt */
1563:Drivers/STM32F4xx_HAL_Driver/Src/stm32f4xx_hal_rtc.c ****     if (__HAL_RTC_ALARM_GET_FLAG(hrtc, RTC_FLAG_ALRAF) != 0U)
1564:Drivers/STM32F4xx_HAL_Driver/Src/stm32f4xx_hal_rtc.c ****     {
1565:Drivers/STM32F4xx_HAL_Driver/Src/stm32f4xx_hal_rtc.c ****       /* Clear the Alarm A interrupt pending bit */
1566:Drivers/STM32F4xx_HAL_Driver/Src/stm32f4xx_hal_rtc.c ****       __HAL_RTC_ALARM_CLEAR_FLAG(hrtc, RTC_FLAG_ALRAF);
1567:Drivers/STM32F4xx_HAL_Driver/Src/stm32f4xx_hal_rtc.c **** 
1568:Drivers/STM32F4xx_HAL_Driver/Src/stm32f4xx_hal_rtc.c ****       /* Alarm A callback */
1569:Drivers/STM32F4xx_HAL_Driver/Src/stm32f4xx_hal_rtc.c **** #if (USE_HAL_RTC_REGISTER_CALLBACKS == 1)
1570:Drivers/STM32F4xx_HAL_Driver/Src/stm32f4xx_hal_rtc.c ****       hrtc->AlarmAEventCallback(hrtc);
1571:Drivers/STM32F4xx_HAL_Driver/Src/stm32f4xx_hal_rtc.c **** #else
1572:Drivers/STM32F4xx_HAL_Driver/Src/stm32f4xx_hal_rtc.c ****       HAL_RTC_AlarmAEventCallback(hrtc);
1573:Drivers/STM32F4xx_HAL_Driver/Src/stm32f4xx_hal_rtc.c **** #endif /* USE_HAL_RTC_REGISTER_CALLBACKS */
1574:Drivers/STM32F4xx_HAL_Driver/Src/stm32f4xx_hal_rtc.c ****     }
1575:Drivers/STM32F4xx_HAL_Driver/Src/stm32f4xx_hal_rtc.c ****   }
1576:Drivers/STM32F4xx_HAL_Driver/Src/stm32f4xx_hal_rtc.c **** 
1577:Drivers/STM32F4xx_HAL_Driver/Src/stm32f4xx_hal_rtc.c ****   /* Get the Alarm B interrupt source enable status */
1578:Drivers/STM32F4xx_HAL_Driver/Src/stm32f4xx_hal_rtc.c ****   if (__HAL_RTC_ALARM_GET_IT_SOURCE(hrtc, RTC_IT_ALRB) != 0U)
1579:Drivers/STM32F4xx_HAL_Driver/Src/stm32f4xx_hal_rtc.c ****   {
1580:Drivers/STM32F4xx_HAL_Driver/Src/stm32f4xx_hal_rtc.c ****     /* Get the pending status of the Alarm B Interrupt */
1581:Drivers/STM32F4xx_HAL_Driver/Src/stm32f4xx_hal_rtc.c ****     if (__HAL_RTC_ALARM_GET_FLAG(hrtc, RTC_FLAG_ALRBF) != 0U)
1582:Drivers/STM32F4xx_HAL_Driver/Src/stm32f4xx_hal_rtc.c ****     {
1583:Drivers/STM32F4xx_HAL_Driver/Src/stm32f4xx_hal_rtc.c ****       /* Clear the Alarm B interrupt pending bit */
1584:Drivers/STM32F4xx_HAL_Driver/Src/stm32f4xx_hal_rtc.c ****       __HAL_RTC_ALARM_CLEAR_FLAG(hrtc, RTC_FLAG_ALRBF);
1585:Drivers/STM32F4xx_HAL_Driver/Src/stm32f4xx_hal_rtc.c **** 
1586:Drivers/STM32F4xx_HAL_Driver/Src/stm32f4xx_hal_rtc.c ****       /* Alarm B callback */
1587:Drivers/STM32F4xx_HAL_Driver/Src/stm32f4xx_hal_rtc.c **** #if (USE_HAL_RTC_REGISTER_CALLBACKS == 1)
1588:Drivers/STM32F4xx_HAL_Driver/Src/stm32f4xx_hal_rtc.c ****       hrtc->AlarmBEventCallback(hrtc);
1589:Drivers/STM32F4xx_HAL_Driver/Src/stm32f4xx_hal_rtc.c **** #else
1590:Drivers/STM32F4xx_HAL_Driver/Src/stm32f4xx_hal_rtc.c ****       HAL_RTCEx_AlarmBEventCallback(hrtc);
1591:Drivers/STM32F4xx_HAL_Driver/Src/stm32f4xx_hal_rtc.c **** #endif /* USE_HAL_RTC_REGISTER_CALLBACKS */
1592:Drivers/STM32F4xx_HAL_Driver/Src/stm32f4xx_hal_rtc.c ****     }
1593:Drivers/STM32F4xx_HAL_Driver/Src/stm32f4xx_hal_rtc.c ****   }
1594:Drivers/STM32F4xx_HAL_Driver/Src/stm32f4xx_hal_rtc.c **** 
1595:Drivers/STM32F4xx_HAL_Driver/Src/stm32f4xx_hal_rtc.c ****   /* Change RTC state */
1596:Drivers/STM32F4xx_HAL_Driver/Src/stm32f4xx_hal_rtc.c ****   hrtc->State = HAL_RTC_STATE_READY;
1597:Drivers/STM32F4xx_HAL_Driver/Src/stm32f4xx_hal_rtc.c **** }
1598:Drivers/STM32F4xx_HAL_Driver/Src/stm32f4xx_hal_rtc.c **** 
1599:Drivers/STM32F4xx_HAL_Driver/Src/stm32f4xx_hal_rtc.c **** /**
1600:Drivers/STM32F4xx_HAL_Driver/Src/stm32f4xx_hal_rtc.c ****   * @brief  Alarm A callback.
ARM GAS  /tmp/ccDzuYuu.s 			page 34


1601:Drivers/STM32F4xx_HAL_Driver/Src/stm32f4xx_hal_rtc.c ****   * @param  hrtc pointer to a RTC_HandleTypeDef structure that contains
1602:Drivers/STM32F4xx_HAL_Driver/Src/stm32f4xx_hal_rtc.c ****   *                the configuration information for RTC.
1603:Drivers/STM32F4xx_HAL_Driver/Src/stm32f4xx_hal_rtc.c ****   * @retval None
1604:Drivers/STM32F4xx_HAL_Driver/Src/stm32f4xx_hal_rtc.c ****   */
1605:Drivers/STM32F4xx_HAL_Driver/Src/stm32f4xx_hal_rtc.c **** __weak void HAL_RTC_AlarmAEventCallback(RTC_HandleTypeDef *hrtc)
1606:Drivers/STM32F4xx_HAL_Driver/Src/stm32f4xx_hal_rtc.c **** {
 264              		.loc 1 1606 1 is_stmt 1 view -0
 265              		.cfi_startproc
 266              		@ args = 0, pretend = 0, frame = 0
 267              		@ frame_needed = 0, uses_anonymous_args = 0
 268              		@ link register save eliminated.
1607:Drivers/STM32F4xx_HAL_Driver/Src/stm32f4xx_hal_rtc.c ****   /* Prevent unused argument(s) compilation warning */
1608:Drivers/STM32F4xx_HAL_Driver/Src/stm32f4xx_hal_rtc.c ****   UNUSED(hrtc);
 269              		.loc 1 1608 3 view .LVU81
1609:Drivers/STM32F4xx_HAL_Driver/Src/stm32f4xx_hal_rtc.c **** 
1610:Drivers/STM32F4xx_HAL_Driver/Src/stm32f4xx_hal_rtc.c ****   /* NOTE: This function should not be modified, when the callback is needed,
1611:Drivers/STM32F4xx_HAL_Driver/Src/stm32f4xx_hal_rtc.c ****            the HAL_RTC_AlarmAEventCallback could be implemented in the user file
1612:Drivers/STM32F4xx_HAL_Driver/Src/stm32f4xx_hal_rtc.c ****    */
1613:Drivers/STM32F4xx_HAL_Driver/Src/stm32f4xx_hal_rtc.c **** }
 270              		.loc 1 1613 1 is_stmt 0 view .LVU82
 271 0000 7047     		bx	lr
 272              		.cfi_endproc
 273              	.LFE252:
 275              		.section	.text.HAL_RTC_AlarmIRQHandler,"ax",%progbits
 276              		.align	1
 277              		.global	HAL_RTC_AlarmIRQHandler
 278              		.syntax unified
 279              		.thumb
 280              		.thumb_func
 282              	HAL_RTC_AlarmIRQHandler:
 283              	.LVL15:
 284              	.LFB251:
1555:Drivers/STM32F4xx_HAL_Driver/Src/stm32f4xx_hal_rtc.c ****   /* Clear the EXTI flag associated to the RTC Alarm interrupt */
 285              		.loc 1 1555 1 is_stmt 1 view -0
 286              		.cfi_startproc
 287              		@ args = 0, pretend = 0, frame = 0
 288              		@ frame_needed = 0, uses_anonymous_args = 0
1555:Drivers/STM32F4xx_HAL_Driver/Src/stm32f4xx_hal_rtc.c ****   /* Clear the EXTI flag associated to the RTC Alarm interrupt */
 289              		.loc 1 1555 1 is_stmt 0 view .LVU84
 290 0000 10B5     		push	{r4, lr}
 291              	.LCFI1:
 292              		.cfi_def_cfa_offset 8
 293              		.cfi_offset 4, -8
 294              		.cfi_offset 14, -4
 295 0002 0446     		mov	r4, r0
1557:Drivers/STM32F4xx_HAL_Driver/Src/stm32f4xx_hal_rtc.c **** 
 296              		.loc 1 1557 3 is_stmt 1 view .LVU85
 297 0004 144B     		ldr	r3, .L21
 298 0006 4FF40032 		mov	r2, #131072
 299 000a 5A61     		str	r2, [r3, #20]
1560:Drivers/STM32F4xx_HAL_Driver/Src/stm32f4xx_hal_rtc.c ****   {
 300              		.loc 1 1560 3 view .LVU86
1560:Drivers/STM32F4xx_HAL_Driver/Src/stm32f4xx_hal_rtc.c ****   {
 301              		.loc 1 1560 7 is_stmt 0 view .LVU87
 302 000c 0368     		ldr	r3, [r0]
 303 000e 9A68     		ldr	r2, [r3, #8]
1560:Drivers/STM32F4xx_HAL_Driver/Src/stm32f4xx_hal_rtc.c ****   {
ARM GAS  /tmp/ccDzuYuu.s 			page 35


 304              		.loc 1 1560 6 view .LVU88
 305 0010 12F4805F 		tst	r2, #4096
 306 0014 03D0     		beq	.L16
1563:Drivers/STM32F4xx_HAL_Driver/Src/stm32f4xx_hal_rtc.c ****     {
 307              		.loc 1 1563 5 is_stmt 1 view .LVU89
1563:Drivers/STM32F4xx_HAL_Driver/Src/stm32f4xx_hal_rtc.c ****     {
 308              		.loc 1 1563 9 is_stmt 0 view .LVU90
 309 0016 DA68     		ldr	r2, [r3, #12]
1563:Drivers/STM32F4xx_HAL_Driver/Src/stm32f4xx_hal_rtc.c ****     {
 310              		.loc 1 1563 8 view .LVU91
 311 0018 12F4807F 		tst	r2, #256
 312 001c 0BD1     		bne	.L19
 313              	.LVL16:
 314              	.L16:
1578:Drivers/STM32F4xx_HAL_Driver/Src/stm32f4xx_hal_rtc.c ****   {
 315              		.loc 1 1578 3 is_stmt 1 view .LVU92
1578:Drivers/STM32F4xx_HAL_Driver/Src/stm32f4xx_hal_rtc.c ****   {
 316              		.loc 1 1578 7 is_stmt 0 view .LVU93
 317 001e 2368     		ldr	r3, [r4]
 318 0020 9A68     		ldr	r2, [r3, #8]
1578:Drivers/STM32F4xx_HAL_Driver/Src/stm32f4xx_hal_rtc.c ****   {
 319              		.loc 1 1578 6 view .LVU94
 320 0022 12F4005F 		tst	r2, #8192
 321 0026 03D0     		beq	.L17
1581:Drivers/STM32F4xx_HAL_Driver/Src/stm32f4xx_hal_rtc.c ****     {
 322              		.loc 1 1581 5 is_stmt 1 view .LVU95
1581:Drivers/STM32F4xx_HAL_Driver/Src/stm32f4xx_hal_rtc.c ****     {
 323              		.loc 1 1581 9 is_stmt 0 view .LVU96
 324 0028 DA68     		ldr	r2, [r3, #12]
1581:Drivers/STM32F4xx_HAL_Driver/Src/stm32f4xx_hal_rtc.c ****     {
 325              		.loc 1 1581 8 view .LVU97
 326 002a 12F4007F 		tst	r2, #512
 327 002e 0AD1     		bne	.L20
 328              	.L17:
1596:Drivers/STM32F4xx_HAL_Driver/Src/stm32f4xx_hal_rtc.c **** }
 329              		.loc 1 1596 3 is_stmt 1 view .LVU98
1596:Drivers/STM32F4xx_HAL_Driver/Src/stm32f4xx_hal_rtc.c **** }
 330              		.loc 1 1596 15 is_stmt 0 view .LVU99
 331 0030 0123     		movs	r3, #1
 332 0032 6377     		strb	r3, [r4, #29]
1597:Drivers/STM32F4xx_HAL_Driver/Src/stm32f4xx_hal_rtc.c **** 
 333              		.loc 1 1597 1 view .LVU100
 334 0034 10BD     		pop	{r4, pc}
 335              	.LVL17:
 336              	.L19:
1566:Drivers/STM32F4xx_HAL_Driver/Src/stm32f4xx_hal_rtc.c **** 
 337              		.loc 1 1566 7 is_stmt 1 view .LVU101
 338 0036 DA68     		ldr	r2, [r3, #12]
 339 0038 D2B2     		uxtb	r2, r2
 340 003a 62F4C072 		orn	r2, r2, #384
 341 003e DA60     		str	r2, [r3, #12]
1572:Drivers/STM32F4xx_HAL_Driver/Src/stm32f4xx_hal_rtc.c **** #endif /* USE_HAL_RTC_REGISTER_CALLBACKS */
 342              		.loc 1 1572 7 view .LVU102
 343 0040 FFF7FEFF 		bl	HAL_RTC_AlarmAEventCallback
 344              	.LVL18:
1572:Drivers/STM32F4xx_HAL_Driver/Src/stm32f4xx_hal_rtc.c **** #endif /* USE_HAL_RTC_REGISTER_CALLBACKS */
 345              		.loc 1 1572 7 is_stmt 0 view .LVU103
ARM GAS  /tmp/ccDzuYuu.s 			page 36


 346 0044 EBE7     		b	.L16
 347              	.L20:
1584:Drivers/STM32F4xx_HAL_Driver/Src/stm32f4xx_hal_rtc.c **** 
 348              		.loc 1 1584 7 is_stmt 1 view .LVU104
 349 0046 DA68     		ldr	r2, [r3, #12]
 350 0048 D2B2     		uxtb	r2, r2
 351 004a 62F42072 		orn	r2, r2, #640
 352 004e DA60     		str	r2, [r3, #12]
1590:Drivers/STM32F4xx_HAL_Driver/Src/stm32f4xx_hal_rtc.c **** #endif /* USE_HAL_RTC_REGISTER_CALLBACKS */
 353              		.loc 1 1590 7 view .LVU105
 354 0050 2046     		mov	r0, r4
 355 0052 FFF7FEFF 		bl	HAL_RTCEx_AlarmBEventCallback
 356              	.LVL19:
 357 0056 EBE7     		b	.L17
 358              	.L22:
 359              		.align	2
 360              	.L21:
 361 0058 003C0140 		.word	1073822720
 362              		.cfi_endproc
 363              	.LFE251:
 365              		.section	.text.HAL_RTC_PollForAlarmAEvent,"ax",%progbits
 366              		.align	1
 367              		.global	HAL_RTC_PollForAlarmAEvent
 368              		.syntax unified
 369              		.thumb
 370              		.thumb_func
 372              	HAL_RTC_PollForAlarmAEvent:
 373              	.LVL20:
 374              	.LFB253:
1614:Drivers/STM32F4xx_HAL_Driver/Src/stm32f4xx_hal_rtc.c **** 
1615:Drivers/STM32F4xx_HAL_Driver/Src/stm32f4xx_hal_rtc.c **** /**
1616:Drivers/STM32F4xx_HAL_Driver/Src/stm32f4xx_hal_rtc.c ****   * @brief  Handles Alarm A Polling request.
1617:Drivers/STM32F4xx_HAL_Driver/Src/stm32f4xx_hal_rtc.c ****   * @param  hrtc pointer to a RTC_HandleTypeDef structure that contains
1618:Drivers/STM32F4xx_HAL_Driver/Src/stm32f4xx_hal_rtc.c ****   *                the configuration information for RTC.
1619:Drivers/STM32F4xx_HAL_Driver/Src/stm32f4xx_hal_rtc.c ****   * @param  Timeout Timeout duration
1620:Drivers/STM32F4xx_HAL_Driver/Src/stm32f4xx_hal_rtc.c ****   * @retval HAL status
1621:Drivers/STM32F4xx_HAL_Driver/Src/stm32f4xx_hal_rtc.c ****   */
1622:Drivers/STM32F4xx_HAL_Driver/Src/stm32f4xx_hal_rtc.c **** HAL_StatusTypeDef HAL_RTC_PollForAlarmAEvent(RTC_HandleTypeDef *hrtc, uint32_t Timeout)
1623:Drivers/STM32F4xx_HAL_Driver/Src/stm32f4xx_hal_rtc.c **** {
 375              		.loc 1 1623 1 view -0
 376              		.cfi_startproc
 377              		@ args = 0, pretend = 0, frame = 0
 378              		@ frame_needed = 0, uses_anonymous_args = 0
 379              		.loc 1 1623 1 is_stmt 0 view .LVU107
 380 0000 70B5     		push	{r4, r5, r6, lr}
 381              	.LCFI2:
 382              		.cfi_def_cfa_offset 16
 383              		.cfi_offset 4, -16
 384              		.cfi_offset 5, -12
 385              		.cfi_offset 6, -8
 386              		.cfi_offset 14, -4
 387 0002 0446     		mov	r4, r0
 388 0004 0D46     		mov	r5, r1
1624:Drivers/STM32F4xx_HAL_Driver/Src/stm32f4xx_hal_rtc.c ****   uint32_t tickstart = 0U;
 389              		.loc 1 1624 3 is_stmt 1 view .LVU108
 390              	.LVL21:
1625:Drivers/STM32F4xx_HAL_Driver/Src/stm32f4xx_hal_rtc.c **** 
ARM GAS  /tmp/ccDzuYuu.s 			page 37


1626:Drivers/STM32F4xx_HAL_Driver/Src/stm32f4xx_hal_rtc.c ****   /* Get tick */
1627:Drivers/STM32F4xx_HAL_Driver/Src/stm32f4xx_hal_rtc.c ****   tickstart = HAL_GetTick();
 391              		.loc 1 1627 3 view .LVU109
 392              		.loc 1 1627 15 is_stmt 0 view .LVU110
 393 0006 FFF7FEFF 		bl	HAL_GetTick
 394              	.LVL22:
 395              		.loc 1 1627 15 view .LVU111
 396 000a 0646     		mov	r6, r0
 397              	.LVL23:
1628:Drivers/STM32F4xx_HAL_Driver/Src/stm32f4xx_hal_rtc.c **** 
1629:Drivers/STM32F4xx_HAL_Driver/Src/stm32f4xx_hal_rtc.c ****   /* Wait till RTC ALRAF flag is set and if timeout is reached exit */
1630:Drivers/STM32F4xx_HAL_Driver/Src/stm32f4xx_hal_rtc.c ****   while (__HAL_RTC_ALARM_GET_FLAG(hrtc, RTC_FLAG_ALRAF) == 0U)
 398              		.loc 1 1630 3 is_stmt 1 view .LVU112
 399              	.L25:
 400              		.loc 1 1630 57 view .LVU113
 401              		.loc 1 1630 10 is_stmt 0 view .LVU114
 402 000c 2368     		ldr	r3, [r4]
 403 000e DA68     		ldr	r2, [r3, #12]
 404              		.loc 1 1630 57 view .LVU115
 405 0010 12F4807F 		tst	r2, #256
 406 0014 0BD1     		bne	.L30
1631:Drivers/STM32F4xx_HAL_Driver/Src/stm32f4xx_hal_rtc.c ****   {
1632:Drivers/STM32F4xx_HAL_Driver/Src/stm32f4xx_hal_rtc.c ****     if (Timeout != HAL_MAX_DELAY)
 407              		.loc 1 1632 5 is_stmt 1 view .LVU116
 408              		.loc 1 1632 8 is_stmt 0 view .LVU117
 409 0016 B5F1FF3F 		cmp	r5, #-1
 410 001a F7D0     		beq	.L25
1633:Drivers/STM32F4xx_HAL_Driver/Src/stm32f4xx_hal_rtc.c ****     {
1634:Drivers/STM32F4xx_HAL_Driver/Src/stm32f4xx_hal_rtc.c ****       if ((Timeout == 0U) || ((HAL_GetTick() - tickstart) > Timeout))
 411              		.loc 1 1634 7 is_stmt 1 view .LVU118
 412              		.loc 1 1634 10 is_stmt 0 view .LVU119
 413 001c 25B1     		cbz	r5, .L26
 414              		.loc 1 1634 32 discriminator 1 view .LVU120
 415 001e FFF7FEFF 		bl	HAL_GetTick
 416              	.LVL24:
 417              		.loc 1 1634 46 discriminator 1 view .LVU121
 418 0022 801B     		subs	r0, r0, r6
 419              		.loc 1 1634 27 discriminator 1 view .LVU122
 420 0024 A842     		cmp	r0, r5
 421 0026 F1D9     		bls	.L25
 422              	.L26:
1635:Drivers/STM32F4xx_HAL_Driver/Src/stm32f4xx_hal_rtc.c ****       {
1636:Drivers/STM32F4xx_HAL_Driver/Src/stm32f4xx_hal_rtc.c ****         hrtc->State = HAL_RTC_STATE_TIMEOUT;
 423              		.loc 1 1636 9 is_stmt 1 view .LVU123
 424              		.loc 1 1636 21 is_stmt 0 view .LVU124
 425 0028 0320     		movs	r0, #3
 426 002a 6077     		strb	r0, [r4, #29]
1637:Drivers/STM32F4xx_HAL_Driver/Src/stm32f4xx_hal_rtc.c ****         return HAL_TIMEOUT;
 427              		.loc 1 1637 9 is_stmt 1 view .LVU125
 428              		.loc 1 1637 16 is_stmt 0 view .LVU126
 429 002c 07E0     		b	.L27
 430              	.L30:
1638:Drivers/STM32F4xx_HAL_Driver/Src/stm32f4xx_hal_rtc.c ****       }
1639:Drivers/STM32F4xx_HAL_Driver/Src/stm32f4xx_hal_rtc.c ****     }
1640:Drivers/STM32F4xx_HAL_Driver/Src/stm32f4xx_hal_rtc.c ****   }
1641:Drivers/STM32F4xx_HAL_Driver/Src/stm32f4xx_hal_rtc.c **** 
1642:Drivers/STM32F4xx_HAL_Driver/Src/stm32f4xx_hal_rtc.c ****   /* Clear the Alarm flag */
ARM GAS  /tmp/ccDzuYuu.s 			page 38


1643:Drivers/STM32F4xx_HAL_Driver/Src/stm32f4xx_hal_rtc.c ****   __HAL_RTC_ALARM_CLEAR_FLAG(hrtc, RTC_FLAG_ALRAF);
 431              		.loc 1 1643 3 is_stmt 1 view .LVU127
 432 002e DA68     		ldr	r2, [r3, #12]
 433 0030 D2B2     		uxtb	r2, r2
 434 0032 62F4C072 		orn	r2, r2, #384
 435 0036 DA60     		str	r2, [r3, #12]
1644:Drivers/STM32F4xx_HAL_Driver/Src/stm32f4xx_hal_rtc.c **** 
1645:Drivers/STM32F4xx_HAL_Driver/Src/stm32f4xx_hal_rtc.c ****   /* Change RTC state */
1646:Drivers/STM32F4xx_HAL_Driver/Src/stm32f4xx_hal_rtc.c ****   hrtc->State = HAL_RTC_STATE_READY;
 436              		.loc 1 1646 3 view .LVU128
 437              		.loc 1 1646 15 is_stmt 0 view .LVU129
 438 0038 0123     		movs	r3, #1
 439 003a 6377     		strb	r3, [r4, #29]
1647:Drivers/STM32F4xx_HAL_Driver/Src/stm32f4xx_hal_rtc.c **** 
1648:Drivers/STM32F4xx_HAL_Driver/Src/stm32f4xx_hal_rtc.c ****   return HAL_OK;
 440              		.loc 1 1648 3 is_stmt 1 view .LVU130
 441              		.loc 1 1648 10 is_stmt 0 view .LVU131
 442 003c 0020     		movs	r0, #0
 443              	.L27:
1649:Drivers/STM32F4xx_HAL_Driver/Src/stm32f4xx_hal_rtc.c **** }
 444              		.loc 1 1649 1 view .LVU132
 445 003e 70BD     		pop	{r4, r5, r6, pc}
 446              		.loc 1 1649 1 view .LVU133
 447              		.cfi_endproc
 448              	.LFE253:
 450              		.section	.text.HAL_RTC_WaitForSynchro,"ax",%progbits
 451              		.align	1
 452              		.global	HAL_RTC_WaitForSynchro
 453              		.syntax unified
 454              		.thumb
 455              		.thumb_func
 457              	HAL_RTC_WaitForSynchro:
 458              	.LVL25:
 459              	.LFB254:
1650:Drivers/STM32F4xx_HAL_Driver/Src/stm32f4xx_hal_rtc.c **** 
1651:Drivers/STM32F4xx_HAL_Driver/Src/stm32f4xx_hal_rtc.c **** /**
1652:Drivers/STM32F4xx_HAL_Driver/Src/stm32f4xx_hal_rtc.c ****   * @}
1653:Drivers/STM32F4xx_HAL_Driver/Src/stm32f4xx_hal_rtc.c ****   */
1654:Drivers/STM32F4xx_HAL_Driver/Src/stm32f4xx_hal_rtc.c **** 
1655:Drivers/STM32F4xx_HAL_Driver/Src/stm32f4xx_hal_rtc.c **** /** @defgroup RTC_Exported_Functions_Group4 Peripheral Control functions
1656:Drivers/STM32F4xx_HAL_Driver/Src/stm32f4xx_hal_rtc.c ****   * @brief    Peripheral Control functions
1657:Drivers/STM32F4xx_HAL_Driver/Src/stm32f4xx_hal_rtc.c ****   *
1658:Drivers/STM32F4xx_HAL_Driver/Src/stm32f4xx_hal_rtc.c **** @verbatim
1659:Drivers/STM32F4xx_HAL_Driver/Src/stm32f4xx_hal_rtc.c ****  ===============================================================================
1660:Drivers/STM32F4xx_HAL_Driver/Src/stm32f4xx_hal_rtc.c ****                      ##### Peripheral Control functions #####
1661:Drivers/STM32F4xx_HAL_Driver/Src/stm32f4xx_hal_rtc.c ****  ===============================================================================
1662:Drivers/STM32F4xx_HAL_Driver/Src/stm32f4xx_hal_rtc.c ****     [..]
1663:Drivers/STM32F4xx_HAL_Driver/Src/stm32f4xx_hal_rtc.c ****     This subsection provides functions allowing to
1664:Drivers/STM32F4xx_HAL_Driver/Src/stm32f4xx_hal_rtc.c ****       (+) Wait for RTC Time and Date Synchronization
1665:Drivers/STM32F4xx_HAL_Driver/Src/stm32f4xx_hal_rtc.c ****       (+) Manage RTC Summer or Winter time change
1666:Drivers/STM32F4xx_HAL_Driver/Src/stm32f4xx_hal_rtc.c **** 
1667:Drivers/STM32F4xx_HAL_Driver/Src/stm32f4xx_hal_rtc.c **** @endverbatim
1668:Drivers/STM32F4xx_HAL_Driver/Src/stm32f4xx_hal_rtc.c ****   * @{
1669:Drivers/STM32F4xx_HAL_Driver/Src/stm32f4xx_hal_rtc.c ****   */
1670:Drivers/STM32F4xx_HAL_Driver/Src/stm32f4xx_hal_rtc.c **** 
1671:Drivers/STM32F4xx_HAL_Driver/Src/stm32f4xx_hal_rtc.c **** /**
1672:Drivers/STM32F4xx_HAL_Driver/Src/stm32f4xx_hal_rtc.c ****   * @brief  Waits until the RTC Time and Date registers (RTC_TR and RTC_DR) are
ARM GAS  /tmp/ccDzuYuu.s 			page 39


1673:Drivers/STM32F4xx_HAL_Driver/Src/stm32f4xx_hal_rtc.c ****   *         synchronized with RTC APB clock.
1674:Drivers/STM32F4xx_HAL_Driver/Src/stm32f4xx_hal_rtc.c ****   * @note   The RTC Resynchronization mode is write protected, use the
1675:Drivers/STM32F4xx_HAL_Driver/Src/stm32f4xx_hal_rtc.c ****   *         __HAL_RTC_WRITEPROTECTION_DISABLE() before calling this function.
1676:Drivers/STM32F4xx_HAL_Driver/Src/stm32f4xx_hal_rtc.c ****   * @note   To read the calendar through the shadow registers after Calendar
1677:Drivers/STM32F4xx_HAL_Driver/Src/stm32f4xx_hal_rtc.c ****   *         initialization, calendar update or after wakeup from low power modes
1678:Drivers/STM32F4xx_HAL_Driver/Src/stm32f4xx_hal_rtc.c ****   *         the software must first clear the RSF flag.
1679:Drivers/STM32F4xx_HAL_Driver/Src/stm32f4xx_hal_rtc.c ****   *         The software must then wait until it is set again before reading
1680:Drivers/STM32F4xx_HAL_Driver/Src/stm32f4xx_hal_rtc.c ****   *         the calendar, which means that the calendar registers have been
1681:Drivers/STM32F4xx_HAL_Driver/Src/stm32f4xx_hal_rtc.c ****   *         correctly copied into the RTC_TR and RTC_DR shadow registers.
1682:Drivers/STM32F4xx_HAL_Driver/Src/stm32f4xx_hal_rtc.c ****   * @param  hrtc pointer to a RTC_HandleTypeDef structure that contains
1683:Drivers/STM32F4xx_HAL_Driver/Src/stm32f4xx_hal_rtc.c ****   *                the configuration information for RTC.
1684:Drivers/STM32F4xx_HAL_Driver/Src/stm32f4xx_hal_rtc.c ****   * @retval HAL status
1685:Drivers/STM32F4xx_HAL_Driver/Src/stm32f4xx_hal_rtc.c ****   */
1686:Drivers/STM32F4xx_HAL_Driver/Src/stm32f4xx_hal_rtc.c **** HAL_StatusTypeDef HAL_RTC_WaitForSynchro(RTC_HandleTypeDef *hrtc)
1687:Drivers/STM32F4xx_HAL_Driver/Src/stm32f4xx_hal_rtc.c **** {
 460              		.loc 1 1687 1 is_stmt 1 view -0
 461              		.cfi_startproc
 462              		@ args = 0, pretend = 0, frame = 0
 463              		@ frame_needed = 0, uses_anonymous_args = 0
 464              		.loc 1 1687 1 is_stmt 0 view .LVU135
 465 0000 38B5     		push	{r3, r4, r5, lr}
 466              	.LCFI3:
 467              		.cfi_def_cfa_offset 16
 468              		.cfi_offset 3, -16
 469              		.cfi_offset 4, -12
 470              		.cfi_offset 5, -8
 471              		.cfi_offset 14, -4
 472 0002 0446     		mov	r4, r0
1688:Drivers/STM32F4xx_HAL_Driver/Src/stm32f4xx_hal_rtc.c ****   uint32_t tickstart = 0U;
 473              		.loc 1 1688 3 is_stmt 1 view .LVU136
 474              	.LVL26:
1689:Drivers/STM32F4xx_HAL_Driver/Src/stm32f4xx_hal_rtc.c **** 
1690:Drivers/STM32F4xx_HAL_Driver/Src/stm32f4xx_hal_rtc.c ****   /* Clear RSF flag, keep reserved bits at reset values (setting other flags has no effect) */
1691:Drivers/STM32F4xx_HAL_Driver/Src/stm32f4xx_hal_rtc.c ****   hrtc->Instance->ISR = ((uint32_t)(RTC_RSF_MASK & RTC_ISR_RESERVED_MASK));
 475              		.loc 1 1691 3 view .LVU137
 476              		.loc 1 1691 7 is_stmt 0 view .LVU138
 477 0004 0368     		ldr	r3, [r0]
 478              		.loc 1 1691 23 view .LVU139
 479 0006 0A4A     		ldr	r2, .L38
 480 0008 DA60     		str	r2, [r3, #12]
1692:Drivers/STM32F4xx_HAL_Driver/Src/stm32f4xx_hal_rtc.c **** 
1693:Drivers/STM32F4xx_HAL_Driver/Src/stm32f4xx_hal_rtc.c ****   /* Get tick */
1694:Drivers/STM32F4xx_HAL_Driver/Src/stm32f4xx_hal_rtc.c ****   tickstart = HAL_GetTick();
 481              		.loc 1 1694 3 is_stmt 1 view .LVU140
 482              		.loc 1 1694 15 is_stmt 0 view .LVU141
 483 000a FFF7FEFF 		bl	HAL_GetTick
 484              	.LVL27:
 485              		.loc 1 1694 15 view .LVU142
 486 000e 0546     		mov	r5, r0
 487              	.LVL28:
1695:Drivers/STM32F4xx_HAL_Driver/Src/stm32f4xx_hal_rtc.c **** 
1696:Drivers/STM32F4xx_HAL_Driver/Src/stm32f4xx_hal_rtc.c ****   /* Wait the registers to be synchronised */
1697:Drivers/STM32F4xx_HAL_Driver/Src/stm32f4xx_hal_rtc.c ****   while ((hrtc->Instance->ISR & RTC_ISR_RSF) == 0U)
 488              		.loc 1 1697 3 is_stmt 1 view .LVU143
 489              	.L32:
 490              		.loc 1 1697 46 view .LVU144
 491              		.loc 1 1697 15 is_stmt 0 view .LVU145
ARM GAS  /tmp/ccDzuYuu.s 			page 40


 492 0010 2368     		ldr	r3, [r4]
 493              		.loc 1 1697 25 view .LVU146
 494 0012 DB68     		ldr	r3, [r3, #12]
 495              		.loc 1 1697 46 view .LVU147
 496 0014 13F0200F 		tst	r3, #32
 497 0018 07D1     		bne	.L37
1698:Drivers/STM32F4xx_HAL_Driver/Src/stm32f4xx_hal_rtc.c ****   {
1699:Drivers/STM32F4xx_HAL_Driver/Src/stm32f4xx_hal_rtc.c ****     if ((HAL_GetTick() - tickstart) > RTC_TIMEOUT_VALUE)
 498              		.loc 1 1699 5 is_stmt 1 view .LVU148
 499              		.loc 1 1699 10 is_stmt 0 view .LVU149
 500 001a FFF7FEFF 		bl	HAL_GetTick
 501              	.LVL29:
 502              		.loc 1 1699 24 discriminator 1 view .LVU150
 503 001e 401B     		subs	r0, r0, r5
 504              		.loc 1 1699 8 discriminator 1 view .LVU151
 505 0020 B0F57A7F 		cmp	r0, #1000
 506 0024 F4D9     		bls	.L32
1700:Drivers/STM32F4xx_HAL_Driver/Src/stm32f4xx_hal_rtc.c ****     {
1701:Drivers/STM32F4xx_HAL_Driver/Src/stm32f4xx_hal_rtc.c ****       return HAL_TIMEOUT;
 507              		.loc 1 1701 14 view .LVU152
 508 0026 0320     		movs	r0, #3
 509 0028 00E0     		b	.L33
 510              	.L37:
1702:Drivers/STM32F4xx_HAL_Driver/Src/stm32f4xx_hal_rtc.c ****     }
1703:Drivers/STM32F4xx_HAL_Driver/Src/stm32f4xx_hal_rtc.c ****   }
1704:Drivers/STM32F4xx_HAL_Driver/Src/stm32f4xx_hal_rtc.c **** 
1705:Drivers/STM32F4xx_HAL_Driver/Src/stm32f4xx_hal_rtc.c ****   return HAL_OK;
 511              		.loc 1 1705 10 view .LVU153
 512 002a 0020     		movs	r0, #0
 513              	.L33:
1706:Drivers/STM32F4xx_HAL_Driver/Src/stm32f4xx_hal_rtc.c **** }
 514              		.loc 1 1706 1 view .LVU154
 515 002c 38BD     		pop	{r3, r4, r5, pc}
 516              	.LVL30:
 517              	.L39:
 518              		.loc 1 1706 1 view .LVU155
 519 002e 00BF     		.align	2
 520              	.L38:
 521 0030 5F7F0100 		.word	98143
 522              		.cfi_endproc
 523              	.LFE254:
 525              		.section	.text.HAL_RTC_DST_Add1Hour,"ax",%progbits
 526              		.align	1
 527              		.global	HAL_RTC_DST_Add1Hour
 528              		.syntax unified
 529              		.thumb
 530              		.thumb_func
 532              	HAL_RTC_DST_Add1Hour:
 533              	.LVL31:
 534              	.LFB255:
1707:Drivers/STM32F4xx_HAL_Driver/Src/stm32f4xx_hal_rtc.c **** 
1708:Drivers/STM32F4xx_HAL_Driver/Src/stm32f4xx_hal_rtc.c **** /**
1709:Drivers/STM32F4xx_HAL_Driver/Src/stm32f4xx_hal_rtc.c ****   * @brief  Daylight Saving Time, adds one hour to the calendar in one
1710:Drivers/STM32F4xx_HAL_Driver/Src/stm32f4xx_hal_rtc.c ****   *         single operation without going through the initialization procedure.
1711:Drivers/STM32F4xx_HAL_Driver/Src/stm32f4xx_hal_rtc.c ****   * @param  hrtc pointer to a RTC_HandleTypeDef structure that contains
1712:Drivers/STM32F4xx_HAL_Driver/Src/stm32f4xx_hal_rtc.c ****   *                the configuration information for RTC.
1713:Drivers/STM32F4xx_HAL_Driver/Src/stm32f4xx_hal_rtc.c ****   * @retval None
ARM GAS  /tmp/ccDzuYuu.s 			page 41


1714:Drivers/STM32F4xx_HAL_Driver/Src/stm32f4xx_hal_rtc.c ****   */
1715:Drivers/STM32F4xx_HAL_Driver/Src/stm32f4xx_hal_rtc.c **** void HAL_RTC_DST_Add1Hour(RTC_HandleTypeDef *hrtc)
1716:Drivers/STM32F4xx_HAL_Driver/Src/stm32f4xx_hal_rtc.c **** {
 535              		.loc 1 1716 1 is_stmt 1 view -0
 536              		.cfi_startproc
 537              		@ args = 0, pretend = 0, frame = 0
 538              		@ frame_needed = 0, uses_anonymous_args = 0
 539              		@ link register save eliminated.
1717:Drivers/STM32F4xx_HAL_Driver/Src/stm32f4xx_hal_rtc.c ****   __HAL_RTC_WRITEPROTECTION_DISABLE(hrtc);
 540              		.loc 1 1717 3 view .LVU157
 541              		.loc 1 1717 3 view .LVU158
 542 0000 0368     		ldr	r3, [r0]
 543 0002 CA22     		movs	r2, #202
 544 0004 5A62     		str	r2, [r3, #36]
 545              		.loc 1 1717 3 view .LVU159
 546 0006 0368     		ldr	r3, [r0]
 547 0008 5322     		movs	r2, #83
 548 000a 5A62     		str	r2, [r3, #36]
 549              		.loc 1 1717 3 view .LVU160
1718:Drivers/STM32F4xx_HAL_Driver/Src/stm32f4xx_hal_rtc.c ****   SET_BIT(hrtc->Instance->CR, RTC_CR_ADD1H);
 550              		.loc 1 1718 3 view .LVU161
 551 000c 0268     		ldr	r2, [r0]
 552 000e 9368     		ldr	r3, [r2, #8]
 553 0010 43F48033 		orr	r3, r3, #65536
 554 0014 9360     		str	r3, [r2, #8]
1719:Drivers/STM32F4xx_HAL_Driver/Src/stm32f4xx_hal_rtc.c ****   __HAL_RTC_WRITEPROTECTION_ENABLE(hrtc);
 555              		.loc 1 1719 3 view .LVU162
 556              		.loc 1 1719 3 view .LVU163
 557 0016 0368     		ldr	r3, [r0]
 558 0018 FF22     		movs	r2, #255
 559 001a 5A62     		str	r2, [r3, #36]
 560              		.loc 1 1719 3 view .LVU164
1720:Drivers/STM32F4xx_HAL_Driver/Src/stm32f4xx_hal_rtc.c **** }
 561              		.loc 1 1720 1 is_stmt 0 view .LVU165
 562 001c 7047     		bx	lr
 563              		.cfi_endproc
 564              	.LFE255:
 566              		.section	.text.HAL_RTC_DST_Sub1Hour,"ax",%progbits
 567              		.align	1
 568              		.global	HAL_RTC_DST_Sub1Hour
 569              		.syntax unified
 570              		.thumb
 571              		.thumb_func
 573              	HAL_RTC_DST_Sub1Hour:
 574              	.LVL32:
 575              	.LFB256:
1721:Drivers/STM32F4xx_HAL_Driver/Src/stm32f4xx_hal_rtc.c **** 
1722:Drivers/STM32F4xx_HAL_Driver/Src/stm32f4xx_hal_rtc.c **** /**
1723:Drivers/STM32F4xx_HAL_Driver/Src/stm32f4xx_hal_rtc.c ****   * @brief  Daylight Saving Time, subtracts one hour from the calendar in one
1724:Drivers/STM32F4xx_HAL_Driver/Src/stm32f4xx_hal_rtc.c ****   *         single operation without going through the initialization procedure.
1725:Drivers/STM32F4xx_HAL_Driver/Src/stm32f4xx_hal_rtc.c ****   * @param  hrtc pointer to a RTC_HandleTypeDef structure that contains
1726:Drivers/STM32F4xx_HAL_Driver/Src/stm32f4xx_hal_rtc.c ****   *                the configuration information for RTC.
1727:Drivers/STM32F4xx_HAL_Driver/Src/stm32f4xx_hal_rtc.c ****   * @retval None
1728:Drivers/STM32F4xx_HAL_Driver/Src/stm32f4xx_hal_rtc.c ****   */
1729:Drivers/STM32F4xx_HAL_Driver/Src/stm32f4xx_hal_rtc.c **** void HAL_RTC_DST_Sub1Hour(RTC_HandleTypeDef *hrtc)
1730:Drivers/STM32F4xx_HAL_Driver/Src/stm32f4xx_hal_rtc.c **** {
 576              		.loc 1 1730 1 is_stmt 1 view -0
ARM GAS  /tmp/ccDzuYuu.s 			page 42


 577              		.cfi_startproc
 578              		@ args = 0, pretend = 0, frame = 0
 579              		@ frame_needed = 0, uses_anonymous_args = 0
 580              		@ link register save eliminated.
1731:Drivers/STM32F4xx_HAL_Driver/Src/stm32f4xx_hal_rtc.c ****   __HAL_RTC_WRITEPROTECTION_DISABLE(hrtc);
 581              		.loc 1 1731 3 view .LVU167
 582              		.loc 1 1731 3 view .LVU168
 583 0000 0368     		ldr	r3, [r0]
 584 0002 CA22     		movs	r2, #202
 585 0004 5A62     		str	r2, [r3, #36]
 586              		.loc 1 1731 3 view .LVU169
 587 0006 0368     		ldr	r3, [r0]
 588 0008 5322     		movs	r2, #83
 589 000a 5A62     		str	r2, [r3, #36]
 590              		.loc 1 1731 3 view .LVU170
1732:Drivers/STM32F4xx_HAL_Driver/Src/stm32f4xx_hal_rtc.c ****   SET_BIT(hrtc->Instance->CR, RTC_CR_SUB1H);
 591              		.loc 1 1732 3 view .LVU171
 592 000c 0268     		ldr	r2, [r0]
 593 000e 9368     		ldr	r3, [r2, #8]
 594 0010 43F40033 		orr	r3, r3, #131072
 595 0014 9360     		str	r3, [r2, #8]
1733:Drivers/STM32F4xx_HAL_Driver/Src/stm32f4xx_hal_rtc.c ****   __HAL_RTC_WRITEPROTECTION_ENABLE(hrtc);
 596              		.loc 1 1733 3 view .LVU172
 597              		.loc 1 1733 3 view .LVU173
 598 0016 0368     		ldr	r3, [r0]
 599 0018 FF22     		movs	r2, #255
 600 001a 5A62     		str	r2, [r3, #36]
 601              		.loc 1 1733 3 view .LVU174
1734:Drivers/STM32F4xx_HAL_Driver/Src/stm32f4xx_hal_rtc.c **** }
 602              		.loc 1 1734 1 is_stmt 0 view .LVU175
 603 001c 7047     		bx	lr
 604              		.cfi_endproc
 605              	.LFE256:
 607              		.section	.text.HAL_RTC_DST_SetStoreOperation,"ax",%progbits
 608              		.align	1
 609              		.global	HAL_RTC_DST_SetStoreOperation
 610              		.syntax unified
 611              		.thumb
 612              		.thumb_func
 614              	HAL_RTC_DST_SetStoreOperation:
 615              	.LVL33:
 616              	.LFB257:
1735:Drivers/STM32F4xx_HAL_Driver/Src/stm32f4xx_hal_rtc.c **** 
1736:Drivers/STM32F4xx_HAL_Driver/Src/stm32f4xx_hal_rtc.c **** /**
1737:Drivers/STM32F4xx_HAL_Driver/Src/stm32f4xx_hal_rtc.c ****   * @brief  Daylight Saving Time, sets the store operation bit.
1738:Drivers/STM32F4xx_HAL_Driver/Src/stm32f4xx_hal_rtc.c ****   * @note   It can be used by the software in order to memorize the DST status.
1739:Drivers/STM32F4xx_HAL_Driver/Src/stm32f4xx_hal_rtc.c ****   * @param  hrtc pointer to a RTC_HandleTypeDef structure that contains
1740:Drivers/STM32F4xx_HAL_Driver/Src/stm32f4xx_hal_rtc.c ****   *                the configuration information for RTC.
1741:Drivers/STM32F4xx_HAL_Driver/Src/stm32f4xx_hal_rtc.c ****   * @retval None
1742:Drivers/STM32F4xx_HAL_Driver/Src/stm32f4xx_hal_rtc.c ****   */
1743:Drivers/STM32F4xx_HAL_Driver/Src/stm32f4xx_hal_rtc.c **** void HAL_RTC_DST_SetStoreOperation(RTC_HandleTypeDef *hrtc)
1744:Drivers/STM32F4xx_HAL_Driver/Src/stm32f4xx_hal_rtc.c **** {
 617              		.loc 1 1744 1 is_stmt 1 view -0
 618              		.cfi_startproc
 619              		@ args = 0, pretend = 0, frame = 0
 620              		@ frame_needed = 0, uses_anonymous_args = 0
 621              		@ link register save eliminated.
ARM GAS  /tmp/ccDzuYuu.s 			page 43


1745:Drivers/STM32F4xx_HAL_Driver/Src/stm32f4xx_hal_rtc.c ****   __HAL_RTC_WRITEPROTECTION_DISABLE(hrtc);
 622              		.loc 1 1745 3 view .LVU177
 623              		.loc 1 1745 3 view .LVU178
 624 0000 0368     		ldr	r3, [r0]
 625 0002 CA22     		movs	r2, #202
 626 0004 5A62     		str	r2, [r3, #36]
 627              		.loc 1 1745 3 view .LVU179
 628 0006 0368     		ldr	r3, [r0]
 629 0008 5322     		movs	r2, #83
 630 000a 5A62     		str	r2, [r3, #36]
 631              		.loc 1 1745 3 view .LVU180
1746:Drivers/STM32F4xx_HAL_Driver/Src/stm32f4xx_hal_rtc.c ****   SET_BIT(hrtc->Instance->CR, RTC_CR_BKP);
 632              		.loc 1 1746 3 view .LVU181
 633 000c 0268     		ldr	r2, [r0]
 634 000e 9368     		ldr	r3, [r2, #8]
 635 0010 43F48023 		orr	r3, r3, #262144
 636 0014 9360     		str	r3, [r2, #8]
1747:Drivers/STM32F4xx_HAL_Driver/Src/stm32f4xx_hal_rtc.c ****   __HAL_RTC_WRITEPROTECTION_ENABLE(hrtc);
 637              		.loc 1 1747 3 view .LVU182
 638              		.loc 1 1747 3 view .LVU183
 639 0016 0368     		ldr	r3, [r0]
 640 0018 FF22     		movs	r2, #255
 641 001a 5A62     		str	r2, [r3, #36]
 642              		.loc 1 1747 3 view .LVU184
1748:Drivers/STM32F4xx_HAL_Driver/Src/stm32f4xx_hal_rtc.c **** }
 643              		.loc 1 1748 1 is_stmt 0 view .LVU185
 644 001c 7047     		bx	lr
 645              		.cfi_endproc
 646              	.LFE257:
 648              		.section	.text.HAL_RTC_DST_ClearStoreOperation,"ax",%progbits
 649              		.align	1
 650              		.global	HAL_RTC_DST_ClearStoreOperation
 651              		.syntax unified
 652              		.thumb
 653              		.thumb_func
 655              	HAL_RTC_DST_ClearStoreOperation:
 656              	.LVL34:
 657              	.LFB258:
1749:Drivers/STM32F4xx_HAL_Driver/Src/stm32f4xx_hal_rtc.c **** 
1750:Drivers/STM32F4xx_HAL_Driver/Src/stm32f4xx_hal_rtc.c **** /**
1751:Drivers/STM32F4xx_HAL_Driver/Src/stm32f4xx_hal_rtc.c ****   * @brief  Daylight Saving Time, clears the store operation bit.
1752:Drivers/STM32F4xx_HAL_Driver/Src/stm32f4xx_hal_rtc.c ****   * @param  hrtc pointer to a RTC_HandleTypeDef structure that contains
1753:Drivers/STM32F4xx_HAL_Driver/Src/stm32f4xx_hal_rtc.c ****   *                the configuration information for RTC.
1754:Drivers/STM32F4xx_HAL_Driver/Src/stm32f4xx_hal_rtc.c ****   * @retval None
1755:Drivers/STM32F4xx_HAL_Driver/Src/stm32f4xx_hal_rtc.c ****   */
1756:Drivers/STM32F4xx_HAL_Driver/Src/stm32f4xx_hal_rtc.c **** void HAL_RTC_DST_ClearStoreOperation(RTC_HandleTypeDef *hrtc)
1757:Drivers/STM32F4xx_HAL_Driver/Src/stm32f4xx_hal_rtc.c **** {
 658              		.loc 1 1757 1 is_stmt 1 view -0
 659              		.cfi_startproc
 660              		@ args = 0, pretend = 0, frame = 0
 661              		@ frame_needed = 0, uses_anonymous_args = 0
 662              		@ link register save eliminated.
1758:Drivers/STM32F4xx_HAL_Driver/Src/stm32f4xx_hal_rtc.c ****   __HAL_RTC_WRITEPROTECTION_DISABLE(hrtc);
 663              		.loc 1 1758 3 view .LVU187
 664              		.loc 1 1758 3 view .LVU188
 665 0000 0368     		ldr	r3, [r0]
 666 0002 CA22     		movs	r2, #202
ARM GAS  /tmp/ccDzuYuu.s 			page 44


 667 0004 5A62     		str	r2, [r3, #36]
 668              		.loc 1 1758 3 view .LVU189
 669 0006 0368     		ldr	r3, [r0]
 670 0008 5322     		movs	r2, #83
 671 000a 5A62     		str	r2, [r3, #36]
 672              		.loc 1 1758 3 view .LVU190
1759:Drivers/STM32F4xx_HAL_Driver/Src/stm32f4xx_hal_rtc.c ****   CLEAR_BIT(hrtc->Instance->CR, RTC_CR_BKP);
 673              		.loc 1 1759 3 view .LVU191
 674 000c 0268     		ldr	r2, [r0]
 675 000e 9368     		ldr	r3, [r2, #8]
 676 0010 23F48023 		bic	r3, r3, #262144
 677 0014 9360     		str	r3, [r2, #8]
1760:Drivers/STM32F4xx_HAL_Driver/Src/stm32f4xx_hal_rtc.c ****   __HAL_RTC_WRITEPROTECTION_ENABLE(hrtc);
 678              		.loc 1 1760 3 view .LVU192
 679              		.loc 1 1760 3 view .LVU193
 680 0016 0368     		ldr	r3, [r0]
 681 0018 FF22     		movs	r2, #255
 682 001a 5A62     		str	r2, [r3, #36]
 683              		.loc 1 1760 3 view .LVU194
1761:Drivers/STM32F4xx_HAL_Driver/Src/stm32f4xx_hal_rtc.c **** }
 684              		.loc 1 1761 1 is_stmt 0 view .LVU195
 685 001c 7047     		bx	lr
 686              		.cfi_endproc
 687              	.LFE258:
 689              		.section	.text.HAL_RTC_DST_ReadStoreOperation,"ax",%progbits
 690              		.align	1
 691              		.global	HAL_RTC_DST_ReadStoreOperation
 692              		.syntax unified
 693              		.thumb
 694              		.thumb_func
 696              	HAL_RTC_DST_ReadStoreOperation:
 697              	.LVL35:
 698              	.LFB259:
1762:Drivers/STM32F4xx_HAL_Driver/Src/stm32f4xx_hal_rtc.c **** 
1763:Drivers/STM32F4xx_HAL_Driver/Src/stm32f4xx_hal_rtc.c **** /**
1764:Drivers/STM32F4xx_HAL_Driver/Src/stm32f4xx_hal_rtc.c ****   * @brief  Daylight Saving Time, reads the store operation bit.
1765:Drivers/STM32F4xx_HAL_Driver/Src/stm32f4xx_hal_rtc.c ****   * @param  hrtc RTC handle
1766:Drivers/STM32F4xx_HAL_Driver/Src/stm32f4xx_hal_rtc.c ****   * @retval operation see RTC_StoreOperation_Definitions
1767:Drivers/STM32F4xx_HAL_Driver/Src/stm32f4xx_hal_rtc.c ****   */
1768:Drivers/STM32F4xx_HAL_Driver/Src/stm32f4xx_hal_rtc.c **** uint32_t HAL_RTC_DST_ReadStoreOperation(RTC_HandleTypeDef *hrtc)
1769:Drivers/STM32F4xx_HAL_Driver/Src/stm32f4xx_hal_rtc.c **** {
 699              		.loc 1 1769 1 is_stmt 1 view -0
 700              		.cfi_startproc
 701              		@ args = 0, pretend = 0, frame = 0
 702              		@ frame_needed = 0, uses_anonymous_args = 0
 703              		@ link register save eliminated.
1770:Drivers/STM32F4xx_HAL_Driver/Src/stm32f4xx_hal_rtc.c ****   return READ_BIT(hrtc->Instance->CR, RTC_CR_BKP);
 704              		.loc 1 1770 3 view .LVU197
 705              		.loc 1 1770 10 is_stmt 0 view .LVU198
 706 0000 0368     		ldr	r3, [r0]
 707 0002 9868     		ldr	r0, [r3, #8]
 708              	.LVL36:
1771:Drivers/STM32F4xx_HAL_Driver/Src/stm32f4xx_hal_rtc.c **** }
 709              		.loc 1 1771 1 view .LVU199
 710 0004 00F48020 		and	r0, r0, #262144
 711 0008 7047     		bx	lr
 712              		.cfi_endproc
ARM GAS  /tmp/ccDzuYuu.s 			page 45


 713              	.LFE259:
 715              		.section	.text.HAL_RTC_GetState,"ax",%progbits
 716              		.align	1
 717              		.global	HAL_RTC_GetState
 718              		.syntax unified
 719              		.thumb
 720              		.thumb_func
 722              	HAL_RTC_GetState:
 723              	.LVL37:
 724              	.LFB260:
1772:Drivers/STM32F4xx_HAL_Driver/Src/stm32f4xx_hal_rtc.c **** 
1773:Drivers/STM32F4xx_HAL_Driver/Src/stm32f4xx_hal_rtc.c **** /**
1774:Drivers/STM32F4xx_HAL_Driver/Src/stm32f4xx_hal_rtc.c ****   * @}
1775:Drivers/STM32F4xx_HAL_Driver/Src/stm32f4xx_hal_rtc.c ****   */
1776:Drivers/STM32F4xx_HAL_Driver/Src/stm32f4xx_hal_rtc.c **** 
1777:Drivers/STM32F4xx_HAL_Driver/Src/stm32f4xx_hal_rtc.c **** /** @defgroup RTC_Exported_Functions_Group5 Peripheral State functions
1778:Drivers/STM32F4xx_HAL_Driver/Src/stm32f4xx_hal_rtc.c ****   * @brief    Peripheral State functions
1779:Drivers/STM32F4xx_HAL_Driver/Src/stm32f4xx_hal_rtc.c ****   *
1780:Drivers/STM32F4xx_HAL_Driver/Src/stm32f4xx_hal_rtc.c **** @verbatim
1781:Drivers/STM32F4xx_HAL_Driver/Src/stm32f4xx_hal_rtc.c ****  ===============================================================================
1782:Drivers/STM32F4xx_HAL_Driver/Src/stm32f4xx_hal_rtc.c ****                      ##### Peripheral State functions #####
1783:Drivers/STM32F4xx_HAL_Driver/Src/stm32f4xx_hal_rtc.c ****  ===============================================================================
1784:Drivers/STM32F4xx_HAL_Driver/Src/stm32f4xx_hal_rtc.c ****     [..]
1785:Drivers/STM32F4xx_HAL_Driver/Src/stm32f4xx_hal_rtc.c ****     This subsection provides functions allowing to
1786:Drivers/STM32F4xx_HAL_Driver/Src/stm32f4xx_hal_rtc.c ****       (+) Get RTC state
1787:Drivers/STM32F4xx_HAL_Driver/Src/stm32f4xx_hal_rtc.c **** 
1788:Drivers/STM32F4xx_HAL_Driver/Src/stm32f4xx_hal_rtc.c **** @endverbatim
1789:Drivers/STM32F4xx_HAL_Driver/Src/stm32f4xx_hal_rtc.c ****   * @{
1790:Drivers/STM32F4xx_HAL_Driver/Src/stm32f4xx_hal_rtc.c ****   */
1791:Drivers/STM32F4xx_HAL_Driver/Src/stm32f4xx_hal_rtc.c **** /**
1792:Drivers/STM32F4xx_HAL_Driver/Src/stm32f4xx_hal_rtc.c ****   * @brief  Returns the RTC state.
1793:Drivers/STM32F4xx_HAL_Driver/Src/stm32f4xx_hal_rtc.c ****   * @param  hrtc pointer to a RTC_HandleTypeDef structure that contains
1794:Drivers/STM32F4xx_HAL_Driver/Src/stm32f4xx_hal_rtc.c ****   *                the configuration information for RTC.
1795:Drivers/STM32F4xx_HAL_Driver/Src/stm32f4xx_hal_rtc.c ****   * @retval HAL state
1796:Drivers/STM32F4xx_HAL_Driver/Src/stm32f4xx_hal_rtc.c ****   */
1797:Drivers/STM32F4xx_HAL_Driver/Src/stm32f4xx_hal_rtc.c **** HAL_RTCStateTypeDef HAL_RTC_GetState(RTC_HandleTypeDef *hrtc)
1798:Drivers/STM32F4xx_HAL_Driver/Src/stm32f4xx_hal_rtc.c **** {
 725              		.loc 1 1798 1 is_stmt 1 view -0
 726              		.cfi_startproc
 727              		@ args = 0, pretend = 0, frame = 0
 728              		@ frame_needed = 0, uses_anonymous_args = 0
 729              		@ link register save eliminated.
1799:Drivers/STM32F4xx_HAL_Driver/Src/stm32f4xx_hal_rtc.c ****   return hrtc->State;
 730              		.loc 1 1799 3 view .LVU201
 731              		.loc 1 1799 14 is_stmt 0 view .LVU202
 732 0000 407F     		ldrb	r0, [r0, #29]	@ zero_extendqisi2
 733              	.LVL38:
1800:Drivers/STM32F4xx_HAL_Driver/Src/stm32f4xx_hal_rtc.c **** }
 734              		.loc 1 1800 1 view .LVU203
 735 0002 7047     		bx	lr
 736              		.cfi_endproc
 737              	.LFE260:
 739              		.section	.text.RTC_EnterInitMode,"ax",%progbits
 740              		.align	1
 741              		.global	RTC_EnterInitMode
 742              		.syntax unified
 743              		.thumb
ARM GAS  /tmp/ccDzuYuu.s 			page 46


 744              		.thumb_func
 746              	RTC_EnterInitMode:
 747              	.LVL39:
 748              	.LFB261:
1801:Drivers/STM32F4xx_HAL_Driver/Src/stm32f4xx_hal_rtc.c **** 
1802:Drivers/STM32F4xx_HAL_Driver/Src/stm32f4xx_hal_rtc.c **** /**
1803:Drivers/STM32F4xx_HAL_Driver/Src/stm32f4xx_hal_rtc.c ****   * @}
1804:Drivers/STM32F4xx_HAL_Driver/Src/stm32f4xx_hal_rtc.c ****   */
1805:Drivers/STM32F4xx_HAL_Driver/Src/stm32f4xx_hal_rtc.c **** 
1806:Drivers/STM32F4xx_HAL_Driver/Src/stm32f4xx_hal_rtc.c **** 
1807:Drivers/STM32F4xx_HAL_Driver/Src/stm32f4xx_hal_rtc.c **** /**
1808:Drivers/STM32F4xx_HAL_Driver/Src/stm32f4xx_hal_rtc.c ****   * @}
1809:Drivers/STM32F4xx_HAL_Driver/Src/stm32f4xx_hal_rtc.c ****   */
1810:Drivers/STM32F4xx_HAL_Driver/Src/stm32f4xx_hal_rtc.c **** 
1811:Drivers/STM32F4xx_HAL_Driver/Src/stm32f4xx_hal_rtc.c **** /** @addtogroup RTC_Private_Functions
1812:Drivers/STM32F4xx_HAL_Driver/Src/stm32f4xx_hal_rtc.c ****   * @{
1813:Drivers/STM32F4xx_HAL_Driver/Src/stm32f4xx_hal_rtc.c ****   */
1814:Drivers/STM32F4xx_HAL_Driver/Src/stm32f4xx_hal_rtc.c **** 
1815:Drivers/STM32F4xx_HAL_Driver/Src/stm32f4xx_hal_rtc.c **** /**
1816:Drivers/STM32F4xx_HAL_Driver/Src/stm32f4xx_hal_rtc.c ****   * @brief  Enters the RTC Initialization mode.
1817:Drivers/STM32F4xx_HAL_Driver/Src/stm32f4xx_hal_rtc.c ****   * @note   The RTC Initialization mode is write protected, use the
1818:Drivers/STM32F4xx_HAL_Driver/Src/stm32f4xx_hal_rtc.c ****   *         __HAL_RTC_WRITEPROTECTION_DISABLE() before calling this function.
1819:Drivers/STM32F4xx_HAL_Driver/Src/stm32f4xx_hal_rtc.c ****   * @param  hrtc pointer to a RTC_HandleTypeDef structure that contains
1820:Drivers/STM32F4xx_HAL_Driver/Src/stm32f4xx_hal_rtc.c ****   *                the configuration information for RTC.
1821:Drivers/STM32F4xx_HAL_Driver/Src/stm32f4xx_hal_rtc.c ****   * @retval HAL status
1822:Drivers/STM32F4xx_HAL_Driver/Src/stm32f4xx_hal_rtc.c ****   */
1823:Drivers/STM32F4xx_HAL_Driver/Src/stm32f4xx_hal_rtc.c **** HAL_StatusTypeDef RTC_EnterInitMode(RTC_HandleTypeDef *hrtc)
1824:Drivers/STM32F4xx_HAL_Driver/Src/stm32f4xx_hal_rtc.c **** {
 749              		.loc 1 1824 1 is_stmt 1 view -0
 750              		.cfi_startproc
 751              		@ args = 0, pretend = 0, frame = 0
 752              		@ frame_needed = 0, uses_anonymous_args = 0
 753              		.loc 1 1824 1 is_stmt 0 view .LVU205
 754 0000 70B5     		push	{r4, r5, r6, lr}
 755              	.LCFI4:
 756              		.cfi_def_cfa_offset 16
 757              		.cfi_offset 4, -16
 758              		.cfi_offset 5, -12
 759              		.cfi_offset 6, -8
 760              		.cfi_offset 14, -4
1825:Drivers/STM32F4xx_HAL_Driver/Src/stm32f4xx_hal_rtc.c ****   uint32_t tickstart = 0U;
 761              		.loc 1 1825 3 is_stmt 1 view .LVU206
 762              	.LVL40:
1826:Drivers/STM32F4xx_HAL_Driver/Src/stm32f4xx_hal_rtc.c ****   HAL_StatusTypeDef status = HAL_OK;
 763              		.loc 1 1826 3 view .LVU207
1827:Drivers/STM32F4xx_HAL_Driver/Src/stm32f4xx_hal_rtc.c **** 
1828:Drivers/STM32F4xx_HAL_Driver/Src/stm32f4xx_hal_rtc.c ****   /* Check that Initialization mode is not already set */
1829:Drivers/STM32F4xx_HAL_Driver/Src/stm32f4xx_hal_rtc.c ****   if (READ_BIT(hrtc->Instance->ISR, RTC_ISR_INITF) == 0U)
 764              		.loc 1 1829 3 view .LVU208
 765              		.loc 1 1829 7 is_stmt 0 view .LVU209
 766 0002 0368     		ldr	r3, [r0]
 767 0004 DA68     		ldr	r2, [r3, #12]
 768              		.loc 1 1829 6 view .LVU210
 769 0006 12F0400F 		tst	r2, #64
 770 000a 02D0     		beq	.L53
1826:Drivers/STM32F4xx_HAL_Driver/Src/stm32f4xx_hal_rtc.c ****   HAL_StatusTypeDef status = HAL_OK;
 771              		.loc 1 1826 21 view .LVU211
ARM GAS  /tmp/ccDzuYuu.s 			page 47


 772 000c 0025     		movs	r5, #0
 773              	.LVL41:
 774              	.L47:
1830:Drivers/STM32F4xx_HAL_Driver/Src/stm32f4xx_hal_rtc.c ****   {
1831:Drivers/STM32F4xx_HAL_Driver/Src/stm32f4xx_hal_rtc.c ****     /* Set INIT bit to enter Initialization mode */
1832:Drivers/STM32F4xx_HAL_Driver/Src/stm32f4xx_hal_rtc.c ****     SET_BIT(hrtc->Instance->ISR, RTC_ISR_INIT);
1833:Drivers/STM32F4xx_HAL_Driver/Src/stm32f4xx_hal_rtc.c **** 
1834:Drivers/STM32F4xx_HAL_Driver/Src/stm32f4xx_hal_rtc.c ****     /* Get tick */
1835:Drivers/STM32F4xx_HAL_Driver/Src/stm32f4xx_hal_rtc.c ****     tickstart = HAL_GetTick();
1836:Drivers/STM32F4xx_HAL_Driver/Src/stm32f4xx_hal_rtc.c **** 
1837:Drivers/STM32F4xx_HAL_Driver/Src/stm32f4xx_hal_rtc.c ****     /* Wait till RTC is in INIT state and if timeout is reached exit */
1838:Drivers/STM32F4xx_HAL_Driver/Src/stm32f4xx_hal_rtc.c ****     while ((READ_BIT(hrtc->Instance->ISR, RTC_ISR_INITF) == 0U) && (status != HAL_ERROR))
1839:Drivers/STM32F4xx_HAL_Driver/Src/stm32f4xx_hal_rtc.c ****     {
1840:Drivers/STM32F4xx_HAL_Driver/Src/stm32f4xx_hal_rtc.c ****       if ((HAL_GetTick() - tickstart) > RTC_TIMEOUT_VALUE)
1841:Drivers/STM32F4xx_HAL_Driver/Src/stm32f4xx_hal_rtc.c ****       {
1842:Drivers/STM32F4xx_HAL_Driver/Src/stm32f4xx_hal_rtc.c ****         /* Set RTC state */
1843:Drivers/STM32F4xx_HAL_Driver/Src/stm32f4xx_hal_rtc.c ****         hrtc->State = HAL_RTC_STATE_ERROR;
1844:Drivers/STM32F4xx_HAL_Driver/Src/stm32f4xx_hal_rtc.c ****         status = HAL_ERROR;
1845:Drivers/STM32F4xx_HAL_Driver/Src/stm32f4xx_hal_rtc.c ****       }
1846:Drivers/STM32F4xx_HAL_Driver/Src/stm32f4xx_hal_rtc.c ****     }
1847:Drivers/STM32F4xx_HAL_Driver/Src/stm32f4xx_hal_rtc.c ****   }
1848:Drivers/STM32F4xx_HAL_Driver/Src/stm32f4xx_hal_rtc.c **** 
1849:Drivers/STM32F4xx_HAL_Driver/Src/stm32f4xx_hal_rtc.c ****   return status;
 775              		.loc 1 1849 3 is_stmt 1 view .LVU212
1850:Drivers/STM32F4xx_HAL_Driver/Src/stm32f4xx_hal_rtc.c **** }
 776              		.loc 1 1850 1 is_stmt 0 view .LVU213
 777 000e 2846     		mov	r0, r5
 778 0010 70BD     		pop	{r4, r5, r6, pc}
 779              	.LVL42:
 780              	.L53:
 781              		.loc 1 1850 1 view .LVU214
 782 0012 0446     		mov	r4, r0
1832:Drivers/STM32F4xx_HAL_Driver/Src/stm32f4xx_hal_rtc.c **** 
 783              		.loc 1 1832 5 is_stmt 1 view .LVU215
 784 0014 DA68     		ldr	r2, [r3, #12]
 785 0016 42F08002 		orr	r2, r2, #128
 786 001a DA60     		str	r2, [r3, #12]
1835:Drivers/STM32F4xx_HAL_Driver/Src/stm32f4xx_hal_rtc.c **** 
 787              		.loc 1 1835 5 view .LVU216
1835:Drivers/STM32F4xx_HAL_Driver/Src/stm32f4xx_hal_rtc.c **** 
 788              		.loc 1 1835 17 is_stmt 0 view .LVU217
 789 001c FFF7FEFF 		bl	HAL_GetTick
 790              	.LVL43:
1835:Drivers/STM32F4xx_HAL_Driver/Src/stm32f4xx_hal_rtc.c **** 
 791              		.loc 1 1835 17 view .LVU218
 792 0020 0646     		mov	r6, r0
 793              	.LVL44:
1838:Drivers/STM32F4xx_HAL_Driver/Src/stm32f4xx_hal_rtc.c ****     {
 794              		.loc 1 1838 5 is_stmt 1 view .LVU219
1826:Drivers/STM32F4xx_HAL_Driver/Src/stm32f4xx_hal_rtc.c **** 
 795              		.loc 1 1826 21 is_stmt 0 view .LVU220
 796 0022 0025     		movs	r5, #0
 797              	.LVL45:
 798              	.L49:
1838:Drivers/STM32F4xx_HAL_Driver/Src/stm32f4xx_hal_rtc.c ****     {
 799              		.loc 1 1838 65 is_stmt 1 view .LVU221
1838:Drivers/STM32F4xx_HAL_Driver/Src/stm32f4xx_hal_rtc.c ****     {
ARM GAS  /tmp/ccDzuYuu.s 			page 48


 800              		.loc 1 1838 13 is_stmt 0 view .LVU222
 801 0024 2368     		ldr	r3, [r4]
 802 0026 DB68     		ldr	r3, [r3, #12]
1838:Drivers/STM32F4xx_HAL_Driver/Src/stm32f4xx_hal_rtc.c ****     {
 803              		.loc 1 1838 65 view .LVU223
 804 0028 13F0400F 		tst	r3, #64
 805 002c EFD1     		bne	.L47
1838:Drivers/STM32F4xx_HAL_Driver/Src/stm32f4xx_hal_rtc.c ****     {
 806              		.loc 1 1838 65 discriminator 1 view .LVU224
 807 002e 002D     		cmp	r5, #0
 808 0030 EDD1     		bne	.L47
1840:Drivers/STM32F4xx_HAL_Driver/Src/stm32f4xx_hal_rtc.c ****       {
 809              		.loc 1 1840 7 is_stmt 1 view .LVU225
1840:Drivers/STM32F4xx_HAL_Driver/Src/stm32f4xx_hal_rtc.c ****       {
 810              		.loc 1 1840 12 is_stmt 0 view .LVU226
 811 0032 FFF7FEFF 		bl	HAL_GetTick
 812              	.LVL46:
1840:Drivers/STM32F4xx_HAL_Driver/Src/stm32f4xx_hal_rtc.c ****       {
 813              		.loc 1 1840 26 discriminator 1 view .LVU227
 814 0036 831B     		subs	r3, r0, r6
1840:Drivers/STM32F4xx_HAL_Driver/Src/stm32f4xx_hal_rtc.c ****       {
 815              		.loc 1 1840 10 discriminator 1 view .LVU228
 816 0038 B3F57A7F 		cmp	r3, #1000
 817 003c F2D9     		bls	.L49
1843:Drivers/STM32F4xx_HAL_Driver/Src/stm32f4xx_hal_rtc.c ****         status = HAL_ERROR;
 818              		.loc 1 1843 9 is_stmt 1 view .LVU229
1843:Drivers/STM32F4xx_HAL_Driver/Src/stm32f4xx_hal_rtc.c ****         status = HAL_ERROR;
 819              		.loc 1 1843 21 is_stmt 0 view .LVU230
 820 003e 0423     		movs	r3, #4
 821 0040 6377     		strb	r3, [r4, #29]
1844:Drivers/STM32F4xx_HAL_Driver/Src/stm32f4xx_hal_rtc.c ****       }
 822              		.loc 1 1844 9 is_stmt 1 view .LVU231
 823              	.LVL47:
1844:Drivers/STM32F4xx_HAL_Driver/Src/stm32f4xx_hal_rtc.c ****       }
 824              		.loc 1 1844 16 is_stmt 0 view .LVU232
 825 0042 0125     		movs	r5, #1
 826 0044 EEE7     		b	.L49
 827              		.cfi_endproc
 828              	.LFE261:
 830              		.section	.text.RTC_ExitInitMode,"ax",%progbits
 831              		.align	1
 832              		.global	RTC_ExitInitMode
 833              		.syntax unified
 834              		.thumb
 835              		.thumb_func
 837              	RTC_ExitInitMode:
 838              	.LVL48:
 839              	.LFB262:
1851:Drivers/STM32F4xx_HAL_Driver/Src/stm32f4xx_hal_rtc.c **** 
1852:Drivers/STM32F4xx_HAL_Driver/Src/stm32f4xx_hal_rtc.c **** /**
1853:Drivers/STM32F4xx_HAL_Driver/Src/stm32f4xx_hal_rtc.c ****   * @brief  Exits the RTC Initialization mode.
1854:Drivers/STM32F4xx_HAL_Driver/Src/stm32f4xx_hal_rtc.c ****   * @param  hrtc pointer to a RTC_HandleTypeDef structure that contains
1855:Drivers/STM32F4xx_HAL_Driver/Src/stm32f4xx_hal_rtc.c ****   *                the configuration information for RTC.
1856:Drivers/STM32F4xx_HAL_Driver/Src/stm32f4xx_hal_rtc.c ****   * @retval HAL status
1857:Drivers/STM32F4xx_HAL_Driver/Src/stm32f4xx_hal_rtc.c ****   */
1858:Drivers/STM32F4xx_HAL_Driver/Src/stm32f4xx_hal_rtc.c **** HAL_StatusTypeDef RTC_ExitInitMode(RTC_HandleTypeDef *hrtc)
1859:Drivers/STM32F4xx_HAL_Driver/Src/stm32f4xx_hal_rtc.c **** {
ARM GAS  /tmp/ccDzuYuu.s 			page 49


 840              		.loc 1 1859 1 is_stmt 1 view -0
 841              		.cfi_startproc
 842              		@ args = 0, pretend = 0, frame = 0
 843              		@ frame_needed = 0, uses_anonymous_args = 0
1860:Drivers/STM32F4xx_HAL_Driver/Src/stm32f4xx_hal_rtc.c ****   HAL_StatusTypeDef status = HAL_OK;
 844              		.loc 1 1860 3 view .LVU234
1861:Drivers/STM32F4xx_HAL_Driver/Src/stm32f4xx_hal_rtc.c **** 
1862:Drivers/STM32F4xx_HAL_Driver/Src/stm32f4xx_hal_rtc.c ****   /* Clear INIT bit to exit Initialization mode */
1863:Drivers/STM32F4xx_HAL_Driver/Src/stm32f4xx_hal_rtc.c ****   CLEAR_BIT(hrtc->Instance->ISR, RTC_ISR_INIT);
 845              		.loc 1 1863 3 view .LVU235
 846 0000 0268     		ldr	r2, [r0]
 847 0002 D368     		ldr	r3, [r2, #12]
 848 0004 23F08003 		bic	r3, r3, #128
 849 0008 D360     		str	r3, [r2, #12]
1864:Drivers/STM32F4xx_HAL_Driver/Src/stm32f4xx_hal_rtc.c **** 
1865:Drivers/STM32F4xx_HAL_Driver/Src/stm32f4xx_hal_rtc.c ****   /* If CR_BYPSHAD bit = 0, wait for synchro */
1866:Drivers/STM32F4xx_HAL_Driver/Src/stm32f4xx_hal_rtc.c ****   if (READ_BIT(hrtc->Instance->CR, RTC_CR_BYPSHAD) == 0U)
 850              		.loc 1 1866 3 view .LVU236
 851              		.loc 1 1866 7 is_stmt 0 view .LVU237
 852 000a 0368     		ldr	r3, [r0]
 853 000c 9B68     		ldr	r3, [r3, #8]
 854              		.loc 1 1866 6 view .LVU238
 855 000e 13F0200F 		tst	r3, #32
 856 0012 01D0     		beq	.L61
1860:Drivers/STM32F4xx_HAL_Driver/Src/stm32f4xx_hal_rtc.c **** 
 857              		.loc 1 1860 21 view .LVU239
 858 0014 0020     		movs	r0, #0
 859              	.LVL49:
1867:Drivers/STM32F4xx_HAL_Driver/Src/stm32f4xx_hal_rtc.c ****   {
1868:Drivers/STM32F4xx_HAL_Driver/Src/stm32f4xx_hal_rtc.c ****     if (HAL_RTC_WaitForSynchro(hrtc) != HAL_OK)
1869:Drivers/STM32F4xx_HAL_Driver/Src/stm32f4xx_hal_rtc.c ****     {
1870:Drivers/STM32F4xx_HAL_Driver/Src/stm32f4xx_hal_rtc.c ****       /* Set RTC state */
1871:Drivers/STM32F4xx_HAL_Driver/Src/stm32f4xx_hal_rtc.c ****       hrtc->State = HAL_RTC_STATE_ERROR;
1872:Drivers/STM32F4xx_HAL_Driver/Src/stm32f4xx_hal_rtc.c ****       status = HAL_ERROR;
1873:Drivers/STM32F4xx_HAL_Driver/Src/stm32f4xx_hal_rtc.c ****     }
1874:Drivers/STM32F4xx_HAL_Driver/Src/stm32f4xx_hal_rtc.c ****   }
1875:Drivers/STM32F4xx_HAL_Driver/Src/stm32f4xx_hal_rtc.c **** 
1876:Drivers/STM32F4xx_HAL_Driver/Src/stm32f4xx_hal_rtc.c ****   return status;
 860              		.loc 1 1876 3 is_stmt 1 view .LVU240
1877:Drivers/STM32F4xx_HAL_Driver/Src/stm32f4xx_hal_rtc.c **** }
 861              		.loc 1 1877 1 is_stmt 0 view .LVU241
 862 0016 7047     		bx	lr
 863              	.LVL50:
 864              	.L61:
1859:Drivers/STM32F4xx_HAL_Driver/Src/stm32f4xx_hal_rtc.c ****   HAL_StatusTypeDef status = HAL_OK;
 865              		.loc 1 1859 1 view .LVU242
 866 0018 10B5     		push	{r4, lr}
 867              	.LCFI5:
 868              		.cfi_def_cfa_offset 8
 869              		.cfi_offset 4, -8
 870              		.cfi_offset 14, -4
 871 001a 0446     		mov	r4, r0
1868:Drivers/STM32F4xx_HAL_Driver/Src/stm32f4xx_hal_rtc.c ****     {
 872              		.loc 1 1868 5 is_stmt 1 view .LVU243
1868:Drivers/STM32F4xx_HAL_Driver/Src/stm32f4xx_hal_rtc.c ****     {
 873              		.loc 1 1868 9 is_stmt 0 view .LVU244
 874 001c FFF7FEFF 		bl	HAL_RTC_WaitForSynchro
ARM GAS  /tmp/ccDzuYuu.s 			page 50


 875              	.LVL51:
1868:Drivers/STM32F4xx_HAL_Driver/Src/stm32f4xx_hal_rtc.c ****     {
 876              		.loc 1 1868 8 discriminator 1 view .LVU245
 877 0020 10B1     		cbz	r0, .L55
1871:Drivers/STM32F4xx_HAL_Driver/Src/stm32f4xx_hal_rtc.c ****       status = HAL_ERROR;
 878              		.loc 1 1871 7 is_stmt 1 view .LVU246
1871:Drivers/STM32F4xx_HAL_Driver/Src/stm32f4xx_hal_rtc.c ****       status = HAL_ERROR;
 879              		.loc 1 1871 19 is_stmt 0 view .LVU247
 880 0022 0423     		movs	r3, #4
 881 0024 6377     		strb	r3, [r4, #29]
1872:Drivers/STM32F4xx_HAL_Driver/Src/stm32f4xx_hal_rtc.c ****     }
 882              		.loc 1 1872 7 is_stmt 1 view .LVU248
 883              	.LVL52:
1872:Drivers/STM32F4xx_HAL_Driver/Src/stm32f4xx_hal_rtc.c ****     }
 884              		.loc 1 1872 14 is_stmt 0 view .LVU249
 885 0026 0120     		movs	r0, #1
 886              	.LVL53:
 887              	.L55:
1876:Drivers/STM32F4xx_HAL_Driver/Src/stm32f4xx_hal_rtc.c **** }
 888              		.loc 1 1876 3 is_stmt 1 view .LVU250
 889              		.loc 1 1877 1 is_stmt 0 view .LVU251
 890 0028 10BD     		pop	{r4, pc}
 891              		.loc 1 1877 1 view .LVU252
 892              		.cfi_endproc
 893              	.LFE262:
 895              		.section	.text.HAL_RTC_Init,"ax",%progbits
 896              		.align	1
 897              		.global	HAL_RTC_Init
 898              		.syntax unified
 899              		.thumb
 900              		.thumb_func
 902              	HAL_RTC_Init:
 903              	.LVL54:
 904              	.LFB239:
 256:Drivers/STM32F4xx_HAL_Driver/Src/stm32f4xx_hal_rtc.c ****   HAL_StatusTypeDef status;
 905              		.loc 1 256 1 is_stmt 1 view -0
 906              		.cfi_startproc
 907              		@ args = 0, pretend = 0, frame = 0
 908              		@ frame_needed = 0, uses_anonymous_args = 0
 257:Drivers/STM32F4xx_HAL_Driver/Src/stm32f4xx_hal_rtc.c **** 
 909              		.loc 1 257 3 view .LVU254
 260:Drivers/STM32F4xx_HAL_Driver/Src/stm32f4xx_hal_rtc.c ****   {
 910              		.loc 1 260 3 view .LVU255
 260:Drivers/STM32F4xx_HAL_Driver/Src/stm32f4xx_hal_rtc.c ****   {
 911              		.loc 1 260 6 is_stmt 0 view .LVU256
 912 0000 0028     		cmp	r0, #0
 913 0002 4AD0     		beq	.L67
 256:Drivers/STM32F4xx_HAL_Driver/Src/stm32f4xx_hal_rtc.c ****   HAL_StatusTypeDef status;
 914              		.loc 1 256 1 view .LVU257
 915 0004 10B5     		push	{r4, lr}
 916              	.LCFI6:
 917              		.cfi_def_cfa_offset 8
 918              		.cfi_offset 4, -8
 919              		.cfi_offset 14, -4
 920 0006 0446     		mov	r4, r0
 266:Drivers/STM32F4xx_HAL_Driver/Src/stm32f4xx_hal_rtc.c ****   assert_param(IS_RTC_HOUR_FORMAT(hrtc->Init.HourFormat));
 921              		.loc 1 266 3 is_stmt 1 view .LVU258
ARM GAS  /tmp/ccDzuYuu.s 			page 51


 267:Drivers/STM32F4xx_HAL_Driver/Src/stm32f4xx_hal_rtc.c ****   assert_param(IS_RTC_ASYNCH_PREDIV(hrtc->Init.AsynchPrediv));
 922              		.loc 1 267 3 view .LVU259
 268:Drivers/STM32F4xx_HAL_Driver/Src/stm32f4xx_hal_rtc.c ****   assert_param(IS_RTC_SYNCH_PREDIV(hrtc->Init.SynchPrediv));
 923              		.loc 1 268 3 view .LVU260
 269:Drivers/STM32F4xx_HAL_Driver/Src/stm32f4xx_hal_rtc.c ****   assert_param(IS_RTC_OUTPUT(hrtc->Init.OutPut));
 924              		.loc 1 269 3 view .LVU261
 270:Drivers/STM32F4xx_HAL_Driver/Src/stm32f4xx_hal_rtc.c ****   assert_param(IS_RTC_OUTPUT_POL(hrtc->Init.OutPutPolarity));
 925              		.loc 1 270 3 view .LVU262
 271:Drivers/STM32F4xx_HAL_Driver/Src/stm32f4xx_hal_rtc.c ****   assert_param(IS_RTC_OUTPUT_TYPE(hrtc->Init.OutPutType));
 926              		.loc 1 271 3 view .LVU263
 272:Drivers/STM32F4xx_HAL_Driver/Src/stm32f4xx_hal_rtc.c **** 
 927              		.loc 1 272 3 view .LVU264
 302:Drivers/STM32F4xx_HAL_Driver/Src/stm32f4xx_hal_rtc.c ****   {
 928              		.loc 1 302 3 view .LVU265
 302:Drivers/STM32F4xx_HAL_Driver/Src/stm32f4xx_hal_rtc.c ****   {
 929              		.loc 1 302 11 is_stmt 0 view .LVU266
 930 0008 437F     		ldrb	r3, [r0, #29]	@ zero_extendqisi2
 302:Drivers/STM32F4xx_HAL_Driver/Src/stm32f4xx_hal_rtc.c ****   {
 931              		.loc 1 302 6 view .LVU267
 932 000a 53B1     		cbz	r3, .L73
 933              	.LVL55:
 934              	.L64:
 313:Drivers/STM32F4xx_HAL_Driver/Src/stm32f4xx_hal_rtc.c **** 
 935              		.loc 1 313 3 is_stmt 1 view .LVU268
 313:Drivers/STM32F4xx_HAL_Driver/Src/stm32f4xx_hal_rtc.c **** 
 936              		.loc 1 313 15 is_stmt 0 view .LVU269
 937 000c 0223     		movs	r3, #2
 938 000e 6377     		strb	r3, [r4, #29]
 316:Drivers/STM32F4xx_HAL_Driver/Src/stm32f4xx_hal_rtc.c ****   {
 939              		.loc 1 316 3 is_stmt 1 view .LVU270
 316:Drivers/STM32F4xx_HAL_Driver/Src/stm32f4xx_hal_rtc.c ****   {
 940              		.loc 1 316 7 is_stmt 0 view .LVU271
 941 0010 2368     		ldr	r3, [r4]
 942 0012 DA68     		ldr	r2, [r3, #12]
 316:Drivers/STM32F4xx_HAL_Driver/Src/stm32f4xx_hal_rtc.c ****   {
 943              		.loc 1 316 6 view .LVU272
 944 0014 12F0100F 		tst	r2, #16
 945 0018 07D0     		beq	.L74
 351:Drivers/STM32F4xx_HAL_Driver/Src/stm32f4xx_hal_rtc.c ****   }
 946              		.loc 1 351 12 view .LVU273
 947 001a 0020     		movs	r0, #0
 948              	.L65:
 356:Drivers/STM32F4xx_HAL_Driver/Src/stm32f4xx_hal_rtc.c ****   }
 949              		.loc 1 356 5 is_stmt 1 view .LVU274
 356:Drivers/STM32F4xx_HAL_Driver/Src/stm32f4xx_hal_rtc.c ****   }
 950              		.loc 1 356 17 is_stmt 0 view .LVU275
 951 001c 0123     		movs	r3, #1
 952 001e 6377     		strb	r3, [r4, #29]
 953              	.L63:
 360:Drivers/STM32F4xx_HAL_Driver/Src/stm32f4xx_hal_rtc.c **** 
 954              		.loc 1 360 1 view .LVU276
 955 0020 10BD     		pop	{r4, pc}
 956              	.LVL56:
 957              	.L73:
 305:Drivers/STM32F4xx_HAL_Driver/Src/stm32f4xx_hal_rtc.c **** 
 958              		.loc 1 305 5 is_stmt 1 view .LVU277
 305:Drivers/STM32F4xx_HAL_Driver/Src/stm32f4xx_hal_rtc.c **** 
ARM GAS  /tmp/ccDzuYuu.s 			page 52


 959              		.loc 1 305 16 is_stmt 0 view .LVU278
 960 0022 0377     		strb	r3, [r0, #28]
 308:Drivers/STM32F4xx_HAL_Driver/Src/stm32f4xx_hal_rtc.c ****   }
 961              		.loc 1 308 5 is_stmt 1 view .LVU279
 962 0024 FFF7FEFF 		bl	HAL_RTC_MspInit
 963              	.LVL57:
 308:Drivers/STM32F4xx_HAL_Driver/Src/stm32f4xx_hal_rtc.c ****   }
 964              		.loc 1 308 5 is_stmt 0 view .LVU280
 965 0028 F0E7     		b	.L64
 966              	.L74:
 319:Drivers/STM32F4xx_HAL_Driver/Src/stm32f4xx_hal_rtc.c **** 
 967              		.loc 1 319 5 is_stmt 1 view .LVU281
 319:Drivers/STM32F4xx_HAL_Driver/Src/stm32f4xx_hal_rtc.c **** 
 968              		.loc 1 319 5 view .LVU282
 969 002a CA22     		movs	r2, #202
 970 002c 5A62     		str	r2, [r3, #36]
 319:Drivers/STM32F4xx_HAL_Driver/Src/stm32f4xx_hal_rtc.c **** 
 971              		.loc 1 319 5 view .LVU283
 972 002e 2368     		ldr	r3, [r4]
 973 0030 5322     		movs	r2, #83
 974 0032 5A62     		str	r2, [r3, #36]
 319:Drivers/STM32F4xx_HAL_Driver/Src/stm32f4xx_hal_rtc.c **** 
 975              		.loc 1 319 5 view .LVU284
 322:Drivers/STM32F4xx_HAL_Driver/Src/stm32f4xx_hal_rtc.c **** 
 976              		.loc 1 322 5 view .LVU285
 322:Drivers/STM32F4xx_HAL_Driver/Src/stm32f4xx_hal_rtc.c **** 
 977              		.loc 1 322 14 is_stmt 0 view .LVU286
 978 0034 2046     		mov	r0, r4
 979 0036 FFF7FEFF 		bl	RTC_EnterInitMode
 980              	.LVL58:
 324:Drivers/STM32F4xx_HAL_Driver/Src/stm32f4xx_hal_rtc.c ****     {
 981              		.loc 1 324 5 is_stmt 1 view .LVU287
 324:Drivers/STM32F4xx_HAL_Driver/Src/stm32f4xx_hal_rtc.c ****     {
 982              		.loc 1 324 8 is_stmt 0 view .LVU288
 983 003a 28B1     		cbz	r0, .L75
 984              	.L66:
 985              	.LVL59:
 346:Drivers/STM32F4xx_HAL_Driver/Src/stm32f4xx_hal_rtc.c ****   }
 986              		.loc 1 346 5 is_stmt 1 view .LVU289
 346:Drivers/STM32F4xx_HAL_Driver/Src/stm32f4xx_hal_rtc.c ****   }
 987              		.loc 1 346 5 view .LVU290
 988 003c 2368     		ldr	r3, [r4]
 989 003e FF22     		movs	r2, #255
 990 0040 5A62     		str	r2, [r3, #36]
 346:Drivers/STM32F4xx_HAL_Driver/Src/stm32f4xx_hal_rtc.c ****   }
 991              		.loc 1 346 5 view .LVU291
 992              	.LVL60:
 354:Drivers/STM32F4xx_HAL_Driver/Src/stm32f4xx_hal_rtc.c ****   {
 993              		.loc 1 354 3 view .LVU292
 354:Drivers/STM32F4xx_HAL_Driver/Src/stm32f4xx_hal_rtc.c ****   {
 994              		.loc 1 354 6 is_stmt 0 view .LVU293
 995 0042 0028     		cmp	r0, #0
 996 0044 ECD1     		bne	.L63
 354:Drivers/STM32F4xx_HAL_Driver/Src/stm32f4xx_hal_rtc.c ****   {
 997              		.loc 1 354 6 view .LVU294
 998 0046 E9E7     		b	.L65
 999              	.L75:
ARM GAS  /tmp/ccDzuYuu.s 			page 53


 327:Drivers/STM32F4xx_HAL_Driver/Src/stm32f4xx_hal_rtc.c ****       /* Set RTC_CR register */
 1000              		.loc 1 327 7 is_stmt 1 view .LVU295
 327:Drivers/STM32F4xx_HAL_Driver/Src/stm32f4xx_hal_rtc.c ****       /* Set RTC_CR register */
 1001              		.loc 1 327 11 is_stmt 0 view .LVU296
 1002 0048 2268     		ldr	r2, [r4]
 327:Drivers/STM32F4xx_HAL_Driver/Src/stm32f4xx_hal_rtc.c ****       /* Set RTC_CR register */
 1003              		.loc 1 327 21 view .LVU297
 1004 004a 9368     		ldr	r3, [r2, #8]
 327:Drivers/STM32F4xx_HAL_Driver/Src/stm32f4xx_hal_rtc.c ****       /* Set RTC_CR register */
 1005              		.loc 1 327 26 view .LVU298
 1006 004c 23F4E003 		bic	r3, r3, #7340032
 1007 0050 23F04003 		bic	r3, r3, #64
 1008 0054 9360     		str	r3, [r2, #8]
 329:Drivers/STM32F4xx_HAL_Driver/Src/stm32f4xx_hal_rtc.c **** 
 1009              		.loc 1 329 7 is_stmt 1 view .LVU299
 329:Drivers/STM32F4xx_HAL_Driver/Src/stm32f4xx_hal_rtc.c **** 
 1010              		.loc 1 329 11 is_stmt 0 view .LVU300
 1011 0056 2168     		ldr	r1, [r4]
 329:Drivers/STM32F4xx_HAL_Driver/Src/stm32f4xx_hal_rtc.c **** 
 1012              		.loc 1 329 21 view .LVU301
 1013 0058 8A68     		ldr	r2, [r1, #8]
 329:Drivers/STM32F4xx_HAL_Driver/Src/stm32f4xx_hal_rtc.c **** 
 1014              		.loc 1 329 50 view .LVU302
 1015 005a 6368     		ldr	r3, [r4, #4]
 329:Drivers/STM32F4xx_HAL_Driver/Src/stm32f4xx_hal_rtc.c **** 
 1016              		.loc 1 329 74 view .LVU303
 1017 005c 2069     		ldr	r0, [r4, #16]
 1018              	.LVL61:
 329:Drivers/STM32F4xx_HAL_Driver/Src/stm32f4xx_hal_rtc.c **** 
 1019              		.loc 1 329 62 view .LVU304
 1020 005e 0343     		orrs	r3, r3, r0
 329:Drivers/STM32F4xx_HAL_Driver/Src/stm32f4xx_hal_rtc.c **** 
 1021              		.loc 1 329 94 view .LVU305
 1022 0060 6069     		ldr	r0, [r4, #20]
 329:Drivers/STM32F4xx_HAL_Driver/Src/stm32f4xx_hal_rtc.c **** 
 1023              		.loc 1 329 82 view .LVU306
 1024 0062 0343     		orrs	r3, r3, r0
 329:Drivers/STM32F4xx_HAL_Driver/Src/stm32f4xx_hal_rtc.c **** 
 1025              		.loc 1 329 26 view .LVU307
 1026 0064 1343     		orrs	r3, r3, r2
 1027 0066 8B60     		str	r3, [r1, #8]
 332:Drivers/STM32F4xx_HAL_Driver/Src/stm32f4xx_hal_rtc.c ****       hrtc->Instance->PRER |= (uint32_t)(hrtc->Init.AsynchPrediv << RTC_PRER_PREDIV_A_Pos);
 1028              		.loc 1 332 7 is_stmt 1 view .LVU308
 332:Drivers/STM32F4xx_HAL_Driver/Src/stm32f4xx_hal_rtc.c ****       hrtc->Instance->PRER |= (uint32_t)(hrtc->Init.AsynchPrediv << RTC_PRER_PREDIV_A_Pos);
 1029              		.loc 1 332 11 is_stmt 0 view .LVU309
 1030 0068 2368     		ldr	r3, [r4]
 332:Drivers/STM32F4xx_HAL_Driver/Src/stm32f4xx_hal_rtc.c ****       hrtc->Instance->PRER |= (uint32_t)(hrtc->Init.AsynchPrediv << RTC_PRER_PREDIV_A_Pos);
 1031              		.loc 1 332 51 view .LVU310
 1032 006a E268     		ldr	r2, [r4, #12]
 332:Drivers/STM32F4xx_HAL_Driver/Src/stm32f4xx_hal_rtc.c ****       hrtc->Instance->PRER |= (uint32_t)(hrtc->Init.AsynchPrediv << RTC_PRER_PREDIV_A_Pos);
 1033              		.loc 1 332 28 view .LVU311
 1034 006c 1A61     		str	r2, [r3, #16]
 333:Drivers/STM32F4xx_HAL_Driver/Src/stm32f4xx_hal_rtc.c **** 
 1035              		.loc 1 333 7 is_stmt 1 view .LVU312
 333:Drivers/STM32F4xx_HAL_Driver/Src/stm32f4xx_hal_rtc.c **** 
 1036              		.loc 1 333 11 is_stmt 0 view .LVU313
 1037 006e 2268     		ldr	r2, [r4]
ARM GAS  /tmp/ccDzuYuu.s 			page 54


 333:Drivers/STM32F4xx_HAL_Driver/Src/stm32f4xx_hal_rtc.c **** 
 1038              		.loc 1 333 21 view .LVU314
 1039 0070 1369     		ldr	r3, [r2, #16]
 333:Drivers/STM32F4xx_HAL_Driver/Src/stm32f4xx_hal_rtc.c **** 
 1040              		.loc 1 333 52 view .LVU315
 1041 0072 A168     		ldr	r1, [r4, #8]
 333:Drivers/STM32F4xx_HAL_Driver/Src/stm32f4xx_hal_rtc.c **** 
 1042              		.loc 1 333 28 view .LVU316
 1043 0074 43EA0143 		orr	r3, r3, r1, lsl #16
 1044 0078 1361     		str	r3, [r2, #16]
 336:Drivers/STM32F4xx_HAL_Driver/Src/stm32f4xx_hal_rtc.c ****     }
 1045              		.loc 1 336 7 is_stmt 1 view .LVU317
 336:Drivers/STM32F4xx_HAL_Driver/Src/stm32f4xx_hal_rtc.c ****     }
 1046              		.loc 1 336 16 is_stmt 0 view .LVU318
 1047 007a 2046     		mov	r0, r4
 1048 007c FFF7FEFF 		bl	RTC_ExitInitMode
 1049              	.LVL62:
 339:Drivers/STM32F4xx_HAL_Driver/Src/stm32f4xx_hal_rtc.c ****     {
 1050              		.loc 1 339 5 is_stmt 1 view .LVU319
 339:Drivers/STM32F4xx_HAL_Driver/Src/stm32f4xx_hal_rtc.c ****     {
 1051              		.loc 1 339 8 is_stmt 0 view .LVU320
 1052 0080 0028     		cmp	r0, #0
 1053 0082 DBD1     		bne	.L66
 341:Drivers/STM32F4xx_HAL_Driver/Src/stm32f4xx_hal_rtc.c ****       hrtc->Instance->TAFCR |= (uint32_t)(hrtc->Init.OutPutType);
 1054              		.loc 1 341 7 is_stmt 1 view .LVU321
 341:Drivers/STM32F4xx_HAL_Driver/Src/stm32f4xx_hal_rtc.c ****       hrtc->Instance->TAFCR |= (uint32_t)(hrtc->Init.OutPutType);
 1055              		.loc 1 341 11 is_stmt 0 view .LVU322
 1056 0084 2268     		ldr	r2, [r4]
 341:Drivers/STM32F4xx_HAL_Driver/Src/stm32f4xx_hal_rtc.c ****       hrtc->Instance->TAFCR |= (uint32_t)(hrtc->Init.OutPutType);
 1057              		.loc 1 341 21 view .LVU323
 1058 0086 136C     		ldr	r3, [r2, #64]
 341:Drivers/STM32F4xx_HAL_Driver/Src/stm32f4xx_hal_rtc.c ****       hrtc->Instance->TAFCR |= (uint32_t)(hrtc->Init.OutPutType);
 1059              		.loc 1 341 29 view .LVU324
 1060 0088 23F48023 		bic	r3, r3, #262144
 1061 008c 1364     		str	r3, [r2, #64]
 342:Drivers/STM32F4xx_HAL_Driver/Src/stm32f4xx_hal_rtc.c ****     }
 1062              		.loc 1 342 7 is_stmt 1 view .LVU325
 342:Drivers/STM32F4xx_HAL_Driver/Src/stm32f4xx_hal_rtc.c ****     }
 1063              		.loc 1 342 11 is_stmt 0 view .LVU326
 1064 008e 2268     		ldr	r2, [r4]
 342:Drivers/STM32F4xx_HAL_Driver/Src/stm32f4xx_hal_rtc.c ****     }
 1065              		.loc 1 342 21 view .LVU327
 1066 0090 136C     		ldr	r3, [r2, #64]
 342:Drivers/STM32F4xx_HAL_Driver/Src/stm32f4xx_hal_rtc.c ****     }
 1067              		.loc 1 342 53 view .LVU328
 1068 0092 A169     		ldr	r1, [r4, #24]
 342:Drivers/STM32F4xx_HAL_Driver/Src/stm32f4xx_hal_rtc.c ****     }
 1069              		.loc 1 342 29 view .LVU329
 1070 0094 0B43     		orrs	r3, r3, r1
 1071 0096 1364     		str	r3, [r2, #64]
 1072 0098 D0E7     		b	.L66
 1073              	.LVL63:
 1074              	.L67:
 1075              	.LCFI7:
 1076              		.cfi_def_cfa_offset 0
 1077              		.cfi_restore 4
 1078              		.cfi_restore 14
ARM GAS  /tmp/ccDzuYuu.s 			page 55


 262:Drivers/STM32F4xx_HAL_Driver/Src/stm32f4xx_hal_rtc.c ****   }
 1079              		.loc 1 262 12 view .LVU330
 1080 009a 0120     		movs	r0, #1
 1081              	.LVL64:
 360:Drivers/STM32F4xx_HAL_Driver/Src/stm32f4xx_hal_rtc.c **** 
 1082              		.loc 1 360 1 view .LVU331
 1083 009c 7047     		bx	lr
 1084              		.cfi_endproc
 1085              	.LFE239:
 1087              		.section	.text.HAL_RTC_DeInit,"ax",%progbits
 1088              		.align	1
 1089              		.global	HAL_RTC_DeInit
 1090              		.syntax unified
 1091              		.thumb
 1092              		.thumb_func
 1094              	HAL_RTC_DeInit:
 1095              	.LVL65:
 1096              	.LFB240:
 370:Drivers/STM32F4xx_HAL_Driver/Src/stm32f4xx_hal_rtc.c ****   HAL_StatusTypeDef status;
 1097              		.loc 1 370 1 is_stmt 1 view -0
 1098              		.cfi_startproc
 1099              		@ args = 0, pretend = 0, frame = 0
 1100              		@ frame_needed = 0, uses_anonymous_args = 0
 370:Drivers/STM32F4xx_HAL_Driver/Src/stm32f4xx_hal_rtc.c ****   HAL_StatusTypeDef status;
 1101              		.loc 1 370 1 is_stmt 0 view .LVU333
 1102 0000 70B5     		push	{r4, r5, r6, lr}
 1103              	.LCFI8:
 1104              		.cfi_def_cfa_offset 16
 1105              		.cfi_offset 4, -16
 1106              		.cfi_offset 5, -12
 1107              		.cfi_offset 6, -8
 1108              		.cfi_offset 14, -4
 1109 0002 0446     		mov	r4, r0
 371:Drivers/STM32F4xx_HAL_Driver/Src/stm32f4xx_hal_rtc.c **** 
 1110              		.loc 1 371 3 is_stmt 1 view .LVU334
 374:Drivers/STM32F4xx_HAL_Driver/Src/stm32f4xx_hal_rtc.c **** 
 1111              		.loc 1 374 3 view .LVU335
 377:Drivers/STM32F4xx_HAL_Driver/Src/stm32f4xx_hal_rtc.c **** 
 1112              		.loc 1 377 3 view .LVU336
 377:Drivers/STM32F4xx_HAL_Driver/Src/stm32f4xx_hal_rtc.c **** 
 1113              		.loc 1 377 15 is_stmt 0 view .LVU337
 1114 0004 0223     		movs	r3, #2
 1115 0006 4377     		strb	r3, [r0, #29]
 380:Drivers/STM32F4xx_HAL_Driver/Src/stm32f4xx_hal_rtc.c **** 
 1116              		.loc 1 380 3 is_stmt 1 view .LVU338
 380:Drivers/STM32F4xx_HAL_Driver/Src/stm32f4xx_hal_rtc.c **** 
 1117              		.loc 1 380 3 view .LVU339
 1118 0008 0368     		ldr	r3, [r0]
 1119 000a CA22     		movs	r2, #202
 1120 000c 5A62     		str	r2, [r3, #36]
 380:Drivers/STM32F4xx_HAL_Driver/Src/stm32f4xx_hal_rtc.c **** 
 1121              		.loc 1 380 3 view .LVU340
 1122 000e 0368     		ldr	r3, [r0]
 1123 0010 5322     		movs	r2, #83
 1124 0012 5A62     		str	r2, [r3, #36]
 380:Drivers/STM32F4xx_HAL_Driver/Src/stm32f4xx_hal_rtc.c **** 
 1125              		.loc 1 380 3 view .LVU341
ARM GAS  /tmp/ccDzuYuu.s 			page 56


 383:Drivers/STM32F4xx_HAL_Driver/Src/stm32f4xx_hal_rtc.c **** 
 1126              		.loc 1 383 3 view .LVU342
 383:Drivers/STM32F4xx_HAL_Driver/Src/stm32f4xx_hal_rtc.c **** 
 1127              		.loc 1 383 12 is_stmt 0 view .LVU343
 1128 0014 FFF7FEFF 		bl	RTC_EnterInitMode
 1129              	.LVL66:
 385:Drivers/STM32F4xx_HAL_Driver/Src/stm32f4xx_hal_rtc.c ****   {
 1130              		.loc 1 385 3 is_stmt 1 view .LVU344
 385:Drivers/STM32F4xx_HAL_Driver/Src/stm32f4xx_hal_rtc.c ****   {
 1131              		.loc 1 385 6 is_stmt 0 view .LVU345
 1132 0018 0546     		mov	r5, r0
 1133 001a 38B1     		cbz	r0, .L80
 1134              	.LVL67:
 1135              	.L77:
 406:Drivers/STM32F4xx_HAL_Driver/Src/stm32f4xx_hal_rtc.c **** 
 1136              		.loc 1 406 3 is_stmt 1 view .LVU346
 406:Drivers/STM32F4xx_HAL_Driver/Src/stm32f4xx_hal_rtc.c **** 
 1137              		.loc 1 406 3 view .LVU347
 1138 001c 2368     		ldr	r3, [r4]
 1139 001e FF22     		movs	r2, #255
 1140 0020 5A62     		str	r2, [r3, #36]
 406:Drivers/STM32F4xx_HAL_Driver/Src/stm32f4xx_hal_rtc.c **** 
 1141              		.loc 1 406 3 view .LVU348
 408:Drivers/STM32F4xx_HAL_Driver/Src/stm32f4xx_hal_rtc.c ****   {
 1142              		.loc 1 408 3 view .LVU349
 408:Drivers/STM32F4xx_HAL_Driver/Src/stm32f4xx_hal_rtc.c ****   {
 1143              		.loc 1 408 6 is_stmt 0 view .LVU350
 1144 0022 35B3     		cbz	r5, .L81
 1145              	.L78:
 430:Drivers/STM32F4xx_HAL_Driver/Src/stm32f4xx_hal_rtc.c **** 
 1146              		.loc 1 430 3 is_stmt 1 view .LVU351
 430:Drivers/STM32F4xx_HAL_Driver/Src/stm32f4xx_hal_rtc.c **** 
 1147              		.loc 1 430 3 view .LVU352
 1148 0024 0023     		movs	r3, #0
 1149 0026 2377     		strb	r3, [r4, #28]
 430:Drivers/STM32F4xx_HAL_Driver/Src/stm32f4xx_hal_rtc.c **** 
 1150              		.loc 1 430 3 view .LVU353
 432:Drivers/STM32F4xx_HAL_Driver/Src/stm32f4xx_hal_rtc.c **** }
 1151              		.loc 1 432 3 view .LVU354
 433:Drivers/STM32F4xx_HAL_Driver/Src/stm32f4xx_hal_rtc.c **** 
 1152              		.loc 1 433 1 is_stmt 0 view .LVU355
 1153 0028 2846     		mov	r0, r5
 1154 002a 70BD     		pop	{r4, r5, r6, pc}
 1155              	.LVL68:
 1156              	.L80:
 388:Drivers/STM32F4xx_HAL_Driver/Src/stm32f4xx_hal_rtc.c ****     hrtc->Instance->DR = (RTC_DR_WDU_0 | RTC_DR_MU_0 | RTC_DR_DU_0);
 1157              		.loc 1 388 5 is_stmt 1 view .LVU356
 388:Drivers/STM32F4xx_HAL_Driver/Src/stm32f4xx_hal_rtc.c ****     hrtc->Instance->DR = (RTC_DR_WDU_0 | RTC_DR_MU_0 | RTC_DR_DU_0);
 1158              		.loc 1 388 9 is_stmt 0 view .LVU357
 1159 002c 2268     		ldr	r2, [r4]
 388:Drivers/STM32F4xx_HAL_Driver/Src/stm32f4xx_hal_rtc.c ****     hrtc->Instance->DR = (RTC_DR_WDU_0 | RTC_DR_MU_0 | RTC_DR_DU_0);
 1160              		.loc 1 388 24 view .LVU358
 1161 002e 0023     		movs	r3, #0
 1162 0030 1360     		str	r3, [r2]
 389:Drivers/STM32F4xx_HAL_Driver/Src/stm32f4xx_hal_rtc.c ****     hrtc->Instance->CR = 0x00000000U;
 1163              		.loc 1 389 5 is_stmt 1 view .LVU359
 389:Drivers/STM32F4xx_HAL_Driver/Src/stm32f4xx_hal_rtc.c ****     hrtc->Instance->CR = 0x00000000U;
ARM GAS  /tmp/ccDzuYuu.s 			page 57


 1164              		.loc 1 389 9 is_stmt 0 view .LVU360
 1165 0032 2268     		ldr	r2, [r4]
 389:Drivers/STM32F4xx_HAL_Driver/Src/stm32f4xx_hal_rtc.c ****     hrtc->Instance->CR = 0x00000000U;
 1166              		.loc 1 389 24 view .LVU361
 1167 0034 42F20111 		movw	r1, #8449
 1168 0038 5160     		str	r1, [r2, #4]
 390:Drivers/STM32F4xx_HAL_Driver/Src/stm32f4xx_hal_rtc.c ****     hrtc->Instance->WUTR = RTC_WUTR_WUT;
 1169              		.loc 1 390 5 is_stmt 1 view .LVU362
 390:Drivers/STM32F4xx_HAL_Driver/Src/stm32f4xx_hal_rtc.c ****     hrtc->Instance->WUTR = RTC_WUTR_WUT;
 1170              		.loc 1 390 9 is_stmt 0 view .LVU363
 1171 003a 2268     		ldr	r2, [r4]
 390:Drivers/STM32F4xx_HAL_Driver/Src/stm32f4xx_hal_rtc.c ****     hrtc->Instance->WUTR = RTC_WUTR_WUT;
 1172              		.loc 1 390 24 view .LVU364
 1173 003c 9360     		str	r3, [r2, #8]
 391:Drivers/STM32F4xx_HAL_Driver/Src/stm32f4xx_hal_rtc.c ****     hrtc->Instance->PRER = (uint32_t)(RTC_PRER_PREDIV_A | 0x000000FFU);
 1174              		.loc 1 391 5 is_stmt 1 view .LVU365
 391:Drivers/STM32F4xx_HAL_Driver/Src/stm32f4xx_hal_rtc.c ****     hrtc->Instance->PRER = (uint32_t)(RTC_PRER_PREDIV_A | 0x000000FFU);
 1175              		.loc 1 391 9 is_stmt 0 view .LVU366
 1176 003e 2268     		ldr	r2, [r4]
 391:Drivers/STM32F4xx_HAL_Driver/Src/stm32f4xx_hal_rtc.c ****     hrtc->Instance->PRER = (uint32_t)(RTC_PRER_PREDIV_A | 0x000000FFU);
 1177              		.loc 1 391 26 view .LVU367
 1178 0040 4FF6FF71 		movw	r1, #65535
 1179 0044 5161     		str	r1, [r2, #20]
 392:Drivers/STM32F4xx_HAL_Driver/Src/stm32f4xx_hal_rtc.c ****     hrtc->Instance->CALIBR   = 0x00000000U;
 1180              		.loc 1 392 5 is_stmt 1 view .LVU368
 392:Drivers/STM32F4xx_HAL_Driver/Src/stm32f4xx_hal_rtc.c ****     hrtc->Instance->CALIBR   = 0x00000000U;
 1181              		.loc 1 392 9 is_stmt 0 view .LVU369
 1182 0046 2268     		ldr	r2, [r4]
 392:Drivers/STM32F4xx_HAL_Driver/Src/stm32f4xx_hal_rtc.c ****     hrtc->Instance->CALIBR   = 0x00000000U;
 1183              		.loc 1 392 26 view .LVU370
 1184 0048 0E49     		ldr	r1, .L82
 1185 004a 1161     		str	r1, [r2, #16]
 393:Drivers/STM32F4xx_HAL_Driver/Src/stm32f4xx_hal_rtc.c ****     hrtc->Instance->ALRMAR   = 0x00000000U;
 1186              		.loc 1 393 5 is_stmt 1 view .LVU371
 393:Drivers/STM32F4xx_HAL_Driver/Src/stm32f4xx_hal_rtc.c ****     hrtc->Instance->ALRMAR   = 0x00000000U;
 1187              		.loc 1 393 9 is_stmt 0 view .LVU372
 1188 004c 2268     		ldr	r2, [r4]
 393:Drivers/STM32F4xx_HAL_Driver/Src/stm32f4xx_hal_rtc.c ****     hrtc->Instance->ALRMAR   = 0x00000000U;
 1189              		.loc 1 393 30 view .LVU373
 1190 004e 9361     		str	r3, [r2, #24]
 394:Drivers/STM32F4xx_HAL_Driver/Src/stm32f4xx_hal_rtc.c ****     hrtc->Instance->ALRMBR   = 0x00000000U;
 1191              		.loc 1 394 5 is_stmt 1 view .LVU374
 394:Drivers/STM32F4xx_HAL_Driver/Src/stm32f4xx_hal_rtc.c ****     hrtc->Instance->ALRMBR   = 0x00000000U;
 1192              		.loc 1 394 9 is_stmt 0 view .LVU375
 1193 0050 2268     		ldr	r2, [r4]
 394:Drivers/STM32F4xx_HAL_Driver/Src/stm32f4xx_hal_rtc.c ****     hrtc->Instance->ALRMBR   = 0x00000000U;
 1194              		.loc 1 394 30 view .LVU376
 1195 0052 D361     		str	r3, [r2, #28]
 395:Drivers/STM32F4xx_HAL_Driver/Src/stm32f4xx_hal_rtc.c ****     hrtc->Instance->CALR     = 0x00000000U;
 1196              		.loc 1 395 5 is_stmt 1 view .LVU377
 395:Drivers/STM32F4xx_HAL_Driver/Src/stm32f4xx_hal_rtc.c ****     hrtc->Instance->CALR     = 0x00000000U;
 1197              		.loc 1 395 9 is_stmt 0 view .LVU378
 1198 0054 2268     		ldr	r2, [r4]
 395:Drivers/STM32F4xx_HAL_Driver/Src/stm32f4xx_hal_rtc.c ****     hrtc->Instance->CALR     = 0x00000000U;
 1199              		.loc 1 395 30 view .LVU379
 1200 0056 1362     		str	r3, [r2, #32]
 396:Drivers/STM32F4xx_HAL_Driver/Src/stm32f4xx_hal_rtc.c ****     hrtc->Instance->SHIFTR   = 0x00000000U;
ARM GAS  /tmp/ccDzuYuu.s 			page 58


 1201              		.loc 1 396 5 is_stmt 1 view .LVU380
 396:Drivers/STM32F4xx_HAL_Driver/Src/stm32f4xx_hal_rtc.c ****     hrtc->Instance->SHIFTR   = 0x00000000U;
 1202              		.loc 1 396 9 is_stmt 0 view .LVU381
 1203 0058 2268     		ldr	r2, [r4]
 396:Drivers/STM32F4xx_HAL_Driver/Src/stm32f4xx_hal_rtc.c ****     hrtc->Instance->SHIFTR   = 0x00000000U;
 1204              		.loc 1 396 30 view .LVU382
 1205 005a D363     		str	r3, [r2, #60]
 397:Drivers/STM32F4xx_HAL_Driver/Src/stm32f4xx_hal_rtc.c ****     hrtc->Instance->ALRMASSR = 0x00000000U;
 1206              		.loc 1 397 5 is_stmt 1 view .LVU383
 397:Drivers/STM32F4xx_HAL_Driver/Src/stm32f4xx_hal_rtc.c ****     hrtc->Instance->ALRMASSR = 0x00000000U;
 1207              		.loc 1 397 9 is_stmt 0 view .LVU384
 1208 005c 2268     		ldr	r2, [r4]
 397:Drivers/STM32F4xx_HAL_Driver/Src/stm32f4xx_hal_rtc.c ****     hrtc->Instance->ALRMASSR = 0x00000000U;
 1209              		.loc 1 397 30 view .LVU385
 1210 005e D362     		str	r3, [r2, #44]
 398:Drivers/STM32F4xx_HAL_Driver/Src/stm32f4xx_hal_rtc.c ****     hrtc->Instance->ALRMBSSR = 0x00000000U;
 1211              		.loc 1 398 5 is_stmt 1 view .LVU386
 398:Drivers/STM32F4xx_HAL_Driver/Src/stm32f4xx_hal_rtc.c ****     hrtc->Instance->ALRMBSSR = 0x00000000U;
 1212              		.loc 1 398 9 is_stmt 0 view .LVU387
 1213 0060 2268     		ldr	r2, [r4]
 398:Drivers/STM32F4xx_HAL_Driver/Src/stm32f4xx_hal_rtc.c ****     hrtc->Instance->ALRMBSSR = 0x00000000U;
 1214              		.loc 1 398 30 view .LVU388
 1215 0062 5364     		str	r3, [r2, #68]
 399:Drivers/STM32F4xx_HAL_Driver/Src/stm32f4xx_hal_rtc.c **** 
 1216              		.loc 1 399 5 is_stmt 1 view .LVU389
 399:Drivers/STM32F4xx_HAL_Driver/Src/stm32f4xx_hal_rtc.c **** 
 1217              		.loc 1 399 9 is_stmt 0 view .LVU390
 1218 0064 2268     		ldr	r2, [r4]
 399:Drivers/STM32F4xx_HAL_Driver/Src/stm32f4xx_hal_rtc.c **** 
 1219              		.loc 1 399 30 view .LVU391
 1220 0066 9364     		str	r3, [r2, #72]
 402:Drivers/STM32F4xx_HAL_Driver/Src/stm32f4xx_hal_rtc.c ****   }
 1221              		.loc 1 402 5 is_stmt 1 view .LVU392
 402:Drivers/STM32F4xx_HAL_Driver/Src/stm32f4xx_hal_rtc.c ****   }
 1222              		.loc 1 402 14 is_stmt 0 view .LVU393
 1223 0068 2046     		mov	r0, r4
 1224              	.LVL69:
 402:Drivers/STM32F4xx_HAL_Driver/Src/stm32f4xx_hal_rtc.c ****   }
 1225              		.loc 1 402 14 view .LVU394
 1226 006a FFF7FEFF 		bl	RTC_ExitInitMode
 1227              	.LVL70:
 1228 006e 0546     		mov	r5, r0
 1229              	.LVL71:
 402:Drivers/STM32F4xx_HAL_Driver/Src/stm32f4xx_hal_rtc.c ****   }
 1230              		.loc 1 402 14 view .LVU395
 1231 0070 D4E7     		b	.L77
 1232              	.LVL72:
 1233              	.L81:
 411:Drivers/STM32F4xx_HAL_Driver/Src/stm32f4xx_hal_rtc.c **** 
 1234              		.loc 1 411 5 is_stmt 1 view .LVU396
 411:Drivers/STM32F4xx_HAL_Driver/Src/stm32f4xx_hal_rtc.c **** 
 1235              		.loc 1 411 9 is_stmt 0 view .LVU397
 1236 0072 2368     		ldr	r3, [r4]
 411:Drivers/STM32F4xx_HAL_Driver/Src/stm32f4xx_hal_rtc.c **** 
 1237              		.loc 1 411 27 view .LVU398
 1238 0074 0026     		movs	r6, #0
 1239 0076 1E64     		str	r6, [r3, #64]
ARM GAS  /tmp/ccDzuYuu.s 			page 59


 423:Drivers/STM32F4xx_HAL_Driver/Src/stm32f4xx_hal_rtc.c **** #endif /* USE_HAL_RTC_REGISTER_CALLBACKS */
 1240              		.loc 1 423 5 is_stmt 1 view .LVU399
 1241 0078 2046     		mov	r0, r4
 1242 007a FFF7FEFF 		bl	HAL_RTC_MspDeInit
 1243              	.LVL73:
 426:Drivers/STM32F4xx_HAL_Driver/Src/stm32f4xx_hal_rtc.c ****   }
 1244              		.loc 1 426 5 view .LVU400
 426:Drivers/STM32F4xx_HAL_Driver/Src/stm32f4xx_hal_rtc.c ****   }
 1245              		.loc 1 426 17 is_stmt 0 view .LVU401
 1246 007e 6677     		strb	r6, [r4, #29]
 1247 0080 D0E7     		b	.L78
 1248              	.L83:
 1249 0082 00BF     		.align	2
 1250              	.L82:
 1251 0084 FF007F00 		.word	8323327
 1252              		.cfi_endproc
 1253              	.LFE240:
 1255              		.section	.text.RTC_ByteToBcd2,"ax",%progbits
 1256              		.align	1
 1257              		.global	RTC_ByteToBcd2
 1258              		.syntax unified
 1259              		.thumb
 1260              		.thumb_func
 1262              	RTC_ByteToBcd2:
 1263              	.LVL74:
 1264              	.LFB263:
1878:Drivers/STM32F4xx_HAL_Driver/Src/stm32f4xx_hal_rtc.c **** 
1879:Drivers/STM32F4xx_HAL_Driver/Src/stm32f4xx_hal_rtc.c **** /**
1880:Drivers/STM32F4xx_HAL_Driver/Src/stm32f4xx_hal_rtc.c ****   * @brief  Converts a 2-digit number from decimal to BCD format.
1881:Drivers/STM32F4xx_HAL_Driver/Src/stm32f4xx_hal_rtc.c ****   * @param  number decimal-formatted number (from 0 to 99) to be converted
1882:Drivers/STM32F4xx_HAL_Driver/Src/stm32f4xx_hal_rtc.c ****   * @retval Converted byte
1883:Drivers/STM32F4xx_HAL_Driver/Src/stm32f4xx_hal_rtc.c ****   */
1884:Drivers/STM32F4xx_HAL_Driver/Src/stm32f4xx_hal_rtc.c **** uint8_t RTC_ByteToBcd2(uint8_t number)
1885:Drivers/STM32F4xx_HAL_Driver/Src/stm32f4xx_hal_rtc.c **** {
 1265              		.loc 1 1885 1 is_stmt 1 view -0
 1266              		.cfi_startproc
 1267              		@ args = 0, pretend = 0, frame = 0
 1268              		@ frame_needed = 0, uses_anonymous_args = 0
 1269              		@ link register save eliminated.
1886:Drivers/STM32F4xx_HAL_Driver/Src/stm32f4xx_hal_rtc.c ****   uint32_t bcdhigh = 0U;
 1270              		.loc 1 1886 3 view .LVU403
1887:Drivers/STM32F4xx_HAL_Driver/Src/stm32f4xx_hal_rtc.c **** 
1888:Drivers/STM32F4xx_HAL_Driver/Src/stm32f4xx_hal_rtc.c ****   while (number >= 10U)
 1271              		.loc 1 1888 3 view .LVU404
1886:Drivers/STM32F4xx_HAL_Driver/Src/stm32f4xx_hal_rtc.c ****   uint32_t bcdhigh = 0U;
 1272              		.loc 1 1886 12 is_stmt 0 view .LVU405
 1273 0000 0023     		movs	r3, #0
 1274              		.loc 1 1888 9 view .LVU406
 1275 0002 02E0     		b	.L85
 1276              	.LVL75:
 1277              	.L86:
1889:Drivers/STM32F4xx_HAL_Driver/Src/stm32f4xx_hal_rtc.c ****   {
1890:Drivers/STM32F4xx_HAL_Driver/Src/stm32f4xx_hal_rtc.c ****     bcdhigh++;
 1278              		.loc 1 1890 5 is_stmt 1 view .LVU407
 1279              		.loc 1 1890 12 is_stmt 0 view .LVU408
 1280 0004 0133     		adds	r3, r3, #1
 1281              	.LVL76:
ARM GAS  /tmp/ccDzuYuu.s 			page 60


1891:Drivers/STM32F4xx_HAL_Driver/Src/stm32f4xx_hal_rtc.c ****     number -= 10U;
 1282              		.loc 1 1891 5 is_stmt 1 view .LVU409
 1283              		.loc 1 1891 12 is_stmt 0 view .LVU410
 1284 0006 0A38     		subs	r0, r0, #10
 1285              	.LVL77:
 1286              		.loc 1 1891 12 view .LVU411
 1287 0008 C0B2     		uxtb	r0, r0
 1288              	.LVL78:
 1289              	.L85:
1888:Drivers/STM32F4xx_HAL_Driver/Src/stm32f4xx_hal_rtc.c ****   {
 1290              		.loc 1 1888 17 is_stmt 1 view .LVU412
 1291 000a 0928     		cmp	r0, #9
 1292 000c FAD8     		bhi	.L86
1892:Drivers/STM32F4xx_HAL_Driver/Src/stm32f4xx_hal_rtc.c ****   }
1893:Drivers/STM32F4xx_HAL_Driver/Src/stm32f4xx_hal_rtc.c **** 
1894:Drivers/STM32F4xx_HAL_Driver/Src/stm32f4xx_hal_rtc.c ****   return ((uint8_t)(bcdhigh << 4U) | number);
 1293              		.loc 1 1894 3 view .LVU413
 1294              		.loc 1 1894 11 is_stmt 0 view .LVU414
 1295 000e 1B01     		lsls	r3, r3, #4
 1296              	.LVL79:
 1297              		.loc 1 1894 11 view .LVU415
 1298 0010 DBB2     		uxtb	r3, r3
1895:Drivers/STM32F4xx_HAL_Driver/Src/stm32f4xx_hal_rtc.c **** }
 1299              		.loc 1 1895 1 view .LVU416
 1300 0012 1843     		orrs	r0, r0, r3
 1301              	.LVL80:
 1302              		.loc 1 1895 1 view .LVU417
 1303 0014 7047     		bx	lr
 1304              		.cfi_endproc
 1305              	.LFE263:
 1307              		.section	.text.HAL_RTC_SetTime,"ax",%progbits
 1308              		.align	1
 1309              		.global	HAL_RTC_SetTime
 1310              		.syntax unified
 1311              		.thumb
 1312              		.thumb_func
 1314              	HAL_RTC_SetTime:
 1315              	.LVL81:
 1316              	.LFB243:
 707:Drivers/STM32F4xx_HAL_Driver/Src/stm32f4xx_hal_rtc.c ****   uint32_t tmpreg = 0U;
 1317              		.loc 1 707 1 is_stmt 1 view -0
 1318              		.cfi_startproc
 1319              		@ args = 0, pretend = 0, frame = 0
 1320              		@ frame_needed = 0, uses_anonymous_args = 0
 708:Drivers/STM32F4xx_HAL_Driver/Src/stm32f4xx_hal_rtc.c ****   HAL_StatusTypeDef status;
 1321              		.loc 1 708 3 view .LVU419
 709:Drivers/STM32F4xx_HAL_Driver/Src/stm32f4xx_hal_rtc.c **** 
 1322              		.loc 1 709 3 view .LVU420
 712:Drivers/STM32F4xx_HAL_Driver/Src/stm32f4xx_hal_rtc.c ****   assert_param(IS_RTC_DAYLIGHT_SAVING(sTime->DayLightSaving));
 1323              		.loc 1 712 3 view .LVU421
 713:Drivers/STM32F4xx_HAL_Driver/Src/stm32f4xx_hal_rtc.c ****   assert_param(IS_RTC_STORE_OPERATION(sTime->StoreOperation));
 1324              		.loc 1 713 3 view .LVU422
 714:Drivers/STM32F4xx_HAL_Driver/Src/stm32f4xx_hal_rtc.c **** 
 1325              		.loc 1 714 3 view .LVU423
 717:Drivers/STM32F4xx_HAL_Driver/Src/stm32f4xx_hal_rtc.c **** 
 1326              		.loc 1 717 3 view .LVU424
 717:Drivers/STM32F4xx_HAL_Driver/Src/stm32f4xx_hal_rtc.c **** 
ARM GAS  /tmp/ccDzuYuu.s 			page 61


 1327              		.loc 1 717 3 view .LVU425
 1328 0000 037F     		ldrb	r3, [r0, #28]	@ zero_extendqisi2
 1329 0002 012B     		cmp	r3, #1
 1330 0004 5AD0     		beq	.L94
 707:Drivers/STM32F4xx_HAL_Driver/Src/stm32f4xx_hal_rtc.c ****   uint32_t tmpreg = 0U;
 1331              		.loc 1 707 1 is_stmt 0 view .LVU426
 1332 0006 70B5     		push	{r4, r5, r6, lr}
 1333              	.LCFI9:
 1334              		.cfi_def_cfa_offset 16
 1335              		.cfi_offset 4, -16
 1336              		.cfi_offset 5, -12
 1337              		.cfi_offset 6, -8
 1338              		.cfi_offset 14, -4
 1339 0008 0446     		mov	r4, r0
 1340 000a 0E46     		mov	r6, r1
 717:Drivers/STM32F4xx_HAL_Driver/Src/stm32f4xx_hal_rtc.c **** 
 1341              		.loc 1 717 3 is_stmt 1 discriminator 2 view .LVU427
 1342 000c 0123     		movs	r3, #1
 1343 000e 0377     		strb	r3, [r0, #28]
 717:Drivers/STM32F4xx_HAL_Driver/Src/stm32f4xx_hal_rtc.c **** 
 1344              		.loc 1 717 3 view .LVU428
 719:Drivers/STM32F4xx_HAL_Driver/Src/stm32f4xx_hal_rtc.c **** 
 1345              		.loc 1 719 3 view .LVU429
 719:Drivers/STM32F4xx_HAL_Driver/Src/stm32f4xx_hal_rtc.c **** 
 1346              		.loc 1 719 15 is_stmt 0 view .LVU430
 1347 0010 0223     		movs	r3, #2
 1348 0012 4377     		strb	r3, [r0, #29]
 721:Drivers/STM32F4xx_HAL_Driver/Src/stm32f4xx_hal_rtc.c ****   {
 1349              		.loc 1 721 3 is_stmt 1 view .LVU431
 721:Drivers/STM32F4xx_HAL_Driver/Src/stm32f4xx_hal_rtc.c ****   {
 1350              		.loc 1 721 6 is_stmt 0 view .LVU432
 1351 0014 32BB     		cbnz	r2, .L89
 723:Drivers/STM32F4xx_HAL_Driver/Src/stm32f4xx_hal_rtc.c ****     {
 1352              		.loc 1 723 5 is_stmt 1 view .LVU433
 723:Drivers/STM32F4xx_HAL_Driver/Src/stm32f4xx_hal_rtc.c ****     {
 1353              		.loc 1 723 14 is_stmt 0 view .LVU434
 1354 0016 0368     		ldr	r3, [r0]
 723:Drivers/STM32F4xx_HAL_Driver/Src/stm32f4xx_hal_rtc.c ****     {
 1355              		.loc 1 723 24 view .LVU435
 1356 0018 9B68     		ldr	r3, [r3, #8]
 723:Drivers/STM32F4xx_HAL_Driver/Src/stm32f4xx_hal_rtc.c ****     {
 1357              		.loc 1 723 8 view .LVU436
 1358 001a 13F0400F 		tst	r3, #64
 1359 001e 01D1     		bne	.L90
 730:Drivers/STM32F4xx_HAL_Driver/Src/stm32f4xx_hal_rtc.c ****       assert_param(IS_RTC_HOUR24(sTime->Hours));
 1360              		.loc 1 730 7 is_stmt 1 view .LVU437
 730:Drivers/STM32F4xx_HAL_Driver/Src/stm32f4xx_hal_rtc.c ****       assert_param(IS_RTC_HOUR24(sTime->Hours));
 1361              		.loc 1 730 25 is_stmt 0 view .LVU438
 1362 0020 0023     		movs	r3, #0
 1363 0022 CB70     		strb	r3, [r1, #3]
 1364              	.L90:
 731:Drivers/STM32F4xx_HAL_Driver/Src/stm32f4xx_hal_rtc.c ****     }
 1365              		.loc 1 731 7 is_stmt 1 view .LVU439
 733:Drivers/STM32F4xx_HAL_Driver/Src/stm32f4xx_hal_rtc.c ****     assert_param(IS_RTC_SECONDS(sTime->Seconds));
 1366              		.loc 1 733 5 view .LVU440
 734:Drivers/STM32F4xx_HAL_Driver/Src/stm32f4xx_hal_rtc.c **** 
 1367              		.loc 1 734 5 view .LVU441
ARM GAS  /tmp/ccDzuYuu.s 			page 62


 736:Drivers/STM32F4xx_HAL_Driver/Src/stm32f4xx_hal_rtc.c ****                         ( (uint32_t)RTC_ByteToBcd2(sTime->Minutes) << RTC_TR_MNU_Pos) | \
 1368              		.loc 1 736 5 view .LVU442
 736:Drivers/STM32F4xx_HAL_Driver/Src/stm32f4xx_hal_rtc.c ****                         ( (uint32_t)RTC_ByteToBcd2(sTime->Minutes) << RTC_TR_MNU_Pos) | \
 1369              		.loc 1 736 37 is_stmt 0 view .LVU443
 1370 0024 3078     		ldrb	r0, [r6]	@ zero_extendqisi2
 1371              	.LVL82:
 736:Drivers/STM32F4xx_HAL_Driver/Src/stm32f4xx_hal_rtc.c ****                         ( (uint32_t)RTC_ByteToBcd2(sTime->Minutes) << RTC_TR_MNU_Pos) | \
 1372              		.loc 1 736 37 view .LVU444
 1373 0026 FFF7FEFF 		bl	RTC_ByteToBcd2
 1374              	.LVL83:
 736:Drivers/STM32F4xx_HAL_Driver/Src/stm32f4xx_hal_rtc.c ****                         ( (uint32_t)RTC_ByteToBcd2(sTime->Minutes) << RTC_TR_MNU_Pos) | \
 1375              		.loc 1 736 68 discriminator 1 view .LVU445
 1376 002a 0504     		lsls	r5, r0, #16
 737:Drivers/STM32F4xx_HAL_Driver/Src/stm32f4xx_hal_rtc.c ****                         ( (uint32_t)RTC_ByteToBcd2(sTime->Seconds))                   | \
 1377              		.loc 1 737 37 view .LVU446
 1378 002c 7078     		ldrb	r0, [r6, #1]	@ zero_extendqisi2
 1379 002e FFF7FEFF 		bl	RTC_ByteToBcd2
 1380              	.LVL84:
 736:Drivers/STM32F4xx_HAL_Driver/Src/stm32f4xx_hal_rtc.c ****                         ( (uint32_t)RTC_ByteToBcd2(sTime->Minutes) << RTC_TR_MNU_Pos) | \
 1381              		.loc 1 736 87 view .LVU447
 1382 0032 45EA0025 		orr	r5, r5, r0, lsl #8
 738:Drivers/STM32F4xx_HAL_Driver/Src/stm32f4xx_hal_rtc.c ****                         (((uint32_t)sTime->TimeFormat)             << RTC_TR_PM_Pos));
 1383              		.loc 1 738 37 view .LVU448
 1384 0036 B078     		ldrb	r0, [r6, #2]	@ zero_extendqisi2
 1385 0038 FFF7FEFF 		bl	RTC_ByteToBcd2
 1386              	.LVL85:
 737:Drivers/STM32F4xx_HAL_Driver/Src/stm32f4xx_hal_rtc.c ****                         ( (uint32_t)RTC_ByteToBcd2(sTime->Seconds))                   | \
 1387              		.loc 1 737 87 view .LVU449
 1388 003c 0543     		orrs	r5, r5, r0
 739:Drivers/STM32F4xx_HAL_Driver/Src/stm32f4xx_hal_rtc.c ****   }
 1389              		.loc 1 739 42 view .LVU450
 1390 003e F378     		ldrb	r3, [r6, #3]	@ zero_extendqisi2
 736:Drivers/STM32F4xx_HAL_Driver/Src/stm32f4xx_hal_rtc.c ****                         ( (uint32_t)RTC_ByteToBcd2(sTime->Minutes) << RTC_TR_MNU_Pos) | \
 1391              		.loc 1 736 12 view .LVU451
 1392 0040 45EA8355 		orr	r5, r5, r3, lsl #22
 1393              	.LVL86:
 1394              	.L91:
 762:Drivers/STM32F4xx_HAL_Driver/Src/stm32f4xx_hal_rtc.c **** 
 1395              		.loc 1 762 3 is_stmt 1 view .LVU452
 762:Drivers/STM32F4xx_HAL_Driver/Src/stm32f4xx_hal_rtc.c **** 
 1396              		.loc 1 762 3 view .LVU453
 1397 0044 2368     		ldr	r3, [r4]
 1398 0046 CA22     		movs	r2, #202
 1399 0048 5A62     		str	r2, [r3, #36]
 762:Drivers/STM32F4xx_HAL_Driver/Src/stm32f4xx_hal_rtc.c **** 
 1400              		.loc 1 762 3 view .LVU454
 1401 004a 2368     		ldr	r3, [r4]
 1402 004c 5322     		movs	r2, #83
 1403 004e 5A62     		str	r2, [r3, #36]
 762:Drivers/STM32F4xx_HAL_Driver/Src/stm32f4xx_hal_rtc.c **** 
 1404              		.loc 1 762 3 view .LVU455
 765:Drivers/STM32F4xx_HAL_Driver/Src/stm32f4xx_hal_rtc.c **** 
 1405              		.loc 1 765 3 view .LVU456
 765:Drivers/STM32F4xx_HAL_Driver/Src/stm32f4xx_hal_rtc.c **** 
 1406              		.loc 1 765 12 is_stmt 0 view .LVU457
 1407 0050 2046     		mov	r0, r4
 1408 0052 FFF7FEFF 		bl	RTC_EnterInitMode
ARM GAS  /tmp/ccDzuYuu.s 			page 63


 1409              	.LVL87:
 767:Drivers/STM32F4xx_HAL_Driver/Src/stm32f4xx_hal_rtc.c ****   {
 1410              		.loc 1 767 3 is_stmt 1 view .LVU458
 767:Drivers/STM32F4xx_HAL_Driver/Src/stm32f4xx_hal_rtc.c ****   {
 1411              		.loc 1 767 6 is_stmt 0 view .LVU459
 1412 0056 B8B1     		cbz	r0, .L99
 1413              	.LVL88:
 1414              	.L93:
 788:Drivers/STM32F4xx_HAL_Driver/Src/stm32f4xx_hal_rtc.c **** 
 1415              		.loc 1 788 3 is_stmt 1 view .LVU460
 788:Drivers/STM32F4xx_HAL_Driver/Src/stm32f4xx_hal_rtc.c **** 
 1416              		.loc 1 788 3 view .LVU461
 1417 0058 2368     		ldr	r3, [r4]
 1418 005a FF22     		movs	r2, #255
 1419 005c 5A62     		str	r2, [r3, #36]
 788:Drivers/STM32F4xx_HAL_Driver/Src/stm32f4xx_hal_rtc.c **** 
 1420              		.loc 1 788 3 view .LVU462
 791:Drivers/STM32F4xx_HAL_Driver/Src/stm32f4xx_hal_rtc.c **** 
 1421              		.loc 1 791 3 view .LVU463
 791:Drivers/STM32F4xx_HAL_Driver/Src/stm32f4xx_hal_rtc.c **** 
 1422              		.loc 1 791 3 view .LVU464
 1423 005e 0023     		movs	r3, #0
 1424 0060 2377     		strb	r3, [r4, #28]
 791:Drivers/STM32F4xx_HAL_Driver/Src/stm32f4xx_hal_rtc.c **** 
 1425              		.loc 1 791 3 view .LVU465
 793:Drivers/STM32F4xx_HAL_Driver/Src/stm32f4xx_hal_rtc.c **** }
 1426              		.loc 1 793 3 view .LVU466
 794:Drivers/STM32F4xx_HAL_Driver/Src/stm32f4xx_hal_rtc.c **** 
 1427              		.loc 1 794 1 is_stmt 0 view .LVU467
 1428 0062 70BD     		pop	{r4, r5, r6, pc}
 1429              	.LVL89:
 1430              	.L89:
 743:Drivers/STM32F4xx_HAL_Driver/Src/stm32f4xx_hal_rtc.c ****     {
 1431              		.loc 1 743 5 is_stmt 1 view .LVU468
 743:Drivers/STM32F4xx_HAL_Driver/Src/stm32f4xx_hal_rtc.c ****     {
 1432              		.loc 1 743 14 is_stmt 0 view .LVU469
 1433 0064 0368     		ldr	r3, [r0]
 743:Drivers/STM32F4xx_HAL_Driver/Src/stm32f4xx_hal_rtc.c ****     {
 1434              		.loc 1 743 24 view .LVU470
 1435 0066 9B68     		ldr	r3, [r3, #8]
 743:Drivers/STM32F4xx_HAL_Driver/Src/stm32f4xx_hal_rtc.c ****     {
 1436              		.loc 1 743 8 view .LVU471
 1437 0068 13F0400F 		tst	r3, #64
 1438 006c 01D1     		bne	.L92
 750:Drivers/STM32F4xx_HAL_Driver/Src/stm32f4xx_hal_rtc.c ****       assert_param(IS_RTC_HOUR24(RTC_Bcd2ToByte(sTime->Hours)));
 1439              		.loc 1 750 7 is_stmt 1 view .LVU472
 750:Drivers/STM32F4xx_HAL_Driver/Src/stm32f4xx_hal_rtc.c ****       assert_param(IS_RTC_HOUR24(RTC_Bcd2ToByte(sTime->Hours)));
 1440              		.loc 1 750 25 is_stmt 0 view .LVU473
 1441 006e 0023     		movs	r3, #0
 1442 0070 CB70     		strb	r3, [r1, #3]
 1443              	.L92:
 751:Drivers/STM32F4xx_HAL_Driver/Src/stm32f4xx_hal_rtc.c ****     }
 1444              		.loc 1 751 7 is_stmt 1 view .LVU474
 753:Drivers/STM32F4xx_HAL_Driver/Src/stm32f4xx_hal_rtc.c ****     assert_param(IS_RTC_SECONDS(RTC_Bcd2ToByte(sTime->Seconds)));
 1445              		.loc 1 753 5 view .LVU475
 754:Drivers/STM32F4xx_HAL_Driver/Src/stm32f4xx_hal_rtc.c ****     tmpreg = (((uint32_t)(sTime->Hours)      << RTC_TR_HU_Pos)  | \
 1446              		.loc 1 754 5 view .LVU476
ARM GAS  /tmp/ccDzuYuu.s 			page 64


 755:Drivers/STM32F4xx_HAL_Driver/Src/stm32f4xx_hal_rtc.c ****               ((uint32_t)(sTime->Minutes)    << RTC_TR_MNU_Pos) | \
 1447              		.loc 1 755 5 view .LVU477
 755:Drivers/STM32F4xx_HAL_Driver/Src/stm32f4xx_hal_rtc.c ****               ((uint32_t)(sTime->Minutes)    << RTC_TR_MNU_Pos) | \
 1448              		.loc 1 755 32 is_stmt 0 view .LVU478
 1449 0072 3378     		ldrb	r3, [r6]	@ zero_extendqisi2
 756:Drivers/STM32F4xx_HAL_Driver/Src/stm32f4xx_hal_rtc.c ****               ((uint32_t) sTime->Seconds)                       | \
 1450              		.loc 1 756 32 view .LVU479
 1451 0074 7578     		ldrb	r5, [r6, #1]	@ zero_extendqisi2
 756:Drivers/STM32F4xx_HAL_Driver/Src/stm32f4xx_hal_rtc.c ****               ((uint32_t) sTime->Seconds)                       | \
 1452              		.loc 1 756 46 view .LVU480
 1453 0076 2D02     		lsls	r5, r5, #8
 755:Drivers/STM32F4xx_HAL_Driver/Src/stm32f4xx_hal_rtc.c ****               ((uint32_t)(sTime->Minutes)    << RTC_TR_MNU_Pos) | \
 1454              		.loc 1 755 65 view .LVU481
 1455 0078 45EA0345 		orr	r5, r5, r3, lsl #16
 757:Drivers/STM32F4xx_HAL_Driver/Src/stm32f4xx_hal_rtc.c ****               ((uint32_t)(sTime->TimeFormat) << RTC_TR_PM_Pos));
 1456              		.loc 1 757 32 view .LVU482
 1457 007c B378     		ldrb	r3, [r6, #2]	@ zero_extendqisi2
 756:Drivers/STM32F4xx_HAL_Driver/Src/stm32f4xx_hal_rtc.c ****               ((uint32_t) sTime->Seconds)                       | \
 1458              		.loc 1 756 65 view .LVU483
 1459 007e 1D43     		orrs	r5, r5, r3
 758:Drivers/STM32F4xx_HAL_Driver/Src/stm32f4xx_hal_rtc.c ****   }
 1460              		.loc 1 758 32 view .LVU484
 1461 0080 F378     		ldrb	r3, [r6, #3]	@ zero_extendqisi2
 755:Drivers/STM32F4xx_HAL_Driver/Src/stm32f4xx_hal_rtc.c ****               ((uint32_t)(sTime->Minutes)    << RTC_TR_MNU_Pos) | \
 1462              		.loc 1 755 12 view .LVU485
 1463 0082 45EA8355 		orr	r5, r5, r3, lsl #22
 1464 0086 DDE7     		b	.L91
 1465              	.LVL90:
 1466              	.L99:
 770:Drivers/STM32F4xx_HAL_Driver/Src/stm32f4xx_hal_rtc.c **** 
 1467              		.loc 1 770 5 is_stmt 1 view .LVU486
 770:Drivers/STM32F4xx_HAL_Driver/Src/stm32f4xx_hal_rtc.c **** 
 1468              		.loc 1 770 9 is_stmt 0 view .LVU487
 1469 0088 2368     		ldr	r3, [r4]
 770:Drivers/STM32F4xx_HAL_Driver/Src/stm32f4xx_hal_rtc.c **** 
 1470              		.loc 1 770 26 view .LVU488
 1471 008a 05F07F35 		and	r5, r5, #2139062143
 1472              	.LVL91:
 770:Drivers/STM32F4xx_HAL_Driver/Src/stm32f4xx_hal_rtc.c **** 
 1473              		.loc 1 770 26 view .LVU489
 1474 008e 25F0FE45 		bic	r5, r5, #2130706432
 770:Drivers/STM32F4xx_HAL_Driver/Src/stm32f4xx_hal_rtc.c **** 
 1475              		.loc 1 770 24 view .LVU490
 1476 0092 1D60     		str	r5, [r3]
 773:Drivers/STM32F4xx_HAL_Driver/Src/stm32f4xx_hal_rtc.c **** 
 1477              		.loc 1 773 5 is_stmt 1 view .LVU491
 773:Drivers/STM32F4xx_HAL_Driver/Src/stm32f4xx_hal_rtc.c **** 
 1478              		.loc 1 773 9 is_stmt 0 view .LVU492
 1479 0094 2268     		ldr	r2, [r4]
 773:Drivers/STM32F4xx_HAL_Driver/Src/stm32f4xx_hal_rtc.c **** 
 1480              		.loc 1 773 19 view .LVU493
 1481 0096 9368     		ldr	r3, [r2, #8]
 773:Drivers/STM32F4xx_HAL_Driver/Src/stm32f4xx_hal_rtc.c **** 
 1482              		.loc 1 773 24 view .LVU494
 1483 0098 23F48023 		bic	r3, r3, #262144
 1484 009c 9360     		str	r3, [r2, #8]
 776:Drivers/STM32F4xx_HAL_Driver/Src/stm32f4xx_hal_rtc.c **** 
ARM GAS  /tmp/ccDzuYuu.s 			page 65


 1485              		.loc 1 776 5 is_stmt 1 view .LVU495
 776:Drivers/STM32F4xx_HAL_Driver/Src/stm32f4xx_hal_rtc.c **** 
 1486              		.loc 1 776 9 is_stmt 0 view .LVU496
 1487 009e 2168     		ldr	r1, [r4]
 776:Drivers/STM32F4xx_HAL_Driver/Src/stm32f4xx_hal_rtc.c **** 
 1488              		.loc 1 776 19 view .LVU497
 1489 00a0 8B68     		ldr	r3, [r1, #8]
 776:Drivers/STM32F4xx_HAL_Driver/Src/stm32f4xx_hal_rtc.c **** 
 1490              		.loc 1 776 43 view .LVU498
 1491 00a2 F268     		ldr	r2, [r6, #12]
 776:Drivers/STM32F4xx_HAL_Driver/Src/stm32f4xx_hal_rtc.c **** 
 1492              		.loc 1 776 67 view .LVU499
 1493 00a4 3069     		ldr	r0, [r6, #16]
 1494              	.LVL92:
 776:Drivers/STM32F4xx_HAL_Driver/Src/stm32f4xx_hal_rtc.c **** 
 1495              		.loc 1 776 60 view .LVU500
 1496 00a6 0243     		orrs	r2, r2, r0
 776:Drivers/STM32F4xx_HAL_Driver/Src/stm32f4xx_hal_rtc.c **** 
 1497              		.loc 1 776 24 view .LVU501
 1498 00a8 1343     		orrs	r3, r3, r2
 1499 00aa 8B60     		str	r3, [r1, #8]
 779:Drivers/STM32F4xx_HAL_Driver/Src/stm32f4xx_hal_rtc.c ****   }
 1500              		.loc 1 779 5 is_stmt 1 view .LVU502
 779:Drivers/STM32F4xx_HAL_Driver/Src/stm32f4xx_hal_rtc.c ****   }
 1501              		.loc 1 779 14 is_stmt 0 view .LVU503
 1502 00ac 2046     		mov	r0, r4
 1503 00ae FFF7FEFF 		bl	RTC_ExitInitMode
 1504              	.LVL93:
 782:Drivers/STM32F4xx_HAL_Driver/Src/stm32f4xx_hal_rtc.c ****   {
 1505              		.loc 1 782 3 is_stmt 1 view .LVU504
 782:Drivers/STM32F4xx_HAL_Driver/Src/stm32f4xx_hal_rtc.c ****   {
 1506              		.loc 1 782 6 is_stmt 0 view .LVU505
 1507 00b2 0028     		cmp	r0, #0
 1508 00b4 D0D1     		bne	.L93
 784:Drivers/STM32F4xx_HAL_Driver/Src/stm32f4xx_hal_rtc.c ****   }
 1509              		.loc 1 784 5 is_stmt 1 view .LVU506
 784:Drivers/STM32F4xx_HAL_Driver/Src/stm32f4xx_hal_rtc.c ****   }
 1510              		.loc 1 784 17 is_stmt 0 view .LVU507
 1511 00b6 0123     		movs	r3, #1
 1512 00b8 6377     		strb	r3, [r4, #29]
 1513 00ba CDE7     		b	.L93
 1514              	.LVL94:
 1515              	.L94:
 1516              	.LCFI10:
 1517              		.cfi_def_cfa_offset 0
 1518              		.cfi_restore 4
 1519              		.cfi_restore 5
 1520              		.cfi_restore 6
 1521              		.cfi_restore 14
 717:Drivers/STM32F4xx_HAL_Driver/Src/stm32f4xx_hal_rtc.c **** 
 1522              		.loc 1 717 3 discriminator 1 view .LVU508
 1523 00bc 0220     		movs	r0, #2
 1524              	.LVL95:
 794:Drivers/STM32F4xx_HAL_Driver/Src/stm32f4xx_hal_rtc.c **** 
 1525              		.loc 1 794 1 view .LVU509
 1526 00be 7047     		bx	lr
 1527              		.cfi_endproc
ARM GAS  /tmp/ccDzuYuu.s 			page 66


 1528              	.LFE243:
 1530              		.section	.text.HAL_RTC_SetDate,"ax",%progbits
 1531              		.align	1
 1532              		.global	HAL_RTC_SetDate
 1533              		.syntax unified
 1534              		.thumb
 1535              		.thumb_func
 1537              	HAL_RTC_SetDate:
 1538              	.LVL96:
 1539              	.LFB245:
 866:Drivers/STM32F4xx_HAL_Driver/Src/stm32f4xx_hal_rtc.c ****   uint32_t datetmpreg = 0U;
 1540              		.loc 1 866 1 is_stmt 1 view -0
 1541              		.cfi_startproc
 1542              		@ args = 0, pretend = 0, frame = 0
 1543              		@ frame_needed = 0, uses_anonymous_args = 0
 867:Drivers/STM32F4xx_HAL_Driver/Src/stm32f4xx_hal_rtc.c ****   HAL_StatusTypeDef status;
 1544              		.loc 1 867 3 view .LVU511
 868:Drivers/STM32F4xx_HAL_Driver/Src/stm32f4xx_hal_rtc.c **** 
 1545              		.loc 1 868 3 view .LVU512
 871:Drivers/STM32F4xx_HAL_Driver/Src/stm32f4xx_hal_rtc.c **** 
 1546              		.loc 1 871 3 view .LVU513
 874:Drivers/STM32F4xx_HAL_Driver/Src/stm32f4xx_hal_rtc.c **** 
 1547              		.loc 1 874 3 view .LVU514
 874:Drivers/STM32F4xx_HAL_Driver/Src/stm32f4xx_hal_rtc.c **** 
 1548              		.loc 1 874 3 view .LVU515
 1549 0000 037F     		ldrb	r3, [r0, #28]	@ zero_extendqisi2
 1550 0002 012B     		cmp	r3, #1
 1551 0004 48D0     		beq	.L106
 866:Drivers/STM32F4xx_HAL_Driver/Src/stm32f4xx_hal_rtc.c ****   uint32_t datetmpreg = 0U;
 1552              		.loc 1 866 1 is_stmt 0 view .LVU516
 1553 0006 70B5     		push	{r4, r5, r6, lr}
 1554              	.LCFI11:
 1555              		.cfi_def_cfa_offset 16
 1556              		.cfi_offset 4, -16
 1557              		.cfi_offset 5, -12
 1558              		.cfi_offset 6, -8
 1559              		.cfi_offset 14, -4
 1560 0008 0446     		mov	r4, r0
 1561 000a 0E46     		mov	r6, r1
 874:Drivers/STM32F4xx_HAL_Driver/Src/stm32f4xx_hal_rtc.c **** 
 1562              		.loc 1 874 3 is_stmt 1 discriminator 2 view .LVU517
 1563 000c 0123     		movs	r3, #1
 1564 000e 0377     		strb	r3, [r0, #28]
 874:Drivers/STM32F4xx_HAL_Driver/Src/stm32f4xx_hal_rtc.c **** 
 1565              		.loc 1 874 3 view .LVU518
 876:Drivers/STM32F4xx_HAL_Driver/Src/stm32f4xx_hal_rtc.c **** 
 1566              		.loc 1 876 3 view .LVU519
 876:Drivers/STM32F4xx_HAL_Driver/Src/stm32f4xx_hal_rtc.c **** 
 1567              		.loc 1 876 15 is_stmt 0 view .LVU520
 1568 0010 0223     		movs	r3, #2
 1569 0012 4377     		strb	r3, [r0, #29]
 878:Drivers/STM32F4xx_HAL_Driver/Src/stm32f4xx_hal_rtc.c ****   {
 1570              		.loc 1 878 3 is_stmt 1 view .LVU521
 878:Drivers/STM32F4xx_HAL_Driver/Src/stm32f4xx_hal_rtc.c ****   {
 1571              		.loc 1 878 6 is_stmt 0 view .LVU522
 1572 0014 CAB1     		cbz	r2, .L102
 883:Drivers/STM32F4xx_HAL_Driver/Src/stm32f4xx_hal_rtc.c **** 
ARM GAS  /tmp/ccDzuYuu.s 			page 67


 1573              		.loc 1 883 3 is_stmt 1 view .LVU523
 885:Drivers/STM32F4xx_HAL_Driver/Src/stm32f4xx_hal_rtc.c ****   {
 1574              		.loc 1 885 3 view .LVU524
 898:Drivers/STM32F4xx_HAL_Driver/Src/stm32f4xx_hal_rtc.c ****     assert_param(IS_RTC_MONTH(RTC_Bcd2ToByte(sDate->Month)));
 1575              		.loc 1 898 5 view .LVU525
 899:Drivers/STM32F4xx_HAL_Driver/Src/stm32f4xx_hal_rtc.c ****     assert_param(IS_RTC_DATE(RTC_Bcd2ToByte(sDate->Date)));
 1576              		.loc 1 899 5 view .LVU526
 900:Drivers/STM32F4xx_HAL_Driver/Src/stm32f4xx_hal_rtc.c **** 
 1577              		.loc 1 900 5 view .LVU527
 902:Drivers/STM32F4xx_HAL_Driver/Src/stm32f4xx_hal_rtc.c ****                   (((uint32_t)sDate->Month)   << RTC_DR_MU_Pos) | \
 1578              		.loc 1 902 5 view .LVU528
 902:Drivers/STM32F4xx_HAL_Driver/Src/stm32f4xx_hal_rtc.c ****                   (((uint32_t)sDate->Month)   << RTC_DR_MU_Pos) | \
 1579              		.loc 1 902 36 is_stmt 0 view .LVU529
 1580 0016 CB78     		ldrb	r3, [r1, #3]	@ zero_extendqisi2
 903:Drivers/STM32F4xx_HAL_Driver/Src/stm32f4xx_hal_rtc.c ****                   ((uint32_t) sDate->Date)                      | \
 1581              		.loc 1 903 36 view .LVU530
 1582 0018 4D78     		ldrb	r5, [r1, #1]	@ zero_extendqisi2
 903:Drivers/STM32F4xx_HAL_Driver/Src/stm32f4xx_hal_rtc.c ****                   ((uint32_t) sDate->Date)                      | \
 1583              		.loc 1 903 47 view .LVU531
 1584 001a 2D02     		lsls	r5, r5, #8
 902:Drivers/STM32F4xx_HAL_Driver/Src/stm32f4xx_hal_rtc.c ****                   (((uint32_t)sDate->Month)   << RTC_DR_MU_Pos) | \
 1585              		.loc 1 902 65 view .LVU532
 1586 001c 45EA0345 		orr	r5, r5, r3, lsl #16
 904:Drivers/STM32F4xx_HAL_Driver/Src/stm32f4xx_hal_rtc.c ****                   (((uint32_t)sDate->WeekDay) << RTC_DR_WDU_Pos));
 1587              		.loc 1 904 36 view .LVU533
 1588 0020 8B78     		ldrb	r3, [r1, #2]	@ zero_extendqisi2
 903:Drivers/STM32F4xx_HAL_Driver/Src/stm32f4xx_hal_rtc.c ****                   ((uint32_t) sDate->Date)                      | \
 1589              		.loc 1 903 65 view .LVU534
 1590 0022 1D43     		orrs	r5, r5, r3
 905:Drivers/STM32F4xx_HAL_Driver/Src/stm32f4xx_hal_rtc.c ****   }
 1591              		.loc 1 905 36 view .LVU535
 1592 0024 0B78     		ldrb	r3, [r1]	@ zero_extendqisi2
 902:Drivers/STM32F4xx_HAL_Driver/Src/stm32f4xx_hal_rtc.c ****                   (((uint32_t)sDate->Month)   << RTC_DR_MU_Pos) | \
 1593              		.loc 1 902 16 view .LVU536
 1594 0026 45EA4335 		orr	r5, r5, r3, lsl #13
 1595              	.LVL97:
 1596              	.L103:
 909:Drivers/STM32F4xx_HAL_Driver/Src/stm32f4xx_hal_rtc.c **** 
 1597              		.loc 1 909 3 is_stmt 1 view .LVU537
 909:Drivers/STM32F4xx_HAL_Driver/Src/stm32f4xx_hal_rtc.c **** 
 1598              		.loc 1 909 3 view .LVU538
 1599 002a 2368     		ldr	r3, [r4]
 1600 002c CA22     		movs	r2, #202
 1601 002e 5A62     		str	r2, [r3, #36]
 909:Drivers/STM32F4xx_HAL_Driver/Src/stm32f4xx_hal_rtc.c **** 
 1602              		.loc 1 909 3 view .LVU539
 1603 0030 2368     		ldr	r3, [r4]
 1604 0032 5322     		movs	r2, #83
 1605 0034 5A62     		str	r2, [r3, #36]
 909:Drivers/STM32F4xx_HAL_Driver/Src/stm32f4xx_hal_rtc.c **** 
 1606              		.loc 1 909 3 view .LVU540
 912:Drivers/STM32F4xx_HAL_Driver/Src/stm32f4xx_hal_rtc.c **** 
 1607              		.loc 1 912 3 view .LVU541
 912:Drivers/STM32F4xx_HAL_Driver/Src/stm32f4xx_hal_rtc.c **** 
 1608              		.loc 1 912 12 is_stmt 0 view .LVU542
 1609 0036 2046     		mov	r0, r4
 1610 0038 FFF7FEFF 		bl	RTC_EnterInitMode
ARM GAS  /tmp/ccDzuYuu.s 			page 68


 1611              	.LVL98:
 914:Drivers/STM32F4xx_HAL_Driver/Src/stm32f4xx_hal_rtc.c ****   {
 1612              		.loc 1 914 3 is_stmt 1 view .LVU543
 914:Drivers/STM32F4xx_HAL_Driver/Src/stm32f4xx_hal_rtc.c ****   {
 1613              		.loc 1 914 6 is_stmt 0 view .LVU544
 1614 003c F0B1     		cbz	r0, .L111
 1615              	.LVL99:
 1616              	.L105:
 929:Drivers/STM32F4xx_HAL_Driver/Src/stm32f4xx_hal_rtc.c **** 
 1617              		.loc 1 929 3 is_stmt 1 view .LVU545
 929:Drivers/STM32F4xx_HAL_Driver/Src/stm32f4xx_hal_rtc.c **** 
 1618              		.loc 1 929 3 view .LVU546
 1619 003e 2368     		ldr	r3, [r4]
 1620 0040 FF22     		movs	r2, #255
 1621 0042 5A62     		str	r2, [r3, #36]
 929:Drivers/STM32F4xx_HAL_Driver/Src/stm32f4xx_hal_rtc.c **** 
 1622              		.loc 1 929 3 view .LVU547
 932:Drivers/STM32F4xx_HAL_Driver/Src/stm32f4xx_hal_rtc.c **** 
 1623              		.loc 1 932 3 view .LVU548
 932:Drivers/STM32F4xx_HAL_Driver/Src/stm32f4xx_hal_rtc.c **** 
 1624              		.loc 1 932 3 view .LVU549
 1625 0044 0023     		movs	r3, #0
 1626 0046 2377     		strb	r3, [r4, #28]
 932:Drivers/STM32F4xx_HAL_Driver/Src/stm32f4xx_hal_rtc.c **** 
 1627              		.loc 1 932 3 view .LVU550
 934:Drivers/STM32F4xx_HAL_Driver/Src/stm32f4xx_hal_rtc.c **** }
 1628              		.loc 1 934 3 view .LVU551
 935:Drivers/STM32F4xx_HAL_Driver/Src/stm32f4xx_hal_rtc.c **** 
 1629              		.loc 1 935 1 is_stmt 0 view .LVU552
 1630 0048 70BD     		pop	{r4, r5, r6, pc}
 1631              	.LVL100:
 1632              	.L102:
 878:Drivers/STM32F4xx_HAL_Driver/Src/stm32f4xx_hal_rtc.c ****   {
 1633              		.loc 1 878 44 discriminator 1 view .LVU553
 1634 004a 4B78     		ldrb	r3, [r1, #1]	@ zero_extendqisi2
 878:Drivers/STM32F4xx_HAL_Driver/Src/stm32f4xx_hal_rtc.c ****   {
 1635              		.loc 1 878 34 discriminator 1 view .LVU554
 1636 004c 13F0100F 		tst	r3, #16
 1637 0050 03D0     		beq	.L104
 880:Drivers/STM32F4xx_HAL_Driver/Src/stm32f4xx_hal_rtc.c ****   }
 1638              		.loc 1 880 5 is_stmt 1 view .LVU555
 880:Drivers/STM32F4xx_HAL_Driver/Src/stm32f4xx_hal_rtc.c ****   }
 1639              		.loc 1 880 44 is_stmt 0 view .LVU556
 1640 0052 03F0EF03 		and	r3, r3, #239
 880:Drivers/STM32F4xx_HAL_Driver/Src/stm32f4xx_hal_rtc.c ****   }
 1641              		.loc 1 880 20 view .LVU557
 1642 0056 0A33     		adds	r3, r3, #10
 880:Drivers/STM32F4xx_HAL_Driver/Src/stm32f4xx_hal_rtc.c ****   }
 1643              		.loc 1 880 18 view .LVU558
 1644 0058 4B70     		strb	r3, [r1, #1]
 1645              	.L104:
 883:Drivers/STM32F4xx_HAL_Driver/Src/stm32f4xx_hal_rtc.c **** 
 1646              		.loc 1 883 3 is_stmt 1 view .LVU559
 885:Drivers/STM32F4xx_HAL_Driver/Src/stm32f4xx_hal_rtc.c ****   {
 1647              		.loc 1 885 3 view .LVU560
 887:Drivers/STM32F4xx_HAL_Driver/Src/stm32f4xx_hal_rtc.c ****     assert_param(IS_RTC_MONTH(sDate->Month));
 1648              		.loc 1 887 5 view .LVU561
ARM GAS  /tmp/ccDzuYuu.s 			page 69


 888:Drivers/STM32F4xx_HAL_Driver/Src/stm32f4xx_hal_rtc.c ****     assert_param(IS_RTC_DATE(sDate->Date));
 1649              		.loc 1 888 5 view .LVU562
 889:Drivers/STM32F4xx_HAL_Driver/Src/stm32f4xx_hal_rtc.c **** 
 1650              		.loc 1 889 5 view .LVU563
 891:Drivers/STM32F4xx_HAL_Driver/Src/stm32f4xx_hal_rtc.c ****                   ((uint32_t)RTC_ByteToBcd2(sDate->Month) << RTC_DR_MU_Pos) | \
 1651              		.loc 1 891 5 view .LVU564
 891:Drivers/STM32F4xx_HAL_Driver/Src/stm32f4xx_hal_rtc.c ****                   ((uint32_t)RTC_ByteToBcd2(sDate->Month) << RTC_DR_MU_Pos) | \
 1652              		.loc 1 891 30 is_stmt 0 view .LVU565
 1653 005a F078     		ldrb	r0, [r6, #3]	@ zero_extendqisi2
 1654              	.LVL101:
 891:Drivers/STM32F4xx_HAL_Driver/Src/stm32f4xx_hal_rtc.c ****                   ((uint32_t)RTC_ByteToBcd2(sDate->Month) << RTC_DR_MU_Pos) | \
 1655              		.loc 1 891 30 view .LVU566
 1656 005c FFF7FEFF 		bl	RTC_ByteToBcd2
 1657              	.LVL102:
 891:Drivers/STM32F4xx_HAL_Driver/Src/stm32f4xx_hal_rtc.c ****                   ((uint32_t)RTC_ByteToBcd2(sDate->Month) << RTC_DR_MU_Pos) | \
 1658              		.loc 1 891 59 discriminator 1 view .LVU567
 1659 0060 0504     		lsls	r5, r0, #16
 892:Drivers/STM32F4xx_HAL_Driver/Src/stm32f4xx_hal_rtc.c ****                   ((uint32_t)RTC_ByteToBcd2(sDate->Date))                   | \
 1660              		.loc 1 892 30 view .LVU568
 1661 0062 7078     		ldrb	r0, [r6, #1]	@ zero_extendqisi2
 1662 0064 FFF7FEFF 		bl	RTC_ByteToBcd2
 1663              	.LVL103:
 891:Drivers/STM32F4xx_HAL_Driver/Src/stm32f4xx_hal_rtc.c ****                   ((uint32_t)RTC_ByteToBcd2(sDate->Month) << RTC_DR_MU_Pos) | \
 1664              		.loc 1 891 77 view .LVU569
 1665 0068 45EA0025 		orr	r5, r5, r0, lsl #8
 893:Drivers/STM32F4xx_HAL_Driver/Src/stm32f4xx_hal_rtc.c ****                   ((uint32_t)sDate->WeekDay               << RTC_DR_WDU_Pos));
 1666              		.loc 1 893 30 view .LVU570
 1667 006c B078     		ldrb	r0, [r6, #2]	@ zero_extendqisi2
 1668 006e FFF7FEFF 		bl	RTC_ByteToBcd2
 1669              	.LVL104:
 892:Drivers/STM32F4xx_HAL_Driver/Src/stm32f4xx_hal_rtc.c ****                   ((uint32_t)RTC_ByteToBcd2(sDate->Date))                   | \
 1670              		.loc 1 892 77 view .LVU571
 1671 0072 0543     		orrs	r5, r5, r0
 894:Drivers/STM32F4xx_HAL_Driver/Src/stm32f4xx_hal_rtc.c ****   }
 1672              		.loc 1 894 35 view .LVU572
 1673 0074 3378     		ldrb	r3, [r6]	@ zero_extendqisi2
 891:Drivers/STM32F4xx_HAL_Driver/Src/stm32f4xx_hal_rtc.c ****                   ((uint32_t)RTC_ByteToBcd2(sDate->Month) << RTC_DR_MU_Pos) | \
 1674              		.loc 1 891 16 view .LVU573
 1675 0076 45EA4335 		orr	r5, r5, r3, lsl #13
 1676 007a D6E7     		b	.L103
 1677              	.LVL105:
 1678              	.L111:
 917:Drivers/STM32F4xx_HAL_Driver/Src/stm32f4xx_hal_rtc.c **** 
 1679              		.loc 1 917 5 is_stmt 1 view .LVU574
 917:Drivers/STM32F4xx_HAL_Driver/Src/stm32f4xx_hal_rtc.c **** 
 1680              		.loc 1 917 9 is_stmt 0 view .LVU575
 1681 007c 2368     		ldr	r3, [r4]
 917:Drivers/STM32F4xx_HAL_Driver/Src/stm32f4xx_hal_rtc.c **** 
 1682              		.loc 1 917 26 view .LVU576
 1683 007e 25F07F45 		bic	r5, r5, #-16777216
 1684              	.LVL106:
 917:Drivers/STM32F4xx_HAL_Driver/Src/stm32f4xx_hal_rtc.c **** 
 1685              		.loc 1 917 26 view .LVU577
 1686 0082 25F0C005 		bic	r5, r5, #192
 917:Drivers/STM32F4xx_HAL_Driver/Src/stm32f4xx_hal_rtc.c **** 
 1687              		.loc 1 917 24 view .LVU578
 1688 0086 5D60     		str	r5, [r3, #4]
ARM GAS  /tmp/ccDzuYuu.s 			page 70


 920:Drivers/STM32F4xx_HAL_Driver/Src/stm32f4xx_hal_rtc.c ****   }
 1689              		.loc 1 920 5 is_stmt 1 view .LVU579
 920:Drivers/STM32F4xx_HAL_Driver/Src/stm32f4xx_hal_rtc.c ****   }
 1690              		.loc 1 920 14 is_stmt 0 view .LVU580
 1691 0088 2046     		mov	r0, r4
 1692              	.LVL107:
 920:Drivers/STM32F4xx_HAL_Driver/Src/stm32f4xx_hal_rtc.c ****   }
 1693              		.loc 1 920 14 view .LVU581
 1694 008a FFF7FEFF 		bl	RTC_ExitInitMode
 1695              	.LVL108:
 923:Drivers/STM32F4xx_HAL_Driver/Src/stm32f4xx_hal_rtc.c ****   {
 1696              		.loc 1 923 3 is_stmt 1 view .LVU582
 923:Drivers/STM32F4xx_HAL_Driver/Src/stm32f4xx_hal_rtc.c ****   {
 1697              		.loc 1 923 6 is_stmt 0 view .LVU583
 1698 008e 0028     		cmp	r0, #0
 1699 0090 D5D1     		bne	.L105
 925:Drivers/STM32F4xx_HAL_Driver/Src/stm32f4xx_hal_rtc.c ****   }
 1700              		.loc 1 925 5 is_stmt 1 view .LVU584
 925:Drivers/STM32F4xx_HAL_Driver/Src/stm32f4xx_hal_rtc.c ****   }
 1701              		.loc 1 925 17 is_stmt 0 view .LVU585
 1702 0092 0123     		movs	r3, #1
 1703 0094 6377     		strb	r3, [r4, #29]
 1704 0096 D2E7     		b	.L105
 1705              	.LVL109:
 1706              	.L106:
 1707              	.LCFI12:
 1708              		.cfi_def_cfa_offset 0
 1709              		.cfi_restore 4
 1710              		.cfi_restore 5
 1711              		.cfi_restore 6
 1712              		.cfi_restore 14
 874:Drivers/STM32F4xx_HAL_Driver/Src/stm32f4xx_hal_rtc.c **** 
 1713              		.loc 1 874 3 discriminator 1 view .LVU586
 1714 0098 0220     		movs	r0, #2
 1715              	.LVL110:
 935:Drivers/STM32F4xx_HAL_Driver/Src/stm32f4xx_hal_rtc.c **** 
 1716              		.loc 1 935 1 view .LVU587
 1717 009a 7047     		bx	lr
 1718              		.cfi_endproc
 1719              	.LFE245:
 1721              		.section	.text.HAL_RTC_SetAlarm,"ax",%progbits
 1722              		.align	1
 1723              		.global	HAL_RTC_SetAlarm
 1724              		.syntax unified
 1725              		.thumb
 1726              		.thumb_func
 1728              	HAL_RTC_SetAlarm:
 1729              	.LVL111:
 1730              	.LFB247:
1013:Drivers/STM32F4xx_HAL_Driver/Src/stm32f4xx_hal_rtc.c ****   uint32_t tickstart = 0U;
 1731              		.loc 1 1013 1 is_stmt 1 view -0
 1732              		.cfi_startproc
 1733              		@ args = 0, pretend = 0, frame = 0
 1734              		@ frame_needed = 0, uses_anonymous_args = 0
1013:Drivers/STM32F4xx_HAL_Driver/Src/stm32f4xx_hal_rtc.c ****   uint32_t tickstart = 0U;
 1735              		.loc 1 1013 1 is_stmt 0 view .LVU589
 1736 0000 F8B5     		push	{r3, r4, r5, r6, r7, lr}
ARM GAS  /tmp/ccDzuYuu.s 			page 71


 1737              	.LCFI13:
 1738              		.cfi_def_cfa_offset 24
 1739              		.cfi_offset 3, -24
 1740              		.cfi_offset 4, -20
 1741              		.cfi_offset 5, -16
 1742              		.cfi_offset 6, -12
 1743              		.cfi_offset 7, -8
 1744              		.cfi_offset 14, -4
1014:Drivers/STM32F4xx_HAL_Driver/Src/stm32f4xx_hal_rtc.c ****   uint32_t tmpreg = 0U;
 1745              		.loc 1 1014 3 is_stmt 1 view .LVU590
 1746              	.LVL112:
1015:Drivers/STM32F4xx_HAL_Driver/Src/stm32f4xx_hal_rtc.c ****   uint32_t subsecondtmpreg = 0U;
 1747              		.loc 1 1015 3 view .LVU591
1016:Drivers/STM32F4xx_HAL_Driver/Src/stm32f4xx_hal_rtc.c **** 
 1748              		.loc 1 1016 3 view .LVU592
1019:Drivers/STM32F4xx_HAL_Driver/Src/stm32f4xx_hal_rtc.c ****   assert_param(IS_RTC_ALARM(sAlarm->Alarm));
 1749              		.loc 1 1019 3 view .LVU593
1020:Drivers/STM32F4xx_HAL_Driver/Src/stm32f4xx_hal_rtc.c ****   assert_param(IS_RTC_ALARM_MASK(sAlarm->AlarmMask));
 1750              		.loc 1 1020 3 view .LVU594
1021:Drivers/STM32F4xx_HAL_Driver/Src/stm32f4xx_hal_rtc.c ****   assert_param(IS_RTC_ALARM_DATE_WEEKDAY_SEL(sAlarm->AlarmDateWeekDaySel));
 1751              		.loc 1 1021 3 view .LVU595
1022:Drivers/STM32F4xx_HAL_Driver/Src/stm32f4xx_hal_rtc.c ****   assert_param(IS_RTC_ALARM_SUB_SECOND_VALUE(sAlarm->AlarmTime.SubSeconds));
 1752              		.loc 1 1022 3 view .LVU596
1023:Drivers/STM32F4xx_HAL_Driver/Src/stm32f4xx_hal_rtc.c ****   assert_param(IS_RTC_ALARM_SUB_SECOND_MASK(sAlarm->AlarmSubSecondMask));
 1753              		.loc 1 1023 3 view .LVU597
1024:Drivers/STM32F4xx_HAL_Driver/Src/stm32f4xx_hal_rtc.c **** 
 1754              		.loc 1 1024 3 view .LVU598
1027:Drivers/STM32F4xx_HAL_Driver/Src/stm32f4xx_hal_rtc.c **** 
 1755              		.loc 1 1027 3 view .LVU599
1027:Drivers/STM32F4xx_HAL_Driver/Src/stm32f4xx_hal_rtc.c **** 
 1756              		.loc 1 1027 3 view .LVU600
 1757 0002 037F     		ldrb	r3, [r0, #28]	@ zero_extendqisi2
 1758 0004 012B     		cmp	r3, #1
 1759 0006 00F0B580 		beq	.L124
 1760 000a 0446     		mov	r4, r0
 1761 000c 0E46     		mov	r6, r1
1027:Drivers/STM32F4xx_HAL_Driver/Src/stm32f4xx_hal_rtc.c **** 
 1762              		.loc 1 1027 3 discriminator 2 view .LVU601
 1763 000e 0123     		movs	r3, #1
 1764 0010 0377     		strb	r3, [r0, #28]
1027:Drivers/STM32F4xx_HAL_Driver/Src/stm32f4xx_hal_rtc.c **** 
 1765              		.loc 1 1027 3 view .LVU602
1030:Drivers/STM32F4xx_HAL_Driver/Src/stm32f4xx_hal_rtc.c **** 
 1766              		.loc 1 1030 3 view .LVU603
1030:Drivers/STM32F4xx_HAL_Driver/Src/stm32f4xx_hal_rtc.c **** 
 1767              		.loc 1 1030 15 is_stmt 0 view .LVU604
 1768 0012 0223     		movs	r3, #2
 1769 0014 4377     		strb	r3, [r0, #29]
1034:Drivers/STM32F4xx_HAL_Driver/Src/stm32f4xx_hal_rtc.c ****   {
 1770              		.loc 1 1034 3 is_stmt 1 view .LVU605
1034:Drivers/STM32F4xx_HAL_Driver/Src/stm32f4xx_hal_rtc.c ****   {
 1771              		.loc 1 1034 6 is_stmt 0 view .LVU606
 1772 0016 002A     		cmp	r2, #0
 1773 0018 53D1     		bne	.L114
1036:Drivers/STM32F4xx_HAL_Driver/Src/stm32f4xx_hal_rtc.c ****     {
 1774              		.loc 1 1036 5 is_stmt 1 view .LVU607
1036:Drivers/STM32F4xx_HAL_Driver/Src/stm32f4xx_hal_rtc.c ****     {
ARM GAS  /tmp/ccDzuYuu.s 			page 72


 1775              		.loc 1 1036 14 is_stmt 0 view .LVU608
 1776 001a 0368     		ldr	r3, [r0]
1036:Drivers/STM32F4xx_HAL_Driver/Src/stm32f4xx_hal_rtc.c ****     {
 1777              		.loc 1 1036 24 view .LVU609
 1778 001c 9B68     		ldr	r3, [r3, #8]
1036:Drivers/STM32F4xx_HAL_Driver/Src/stm32f4xx_hal_rtc.c ****     {
 1779              		.loc 1 1036 8 view .LVU610
 1780 001e 13F0400F 		tst	r3, #64
 1781 0022 01D1     		bne	.L115
1043:Drivers/STM32F4xx_HAL_Driver/Src/stm32f4xx_hal_rtc.c ****       assert_param(IS_RTC_HOUR24(sAlarm->AlarmTime.Hours));
 1782              		.loc 1 1043 7 is_stmt 1 view .LVU611
1043:Drivers/STM32F4xx_HAL_Driver/Src/stm32f4xx_hal_rtc.c ****       assert_param(IS_RTC_HOUR24(sAlarm->AlarmTime.Hours));
 1783              		.loc 1 1043 36 is_stmt 0 view .LVU612
 1784 0024 0023     		movs	r3, #0
 1785 0026 CB70     		strb	r3, [r1, #3]
 1786              	.L115:
1044:Drivers/STM32F4xx_HAL_Driver/Src/stm32f4xx_hal_rtc.c ****     }
 1787              		.loc 1 1044 7 is_stmt 1 view .LVU613
1046:Drivers/STM32F4xx_HAL_Driver/Src/stm32f4xx_hal_rtc.c ****     assert_param(IS_RTC_SECONDS(sAlarm->AlarmTime.Seconds));
 1788              		.loc 1 1046 5 view .LVU614
1047:Drivers/STM32F4xx_HAL_Driver/Src/stm32f4xx_hal_rtc.c **** 
 1789              		.loc 1 1047 5 view .LVU615
1049:Drivers/STM32F4xx_HAL_Driver/Src/stm32f4xx_hal_rtc.c ****     {
 1790              		.loc 1 1049 5 view .LVU616
1051:Drivers/STM32F4xx_HAL_Driver/Src/stm32f4xx_hal_rtc.c ****     }
 1791              		.loc 1 1051 7 view .LVU617
1055:Drivers/STM32F4xx_HAL_Driver/Src/stm32f4xx_hal_rtc.c ****     }
 1792              		.loc 1 1055 7 view .LVU618
1058:Drivers/STM32F4xx_HAL_Driver/Src/stm32f4xx_hal_rtc.c ****               ((uint32_t)RTC_ByteToBcd2(sAlarm->AlarmTime.Minutes) << RTC_ALRMAR_MNU_Pos) | \
 1793              		.loc 1 1058 5 view .LVU619
1058:Drivers/STM32F4xx_HAL_Driver/Src/stm32f4xx_hal_rtc.c ****               ((uint32_t)RTC_ByteToBcd2(sAlarm->AlarmTime.Minutes) << RTC_ALRMAR_MNU_Pos) | \
 1794              		.loc 1 1058 26 is_stmt 0 view .LVU620
 1795 0028 3078     		ldrb	r0, [r6]	@ zero_extendqisi2
 1796              	.LVL113:
1058:Drivers/STM32F4xx_HAL_Driver/Src/stm32f4xx_hal_rtc.c ****               ((uint32_t)RTC_ByteToBcd2(sAlarm->AlarmTime.Minutes) << RTC_ALRMAR_MNU_Pos) | \
 1797              		.loc 1 1058 26 view .LVU621
 1798 002a FFF7FEFF 		bl	RTC_ByteToBcd2
 1799              	.LVL114:
1058:Drivers/STM32F4xx_HAL_Driver/Src/stm32f4xx_hal_rtc.c ****               ((uint32_t)RTC_ByteToBcd2(sAlarm->AlarmTime.Minutes) << RTC_ALRMAR_MNU_Pos) | \
 1800              		.loc 1 1058 68 discriminator 1 view .LVU622
 1801 002e 0504     		lsls	r5, r0, #16
1059:Drivers/STM32F4xx_HAL_Driver/Src/stm32f4xx_hal_rtc.c ****               ((uint32_t)RTC_ByteToBcd2(sAlarm->AlarmTime.Seconds))                       | \
 1802              		.loc 1 1059 26 view .LVU623
 1803 0030 7078     		ldrb	r0, [r6, #1]	@ zero_extendqisi2
 1804 0032 FFF7FEFF 		bl	RTC_ByteToBcd2
 1805              	.LVL115:
1058:Drivers/STM32F4xx_HAL_Driver/Src/stm32f4xx_hal_rtc.c ****               ((uint32_t)RTC_ByteToBcd2(sAlarm->AlarmTime.Minutes) << RTC_ALRMAR_MNU_Pos) | \
 1806              		.loc 1 1058 91 view .LVU624
 1807 0036 45EA0025 		orr	r5, r5, r0, lsl #8
1060:Drivers/STM32F4xx_HAL_Driver/Src/stm32f4xx_hal_rtc.c ****               ((uint32_t)(sAlarm->AlarmTime.TimeFormat)            << RTC_ALRMAR_PM_Pos)  | \
 1808              		.loc 1 1060 26 view .LVU625
 1809 003a B078     		ldrb	r0, [r6, #2]	@ zero_extendqisi2
 1810 003c FFF7FEFF 		bl	RTC_ByteToBcd2
 1811              	.LVL116:
1059:Drivers/STM32F4xx_HAL_Driver/Src/stm32f4xx_hal_rtc.c ****               ((uint32_t)RTC_ByteToBcd2(sAlarm->AlarmTime.Seconds))                       | \
 1812              		.loc 1 1059 91 view .LVU626
 1813 0040 0543     		orrs	r5, r5, r0
ARM GAS  /tmp/ccDzuYuu.s 			page 73


1061:Drivers/STM32F4xx_HAL_Driver/Src/stm32f4xx_hal_rtc.c ****               ((uint32_t)RTC_ByteToBcd2(sAlarm->AlarmDateWeekDay)  << RTC_ALRMAR_DU_Pos)  | \
 1814              		.loc 1 1061 44 view .LVU627
 1815 0042 F378     		ldrb	r3, [r6, #3]	@ zero_extendqisi2
1060:Drivers/STM32F4xx_HAL_Driver/Src/stm32f4xx_hal_rtc.c ****               ((uint32_t)(sAlarm->AlarmTime.TimeFormat)            << RTC_ALRMAR_PM_Pos)  | \
 1816              		.loc 1 1060 91 view .LVU628
 1817 0044 45EA8355 		orr	r5, r5, r3, lsl #22
1062:Drivers/STM32F4xx_HAL_Driver/Src/stm32f4xx_hal_rtc.c ****               ((uint32_t)sAlarm->AlarmDateWeekDaySel)                                     | \
 1818              		.loc 1 1062 26 view .LVU629
 1819 0048 96F82000 		ldrb	r0, [r6, #32]	@ zero_extendqisi2
 1820 004c FFF7FEFF 		bl	RTC_ByteToBcd2
 1821              	.LVL117:
1061:Drivers/STM32F4xx_HAL_Driver/Src/stm32f4xx_hal_rtc.c ****               ((uint32_t)RTC_ByteToBcd2(sAlarm->AlarmDateWeekDay)  << RTC_ALRMAR_DU_Pos)  | \
 1822              		.loc 1 1061 91 view .LVU630
 1823 0050 45EA0065 		orr	r5, r5, r0, lsl #24
1063:Drivers/STM32F4xx_HAL_Driver/Src/stm32f4xx_hal_rtc.c ****               ((uint32_t)sAlarm->AlarmMask));
 1824              		.loc 1 1063 32 view .LVU631
 1825 0054 F369     		ldr	r3, [r6, #28]
1062:Drivers/STM32F4xx_HAL_Driver/Src/stm32f4xx_hal_rtc.c ****               ((uint32_t)sAlarm->AlarmDateWeekDaySel)                                     | \
 1826              		.loc 1 1062 91 view .LVU632
 1827 0056 1D43     		orrs	r5, r5, r3
1064:Drivers/STM32F4xx_HAL_Driver/Src/stm32f4xx_hal_rtc.c ****   }
 1828              		.loc 1 1064 32 view .LVU633
 1829 0058 7369     		ldr	r3, [r6, #20]
1058:Drivers/STM32F4xx_HAL_Driver/Src/stm32f4xx_hal_rtc.c ****               ((uint32_t)RTC_ByteToBcd2(sAlarm->AlarmTime.Minutes) << RTC_ALRMAR_MNU_Pos) | \
 1830              		.loc 1 1058 12 view .LVU634
 1831 005a 1D43     		orrs	r5, r5, r3
 1832              	.LVL118:
 1833              	.L116:
1101:Drivers/STM32F4xx_HAL_Driver/Src/stm32f4xx_hal_rtc.c ****                                (uint32_t)(sAlarm->AlarmSubSecondMask));
 1834              		.loc 1 1101 3 is_stmt 1 view .LVU635
1101:Drivers/STM32F4xx_HAL_Driver/Src/stm32f4xx_hal_rtc.c ****                                (uint32_t)(sAlarm->AlarmSubSecondMask));
 1835              		.loc 1 1101 60 is_stmt 0 view .LVU636
 1836 005c 7768     		ldr	r7, [r6, #4]
1102:Drivers/STM32F4xx_HAL_Driver/Src/stm32f4xx_hal_rtc.c **** 
 1837              		.loc 1 1102 49 view .LVU637
 1838 005e B369     		ldr	r3, [r6, #24]
1101:Drivers/STM32F4xx_HAL_Driver/Src/stm32f4xx_hal_rtc.c ****                                (uint32_t)(sAlarm->AlarmSubSecondMask));
 1839              		.loc 1 1101 19 view .LVU638
 1840 0060 1F43     		orrs	r7, r7, r3
 1841              	.LVL119:
1105:Drivers/STM32F4xx_HAL_Driver/Src/stm32f4xx_hal_rtc.c **** 
 1842              		.loc 1 1105 3 is_stmt 1 view .LVU639
1105:Drivers/STM32F4xx_HAL_Driver/Src/stm32f4xx_hal_rtc.c **** 
 1843              		.loc 1 1105 3 view .LVU640
 1844 0062 2368     		ldr	r3, [r4]
 1845 0064 CA22     		movs	r2, #202
 1846 0066 5A62     		str	r2, [r3, #36]
1105:Drivers/STM32F4xx_HAL_Driver/Src/stm32f4xx_hal_rtc.c **** 
 1847              		.loc 1 1105 3 view .LVU641
 1848 0068 2368     		ldr	r3, [r4]
 1849 006a 5322     		movs	r2, #83
 1850 006c 5A62     		str	r2, [r3, #36]
1105:Drivers/STM32F4xx_HAL_Driver/Src/stm32f4xx_hal_rtc.c **** 
 1851              		.loc 1 1105 3 view .LVU642
1107:Drivers/STM32F4xx_HAL_Driver/Src/stm32f4xx_hal_rtc.c ****   {
 1852              		.loc 1 1107 3 view .LVU643
1107:Drivers/STM32F4xx_HAL_Driver/Src/stm32f4xx_hal_rtc.c ****   {
ARM GAS  /tmp/ccDzuYuu.s 			page 74


 1853              		.loc 1 1107 13 is_stmt 0 view .LVU644
 1854 006e 736A     		ldr	r3, [r6, #36]
1107:Drivers/STM32F4xx_HAL_Driver/Src/stm32f4xx_hal_rtc.c ****   {
 1855              		.loc 1 1107 6 view .LVU645
 1856 0070 B3F5807F 		cmp	r3, #256
 1857 0074 3FD0     		beq	.L126
1148:Drivers/STM32F4xx_HAL_Driver/Src/stm32f4xx_hal_rtc.c **** 
 1858              		.loc 1 1148 5 is_stmt 1 view .LVU646
 1859 0076 2268     		ldr	r2, [r4]
 1860 0078 9368     		ldr	r3, [r2, #8]
 1861 007a 23F40073 		bic	r3, r3, #512
 1862 007e 9360     		str	r3, [r2, #8]
1151:Drivers/STM32F4xx_HAL_Driver/Src/stm32f4xx_hal_rtc.c **** 
 1863              		.loc 1 1151 5 view .LVU647
 1864 0080 2268     		ldr	r2, [r4]
 1865 0082 9368     		ldr	r3, [r2, #8]
 1866 0084 23F40053 		bic	r3, r3, #8192
 1867 0088 9360     		str	r3, [r2, #8]
1154:Drivers/STM32F4xx_HAL_Driver/Src/stm32f4xx_hal_rtc.c **** 
 1868              		.loc 1 1154 5 view .LVU648
 1869 008a 2268     		ldr	r2, [r4]
 1870 008c D368     		ldr	r3, [r2, #12]
 1871 008e DBB2     		uxtb	r3, r3
 1872 0090 63F42073 		orn	r3, r3, #640
 1873 0094 D360     		str	r3, [r2, #12]
1157:Drivers/STM32F4xx_HAL_Driver/Src/stm32f4xx_hal_rtc.c **** 
 1874              		.loc 1 1157 5 view .LVU649
1157:Drivers/STM32F4xx_HAL_Driver/Src/stm32f4xx_hal_rtc.c **** 
 1875              		.loc 1 1157 17 is_stmt 0 view .LVU650
 1876 0096 FFF7FEFF 		bl	HAL_GetTick
 1877              	.LVL120:
 1878 009a 0646     		mov	r6, r0
 1879              	.LVL121:
1160:Drivers/STM32F4xx_HAL_Driver/Src/stm32f4xx_hal_rtc.c ****     {
 1880              		.loc 1 1160 5 is_stmt 1 view .LVU651
 1881              	.L122:
1160:Drivers/STM32F4xx_HAL_Driver/Src/stm32f4xx_hal_rtc.c ****     {
 1882              		.loc 1 1160 60 view .LVU652
1160:Drivers/STM32F4xx_HAL_Driver/Src/stm32f4xx_hal_rtc.c ****     {
 1883              		.loc 1 1160 12 is_stmt 0 view .LVU653
 1884 009c 2368     		ldr	r3, [r4]
 1885 009e DA68     		ldr	r2, [r3, #12]
1160:Drivers/STM32F4xx_HAL_Driver/Src/stm32f4xx_hal_rtc.c ****     {
 1886              		.loc 1 1160 60 view .LVU654
 1887 00a0 12F0020F 		tst	r2, #2
 1888 00a4 56D1     		bne	.L127
1162:Drivers/STM32F4xx_HAL_Driver/Src/stm32f4xx_hal_rtc.c ****       {
 1889              		.loc 1 1162 7 is_stmt 1 view .LVU655
1162:Drivers/STM32F4xx_HAL_Driver/Src/stm32f4xx_hal_rtc.c ****       {
 1890              		.loc 1 1162 12 is_stmt 0 view .LVU656
 1891 00a6 FFF7FEFF 		bl	HAL_GetTick
 1892              	.LVL122:
1162:Drivers/STM32F4xx_HAL_Driver/Src/stm32f4xx_hal_rtc.c ****       {
 1893              		.loc 1 1162 26 discriminator 1 view .LVU657
 1894 00aa 801B     		subs	r0, r0, r6
1162:Drivers/STM32F4xx_HAL_Driver/Src/stm32f4xx_hal_rtc.c ****       {
 1895              		.loc 1 1162 10 discriminator 1 view .LVU658
ARM GAS  /tmp/ccDzuYuu.s 			page 75


 1896 00ac B0F57A7F 		cmp	r0, #1000
 1897 00b0 F4D9     		bls	.L122
1165:Drivers/STM32F4xx_HAL_Driver/Src/stm32f4xx_hal_rtc.c **** 
 1898              		.loc 1 1165 9 is_stmt 1 view .LVU659
1165:Drivers/STM32F4xx_HAL_Driver/Src/stm32f4xx_hal_rtc.c **** 
 1899              		.loc 1 1165 9 view .LVU660
 1900 00b2 2368     		ldr	r3, [r4]
 1901 00b4 FF22     		movs	r2, #255
 1902 00b6 5A62     		str	r2, [r3, #36]
1165:Drivers/STM32F4xx_HAL_Driver/Src/stm32f4xx_hal_rtc.c **** 
 1903              		.loc 1 1165 9 view .LVU661
1167:Drivers/STM32F4xx_HAL_Driver/Src/stm32f4xx_hal_rtc.c **** 
 1904              		.loc 1 1167 9 view .LVU662
1167:Drivers/STM32F4xx_HAL_Driver/Src/stm32f4xx_hal_rtc.c **** 
 1905              		.loc 1 1167 21 is_stmt 0 view .LVU663
 1906 00b8 0320     		movs	r0, #3
 1907 00ba 6077     		strb	r0, [r4, #29]
1170:Drivers/STM32F4xx_HAL_Driver/Src/stm32f4xx_hal_rtc.c **** 
 1908              		.loc 1 1170 9 is_stmt 1 view .LVU664
1170:Drivers/STM32F4xx_HAL_Driver/Src/stm32f4xx_hal_rtc.c **** 
 1909              		.loc 1 1170 9 view .LVU665
 1910 00bc 0023     		movs	r3, #0
 1911 00be 2377     		strb	r3, [r4, #28]
1170:Drivers/STM32F4xx_HAL_Driver/Src/stm32f4xx_hal_rtc.c **** 
 1912              		.loc 1 1170 9 view .LVU666
1172:Drivers/STM32F4xx_HAL_Driver/Src/stm32f4xx_hal_rtc.c ****       }
 1913              		.loc 1 1172 9 view .LVU667
1172:Drivers/STM32F4xx_HAL_Driver/Src/stm32f4xx_hal_rtc.c ****       }
 1914              		.loc 1 1172 16 is_stmt 0 view .LVU668
 1915 00c0 57E0     		b	.L113
 1916              	.LVL123:
 1917              	.L114:
1068:Drivers/STM32F4xx_HAL_Driver/Src/stm32f4xx_hal_rtc.c ****     {
 1918              		.loc 1 1068 5 is_stmt 1 view .LVU669
1068:Drivers/STM32F4xx_HAL_Driver/Src/stm32f4xx_hal_rtc.c ****     {
 1919              		.loc 1 1068 14 is_stmt 0 view .LVU670
 1920 00c2 0368     		ldr	r3, [r0]
1068:Drivers/STM32F4xx_HAL_Driver/Src/stm32f4xx_hal_rtc.c ****     {
 1921              		.loc 1 1068 24 view .LVU671
 1922 00c4 9B68     		ldr	r3, [r3, #8]
1068:Drivers/STM32F4xx_HAL_Driver/Src/stm32f4xx_hal_rtc.c ****     {
 1923              		.loc 1 1068 8 view .LVU672
 1924 00c6 13F0400F 		tst	r3, #64
 1925 00ca 01D1     		bne	.L117
1075:Drivers/STM32F4xx_HAL_Driver/Src/stm32f4xx_hal_rtc.c ****       assert_param(IS_RTC_HOUR24(RTC_Bcd2ToByte(sAlarm->AlarmTime.Hours)));
 1926              		.loc 1 1075 7 is_stmt 1 view .LVU673
1075:Drivers/STM32F4xx_HAL_Driver/Src/stm32f4xx_hal_rtc.c ****       assert_param(IS_RTC_HOUR24(RTC_Bcd2ToByte(sAlarm->AlarmTime.Hours)));
 1927              		.loc 1 1075 36 is_stmt 0 view .LVU674
 1928 00cc 0023     		movs	r3, #0
 1929 00ce CB70     		strb	r3, [r1, #3]
 1930              	.L117:
1076:Drivers/STM32F4xx_HAL_Driver/Src/stm32f4xx_hal_rtc.c ****     }
 1931              		.loc 1 1076 7 is_stmt 1 view .LVU675
1079:Drivers/STM32F4xx_HAL_Driver/Src/stm32f4xx_hal_rtc.c ****     assert_param(IS_RTC_SECONDS(RTC_Bcd2ToByte(sAlarm->AlarmTime.Seconds)));
 1932              		.loc 1 1079 5 view .LVU676
1080:Drivers/STM32F4xx_HAL_Driver/Src/stm32f4xx_hal_rtc.c **** 
 1933              		.loc 1 1080 5 view .LVU677
ARM GAS  /tmp/ccDzuYuu.s 			page 76


1082:Drivers/STM32F4xx_HAL_Driver/Src/stm32f4xx_hal_rtc.c ****     {
 1934              		.loc 1 1082 5 view .LVU678
1084:Drivers/STM32F4xx_HAL_Driver/Src/stm32f4xx_hal_rtc.c ****     }
 1935              		.loc 1 1084 7 view .LVU679
1088:Drivers/STM32F4xx_HAL_Driver/Src/stm32f4xx_hal_rtc.c ****     }
 1936              		.loc 1 1088 7 view .LVU680
1091:Drivers/STM32F4xx_HAL_Driver/Src/stm32f4xx_hal_rtc.c ****               ((uint32_t)(sAlarm->AlarmTime.Minutes)    << RTC_ALRMAR_MNU_Pos) | \
 1937              		.loc 1 1091 5 view .LVU681
1091:Drivers/STM32F4xx_HAL_Driver/Src/stm32f4xx_hal_rtc.c ****               ((uint32_t)(sAlarm->AlarmTime.Minutes)    << RTC_ALRMAR_MNU_Pos) | \
 1938              		.loc 1 1091 44 is_stmt 0 view .LVU682
 1939 00d0 3378     		ldrb	r3, [r6]	@ zero_extendqisi2
1092:Drivers/STM32F4xx_HAL_Driver/Src/stm32f4xx_hal_rtc.c ****               ((uint32_t) sAlarm->AlarmTime.Seconds)                           | \
 1940              		.loc 1 1092 44 view .LVU683
 1941 00d2 7578     		ldrb	r5, [r6, #1]	@ zero_extendqisi2
1092:Drivers/STM32F4xx_HAL_Driver/Src/stm32f4xx_hal_rtc.c ****               ((uint32_t) sAlarm->AlarmTime.Seconds)                           | \
 1942              		.loc 1 1092 57 view .LVU684
 1943 00d4 2D02     		lsls	r5, r5, #8
1091:Drivers/STM32F4xx_HAL_Driver/Src/stm32f4xx_hal_rtc.c ****               ((uint32_t)(sAlarm->AlarmTime.Minutes)    << RTC_ALRMAR_MNU_Pos) | \
 1944              		.loc 1 1091 80 view .LVU685
 1945 00d6 45EA0345 		orr	r5, r5, r3, lsl #16
1093:Drivers/STM32F4xx_HAL_Driver/Src/stm32f4xx_hal_rtc.c ****               ((uint32_t)(sAlarm->AlarmTime.TimeFormat) << RTC_ALRMAR_PM_Pos)  | \
 1946              		.loc 1 1093 44 view .LVU686
 1947 00da B378     		ldrb	r3, [r6, #2]	@ zero_extendqisi2
1092:Drivers/STM32F4xx_HAL_Driver/Src/stm32f4xx_hal_rtc.c ****               ((uint32_t) sAlarm->AlarmTime.Seconds)                           | \
 1948              		.loc 1 1092 80 view .LVU687
 1949 00dc 1D43     		orrs	r5, r5, r3
1094:Drivers/STM32F4xx_HAL_Driver/Src/stm32f4xx_hal_rtc.c ****               ((uint32_t)(sAlarm->AlarmDateWeekDay)     << RTC_ALRMAR_DU_Pos)  | \
 1950              		.loc 1 1094 44 view .LVU688
 1951 00de F378     		ldrb	r3, [r6, #3]	@ zero_extendqisi2
1093:Drivers/STM32F4xx_HAL_Driver/Src/stm32f4xx_hal_rtc.c ****               ((uint32_t)(sAlarm->AlarmTime.TimeFormat) << RTC_ALRMAR_PM_Pos)  | \
 1952              		.loc 1 1093 80 view .LVU689
 1953 00e0 45EA8355 		orr	r5, r5, r3, lsl #22
1095:Drivers/STM32F4xx_HAL_Driver/Src/stm32f4xx_hal_rtc.c ****               ((uint32_t) sAlarm->AlarmDateWeekDaySel)                         | \
 1954              		.loc 1 1095 33 view .LVU690
 1955 00e4 96F82030 		ldrb	r3, [r6, #32]	@ zero_extendqisi2
1094:Drivers/STM32F4xx_HAL_Driver/Src/stm32f4xx_hal_rtc.c ****               ((uint32_t)(sAlarm->AlarmDateWeekDay)     << RTC_ALRMAR_DU_Pos)  | \
 1956              		.loc 1 1094 80 view .LVU691
 1957 00e8 45EA0365 		orr	r5, r5, r3, lsl #24
1096:Drivers/STM32F4xx_HAL_Driver/Src/stm32f4xx_hal_rtc.c ****               ((uint32_t) sAlarm->AlarmMask));
 1958              		.loc 1 1096 33 view .LVU692
 1959 00ec F369     		ldr	r3, [r6, #28]
1095:Drivers/STM32F4xx_HAL_Driver/Src/stm32f4xx_hal_rtc.c ****               ((uint32_t) sAlarm->AlarmDateWeekDaySel)                         | \
 1960              		.loc 1 1095 80 view .LVU693
 1961 00ee 1D43     		orrs	r5, r5, r3
1097:Drivers/STM32F4xx_HAL_Driver/Src/stm32f4xx_hal_rtc.c ****   }
 1962              		.loc 1 1097 33 view .LVU694
 1963 00f0 7369     		ldr	r3, [r6, #20]
1091:Drivers/STM32F4xx_HAL_Driver/Src/stm32f4xx_hal_rtc.c ****               ((uint32_t)(sAlarm->AlarmTime.Minutes)    << RTC_ALRMAR_MNU_Pos) | \
 1964              		.loc 1 1091 12 view .LVU695
 1965 00f2 1D43     		orrs	r5, r5, r3
 1966 00f4 B2E7     		b	.L116
 1967              	.LVL124:
 1968              	.L126:
1110:Drivers/STM32F4xx_HAL_Driver/Src/stm32f4xx_hal_rtc.c **** 
 1969              		.loc 1 1110 5 is_stmt 1 view .LVU696
 1970 00f6 2268     		ldr	r2, [r4]
 1971 00f8 9368     		ldr	r3, [r2, #8]
ARM GAS  /tmp/ccDzuYuu.s 			page 77


 1972 00fa 23F48073 		bic	r3, r3, #256
 1973 00fe 9360     		str	r3, [r2, #8]
1113:Drivers/STM32F4xx_HAL_Driver/Src/stm32f4xx_hal_rtc.c **** 
 1974              		.loc 1 1113 5 view .LVU697
 1975 0100 2268     		ldr	r2, [r4]
 1976 0102 9368     		ldr	r3, [r2, #8]
 1977 0104 23F48053 		bic	r3, r3, #4096
 1978 0108 9360     		str	r3, [r2, #8]
1116:Drivers/STM32F4xx_HAL_Driver/Src/stm32f4xx_hal_rtc.c **** 
 1979              		.loc 1 1116 5 view .LVU698
 1980 010a 2268     		ldr	r2, [r4]
 1981 010c D368     		ldr	r3, [r2, #12]
 1982 010e DBB2     		uxtb	r3, r3
 1983 0110 63F4C073 		orn	r3, r3, #384
 1984 0114 D360     		str	r3, [r2, #12]
1119:Drivers/STM32F4xx_HAL_Driver/Src/stm32f4xx_hal_rtc.c **** 
 1985              		.loc 1 1119 5 view .LVU699
1119:Drivers/STM32F4xx_HAL_Driver/Src/stm32f4xx_hal_rtc.c **** 
 1986              		.loc 1 1119 17 is_stmt 0 view .LVU700
 1987 0116 FFF7FEFF 		bl	HAL_GetTick
 1988              	.LVL125:
 1989 011a 0646     		mov	r6, r0
 1990              	.LVL126:
1122:Drivers/STM32F4xx_HAL_Driver/Src/stm32f4xx_hal_rtc.c ****     {
 1991              		.loc 1 1122 5 is_stmt 1 view .LVU701
 1992              	.L119:
1122:Drivers/STM32F4xx_HAL_Driver/Src/stm32f4xx_hal_rtc.c ****     {
 1993              		.loc 1 1122 60 view .LVU702
1122:Drivers/STM32F4xx_HAL_Driver/Src/stm32f4xx_hal_rtc.c ****     {
 1994              		.loc 1 1122 12 is_stmt 0 view .LVU703
 1995 011c 2368     		ldr	r3, [r4]
 1996 011e DA68     		ldr	r2, [r3, #12]
1122:Drivers/STM32F4xx_HAL_Driver/Src/stm32f4xx_hal_rtc.c ****     {
 1997              		.loc 1 1122 60 view .LVU704
 1998 0120 12F0010F 		tst	r2, #1
 1999 0124 0DD1     		bne	.L128
1124:Drivers/STM32F4xx_HAL_Driver/Src/stm32f4xx_hal_rtc.c ****       {
 2000              		.loc 1 1124 7 is_stmt 1 view .LVU705
1124:Drivers/STM32F4xx_HAL_Driver/Src/stm32f4xx_hal_rtc.c ****       {
 2001              		.loc 1 1124 12 is_stmt 0 view .LVU706
 2002 0126 FFF7FEFF 		bl	HAL_GetTick
 2003              	.LVL127:
1124:Drivers/STM32F4xx_HAL_Driver/Src/stm32f4xx_hal_rtc.c ****       {
 2004              		.loc 1 1124 26 discriminator 1 view .LVU707
 2005 012a 801B     		subs	r0, r0, r6
1124:Drivers/STM32F4xx_HAL_Driver/Src/stm32f4xx_hal_rtc.c ****       {
 2006              		.loc 1 1124 10 discriminator 1 view .LVU708
 2007 012c B0F57A7F 		cmp	r0, #1000
 2008 0130 F4D9     		bls	.L119
1127:Drivers/STM32F4xx_HAL_Driver/Src/stm32f4xx_hal_rtc.c **** 
 2009              		.loc 1 1127 9 is_stmt 1 view .LVU709
1127:Drivers/STM32F4xx_HAL_Driver/Src/stm32f4xx_hal_rtc.c **** 
 2010              		.loc 1 1127 9 view .LVU710
 2011 0132 2368     		ldr	r3, [r4]
 2012 0134 FF22     		movs	r2, #255
 2013 0136 5A62     		str	r2, [r3, #36]
1127:Drivers/STM32F4xx_HAL_Driver/Src/stm32f4xx_hal_rtc.c **** 
ARM GAS  /tmp/ccDzuYuu.s 			page 78


 2014              		.loc 1 1127 9 view .LVU711
1129:Drivers/STM32F4xx_HAL_Driver/Src/stm32f4xx_hal_rtc.c **** 
 2015              		.loc 1 1129 9 view .LVU712
1129:Drivers/STM32F4xx_HAL_Driver/Src/stm32f4xx_hal_rtc.c **** 
 2016              		.loc 1 1129 21 is_stmt 0 view .LVU713
 2017 0138 0320     		movs	r0, #3
 2018 013a 6077     		strb	r0, [r4, #29]
1132:Drivers/STM32F4xx_HAL_Driver/Src/stm32f4xx_hal_rtc.c **** 
 2019              		.loc 1 1132 9 is_stmt 1 view .LVU714
1132:Drivers/STM32F4xx_HAL_Driver/Src/stm32f4xx_hal_rtc.c **** 
 2020              		.loc 1 1132 9 view .LVU715
 2021 013c 0023     		movs	r3, #0
 2022 013e 2377     		strb	r3, [r4, #28]
1132:Drivers/STM32F4xx_HAL_Driver/Src/stm32f4xx_hal_rtc.c **** 
 2023              		.loc 1 1132 9 view .LVU716
1134:Drivers/STM32F4xx_HAL_Driver/Src/stm32f4xx_hal_rtc.c ****       }
 2024              		.loc 1 1134 9 view .LVU717
1134:Drivers/STM32F4xx_HAL_Driver/Src/stm32f4xx_hal_rtc.c ****       }
 2025              		.loc 1 1134 16 is_stmt 0 view .LVU718
 2026 0140 17E0     		b	.L113
 2027              	.L128:
1139:Drivers/STM32F4xx_HAL_Driver/Src/stm32f4xx_hal_rtc.c ****     /* Configure Alarm A Subseconds register */
 2028              		.loc 1 1139 5 is_stmt 1 view .LVU719
1139:Drivers/STM32F4xx_HAL_Driver/Src/stm32f4xx_hal_rtc.c ****     /* Configure Alarm A Subseconds register */
 2029              		.loc 1 1139 28 is_stmt 0 view .LVU720
 2030 0142 DD61     		str	r5, [r3, #28]
1141:Drivers/STM32F4xx_HAL_Driver/Src/stm32f4xx_hal_rtc.c ****     /* Enable Alarm A */
 2031              		.loc 1 1141 5 is_stmt 1 view .LVU721
1141:Drivers/STM32F4xx_HAL_Driver/Src/stm32f4xx_hal_rtc.c ****     /* Enable Alarm A */
 2032              		.loc 1 1141 9 is_stmt 0 view .LVU722
 2033 0144 2368     		ldr	r3, [r4]
1141:Drivers/STM32F4xx_HAL_Driver/Src/stm32f4xx_hal_rtc.c ****     /* Enable Alarm A */
 2034              		.loc 1 1141 30 view .LVU723
 2035 0146 5F64     		str	r7, [r3, #68]
1143:Drivers/STM32F4xx_HAL_Driver/Src/stm32f4xx_hal_rtc.c ****   }
 2036              		.loc 1 1143 5 is_stmt 1 view .LVU724
 2037 0148 2268     		ldr	r2, [r4]
 2038 014a 9368     		ldr	r3, [r2, #8]
 2039 014c 43F48073 		orr	r3, r3, #256
 2040 0150 9360     		str	r3, [r2, #8]
 2041 0152 07E0     		b	.L121
 2042              	.L127:
1177:Drivers/STM32F4xx_HAL_Driver/Src/stm32f4xx_hal_rtc.c ****     /* Configure Alarm B Subseconds register */
 2043              		.loc 1 1177 5 view .LVU725
1177:Drivers/STM32F4xx_HAL_Driver/Src/stm32f4xx_hal_rtc.c ****     /* Configure Alarm B Subseconds register */
 2044              		.loc 1 1177 28 is_stmt 0 view .LVU726
 2045 0154 1D62     		str	r5, [r3, #32]
1179:Drivers/STM32F4xx_HAL_Driver/Src/stm32f4xx_hal_rtc.c ****     /* Enable Alarm B */
 2046              		.loc 1 1179 5 is_stmt 1 view .LVU727
1179:Drivers/STM32F4xx_HAL_Driver/Src/stm32f4xx_hal_rtc.c ****     /* Enable Alarm B */
 2047              		.loc 1 1179 9 is_stmt 0 view .LVU728
 2048 0156 2368     		ldr	r3, [r4]
1179:Drivers/STM32F4xx_HAL_Driver/Src/stm32f4xx_hal_rtc.c ****     /* Enable Alarm B */
 2049              		.loc 1 1179 30 view .LVU729
 2050 0158 9F64     		str	r7, [r3, #72]
1181:Drivers/STM32F4xx_HAL_Driver/Src/stm32f4xx_hal_rtc.c ****   }
 2051              		.loc 1 1181 5 is_stmt 1 view .LVU730
ARM GAS  /tmp/ccDzuYuu.s 			page 79


 2052 015a 2268     		ldr	r2, [r4]
 2053 015c 9368     		ldr	r3, [r2, #8]
 2054 015e 43F40073 		orr	r3, r3, #512
 2055 0162 9360     		str	r3, [r2, #8]
 2056              	.L121:
1185:Drivers/STM32F4xx_HAL_Driver/Src/stm32f4xx_hal_rtc.c **** 
 2057              		.loc 1 1185 3 view .LVU731
1185:Drivers/STM32F4xx_HAL_Driver/Src/stm32f4xx_hal_rtc.c **** 
 2058              		.loc 1 1185 3 view .LVU732
 2059 0164 2368     		ldr	r3, [r4]
 2060 0166 FF22     		movs	r2, #255
 2061 0168 5A62     		str	r2, [r3, #36]
1185:Drivers/STM32F4xx_HAL_Driver/Src/stm32f4xx_hal_rtc.c **** 
 2062              		.loc 1 1185 3 view .LVU733
1188:Drivers/STM32F4xx_HAL_Driver/Src/stm32f4xx_hal_rtc.c **** 
 2063              		.loc 1 1188 3 view .LVU734
1188:Drivers/STM32F4xx_HAL_Driver/Src/stm32f4xx_hal_rtc.c **** 
 2064              		.loc 1 1188 15 is_stmt 0 view .LVU735
 2065 016a 0123     		movs	r3, #1
 2066 016c 6377     		strb	r3, [r4, #29]
1191:Drivers/STM32F4xx_HAL_Driver/Src/stm32f4xx_hal_rtc.c **** 
 2067              		.loc 1 1191 3 is_stmt 1 view .LVU736
1191:Drivers/STM32F4xx_HAL_Driver/Src/stm32f4xx_hal_rtc.c **** 
 2068              		.loc 1 1191 3 view .LVU737
 2069 016e 0020     		movs	r0, #0
 2070 0170 2077     		strb	r0, [r4, #28]
1191:Drivers/STM32F4xx_HAL_Driver/Src/stm32f4xx_hal_rtc.c **** 
 2071              		.loc 1 1191 3 view .LVU738
1193:Drivers/STM32F4xx_HAL_Driver/Src/stm32f4xx_hal_rtc.c **** }
 2072              		.loc 1 1193 3 view .LVU739
 2073              	.LVL128:
 2074              	.L113:
1194:Drivers/STM32F4xx_HAL_Driver/Src/stm32f4xx_hal_rtc.c **** 
 2075              		.loc 1 1194 1 is_stmt 0 view .LVU740
 2076 0172 F8BD     		pop	{r3, r4, r5, r6, r7, pc}
 2077              	.LVL129:
 2078              	.L124:
1027:Drivers/STM32F4xx_HAL_Driver/Src/stm32f4xx_hal_rtc.c **** 
 2079              		.loc 1 1027 3 discriminator 1 view .LVU741
 2080 0174 0220     		movs	r0, #2
 2081              	.LVL130:
1027:Drivers/STM32F4xx_HAL_Driver/Src/stm32f4xx_hal_rtc.c **** 
 2082              		.loc 1 1027 3 discriminator 1 view .LVU742
 2083 0176 FCE7     		b	.L113
 2084              		.cfi_endproc
 2085              	.LFE247:
 2087              		.section	.text.HAL_RTC_SetAlarm_IT,"ax",%progbits
 2088              		.align	1
 2089              		.global	HAL_RTC_SetAlarm_IT
 2090              		.syntax unified
 2091              		.thumb
 2092              		.thumb_func
 2094              	HAL_RTC_SetAlarm_IT:
 2095              	.LVL131:
 2096              	.LFB248:
1211:Drivers/STM32F4xx_HAL_Driver/Src/stm32f4xx_hal_rtc.c ****   __IO uint32_t count  = RTC_TIMEOUT_VALUE * (SystemCoreClock / 32U / 1000U);
 2097              		.loc 1 1211 1 is_stmt 1 view -0
ARM GAS  /tmp/ccDzuYuu.s 			page 80


 2098              		.cfi_startproc
 2099              		@ args = 0, pretend = 0, frame = 8
 2100              		@ frame_needed = 0, uses_anonymous_args = 0
1211:Drivers/STM32F4xx_HAL_Driver/Src/stm32f4xx_hal_rtc.c ****   __IO uint32_t count  = RTC_TIMEOUT_VALUE * (SystemCoreClock / 32U / 1000U);
 2101              		.loc 1 1211 1 is_stmt 0 view .LVU744
 2102 0000 70B5     		push	{r4, r5, r6, lr}
 2103              	.LCFI14:
 2104              		.cfi_def_cfa_offset 16
 2105              		.cfi_offset 4, -16
 2106              		.cfi_offset 5, -12
 2107              		.cfi_offset 6, -8
 2108              		.cfi_offset 14, -4
 2109 0002 82B0     		sub	sp, sp, #8
 2110              	.LCFI15:
 2111              		.cfi_def_cfa_offset 24
 2112 0004 0D46     		mov	r5, r1
1212:Drivers/STM32F4xx_HAL_Driver/Src/stm32f4xx_hal_rtc.c ****        uint32_t tmpreg = 0U;
 2113              		.loc 1 1212 3 is_stmt 1 view .LVU745
1212:Drivers/STM32F4xx_HAL_Driver/Src/stm32f4xx_hal_rtc.c ****        uint32_t tmpreg = 0U;
 2114              		.loc 1 1212 69 is_stmt 0 view .LVU746
 2115 0006 694B     		ldr	r3, .L146
 2116 0008 1B68     		ldr	r3, [r3]
 2117 000a 6949     		ldr	r1, .L146+4
 2118              	.LVL132:
1212:Drivers/STM32F4xx_HAL_Driver/Src/stm32f4xx_hal_rtc.c ****        uint32_t tmpreg = 0U;
 2119              		.loc 1 1212 69 view .LVU747
 2120 000c A1FB0313 		umull	r1, r3, r1, r3
 2121 0010 DB0A     		lsrs	r3, r3, #11
1212:Drivers/STM32F4xx_HAL_Driver/Src/stm32f4xx_hal_rtc.c ****        uint32_t tmpreg = 0U;
 2122              		.loc 1 1212 44 view .LVU748
 2123 0012 4FF47A71 		mov	r1, #1000
 2124 0016 01FB03F3 		mul	r3, r1, r3
1212:Drivers/STM32F4xx_HAL_Driver/Src/stm32f4xx_hal_rtc.c ****        uint32_t tmpreg = 0U;
 2125              		.loc 1 1212 17 view .LVU749
 2126 001a 0193     		str	r3, [sp, #4]
1213:Drivers/STM32F4xx_HAL_Driver/Src/stm32f4xx_hal_rtc.c ****        uint32_t subsecondtmpreg = 0U;
 2127              		.loc 1 1213 8 is_stmt 1 view .LVU750
 2128              	.LVL133:
1214:Drivers/STM32F4xx_HAL_Driver/Src/stm32f4xx_hal_rtc.c **** 
 2129              		.loc 1 1214 8 view .LVU751
1217:Drivers/STM32F4xx_HAL_Driver/Src/stm32f4xx_hal_rtc.c ****   assert_param(IS_RTC_ALARM(sAlarm->Alarm));
 2130              		.loc 1 1217 3 view .LVU752
1218:Drivers/STM32F4xx_HAL_Driver/Src/stm32f4xx_hal_rtc.c ****   assert_param(IS_RTC_ALARM_MASK(sAlarm->AlarmMask));
 2131              		.loc 1 1218 3 view .LVU753
1219:Drivers/STM32F4xx_HAL_Driver/Src/stm32f4xx_hal_rtc.c ****   assert_param(IS_RTC_ALARM_DATE_WEEKDAY_SEL(sAlarm->AlarmDateWeekDaySel));
 2132              		.loc 1 1219 3 view .LVU754
1220:Drivers/STM32F4xx_HAL_Driver/Src/stm32f4xx_hal_rtc.c ****   assert_param(IS_RTC_ALARM_SUB_SECOND_VALUE(sAlarm->AlarmTime.SubSeconds));
 2133              		.loc 1 1220 3 view .LVU755
1221:Drivers/STM32F4xx_HAL_Driver/Src/stm32f4xx_hal_rtc.c ****   assert_param(IS_RTC_ALARM_SUB_SECOND_MASK(sAlarm->AlarmSubSecondMask));
 2134              		.loc 1 1221 3 view .LVU756
1222:Drivers/STM32F4xx_HAL_Driver/Src/stm32f4xx_hal_rtc.c **** 
 2135              		.loc 1 1222 3 view .LVU757
1225:Drivers/STM32F4xx_HAL_Driver/Src/stm32f4xx_hal_rtc.c **** 
 2136              		.loc 1 1225 3 view .LVU758
1225:Drivers/STM32F4xx_HAL_Driver/Src/stm32f4xx_hal_rtc.c **** 
 2137              		.loc 1 1225 3 view .LVU759
 2138 001c 037F     		ldrb	r3, [r0, #28]	@ zero_extendqisi2
ARM GAS  /tmp/ccDzuYuu.s 			page 81


 2139 001e 012B     		cmp	r3, #1
 2140 0020 00F0C280 		beq	.L141
 2141 0024 0446     		mov	r4, r0
1225:Drivers/STM32F4xx_HAL_Driver/Src/stm32f4xx_hal_rtc.c **** 
 2142              		.loc 1 1225 3 discriminator 2 view .LVU760
 2143 0026 0123     		movs	r3, #1
 2144 0028 0377     		strb	r3, [r0, #28]
1225:Drivers/STM32F4xx_HAL_Driver/Src/stm32f4xx_hal_rtc.c **** 
 2145              		.loc 1 1225 3 view .LVU761
1228:Drivers/STM32F4xx_HAL_Driver/Src/stm32f4xx_hal_rtc.c **** 
 2146              		.loc 1 1228 3 view .LVU762
1228:Drivers/STM32F4xx_HAL_Driver/Src/stm32f4xx_hal_rtc.c **** 
 2147              		.loc 1 1228 15 is_stmt 0 view .LVU763
 2148 002a 0223     		movs	r3, #2
 2149 002c 4377     		strb	r3, [r0, #29]
1232:Drivers/STM32F4xx_HAL_Driver/Src/stm32f4xx_hal_rtc.c ****   {
 2150              		.loc 1 1232 3 is_stmt 1 view .LVU764
1232:Drivers/STM32F4xx_HAL_Driver/Src/stm32f4xx_hal_rtc.c ****   {
 2151              		.loc 1 1232 6 is_stmt 0 view .LVU765
 2152 002e 002A     		cmp	r2, #0
 2153 0030 6DD1     		bne	.L131
1234:Drivers/STM32F4xx_HAL_Driver/Src/stm32f4xx_hal_rtc.c ****     {
 2154              		.loc 1 1234 5 is_stmt 1 view .LVU766
1234:Drivers/STM32F4xx_HAL_Driver/Src/stm32f4xx_hal_rtc.c ****     {
 2155              		.loc 1 1234 14 is_stmt 0 view .LVU767
 2156 0032 0368     		ldr	r3, [r0]
1234:Drivers/STM32F4xx_HAL_Driver/Src/stm32f4xx_hal_rtc.c ****     {
 2157              		.loc 1 1234 24 view .LVU768
 2158 0034 9B68     		ldr	r3, [r3, #8]
1234:Drivers/STM32F4xx_HAL_Driver/Src/stm32f4xx_hal_rtc.c ****     {
 2159              		.loc 1 1234 8 view .LVU769
 2160 0036 13F0400F 		tst	r3, #64
 2161 003a 01D1     		bne	.L132
1241:Drivers/STM32F4xx_HAL_Driver/Src/stm32f4xx_hal_rtc.c ****       assert_param(IS_RTC_HOUR24(sAlarm->AlarmTime.Hours));
 2162              		.loc 1 1241 7 is_stmt 1 view .LVU770
1241:Drivers/STM32F4xx_HAL_Driver/Src/stm32f4xx_hal_rtc.c ****       assert_param(IS_RTC_HOUR24(sAlarm->AlarmTime.Hours));
 2163              		.loc 1 1241 36 is_stmt 0 view .LVU771
 2164 003c 0023     		movs	r3, #0
 2165 003e EB70     		strb	r3, [r5, #3]
 2166              	.L132:
1242:Drivers/STM32F4xx_HAL_Driver/Src/stm32f4xx_hal_rtc.c ****     }
 2167              		.loc 1 1242 7 is_stmt 1 view .LVU772
1244:Drivers/STM32F4xx_HAL_Driver/Src/stm32f4xx_hal_rtc.c ****     assert_param(IS_RTC_SECONDS(sAlarm->AlarmTime.Seconds));
 2168              		.loc 1 1244 5 view .LVU773
1245:Drivers/STM32F4xx_HAL_Driver/Src/stm32f4xx_hal_rtc.c **** 
 2169              		.loc 1 1245 5 view .LVU774
1247:Drivers/STM32F4xx_HAL_Driver/Src/stm32f4xx_hal_rtc.c ****     {
 2170              		.loc 1 1247 5 view .LVU775
1249:Drivers/STM32F4xx_HAL_Driver/Src/stm32f4xx_hal_rtc.c ****     }
 2171              		.loc 1 1249 7 view .LVU776
1253:Drivers/STM32F4xx_HAL_Driver/Src/stm32f4xx_hal_rtc.c ****     }
 2172              		.loc 1 1253 7 view .LVU777
1256:Drivers/STM32F4xx_HAL_Driver/Src/stm32f4xx_hal_rtc.c ****               ((uint32_t)RTC_ByteToBcd2(sAlarm->AlarmTime.Minutes) << RTC_ALRMAR_MNU_Pos) | \
 2173              		.loc 1 1256 5 view .LVU778
1256:Drivers/STM32F4xx_HAL_Driver/Src/stm32f4xx_hal_rtc.c ****               ((uint32_t)RTC_ByteToBcd2(sAlarm->AlarmTime.Minutes) << RTC_ALRMAR_MNU_Pos) | \
 2174              		.loc 1 1256 26 is_stmt 0 view .LVU779
 2175 0040 2878     		ldrb	r0, [r5]	@ zero_extendqisi2
ARM GAS  /tmp/ccDzuYuu.s 			page 82


 2176              	.LVL134:
1256:Drivers/STM32F4xx_HAL_Driver/Src/stm32f4xx_hal_rtc.c ****               ((uint32_t)RTC_ByteToBcd2(sAlarm->AlarmTime.Minutes) << RTC_ALRMAR_MNU_Pos) | \
 2177              		.loc 1 1256 26 view .LVU780
 2178 0042 FFF7FEFF 		bl	RTC_ByteToBcd2
 2179              	.LVL135:
1256:Drivers/STM32F4xx_HAL_Driver/Src/stm32f4xx_hal_rtc.c ****               ((uint32_t)RTC_ByteToBcd2(sAlarm->AlarmTime.Minutes) << RTC_ALRMAR_MNU_Pos) | \
 2180              		.loc 1 1256 68 discriminator 1 view .LVU781
 2181 0046 0604     		lsls	r6, r0, #16
1257:Drivers/STM32F4xx_HAL_Driver/Src/stm32f4xx_hal_rtc.c ****               ((uint32_t)RTC_ByteToBcd2(sAlarm->AlarmTime.Seconds))                       | \
 2182              		.loc 1 1257 26 view .LVU782
 2183 0048 6878     		ldrb	r0, [r5, #1]	@ zero_extendqisi2
 2184 004a FFF7FEFF 		bl	RTC_ByteToBcd2
 2185              	.LVL136:
1256:Drivers/STM32F4xx_HAL_Driver/Src/stm32f4xx_hal_rtc.c ****               ((uint32_t)RTC_ByteToBcd2(sAlarm->AlarmTime.Minutes) << RTC_ALRMAR_MNU_Pos) | \
 2186              		.loc 1 1256 91 view .LVU783
 2187 004e 46EA0026 		orr	r6, r6, r0, lsl #8
1258:Drivers/STM32F4xx_HAL_Driver/Src/stm32f4xx_hal_rtc.c ****               ((uint32_t)(sAlarm->AlarmTime.TimeFormat)            << RTC_ALRMAR_PM_Pos)  | \
 2188              		.loc 1 1258 26 view .LVU784
 2189 0052 A878     		ldrb	r0, [r5, #2]	@ zero_extendqisi2
 2190 0054 FFF7FEFF 		bl	RTC_ByteToBcd2
 2191              	.LVL137:
1257:Drivers/STM32F4xx_HAL_Driver/Src/stm32f4xx_hal_rtc.c ****               ((uint32_t)RTC_ByteToBcd2(sAlarm->AlarmTime.Seconds))                       | \
 2192              		.loc 1 1257 91 view .LVU785
 2193 0058 0643     		orrs	r6, r6, r0
1259:Drivers/STM32F4xx_HAL_Driver/Src/stm32f4xx_hal_rtc.c ****               ((uint32_t)RTC_ByteToBcd2(sAlarm->AlarmDateWeekDay)  << RTC_ALRMAR_DU_Pos)  | \
 2194              		.loc 1 1259 44 view .LVU786
 2195 005a EB78     		ldrb	r3, [r5, #3]	@ zero_extendqisi2
1258:Drivers/STM32F4xx_HAL_Driver/Src/stm32f4xx_hal_rtc.c ****               ((uint32_t)(sAlarm->AlarmTime.TimeFormat)            << RTC_ALRMAR_PM_Pos)  | \
 2196              		.loc 1 1258 91 view .LVU787
 2197 005c 46EA8356 		orr	r6, r6, r3, lsl #22
1260:Drivers/STM32F4xx_HAL_Driver/Src/stm32f4xx_hal_rtc.c ****               ((uint32_t)sAlarm->AlarmDateWeekDaySel)                                     | \
 2198              		.loc 1 1260 26 view .LVU788
 2199 0060 95F82000 		ldrb	r0, [r5, #32]	@ zero_extendqisi2
 2200 0064 FFF7FEFF 		bl	RTC_ByteToBcd2
 2201              	.LVL138:
1259:Drivers/STM32F4xx_HAL_Driver/Src/stm32f4xx_hal_rtc.c ****               ((uint32_t)RTC_ByteToBcd2(sAlarm->AlarmDateWeekDay)  << RTC_ALRMAR_DU_Pos)  | \
 2202              		.loc 1 1259 91 view .LVU789
 2203 0068 46EA0062 		orr	r2, r6, r0, lsl #24
1261:Drivers/STM32F4xx_HAL_Driver/Src/stm32f4xx_hal_rtc.c ****               ((uint32_t)sAlarm->AlarmMask));
 2204              		.loc 1 1261 32 view .LVU790
 2205 006c EB69     		ldr	r3, [r5, #28]
1260:Drivers/STM32F4xx_HAL_Driver/Src/stm32f4xx_hal_rtc.c ****               ((uint32_t)sAlarm->AlarmDateWeekDaySel)                                     | \
 2206              		.loc 1 1260 91 view .LVU791
 2207 006e 1A43     		orrs	r2, r2, r3
1262:Drivers/STM32F4xx_HAL_Driver/Src/stm32f4xx_hal_rtc.c ****   }
 2208              		.loc 1 1262 32 view .LVU792
 2209 0070 6B69     		ldr	r3, [r5, #20]
1256:Drivers/STM32F4xx_HAL_Driver/Src/stm32f4xx_hal_rtc.c ****               ((uint32_t)RTC_ByteToBcd2(sAlarm->AlarmTime.Minutes) << RTC_ALRMAR_MNU_Pos) | \
 2210              		.loc 1 1256 12 view .LVU793
 2211 0072 1A43     		orrs	r2, r2, r3
 2212              	.LVL139:
 2213              	.L133:
1299:Drivers/STM32F4xx_HAL_Driver/Src/stm32f4xx_hal_rtc.c ****                                (uint32_t)(sAlarm->AlarmSubSecondMask));
 2214              		.loc 1 1299 3 is_stmt 1 view .LVU794
1299:Drivers/STM32F4xx_HAL_Driver/Src/stm32f4xx_hal_rtc.c ****                                (uint32_t)(sAlarm->AlarmSubSecondMask));
 2215              		.loc 1 1299 60 is_stmt 0 view .LVU795
 2216 0074 6868     		ldr	r0, [r5, #4]
ARM GAS  /tmp/ccDzuYuu.s 			page 83


1300:Drivers/STM32F4xx_HAL_Driver/Src/stm32f4xx_hal_rtc.c **** 
 2217              		.loc 1 1300 49 view .LVU796
 2218 0076 AB69     		ldr	r3, [r5, #24]
1299:Drivers/STM32F4xx_HAL_Driver/Src/stm32f4xx_hal_rtc.c ****                                (uint32_t)(sAlarm->AlarmSubSecondMask));
 2219              		.loc 1 1299 19 view .LVU797
 2220 0078 1843     		orrs	r0, r0, r3
 2221              	.LVL140:
1303:Drivers/STM32F4xx_HAL_Driver/Src/stm32f4xx_hal_rtc.c **** 
 2222              		.loc 1 1303 3 is_stmt 1 view .LVU798
1303:Drivers/STM32F4xx_HAL_Driver/Src/stm32f4xx_hal_rtc.c **** 
 2223              		.loc 1 1303 3 view .LVU799
 2224 007a 2368     		ldr	r3, [r4]
 2225 007c CA21     		movs	r1, #202
 2226 007e 5962     		str	r1, [r3, #36]
1303:Drivers/STM32F4xx_HAL_Driver/Src/stm32f4xx_hal_rtc.c **** 
 2227              		.loc 1 1303 3 view .LVU800
 2228 0080 2368     		ldr	r3, [r4]
 2229 0082 5321     		movs	r1, #83
 2230 0084 5962     		str	r1, [r3, #36]
1303:Drivers/STM32F4xx_HAL_Driver/Src/stm32f4xx_hal_rtc.c **** 
 2231              		.loc 1 1303 3 view .LVU801
1305:Drivers/STM32F4xx_HAL_Driver/Src/stm32f4xx_hal_rtc.c ****   {
 2232              		.loc 1 1305 3 view .LVU802
1305:Drivers/STM32F4xx_HAL_Driver/Src/stm32f4xx_hal_rtc.c ****   {
 2233              		.loc 1 1305 13 is_stmt 0 view .LVU803
 2234 0086 6B6A     		ldr	r3, [r5, #36]
1305:Drivers/STM32F4xx_HAL_Driver/Src/stm32f4xx_hal_rtc.c ****   {
 2235              		.loc 1 1305 6 view .LVU804
 2236 0088 B3F5807F 		cmp	r3, #256
 2237 008c 59D0     		beq	.L143
1343:Drivers/STM32F4xx_HAL_Driver/Src/stm32f4xx_hal_rtc.c **** 
 2238              		.loc 1 1343 5 is_stmt 1 view .LVU805
 2239 008e 2168     		ldr	r1, [r4]
 2240 0090 8B68     		ldr	r3, [r1, #8]
 2241 0092 23F40073 		bic	r3, r3, #512
 2242 0096 8B60     		str	r3, [r1, #8]
1346:Drivers/STM32F4xx_HAL_Driver/Src/stm32f4xx_hal_rtc.c **** 
 2243              		.loc 1 1346 5 view .LVU806
 2244 0098 2168     		ldr	r1, [r4]
 2245 009a CB68     		ldr	r3, [r1, #12]
 2246 009c DBB2     		uxtb	r3, r3
 2247 009e 63F42073 		orn	r3, r3, #640
 2248 00a2 CB60     		str	r3, [r1, #12]
1349:Drivers/STM32F4xx_HAL_Driver/Src/stm32f4xx_hal_rtc.c **** 
 2249              		.loc 1 1349 5 view .LVU807
1349:Drivers/STM32F4xx_HAL_Driver/Src/stm32f4xx_hal_rtc.c **** 
 2250              		.loc 1 1349 56 is_stmt 0 view .LVU808
 2251 00a4 414B     		ldr	r3, .L146
 2252 00a6 1B68     		ldr	r3, [r3]
 2253 00a8 4149     		ldr	r1, .L146+4
 2254 00aa A1FB0313 		umull	r1, r3, r1, r3
 2255 00ae DB0A     		lsrs	r3, r3, #11
1349:Drivers/STM32F4xx_HAL_Driver/Src/stm32f4xx_hal_rtc.c **** 
 2256              		.loc 1 1349 31 view .LVU809
 2257 00b0 4FF47A71 		mov	r1, #1000
 2258 00b4 01FB03F3 		mul	r3, r1, r3
1349:Drivers/STM32F4xx_HAL_Driver/Src/stm32f4xx_hal_rtc.c **** 
ARM GAS  /tmp/ccDzuYuu.s 			page 84


 2259              		.loc 1 1349 11 view .LVU810
 2260 00b8 0193     		str	r3, [sp, #4]
 2261              	.L140:
1352:Drivers/STM32F4xx_HAL_Driver/Src/stm32f4xx_hal_rtc.c ****     {
 2262              		.loc 1 1352 5 is_stmt 1 view .LVU811
1354:Drivers/STM32F4xx_HAL_Driver/Src/stm32f4xx_hal_rtc.c ****       if (count == 0U)
 2263              		.loc 1 1354 7 view .LVU812
1354:Drivers/STM32F4xx_HAL_Driver/Src/stm32f4xx_hal_rtc.c ****       if (count == 0U)
 2264              		.loc 1 1354 21 is_stmt 0 view .LVU813
 2265 00ba 019B     		ldr	r3, [sp, #4]
 2266 00bc 013B     		subs	r3, r3, #1
1354:Drivers/STM32F4xx_HAL_Driver/Src/stm32f4xx_hal_rtc.c ****       if (count == 0U)
 2267              		.loc 1 1354 13 view .LVU814
 2268 00be 0193     		str	r3, [sp, #4]
1355:Drivers/STM32F4xx_HAL_Driver/Src/stm32f4xx_hal_rtc.c ****       {
 2269              		.loc 1 1355 7 is_stmt 1 view .LVU815
1355:Drivers/STM32F4xx_HAL_Driver/Src/stm32f4xx_hal_rtc.c ****       {
 2270              		.loc 1 1355 17 is_stmt 0 view .LVU816
 2271 00c0 019B     		ldr	r3, [sp, #4]
1355:Drivers/STM32F4xx_HAL_Driver/Src/stm32f4xx_hal_rtc.c ****       {
 2272              		.loc 1 1355 10 view .LVU817
 2273 00c2 002B     		cmp	r3, #0
 2274 00c4 68D0     		beq	.L144
1367:Drivers/STM32F4xx_HAL_Driver/Src/stm32f4xx_hal_rtc.c **** 
 2275              		.loc 1 1367 62 is_stmt 1 view .LVU818
1367:Drivers/STM32F4xx_HAL_Driver/Src/stm32f4xx_hal_rtc.c **** 
 2276              		.loc 1 1367 14 is_stmt 0 view .LVU819
 2277 00c6 2368     		ldr	r3, [r4]
 2278 00c8 D968     		ldr	r1, [r3, #12]
1367:Drivers/STM32F4xx_HAL_Driver/Src/stm32f4xx_hal_rtc.c **** 
 2279              		.loc 1 1367 62 view .LVU820
 2280 00ca 11F0020F 		tst	r1, #2
 2281 00ce F4D0     		beq	.L140
1370:Drivers/STM32F4xx_HAL_Driver/Src/stm32f4xx_hal_rtc.c ****     /* Configure Alarm B Subseconds register */
 2282              		.loc 1 1370 5 is_stmt 1 view .LVU821
1370:Drivers/STM32F4xx_HAL_Driver/Src/stm32f4xx_hal_rtc.c ****     /* Configure Alarm B Subseconds register */
 2283              		.loc 1 1370 28 is_stmt 0 view .LVU822
 2284 00d0 1A62     		str	r2, [r3, #32]
1372:Drivers/STM32F4xx_HAL_Driver/Src/stm32f4xx_hal_rtc.c ****     /* Enable Alarm B */
 2285              		.loc 1 1372 5 is_stmt 1 view .LVU823
1372:Drivers/STM32F4xx_HAL_Driver/Src/stm32f4xx_hal_rtc.c ****     /* Enable Alarm B */
 2286              		.loc 1 1372 9 is_stmt 0 view .LVU824
 2287 00d2 2368     		ldr	r3, [r4]
1372:Drivers/STM32F4xx_HAL_Driver/Src/stm32f4xx_hal_rtc.c ****     /* Enable Alarm B */
 2288              		.loc 1 1372 30 view .LVU825
 2289 00d4 9864     		str	r0, [r3, #72]
1374:Drivers/STM32F4xx_HAL_Driver/Src/stm32f4xx_hal_rtc.c ****     /* Enable Alarm B interrupt */
 2290              		.loc 1 1374 5 is_stmt 1 view .LVU826
 2291 00d6 2268     		ldr	r2, [r4]
 2292              	.LVL141:
1374:Drivers/STM32F4xx_HAL_Driver/Src/stm32f4xx_hal_rtc.c ****     /* Enable Alarm B interrupt */
 2293              		.loc 1 1374 5 is_stmt 0 view .LVU827
 2294 00d8 9368     		ldr	r3, [r2, #8]
 2295 00da 43F40073 		orr	r3, r3, #512
 2296 00de 9360     		str	r3, [r2, #8]
1376:Drivers/STM32F4xx_HAL_Driver/Src/stm32f4xx_hal_rtc.c ****   }
 2297              		.loc 1 1376 5 is_stmt 1 view .LVU828
ARM GAS  /tmp/ccDzuYuu.s 			page 85


 2298 00e0 2268     		ldr	r2, [r4]
 2299 00e2 9368     		ldr	r3, [r2, #8]
 2300 00e4 43F40053 		orr	r3, r3, #8192
 2301 00e8 9360     		str	r3, [r2, #8]
 2302              	.L138:
1380:Drivers/STM32F4xx_HAL_Driver/Src/stm32f4xx_hal_rtc.c ****   __HAL_RTC_ALARM_EXTI_ENABLE_RISING_EDGE();
 2303              		.loc 1 1380 3 view .LVU829
 2304 00ea 324B     		ldr	r3, .L146+8
 2305 00ec 1A68     		ldr	r2, [r3]
 2306 00ee 42F40032 		orr	r2, r2, #131072
 2307 00f2 1A60     		str	r2, [r3]
1381:Drivers/STM32F4xx_HAL_Driver/Src/stm32f4xx_hal_rtc.c **** 
 2308              		.loc 1 1381 3 view .LVU830
 2309 00f4 9A68     		ldr	r2, [r3, #8]
 2310 00f6 42F40032 		orr	r2, r2, #131072
 2311 00fa 9A60     		str	r2, [r3, #8]
1384:Drivers/STM32F4xx_HAL_Driver/Src/stm32f4xx_hal_rtc.c **** 
 2312              		.loc 1 1384 3 view .LVU831
1384:Drivers/STM32F4xx_HAL_Driver/Src/stm32f4xx_hal_rtc.c **** 
 2313              		.loc 1 1384 3 view .LVU832
 2314 00fc 2368     		ldr	r3, [r4]
 2315 00fe FF22     		movs	r2, #255
 2316 0100 5A62     		str	r2, [r3, #36]
1384:Drivers/STM32F4xx_HAL_Driver/Src/stm32f4xx_hal_rtc.c **** 
 2317              		.loc 1 1384 3 view .LVU833
1387:Drivers/STM32F4xx_HAL_Driver/Src/stm32f4xx_hal_rtc.c **** 
 2318              		.loc 1 1387 3 view .LVU834
1387:Drivers/STM32F4xx_HAL_Driver/Src/stm32f4xx_hal_rtc.c **** 
 2319              		.loc 1 1387 15 is_stmt 0 view .LVU835
 2320 0102 0123     		movs	r3, #1
 2321 0104 6377     		strb	r3, [r4, #29]
1390:Drivers/STM32F4xx_HAL_Driver/Src/stm32f4xx_hal_rtc.c **** 
 2322              		.loc 1 1390 3 is_stmt 1 view .LVU836
1390:Drivers/STM32F4xx_HAL_Driver/Src/stm32f4xx_hal_rtc.c **** 
 2323              		.loc 1 1390 3 view .LVU837
 2324 0106 0020     		movs	r0, #0
 2325              	.LVL142:
1390:Drivers/STM32F4xx_HAL_Driver/Src/stm32f4xx_hal_rtc.c **** 
 2326              		.loc 1 1390 3 is_stmt 0 view .LVU838
 2327 0108 2077     		strb	r0, [r4, #28]
1390:Drivers/STM32F4xx_HAL_Driver/Src/stm32f4xx_hal_rtc.c **** 
 2328              		.loc 1 1390 3 is_stmt 1 view .LVU839
1392:Drivers/STM32F4xx_HAL_Driver/Src/stm32f4xx_hal_rtc.c **** }
 2329              		.loc 1 1392 3 view .LVU840
 2330              	.LVL143:
 2331              	.L130:
1393:Drivers/STM32F4xx_HAL_Driver/Src/stm32f4xx_hal_rtc.c **** 
 2332              		.loc 1 1393 1 is_stmt 0 view .LVU841
 2333 010a 02B0     		add	sp, sp, #8
 2334              	.LCFI16:
 2335              		.cfi_remember_state
 2336              		.cfi_def_cfa_offset 16
 2337              		@ sp needed
 2338 010c 70BD     		pop	{r4, r5, r6, pc}
 2339              	.LVL144:
 2340              	.L131:
 2341              	.LCFI17:
ARM GAS  /tmp/ccDzuYuu.s 			page 86


 2342              		.cfi_restore_state
1266:Drivers/STM32F4xx_HAL_Driver/Src/stm32f4xx_hal_rtc.c ****     {
 2343              		.loc 1 1266 5 is_stmt 1 view .LVU842
1266:Drivers/STM32F4xx_HAL_Driver/Src/stm32f4xx_hal_rtc.c ****     {
 2344              		.loc 1 1266 14 is_stmt 0 view .LVU843
 2345 010e 0368     		ldr	r3, [r0]
1266:Drivers/STM32F4xx_HAL_Driver/Src/stm32f4xx_hal_rtc.c ****     {
 2346              		.loc 1 1266 24 view .LVU844
 2347 0110 9B68     		ldr	r3, [r3, #8]
1266:Drivers/STM32F4xx_HAL_Driver/Src/stm32f4xx_hal_rtc.c ****     {
 2348              		.loc 1 1266 8 view .LVU845
 2349 0112 13F0400F 		tst	r3, #64
 2350 0116 01D1     		bne	.L134
1273:Drivers/STM32F4xx_HAL_Driver/Src/stm32f4xx_hal_rtc.c ****       assert_param(IS_RTC_HOUR24(RTC_Bcd2ToByte(sAlarm->AlarmTime.Hours)));
 2351              		.loc 1 1273 7 is_stmt 1 view .LVU846
1273:Drivers/STM32F4xx_HAL_Driver/Src/stm32f4xx_hal_rtc.c ****       assert_param(IS_RTC_HOUR24(RTC_Bcd2ToByte(sAlarm->AlarmTime.Hours)));
 2352              		.loc 1 1273 36 is_stmt 0 view .LVU847
 2353 0118 0023     		movs	r3, #0
 2354 011a EB70     		strb	r3, [r5, #3]
 2355              	.L134:
1274:Drivers/STM32F4xx_HAL_Driver/Src/stm32f4xx_hal_rtc.c ****     }
 2356              		.loc 1 1274 7 is_stmt 1 view .LVU848
1277:Drivers/STM32F4xx_HAL_Driver/Src/stm32f4xx_hal_rtc.c ****     assert_param(IS_RTC_SECONDS(RTC_Bcd2ToByte(sAlarm->AlarmTime.Seconds)));
 2357              		.loc 1 1277 5 view .LVU849
1278:Drivers/STM32F4xx_HAL_Driver/Src/stm32f4xx_hal_rtc.c **** 
 2358              		.loc 1 1278 5 view .LVU850
1280:Drivers/STM32F4xx_HAL_Driver/Src/stm32f4xx_hal_rtc.c ****     {
 2359              		.loc 1 1280 5 view .LVU851
1282:Drivers/STM32F4xx_HAL_Driver/Src/stm32f4xx_hal_rtc.c ****     }
 2360              		.loc 1 1282 7 view .LVU852
1286:Drivers/STM32F4xx_HAL_Driver/Src/stm32f4xx_hal_rtc.c ****     }
 2361              		.loc 1 1286 7 view .LVU853
1289:Drivers/STM32F4xx_HAL_Driver/Src/stm32f4xx_hal_rtc.c ****               ((uint32_t)(sAlarm->AlarmTime.Minutes)    << RTC_ALRMAR_MNU_Pos) | \
 2362              		.loc 1 1289 5 view .LVU854
1289:Drivers/STM32F4xx_HAL_Driver/Src/stm32f4xx_hal_rtc.c ****               ((uint32_t)(sAlarm->AlarmTime.Minutes)    << RTC_ALRMAR_MNU_Pos) | \
 2363              		.loc 1 1289 44 is_stmt 0 view .LVU855
 2364 011c 2B78     		ldrb	r3, [r5]	@ zero_extendqisi2
1290:Drivers/STM32F4xx_HAL_Driver/Src/stm32f4xx_hal_rtc.c ****               ((uint32_t) sAlarm->AlarmTime.Seconds)                           | \
 2365              		.loc 1 1290 44 view .LVU856
 2366 011e 6A78     		ldrb	r2, [r5, #1]	@ zero_extendqisi2
 2367              	.LVL145:
1290:Drivers/STM32F4xx_HAL_Driver/Src/stm32f4xx_hal_rtc.c ****               ((uint32_t) sAlarm->AlarmTime.Seconds)                           | \
 2368              		.loc 1 1290 57 view .LVU857
 2369 0120 1202     		lsls	r2, r2, #8
1289:Drivers/STM32F4xx_HAL_Driver/Src/stm32f4xx_hal_rtc.c ****               ((uint32_t)(sAlarm->AlarmTime.Minutes)    << RTC_ALRMAR_MNU_Pos) | \
 2370              		.loc 1 1289 80 view .LVU858
 2371 0122 42EA0342 		orr	r2, r2, r3, lsl #16
1291:Drivers/STM32F4xx_HAL_Driver/Src/stm32f4xx_hal_rtc.c ****               ((uint32_t)(sAlarm->AlarmTime.TimeFormat) << RTC_ALRMAR_PM_Pos)  | \
 2372              		.loc 1 1291 44 view .LVU859
 2373 0126 AB78     		ldrb	r3, [r5, #2]	@ zero_extendqisi2
1290:Drivers/STM32F4xx_HAL_Driver/Src/stm32f4xx_hal_rtc.c ****               ((uint32_t) sAlarm->AlarmTime.Seconds)                           | \
 2374              		.loc 1 1290 80 view .LVU860
 2375 0128 1A43     		orrs	r2, r2, r3
1292:Drivers/STM32F4xx_HAL_Driver/Src/stm32f4xx_hal_rtc.c ****               ((uint32_t)(sAlarm->AlarmDateWeekDay)     << RTC_ALRMAR_DU_Pos)  | \
 2376              		.loc 1 1292 44 view .LVU861
 2377 012a EB78     		ldrb	r3, [r5, #3]	@ zero_extendqisi2
1291:Drivers/STM32F4xx_HAL_Driver/Src/stm32f4xx_hal_rtc.c ****               ((uint32_t)(sAlarm->AlarmTime.TimeFormat) << RTC_ALRMAR_PM_Pos)  | \
ARM GAS  /tmp/ccDzuYuu.s 			page 87


 2378              		.loc 1 1291 80 view .LVU862
 2379 012c 42EA8352 		orr	r2, r2, r3, lsl #22
1293:Drivers/STM32F4xx_HAL_Driver/Src/stm32f4xx_hal_rtc.c ****               ((uint32_t) sAlarm->AlarmDateWeekDaySel)                         | \
 2380              		.loc 1 1293 33 view .LVU863
 2381 0130 95F82030 		ldrb	r3, [r5, #32]	@ zero_extendqisi2
1292:Drivers/STM32F4xx_HAL_Driver/Src/stm32f4xx_hal_rtc.c ****               ((uint32_t)(sAlarm->AlarmDateWeekDay)     << RTC_ALRMAR_DU_Pos)  | \
 2382              		.loc 1 1292 80 view .LVU864
 2383 0134 42EA0362 		orr	r2, r2, r3, lsl #24
1294:Drivers/STM32F4xx_HAL_Driver/Src/stm32f4xx_hal_rtc.c ****               ((uint32_t) sAlarm->AlarmMask));
 2384              		.loc 1 1294 33 view .LVU865
 2385 0138 EB69     		ldr	r3, [r5, #28]
1293:Drivers/STM32F4xx_HAL_Driver/Src/stm32f4xx_hal_rtc.c ****               ((uint32_t) sAlarm->AlarmDateWeekDaySel)                         | \
 2386              		.loc 1 1293 80 view .LVU866
 2387 013a 1A43     		orrs	r2, r2, r3
1295:Drivers/STM32F4xx_HAL_Driver/Src/stm32f4xx_hal_rtc.c ****   }
 2388              		.loc 1 1295 33 view .LVU867
 2389 013c 6B69     		ldr	r3, [r5, #20]
1289:Drivers/STM32F4xx_HAL_Driver/Src/stm32f4xx_hal_rtc.c ****               ((uint32_t)(sAlarm->AlarmTime.Minutes)    << RTC_ALRMAR_MNU_Pos) | \
 2390              		.loc 1 1289 12 view .LVU868
 2391 013e 1A43     		orrs	r2, r2, r3
 2392 0140 98E7     		b	.L133
 2393              	.LVL146:
 2394              	.L143:
1308:Drivers/STM32F4xx_HAL_Driver/Src/stm32f4xx_hal_rtc.c **** 
 2395              		.loc 1 1308 5 is_stmt 1 view .LVU869
 2396 0142 2168     		ldr	r1, [r4]
 2397 0144 8B68     		ldr	r3, [r1, #8]
 2398 0146 23F48073 		bic	r3, r3, #256
 2399 014a 8B60     		str	r3, [r1, #8]
1311:Drivers/STM32F4xx_HAL_Driver/Src/stm32f4xx_hal_rtc.c **** 
 2400              		.loc 1 1311 5 view .LVU870
 2401 014c 2168     		ldr	r1, [r4]
 2402 014e CB68     		ldr	r3, [r1, #12]
 2403 0150 DBB2     		uxtb	r3, r3
 2404 0152 63F4C073 		orn	r3, r3, #384
 2405 0156 CB60     		str	r3, [r1, #12]
 2406              	.L137:
1314:Drivers/STM32F4xx_HAL_Driver/Src/stm32f4xx_hal_rtc.c ****     {
 2407              		.loc 1 1314 5 view .LVU871
1316:Drivers/STM32F4xx_HAL_Driver/Src/stm32f4xx_hal_rtc.c ****       if (count == 0U)
 2408              		.loc 1 1316 7 view .LVU872
1316:Drivers/STM32F4xx_HAL_Driver/Src/stm32f4xx_hal_rtc.c ****       if (count == 0U)
 2409              		.loc 1 1316 21 is_stmt 0 view .LVU873
 2410 0158 019B     		ldr	r3, [sp, #4]
 2411 015a 013B     		subs	r3, r3, #1
1316:Drivers/STM32F4xx_HAL_Driver/Src/stm32f4xx_hal_rtc.c ****       if (count == 0U)
 2412              		.loc 1 1316 13 view .LVU874
 2413 015c 0193     		str	r3, [sp, #4]
1317:Drivers/STM32F4xx_HAL_Driver/Src/stm32f4xx_hal_rtc.c ****       {
 2414              		.loc 1 1317 7 is_stmt 1 view .LVU875
1317:Drivers/STM32F4xx_HAL_Driver/Src/stm32f4xx_hal_rtc.c ****       {
 2415              		.loc 1 1317 17 is_stmt 0 view .LVU876
 2416 015e 019B     		ldr	r3, [sp, #4]
1317:Drivers/STM32F4xx_HAL_Driver/Src/stm32f4xx_hal_rtc.c ****       {
 2417              		.loc 1 1317 10 view .LVU877
 2418 0160 93B1     		cbz	r3, .L145
1329:Drivers/STM32F4xx_HAL_Driver/Src/stm32f4xx_hal_rtc.c **** 
ARM GAS  /tmp/ccDzuYuu.s 			page 88


 2419              		.loc 1 1329 62 is_stmt 1 view .LVU878
1329:Drivers/STM32F4xx_HAL_Driver/Src/stm32f4xx_hal_rtc.c **** 
 2420              		.loc 1 1329 14 is_stmt 0 view .LVU879
 2421 0162 2368     		ldr	r3, [r4]
 2422 0164 D968     		ldr	r1, [r3, #12]
1329:Drivers/STM32F4xx_HAL_Driver/Src/stm32f4xx_hal_rtc.c **** 
 2423              		.loc 1 1329 62 view .LVU880
 2424 0166 11F0010F 		tst	r1, #1
 2425 016a F5D0     		beq	.L137
1332:Drivers/STM32F4xx_HAL_Driver/Src/stm32f4xx_hal_rtc.c ****     /* Configure Alarm A Subseconds register */
 2426              		.loc 1 1332 5 is_stmt 1 view .LVU881
1332:Drivers/STM32F4xx_HAL_Driver/Src/stm32f4xx_hal_rtc.c ****     /* Configure Alarm A Subseconds register */
 2427              		.loc 1 1332 28 is_stmt 0 view .LVU882
 2428 016c DA61     		str	r2, [r3, #28]
1334:Drivers/STM32F4xx_HAL_Driver/Src/stm32f4xx_hal_rtc.c ****     /* Enable Alarm A */
 2429              		.loc 1 1334 5 is_stmt 1 view .LVU883
1334:Drivers/STM32F4xx_HAL_Driver/Src/stm32f4xx_hal_rtc.c ****     /* Enable Alarm A */
 2430              		.loc 1 1334 9 is_stmt 0 view .LVU884
 2431 016e 2368     		ldr	r3, [r4]
1334:Drivers/STM32F4xx_HAL_Driver/Src/stm32f4xx_hal_rtc.c ****     /* Enable Alarm A */
 2432              		.loc 1 1334 30 view .LVU885
 2433 0170 5864     		str	r0, [r3, #68]
1336:Drivers/STM32F4xx_HAL_Driver/Src/stm32f4xx_hal_rtc.c ****     /* Enable Alarm A interrupt */
 2434              		.loc 1 1336 5 is_stmt 1 view .LVU886
 2435 0172 2268     		ldr	r2, [r4]
 2436              	.LVL147:
1336:Drivers/STM32F4xx_HAL_Driver/Src/stm32f4xx_hal_rtc.c ****     /* Enable Alarm A interrupt */
 2437              		.loc 1 1336 5 is_stmt 0 view .LVU887
 2438 0174 9368     		ldr	r3, [r2, #8]
 2439 0176 43F48073 		orr	r3, r3, #256
 2440 017a 9360     		str	r3, [r2, #8]
1338:Drivers/STM32F4xx_HAL_Driver/Src/stm32f4xx_hal_rtc.c ****   }
 2441              		.loc 1 1338 5 is_stmt 1 view .LVU888
 2442 017c 2268     		ldr	r2, [r4]
 2443 017e 9368     		ldr	r3, [r2, #8]
 2444 0180 43F48053 		orr	r3, r3, #4096
 2445 0184 9360     		str	r3, [r2, #8]
 2446 0186 B0E7     		b	.L138
 2447              	.LVL148:
 2448              	.L145:
1320:Drivers/STM32F4xx_HAL_Driver/Src/stm32f4xx_hal_rtc.c **** 
 2449              		.loc 1 1320 9 view .LVU889
1320:Drivers/STM32F4xx_HAL_Driver/Src/stm32f4xx_hal_rtc.c **** 
 2450              		.loc 1 1320 9 view .LVU890
 2451 0188 2368     		ldr	r3, [r4]
 2452 018a FF22     		movs	r2, #255
 2453              	.LVL149:
1320:Drivers/STM32F4xx_HAL_Driver/Src/stm32f4xx_hal_rtc.c **** 
 2454              		.loc 1 1320 9 is_stmt 0 view .LVU891
 2455 018c 5A62     		str	r2, [r3, #36]
1320:Drivers/STM32F4xx_HAL_Driver/Src/stm32f4xx_hal_rtc.c **** 
 2456              		.loc 1 1320 9 is_stmt 1 view .LVU892
1322:Drivers/STM32F4xx_HAL_Driver/Src/stm32f4xx_hal_rtc.c **** 
 2457              		.loc 1 1322 9 view .LVU893
1322:Drivers/STM32F4xx_HAL_Driver/Src/stm32f4xx_hal_rtc.c **** 
 2458              		.loc 1 1322 21 is_stmt 0 view .LVU894
 2459 018e 0320     		movs	r0, #3
ARM GAS  /tmp/ccDzuYuu.s 			page 89


 2460              	.LVL150:
1322:Drivers/STM32F4xx_HAL_Driver/Src/stm32f4xx_hal_rtc.c **** 
 2461              		.loc 1 1322 21 view .LVU895
 2462 0190 6077     		strb	r0, [r4, #29]
1325:Drivers/STM32F4xx_HAL_Driver/Src/stm32f4xx_hal_rtc.c **** 
 2463              		.loc 1 1325 9 is_stmt 1 view .LVU896
1325:Drivers/STM32F4xx_HAL_Driver/Src/stm32f4xx_hal_rtc.c **** 
 2464              		.loc 1 1325 9 view .LVU897
 2465 0192 0023     		movs	r3, #0
 2466 0194 2377     		strb	r3, [r4, #28]
1325:Drivers/STM32F4xx_HAL_Driver/Src/stm32f4xx_hal_rtc.c **** 
 2467              		.loc 1 1325 9 view .LVU898
1327:Drivers/STM32F4xx_HAL_Driver/Src/stm32f4xx_hal_rtc.c ****       }
 2468              		.loc 1 1327 9 view .LVU899
1327:Drivers/STM32F4xx_HAL_Driver/Src/stm32f4xx_hal_rtc.c ****       }
 2469              		.loc 1 1327 16 is_stmt 0 view .LVU900
 2470 0196 B8E7     		b	.L130
 2471              	.LVL151:
 2472              	.L144:
1358:Drivers/STM32F4xx_HAL_Driver/Src/stm32f4xx_hal_rtc.c **** 
 2473              		.loc 1 1358 9 is_stmt 1 view .LVU901
1358:Drivers/STM32F4xx_HAL_Driver/Src/stm32f4xx_hal_rtc.c **** 
 2474              		.loc 1 1358 9 view .LVU902
 2475 0198 2368     		ldr	r3, [r4]
 2476 019a FF22     		movs	r2, #255
 2477              	.LVL152:
1358:Drivers/STM32F4xx_HAL_Driver/Src/stm32f4xx_hal_rtc.c **** 
 2478              		.loc 1 1358 9 is_stmt 0 view .LVU903
 2479 019c 5A62     		str	r2, [r3, #36]
1358:Drivers/STM32F4xx_HAL_Driver/Src/stm32f4xx_hal_rtc.c **** 
 2480              		.loc 1 1358 9 is_stmt 1 view .LVU904
1360:Drivers/STM32F4xx_HAL_Driver/Src/stm32f4xx_hal_rtc.c **** 
 2481              		.loc 1 1360 9 view .LVU905
1360:Drivers/STM32F4xx_HAL_Driver/Src/stm32f4xx_hal_rtc.c **** 
 2482              		.loc 1 1360 21 is_stmt 0 view .LVU906
 2483 019e 0320     		movs	r0, #3
 2484              	.LVL153:
1360:Drivers/STM32F4xx_HAL_Driver/Src/stm32f4xx_hal_rtc.c **** 
 2485              		.loc 1 1360 21 view .LVU907
 2486 01a0 6077     		strb	r0, [r4, #29]
1363:Drivers/STM32F4xx_HAL_Driver/Src/stm32f4xx_hal_rtc.c **** 
 2487              		.loc 1 1363 9 is_stmt 1 view .LVU908
1363:Drivers/STM32F4xx_HAL_Driver/Src/stm32f4xx_hal_rtc.c **** 
 2488              		.loc 1 1363 9 view .LVU909
 2489 01a2 0023     		movs	r3, #0
 2490 01a4 2377     		strb	r3, [r4, #28]
1363:Drivers/STM32F4xx_HAL_Driver/Src/stm32f4xx_hal_rtc.c **** 
 2491              		.loc 1 1363 9 view .LVU910
1365:Drivers/STM32F4xx_HAL_Driver/Src/stm32f4xx_hal_rtc.c ****       }
 2492              		.loc 1 1365 9 view .LVU911
1365:Drivers/STM32F4xx_HAL_Driver/Src/stm32f4xx_hal_rtc.c ****       }
 2493              		.loc 1 1365 16 is_stmt 0 view .LVU912
 2494 01a6 B0E7     		b	.L130
 2495              	.LVL154:
 2496              	.L141:
1225:Drivers/STM32F4xx_HAL_Driver/Src/stm32f4xx_hal_rtc.c **** 
 2497              		.loc 1 1225 3 discriminator 1 view .LVU913
ARM GAS  /tmp/ccDzuYuu.s 			page 90


 2498 01a8 0220     		movs	r0, #2
 2499              	.LVL155:
1225:Drivers/STM32F4xx_HAL_Driver/Src/stm32f4xx_hal_rtc.c **** 
 2500              		.loc 1 1225 3 discriminator 1 view .LVU914
 2501 01aa AEE7     		b	.L130
 2502              	.L147:
 2503              		.align	2
 2504              	.L146:
 2505 01ac 00000000 		.word	SystemCoreClock
 2506 01b0 D34D6210 		.word	274877907
 2507 01b4 003C0140 		.word	1073822720
 2508              		.cfi_endproc
 2509              	.LFE248:
 2511              		.section	.text.RTC_Bcd2ToByte,"ax",%progbits
 2512              		.align	1
 2513              		.global	RTC_Bcd2ToByte
 2514              		.syntax unified
 2515              		.thumb
 2516              		.thumb_func
 2518              	RTC_Bcd2ToByte:
 2519              	.LVL156:
 2520              	.LFB264:
1896:Drivers/STM32F4xx_HAL_Driver/Src/stm32f4xx_hal_rtc.c **** 
1897:Drivers/STM32F4xx_HAL_Driver/Src/stm32f4xx_hal_rtc.c **** /**
1898:Drivers/STM32F4xx_HAL_Driver/Src/stm32f4xx_hal_rtc.c ****   * @brief  Converts a 2-digit number from BCD to decimal format.
1899:Drivers/STM32F4xx_HAL_Driver/Src/stm32f4xx_hal_rtc.c ****   * @param  number BCD-formatted number (from 00 to 99) to be converted
1900:Drivers/STM32F4xx_HAL_Driver/Src/stm32f4xx_hal_rtc.c ****   * @retval Converted word
1901:Drivers/STM32F4xx_HAL_Driver/Src/stm32f4xx_hal_rtc.c ****   */
1902:Drivers/STM32F4xx_HAL_Driver/Src/stm32f4xx_hal_rtc.c **** uint8_t RTC_Bcd2ToByte(uint8_t number)
1903:Drivers/STM32F4xx_HAL_Driver/Src/stm32f4xx_hal_rtc.c **** {
 2521              		.loc 1 1903 1 is_stmt 1 view -0
 2522              		.cfi_startproc
 2523              		@ args = 0, pretend = 0, frame = 0
 2524              		@ frame_needed = 0, uses_anonymous_args = 0
 2525              		@ link register save eliminated.
1904:Drivers/STM32F4xx_HAL_Driver/Src/stm32f4xx_hal_rtc.c ****   uint32_t tens = 0U;
 2526              		.loc 1 1904 3 view .LVU916
1905:Drivers/STM32F4xx_HAL_Driver/Src/stm32f4xx_hal_rtc.c ****   tens = (((uint32_t)number & 0xF0U) >> 4U) * 10U;
 2527              		.loc 1 1905 3 view .LVU917
 2528              		.loc 1 1905 38 is_stmt 0 view .LVU918
 2529 0000 0309     		lsrs	r3, r0, #4
 2530              		.loc 1 1905 8 view .LVU919
 2531 0002 03EB8303 		add	r3, r3, r3, lsl #2
 2532              	.LVL157:
1906:Drivers/STM32F4xx_HAL_Driver/Src/stm32f4xx_hal_rtc.c ****   return (uint8_t)(tens + ((uint32_t)number & 0x0FU));
 2533              		.loc 1 1906 3 is_stmt 1 view .LVU920
 2534              		.loc 1 1906 45 is_stmt 0 view .LVU921
 2535 0006 00F00F00 		and	r0, r0, #15
 2536              	.LVL158:
 2537              		.loc 1 1906 10 view .LVU922
 2538 000a 00EB4300 		add	r0, r0, r3, lsl #1
1907:Drivers/STM32F4xx_HAL_Driver/Src/stm32f4xx_hal_rtc.c **** }
 2539              		.loc 1 1907 1 view .LVU923
 2540 000e C0B2     		uxtb	r0, r0
 2541 0010 7047     		bx	lr
 2542              		.cfi_endproc
 2543              	.LFE264:
ARM GAS  /tmp/ccDzuYuu.s 			page 91


 2545              		.section	.text.HAL_RTC_GetTime,"ax",%progbits
 2546              		.align	1
 2547              		.global	HAL_RTC_GetTime
 2548              		.syntax unified
 2549              		.thumb
 2550              		.thumb_func
 2552              	HAL_RTC_GetTime:
 2553              	.LVL159:
 2554              	.LFB244:
 821:Drivers/STM32F4xx_HAL_Driver/Src/stm32f4xx_hal_rtc.c ****   uint32_t tmpreg = 0U;
 2555              		.loc 1 821 1 is_stmt 1 view -0
 2556              		.cfi_startproc
 2557              		@ args = 0, pretend = 0, frame = 0
 2558              		@ frame_needed = 0, uses_anonymous_args = 0
 821:Drivers/STM32F4xx_HAL_Driver/Src/stm32f4xx_hal_rtc.c ****   uint32_t tmpreg = 0U;
 2559              		.loc 1 821 1 is_stmt 0 view .LVU925
 2560 0000 70B5     		push	{r4, r5, r6, lr}
 2561              	.LCFI18:
 2562              		.cfi_def_cfa_offset 16
 2563              		.cfi_offset 4, -16
 2564              		.cfi_offset 5, -12
 2565              		.cfi_offset 6, -8
 2566              		.cfi_offset 14, -4
 822:Drivers/STM32F4xx_HAL_Driver/Src/stm32f4xx_hal_rtc.c **** 
 2567              		.loc 1 822 3 is_stmt 1 view .LVU926
 2568              	.LVL160:
 825:Drivers/STM32F4xx_HAL_Driver/Src/stm32f4xx_hal_rtc.c **** 
 2569              		.loc 1 825 3 view .LVU927
 828:Drivers/STM32F4xx_HAL_Driver/Src/stm32f4xx_hal_rtc.c **** 
 2570              		.loc 1 828 3 view .LVU928
 828:Drivers/STM32F4xx_HAL_Driver/Src/stm32f4xx_hal_rtc.c **** 
 2571              		.loc 1 828 38 is_stmt 0 view .LVU929
 2572 0002 0368     		ldr	r3, [r0]
 828:Drivers/STM32F4xx_HAL_Driver/Src/stm32f4xx_hal_rtc.c **** 
 2573              		.loc 1 828 48 view .LVU930
 2574 0004 9B6A     		ldr	r3, [r3, #40]
 828:Drivers/STM32F4xx_HAL_Driver/Src/stm32f4xx_hal_rtc.c **** 
 2575              		.loc 1 828 21 view .LVU931
 2576 0006 4B60     		str	r3, [r1, #4]
 831:Drivers/STM32F4xx_HAL_Driver/Src/stm32f4xx_hal_rtc.c **** 
 2577              		.loc 1 831 3 is_stmt 1 view .LVU932
 831:Drivers/STM32F4xx_HAL_Driver/Src/stm32f4xx_hal_rtc.c **** 
 2578              		.loc 1 831 42 is_stmt 0 view .LVU933
 2579 0008 0368     		ldr	r3, [r0]
 831:Drivers/STM32F4xx_HAL_Driver/Src/stm32f4xx_hal_rtc.c **** 
 2580              		.loc 1 831 52 view .LVU934
 2581 000a 1B69     		ldr	r3, [r3, #16]
 831:Drivers/STM32F4xx_HAL_Driver/Src/stm32f4xx_hal_rtc.c **** 
 2582              		.loc 1 831 27 view .LVU935
 2583 000c C3F30E03 		ubfx	r3, r3, #0, #15
 831:Drivers/STM32F4xx_HAL_Driver/Src/stm32f4xx_hal_rtc.c **** 
 2584              		.loc 1 831 25 view .LVU936
 2585 0010 8B60     		str	r3, [r1, #8]
 834:Drivers/STM32F4xx_HAL_Driver/Src/stm32f4xx_hal_rtc.c **** 
 2586              		.loc 1 834 3 is_stmt 1 view .LVU937
 834:Drivers/STM32F4xx_HAL_Driver/Src/stm32f4xx_hal_rtc.c **** 
 2587              		.loc 1 834 27 is_stmt 0 view .LVU938
ARM GAS  /tmp/ccDzuYuu.s 			page 92


 2588 0012 0368     		ldr	r3, [r0]
 834:Drivers/STM32F4xx_HAL_Driver/Src/stm32f4xx_hal_rtc.c **** 
 2589              		.loc 1 834 37 view .LVU939
 2590 0014 1B68     		ldr	r3, [r3]
 2591              	.LVL161:
 837:Drivers/STM32F4xx_HAL_Driver/Src/stm32f4xx_hal_rtc.c ****   sTime->Minutes    = (uint8_t)((tmpreg & (RTC_TR_MNT | RTC_TR_MNU)) >> RTC_TR_MNU_Pos);
 2592              		.loc 1 837 3 is_stmt 1 view .LVU940
 837:Drivers/STM32F4xx_HAL_Driver/Src/stm32f4xx_hal_rtc.c ****   sTime->Minutes    = (uint8_t)((tmpreg & (RTC_TR_MNT | RTC_TR_MNU)) >> RTC_TR_MNU_Pos);
 2593              		.loc 1 837 23 is_stmt 0 view .LVU941
 2594 0016 C3F30540 		ubfx	r0, r3, #16, #6
 2595              	.LVL162:
 837:Drivers/STM32F4xx_HAL_Driver/Src/stm32f4xx_hal_rtc.c ****   sTime->Minutes    = (uint8_t)((tmpreg & (RTC_TR_MNT | RTC_TR_MNU)) >> RTC_TR_MNU_Pos);
 2596              		.loc 1 837 21 view .LVU942
 2597 001a 0870     		strb	r0, [r1]
 838:Drivers/STM32F4xx_HAL_Driver/Src/stm32f4xx_hal_rtc.c ****   sTime->Seconds    = (uint8_t)( tmpreg & (RTC_TR_ST  | RTC_TR_SU));
 2598              		.loc 1 838 3 is_stmt 1 view .LVU943
 838:Drivers/STM32F4xx_HAL_Driver/Src/stm32f4xx_hal_rtc.c ****   sTime->Seconds    = (uint8_t)( tmpreg & (RTC_TR_ST  | RTC_TR_SU));
 2599              		.loc 1 838 23 is_stmt 0 view .LVU944
 2600 001c C3F30626 		ubfx	r6, r3, #8, #7
 838:Drivers/STM32F4xx_HAL_Driver/Src/stm32f4xx_hal_rtc.c ****   sTime->Seconds    = (uint8_t)( tmpreg & (RTC_TR_ST  | RTC_TR_SU));
 2601              		.loc 1 838 21 view .LVU945
 2602 0020 4E70     		strb	r6, [r1, #1]
 839:Drivers/STM32F4xx_HAL_Driver/Src/stm32f4xx_hal_rtc.c ****   sTime->TimeFormat = (uint8_t)((tmpreg & (RTC_TR_PM))               >> RTC_TR_PM_Pos);
 2603              		.loc 1 839 3 is_stmt 1 view .LVU946
 839:Drivers/STM32F4xx_HAL_Driver/Src/stm32f4xx_hal_rtc.c ****   sTime->TimeFormat = (uint8_t)((tmpreg & (RTC_TR_PM))               >> RTC_TR_PM_Pos);
 2604              		.loc 1 839 23 is_stmt 0 view .LVU947
 2605 0022 03F07F05 		and	r5, r3, #127
 839:Drivers/STM32F4xx_HAL_Driver/Src/stm32f4xx_hal_rtc.c ****   sTime->TimeFormat = (uint8_t)((tmpreg & (RTC_TR_PM))               >> RTC_TR_PM_Pos);
 2606              		.loc 1 839 21 view .LVU948
 2607 0026 8D70     		strb	r5, [r1, #2]
 840:Drivers/STM32F4xx_HAL_Driver/Src/stm32f4xx_hal_rtc.c **** 
 2608              		.loc 1 840 3 is_stmt 1 view .LVU949
 840:Drivers/STM32F4xx_HAL_Driver/Src/stm32f4xx_hal_rtc.c **** 
 2609              		.loc 1 840 23 is_stmt 0 view .LVU950
 2610 0028 C3F38053 		ubfx	r3, r3, #22, #1
 2611              	.LVL163:
 840:Drivers/STM32F4xx_HAL_Driver/Src/stm32f4xx_hal_rtc.c **** 
 2612              		.loc 1 840 21 view .LVU951
 2613 002c CB70     		strb	r3, [r1, #3]
 843:Drivers/STM32F4xx_HAL_Driver/Src/stm32f4xx_hal_rtc.c ****   {
 2614              		.loc 1 843 3 is_stmt 1 view .LVU952
 843:Drivers/STM32F4xx_HAL_Driver/Src/stm32f4xx_hal_rtc.c ****   {
 2615              		.loc 1 843 6 is_stmt 0 view .LVU953
 2616 002e 5AB9     		cbnz	r2, .L150
 2617 0030 0C46     		mov	r4, r1
 846:Drivers/STM32F4xx_HAL_Driver/Src/stm32f4xx_hal_rtc.c ****     sTime->Minutes = (uint8_t)RTC_Bcd2ToByte(sTime->Minutes);
 2618              		.loc 1 846 5 is_stmt 1 view .LVU954
 846:Drivers/STM32F4xx_HAL_Driver/Src/stm32f4xx_hal_rtc.c ****     sTime->Minutes = (uint8_t)RTC_Bcd2ToByte(sTime->Minutes);
 2619              		.loc 1 846 29 is_stmt 0 view .LVU955
 2620 0032 FFF7FEFF 		bl	RTC_Bcd2ToByte
 2621              	.LVL164:
 846:Drivers/STM32F4xx_HAL_Driver/Src/stm32f4xx_hal_rtc.c ****     sTime->Minutes = (uint8_t)RTC_Bcd2ToByte(sTime->Minutes);
 2622              		.loc 1 846 18 discriminator 1 view .LVU956
 2623 0036 2070     		strb	r0, [r4]
 847:Drivers/STM32F4xx_HAL_Driver/Src/stm32f4xx_hal_rtc.c ****     sTime->Seconds = (uint8_t)RTC_Bcd2ToByte(sTime->Seconds);
 2624              		.loc 1 847 5 is_stmt 1 view .LVU957
 847:Drivers/STM32F4xx_HAL_Driver/Src/stm32f4xx_hal_rtc.c ****     sTime->Seconds = (uint8_t)RTC_Bcd2ToByte(sTime->Seconds);
ARM GAS  /tmp/ccDzuYuu.s 			page 93


 2625              		.loc 1 847 31 is_stmt 0 view .LVU958
 2626 0038 3046     		mov	r0, r6
 2627 003a FFF7FEFF 		bl	RTC_Bcd2ToByte
 2628              	.LVL165:
 847:Drivers/STM32F4xx_HAL_Driver/Src/stm32f4xx_hal_rtc.c ****     sTime->Seconds = (uint8_t)RTC_Bcd2ToByte(sTime->Seconds);
 2629              		.loc 1 847 20 discriminator 1 view .LVU959
 2630 003e 6070     		strb	r0, [r4, #1]
 848:Drivers/STM32F4xx_HAL_Driver/Src/stm32f4xx_hal_rtc.c ****   }
 2631              		.loc 1 848 5 is_stmt 1 view .LVU960
 848:Drivers/STM32F4xx_HAL_Driver/Src/stm32f4xx_hal_rtc.c ****   }
 2632              		.loc 1 848 31 is_stmt 0 view .LVU961
 2633 0040 2846     		mov	r0, r5
 2634 0042 FFF7FEFF 		bl	RTC_Bcd2ToByte
 2635              	.LVL166:
 848:Drivers/STM32F4xx_HAL_Driver/Src/stm32f4xx_hal_rtc.c ****   }
 2636              		.loc 1 848 20 discriminator 1 view .LVU962
 2637 0046 A070     		strb	r0, [r4, #2]
 2638              	.LVL167:
 2639              	.L150:
 851:Drivers/STM32F4xx_HAL_Driver/Src/stm32f4xx_hal_rtc.c **** }
 2640              		.loc 1 851 3 is_stmt 1 view .LVU963
 852:Drivers/STM32F4xx_HAL_Driver/Src/stm32f4xx_hal_rtc.c **** 
 2641              		.loc 1 852 1 is_stmt 0 view .LVU964
 2642 0048 0020     		movs	r0, #0
 2643 004a 70BD     		pop	{r4, r5, r6, pc}
 2644              		.cfi_endproc
 2645              	.LFE244:
 2647              		.section	.text.HAL_RTC_GetDate,"ax",%progbits
 2648              		.align	1
 2649              		.global	HAL_RTC_GetDate
 2650              		.syntax unified
 2651              		.thumb
 2652              		.thumb_func
 2654              	HAL_RTC_GetDate:
 2655              	.LVL168:
 2656              	.LFB246:
 955:Drivers/STM32F4xx_HAL_Driver/Src/stm32f4xx_hal_rtc.c ****   uint32_t datetmpreg = 0U;
 2657              		.loc 1 955 1 is_stmt 1 view -0
 2658              		.cfi_startproc
 2659              		@ args = 0, pretend = 0, frame = 0
 2660              		@ frame_needed = 0, uses_anonymous_args = 0
 955:Drivers/STM32F4xx_HAL_Driver/Src/stm32f4xx_hal_rtc.c ****   uint32_t datetmpreg = 0U;
 2661              		.loc 1 955 1 is_stmt 0 view .LVU966
 2662 0000 70B5     		push	{r4, r5, r6, lr}
 2663              	.LCFI19:
 2664              		.cfi_def_cfa_offset 16
 2665              		.cfi_offset 4, -16
 2666              		.cfi_offset 5, -12
 2667              		.cfi_offset 6, -8
 2668              		.cfi_offset 14, -4
 956:Drivers/STM32F4xx_HAL_Driver/Src/stm32f4xx_hal_rtc.c **** 
 2669              		.loc 1 956 3 is_stmt 1 view .LVU967
 2670              	.LVL169:
 959:Drivers/STM32F4xx_HAL_Driver/Src/stm32f4xx_hal_rtc.c **** 
 2671              		.loc 1 959 3 view .LVU968
 962:Drivers/STM32F4xx_HAL_Driver/Src/stm32f4xx_hal_rtc.c **** 
 2672              		.loc 1 962 3 view .LVU969
ARM GAS  /tmp/ccDzuYuu.s 			page 94


 962:Drivers/STM32F4xx_HAL_Driver/Src/stm32f4xx_hal_rtc.c **** 
 2673              		.loc 1 962 31 is_stmt 0 view .LVU970
 2674 0002 0368     		ldr	r3, [r0]
 962:Drivers/STM32F4xx_HAL_Driver/Src/stm32f4xx_hal_rtc.c **** 
 2675              		.loc 1 962 41 view .LVU971
 2676 0004 5B68     		ldr	r3, [r3, #4]
 2677              	.LVL170:
 965:Drivers/STM32F4xx_HAL_Driver/Src/stm32f4xx_hal_rtc.c ****   sDate->Month   = (uint8_t)((datetmpreg & (RTC_DR_MT | RTC_DR_MU)) >> RTC_DR_MU_Pos);
 2678              		.loc 1 965 3 is_stmt 1 view .LVU972
 965:Drivers/STM32F4xx_HAL_Driver/Src/stm32f4xx_hal_rtc.c ****   sDate->Month   = (uint8_t)((datetmpreg & (RTC_DR_MT | RTC_DR_MU)) >> RTC_DR_MU_Pos);
 2679              		.loc 1 965 20 is_stmt 0 view .LVU973
 2680 0006 C3F30740 		ubfx	r0, r3, #16, #8
 2681              	.LVL171:
 965:Drivers/STM32F4xx_HAL_Driver/Src/stm32f4xx_hal_rtc.c ****   sDate->Month   = (uint8_t)((datetmpreg & (RTC_DR_MT | RTC_DR_MU)) >> RTC_DR_MU_Pos);
 2682              		.loc 1 965 18 view .LVU974
 2683 000a C870     		strb	r0, [r1, #3]
 966:Drivers/STM32F4xx_HAL_Driver/Src/stm32f4xx_hal_rtc.c ****   sDate->Date    = (uint8_t) (datetmpreg & (RTC_DR_DT | RTC_DR_DU));
 2684              		.loc 1 966 3 is_stmt 1 view .LVU975
 966:Drivers/STM32F4xx_HAL_Driver/Src/stm32f4xx_hal_rtc.c ****   sDate->Date    = (uint8_t) (datetmpreg & (RTC_DR_DT | RTC_DR_DU));
 2685              		.loc 1 966 20 is_stmt 0 view .LVU976
 2686 000c C3F30426 		ubfx	r6, r3, #8, #5
 966:Drivers/STM32F4xx_HAL_Driver/Src/stm32f4xx_hal_rtc.c ****   sDate->Date    = (uint8_t) (datetmpreg & (RTC_DR_DT | RTC_DR_DU));
 2687              		.loc 1 966 18 view .LVU977
 2688 0010 4E70     		strb	r6, [r1, #1]
 967:Drivers/STM32F4xx_HAL_Driver/Src/stm32f4xx_hal_rtc.c ****   sDate->WeekDay = (uint8_t)((datetmpreg & (RTC_DR_WDU))            >> RTC_DR_WDU_Pos);
 2689              		.loc 1 967 3 is_stmt 1 view .LVU978
 967:Drivers/STM32F4xx_HAL_Driver/Src/stm32f4xx_hal_rtc.c ****   sDate->WeekDay = (uint8_t)((datetmpreg & (RTC_DR_WDU))            >> RTC_DR_WDU_Pos);
 2690              		.loc 1 967 20 is_stmt 0 view .LVU979
 2691 0012 03F03F05 		and	r5, r3, #63
 967:Drivers/STM32F4xx_HAL_Driver/Src/stm32f4xx_hal_rtc.c ****   sDate->WeekDay = (uint8_t)((datetmpreg & (RTC_DR_WDU))            >> RTC_DR_WDU_Pos);
 2692              		.loc 1 967 18 view .LVU980
 2693 0016 8D70     		strb	r5, [r1, #2]
 968:Drivers/STM32F4xx_HAL_Driver/Src/stm32f4xx_hal_rtc.c **** 
 2694              		.loc 1 968 3 is_stmt 1 view .LVU981
 968:Drivers/STM32F4xx_HAL_Driver/Src/stm32f4xx_hal_rtc.c **** 
 2695              		.loc 1 968 20 is_stmt 0 view .LVU982
 2696 0018 C3F34233 		ubfx	r3, r3, #13, #3
 2697              	.LVL172:
 968:Drivers/STM32F4xx_HAL_Driver/Src/stm32f4xx_hal_rtc.c **** 
 2698              		.loc 1 968 18 view .LVU983
 2699 001c 0B70     		strb	r3, [r1]
 971:Drivers/STM32F4xx_HAL_Driver/Src/stm32f4xx_hal_rtc.c ****   {
 2700              		.loc 1 971 3 is_stmt 1 view .LVU984
 971:Drivers/STM32F4xx_HAL_Driver/Src/stm32f4xx_hal_rtc.c ****   {
 2701              		.loc 1 971 6 is_stmt 0 view .LVU985
 2702 001e 5AB9     		cbnz	r2, .L153
 2703 0020 0C46     		mov	r4, r1
 974:Drivers/STM32F4xx_HAL_Driver/Src/stm32f4xx_hal_rtc.c ****     sDate->Month = (uint8_t)RTC_Bcd2ToByte(sDate->Month);
 2704              		.loc 1 974 5 is_stmt 1 view .LVU986
 974:Drivers/STM32F4xx_HAL_Driver/Src/stm32f4xx_hal_rtc.c ****     sDate->Month = (uint8_t)RTC_Bcd2ToByte(sDate->Month);
 2705              		.loc 1 974 29 is_stmt 0 view .LVU987
 2706 0022 FFF7FEFF 		bl	RTC_Bcd2ToByte
 2707              	.LVL173:
 974:Drivers/STM32F4xx_HAL_Driver/Src/stm32f4xx_hal_rtc.c ****     sDate->Month = (uint8_t)RTC_Bcd2ToByte(sDate->Month);
 2708              		.loc 1 974 18 discriminator 1 view .LVU988
 2709 0026 E070     		strb	r0, [r4, #3]
 975:Drivers/STM32F4xx_HAL_Driver/Src/stm32f4xx_hal_rtc.c ****     sDate->Date  = (uint8_t)RTC_Bcd2ToByte(sDate->Date);
ARM GAS  /tmp/ccDzuYuu.s 			page 95


 2710              		.loc 1 975 5 is_stmt 1 view .LVU989
 975:Drivers/STM32F4xx_HAL_Driver/Src/stm32f4xx_hal_rtc.c ****     sDate->Date  = (uint8_t)RTC_Bcd2ToByte(sDate->Date);
 2711              		.loc 1 975 29 is_stmt 0 view .LVU990
 2712 0028 3046     		mov	r0, r6
 2713 002a FFF7FEFF 		bl	RTC_Bcd2ToByte
 2714              	.LVL174:
 975:Drivers/STM32F4xx_HAL_Driver/Src/stm32f4xx_hal_rtc.c ****     sDate->Date  = (uint8_t)RTC_Bcd2ToByte(sDate->Date);
 2715              		.loc 1 975 18 discriminator 1 view .LVU991
 2716 002e 6070     		strb	r0, [r4, #1]
 976:Drivers/STM32F4xx_HAL_Driver/Src/stm32f4xx_hal_rtc.c ****   }
 2717              		.loc 1 976 5 is_stmt 1 view .LVU992
 976:Drivers/STM32F4xx_HAL_Driver/Src/stm32f4xx_hal_rtc.c ****   }
 2718              		.loc 1 976 29 is_stmt 0 view .LVU993
 2719 0030 2846     		mov	r0, r5
 2720 0032 FFF7FEFF 		bl	RTC_Bcd2ToByte
 2721              	.LVL175:
 976:Drivers/STM32F4xx_HAL_Driver/Src/stm32f4xx_hal_rtc.c ****   }
 2722              		.loc 1 976 18 discriminator 1 view .LVU994
 2723 0036 A070     		strb	r0, [r4, #2]
 2724              	.LVL176:
 2725              	.L153:
 978:Drivers/STM32F4xx_HAL_Driver/Src/stm32f4xx_hal_rtc.c **** }
 2726              		.loc 1 978 3 is_stmt 1 view .LVU995
 979:Drivers/STM32F4xx_HAL_Driver/Src/stm32f4xx_hal_rtc.c **** 
 2727              		.loc 1 979 1 is_stmt 0 view .LVU996
 2728 0038 0020     		movs	r0, #0
 2729 003a 70BD     		pop	{r4, r5, r6, pc}
 2730              		.cfi_endproc
 2731              	.LFE246:
 2733              		.section	.text.HAL_RTC_GetAlarm,"ax",%progbits
 2734              		.align	1
 2735              		.global	HAL_RTC_GetAlarm
 2736              		.syntax unified
 2737              		.thumb
 2738              		.thumb_func
 2740              	HAL_RTC_GetAlarm:
 2741              	.LVL177:
 2742              	.LFB250:
1504:Drivers/STM32F4xx_HAL_Driver/Src/stm32f4xx_hal_rtc.c ****   uint32_t tmpreg = 0U;
 2743              		.loc 1 1504 1 is_stmt 1 view -0
 2744              		.cfi_startproc
 2745              		@ args = 0, pretend = 0, frame = 0
 2746              		@ frame_needed = 0, uses_anonymous_args = 0
1504:Drivers/STM32F4xx_HAL_Driver/Src/stm32f4xx_hal_rtc.c ****   uint32_t tmpreg = 0U;
 2747              		.loc 1 1504 1 is_stmt 0 view .LVU998
 2748 0000 F8B5     		push	{r3, r4, r5, r6, r7, lr}
 2749              	.LCFI20:
 2750              		.cfi_def_cfa_offset 24
 2751              		.cfi_offset 3, -24
 2752              		.cfi_offset 4, -20
 2753              		.cfi_offset 5, -16
 2754              		.cfi_offset 6, -12
 2755              		.cfi_offset 7, -8
 2756              		.cfi_offset 14, -4
 2757 0002 0C46     		mov	r4, r1
1505:Drivers/STM32F4xx_HAL_Driver/Src/stm32f4xx_hal_rtc.c ****   uint32_t subsecondtmpreg = 0U;
 2758              		.loc 1 1505 3 is_stmt 1 view .LVU999
ARM GAS  /tmp/ccDzuYuu.s 			page 96


 2759              	.LVL178:
1506:Drivers/STM32F4xx_HAL_Driver/Src/stm32f4xx_hal_rtc.c **** 
 2760              		.loc 1 1506 3 view .LVU1000
1509:Drivers/STM32F4xx_HAL_Driver/Src/stm32f4xx_hal_rtc.c ****   assert_param(IS_RTC_ALARM(Alarm));
 2761              		.loc 1 1509 3 view .LVU1001
1510:Drivers/STM32F4xx_HAL_Driver/Src/stm32f4xx_hal_rtc.c **** 
 2762              		.loc 1 1510 3 view .LVU1002
1512:Drivers/STM32F4xx_HAL_Driver/Src/stm32f4xx_hal_rtc.c ****   {
 2763              		.loc 1 1512 3 view .LVU1003
1512:Drivers/STM32F4xx_HAL_Driver/Src/stm32f4xx_hal_rtc.c ****   {
 2764              		.loc 1 1512 6 is_stmt 0 view .LVU1004
 2765 0004 B2F5807F 		cmp	r2, #256
 2766 0008 31D0     		beq	.L160
1521:Drivers/STM32F4xx_HAL_Driver/Src/stm32f4xx_hal_rtc.c **** 
 2767              		.loc 1 1521 5 is_stmt 1 view .LVU1005
1521:Drivers/STM32F4xx_HAL_Driver/Src/stm32f4xx_hal_rtc.c **** 
 2768              		.loc 1 1521 19 is_stmt 0 view .LVU1006
 2769 000a 4FF40072 		mov	r2, #512
 2770              	.LVL179:
1521:Drivers/STM32F4xx_HAL_Driver/Src/stm32f4xx_hal_rtc.c **** 
 2771              		.loc 1 1521 19 view .LVU1007
 2772 000e 4A62     		str	r2, [r1, #36]
1523:Drivers/STM32F4xx_HAL_Driver/Src/stm32f4xx_hal_rtc.c ****     subsecondtmpreg = (uint32_t)((hrtc->Instance->ALRMBSSR) & RTC_ALRMBSSR_SS);
 2773              		.loc 1 1523 5 is_stmt 1 view .LVU1008
1523:Drivers/STM32F4xx_HAL_Driver/Src/stm32f4xx_hal_rtc.c ****     subsecondtmpreg = (uint32_t)((hrtc->Instance->ALRMBSSR) & RTC_ALRMBSSR_SS);
 2774              		.loc 1 1523 29 is_stmt 0 view .LVU1009
 2775 0010 0168     		ldr	r1, [r0]
 2776              	.LVL180:
1523:Drivers/STM32F4xx_HAL_Driver/Src/stm32f4xx_hal_rtc.c ****     subsecondtmpreg = (uint32_t)((hrtc->Instance->ALRMBSSR) & RTC_ALRMBSSR_SS);
 2777              		.loc 1 1523 12 view .LVU1010
 2778 0012 0A6A     		ldr	r2, [r1, #32]
 2779              	.LVL181:
1524:Drivers/STM32F4xx_HAL_Driver/Src/stm32f4xx_hal_rtc.c ****   }
 2780              		.loc 1 1524 5 is_stmt 1 view .LVU1011
1524:Drivers/STM32F4xx_HAL_Driver/Src/stm32f4xx_hal_rtc.c ****   }
 2781              		.loc 1 1524 49 is_stmt 0 view .LVU1012
 2782 0014 896C     		ldr	r1, [r1, #72]
1524:Drivers/STM32F4xx_HAL_Driver/Src/stm32f4xx_hal_rtc.c ****   }
 2783              		.loc 1 1524 21 view .LVU1013
 2784 0016 C1F30E01 		ubfx	r1, r1, #0, #15
 2785              	.LVL182:
 2786              	.L157:
1528:Drivers/STM32F4xx_HAL_Driver/Src/stm32f4xx_hal_rtc.c ****   sAlarm->AlarmTime.Minutes    = (uint8_t) ((tmpreg & (RTC_ALRMAR_MNT | RTC_ALRMAR_MNU)) >> RTC_ALR
 2787              		.loc 1 1528 3 is_stmt 1 view .LVU1014
1528:Drivers/STM32F4xx_HAL_Driver/Src/stm32f4xx_hal_rtc.c ****   sAlarm->AlarmTime.Minutes    = (uint8_t) ((tmpreg & (RTC_ALRMAR_MNT | RTC_ALRMAR_MNU)) >> RTC_ALR
 2788              		.loc 1 1528 34 is_stmt 0 view .LVU1015
 2789 001a C2F30540 		ubfx	r0, r2, #16, #6
 2790              	.LVL183:
1528:Drivers/STM32F4xx_HAL_Driver/Src/stm32f4xx_hal_rtc.c ****   sAlarm->AlarmTime.Minutes    = (uint8_t) ((tmpreg & (RTC_ALRMAR_MNT | RTC_ALRMAR_MNU)) >> RTC_ALR
 2791              		.loc 1 1528 32 view .LVU1016
 2792 001e 2070     		strb	r0, [r4]
1529:Drivers/STM32F4xx_HAL_Driver/Src/stm32f4xx_hal_rtc.c ****   sAlarm->AlarmTime.Seconds    = (uint8_t) ( tmpreg & (RTC_ALRMAR_ST  | RTC_ALRMAR_SU));
 2793              		.loc 1 1529 3 is_stmt 1 view .LVU1017
1529:Drivers/STM32F4xx_HAL_Driver/Src/stm32f4xx_hal_rtc.c ****   sAlarm->AlarmTime.Seconds    = (uint8_t) ( tmpreg & (RTC_ALRMAR_ST  | RTC_ALRMAR_SU));
 2794              		.loc 1 1529 34 is_stmt 0 view .LVU1018
 2795 0020 C2F30627 		ubfx	r7, r2, #8, #7
1529:Drivers/STM32F4xx_HAL_Driver/Src/stm32f4xx_hal_rtc.c ****   sAlarm->AlarmTime.Seconds    = (uint8_t) ( tmpreg & (RTC_ALRMAR_ST  | RTC_ALRMAR_SU));
ARM GAS  /tmp/ccDzuYuu.s 			page 97


 2796              		.loc 1 1529 32 view .LVU1019
 2797 0024 6770     		strb	r7, [r4, #1]
1530:Drivers/STM32F4xx_HAL_Driver/Src/stm32f4xx_hal_rtc.c ****   sAlarm->AlarmTime.TimeFormat = (uint8_t) ((tmpreg & RTC_ALRMAR_PM)                     >> RTC_TR_
 2798              		.loc 1 1530 3 is_stmt 1 view .LVU1020
1530:Drivers/STM32F4xx_HAL_Driver/Src/stm32f4xx_hal_rtc.c ****   sAlarm->AlarmTime.TimeFormat = (uint8_t) ((tmpreg & RTC_ALRMAR_PM)                     >> RTC_TR_
 2799              		.loc 1 1530 34 is_stmt 0 view .LVU1021
 2800 0026 02F07F06 		and	r6, r2, #127
1530:Drivers/STM32F4xx_HAL_Driver/Src/stm32f4xx_hal_rtc.c ****   sAlarm->AlarmTime.TimeFormat = (uint8_t) ((tmpreg & RTC_ALRMAR_PM)                     >> RTC_TR_
 2801              		.loc 1 1530 32 view .LVU1022
 2802 002a A670     		strb	r6, [r4, #2]
1531:Drivers/STM32F4xx_HAL_Driver/Src/stm32f4xx_hal_rtc.c ****   sAlarm->AlarmTime.SubSeconds = (uint32_t) subsecondtmpreg;
 2803              		.loc 1 1531 3 is_stmt 1 view .LVU1023
1531:Drivers/STM32F4xx_HAL_Driver/Src/stm32f4xx_hal_rtc.c ****   sAlarm->AlarmTime.SubSeconds = (uint32_t) subsecondtmpreg;
 2804              		.loc 1 1531 34 is_stmt 0 view .LVU1024
 2805 002c C2F38055 		ubfx	r5, r2, #22, #1
1531:Drivers/STM32F4xx_HAL_Driver/Src/stm32f4xx_hal_rtc.c ****   sAlarm->AlarmTime.SubSeconds = (uint32_t) subsecondtmpreg;
 2806              		.loc 1 1531 32 view .LVU1025
 2807 0030 E570     		strb	r5, [r4, #3]
1532:Drivers/STM32F4xx_HAL_Driver/Src/stm32f4xx_hal_rtc.c ****   sAlarm->AlarmDateWeekDay     = (uint8_t) ((tmpreg & (RTC_ALRMAR_DT  | RTC_ALRMAR_DU))  >> RTC_ALR
 2808              		.loc 1 1532 3 is_stmt 1 view .LVU1026
1532:Drivers/STM32F4xx_HAL_Driver/Src/stm32f4xx_hal_rtc.c ****   sAlarm->AlarmDateWeekDay     = (uint8_t) ((tmpreg & (RTC_ALRMAR_DT  | RTC_ALRMAR_DU))  >> RTC_ALR
 2809              		.loc 1 1532 32 is_stmt 0 view .LVU1027
 2810 0032 6160     		str	r1, [r4, #4]
1533:Drivers/STM32F4xx_HAL_Driver/Src/stm32f4xx_hal_rtc.c ****   sAlarm->AlarmDateWeekDaySel  = (uint32_t) (tmpreg & RTC_ALRMAR_WDSEL);
 2811              		.loc 1 1533 3 is_stmt 1 view .LVU1028
1533:Drivers/STM32F4xx_HAL_Driver/Src/stm32f4xx_hal_rtc.c ****   sAlarm->AlarmDateWeekDaySel  = (uint32_t) (tmpreg & RTC_ALRMAR_WDSEL);
 2812              		.loc 1 1533 34 is_stmt 0 view .LVU1029
 2813 0034 C2F30565 		ubfx	r5, r2, #24, #6
1533:Drivers/STM32F4xx_HAL_Driver/Src/stm32f4xx_hal_rtc.c ****   sAlarm->AlarmDateWeekDaySel  = (uint32_t) (tmpreg & RTC_ALRMAR_WDSEL);
 2814              		.loc 1 1533 32 view .LVU1030
 2815 0038 84F82050 		strb	r5, [r4, #32]
1534:Drivers/STM32F4xx_HAL_Driver/Src/stm32f4xx_hal_rtc.c ****   sAlarm->AlarmMask            = (uint32_t) (tmpreg & RTC_ALARMMASK_ALL);
 2816              		.loc 1 1534 3 is_stmt 1 view .LVU1031
1534:Drivers/STM32F4xx_HAL_Driver/Src/stm32f4xx_hal_rtc.c ****   sAlarm->AlarmMask            = (uint32_t) (tmpreg & RTC_ALARMMASK_ALL);
 2817              		.loc 1 1534 34 is_stmt 0 view .LVU1032
 2818 003c 02F08041 		and	r1, r2, #1073741824
 2819              	.LVL184:
1534:Drivers/STM32F4xx_HAL_Driver/Src/stm32f4xx_hal_rtc.c ****   sAlarm->AlarmMask            = (uint32_t) (tmpreg & RTC_ALARMMASK_ALL);
 2820              		.loc 1 1534 32 view .LVU1033
 2821 0040 E161     		str	r1, [r4, #28]
1535:Drivers/STM32F4xx_HAL_Driver/Src/stm32f4xx_hal_rtc.c **** 
 2822              		.loc 1 1535 3 is_stmt 1 view .LVU1034
1535:Drivers/STM32F4xx_HAL_Driver/Src/stm32f4xx_hal_rtc.c **** 
 2823              		.loc 1 1535 34 is_stmt 0 view .LVU1035
 2824 0042 02F08032 		and	r2, r2, #-2139062144
 2825              	.LVL185:
1535:Drivers/STM32F4xx_HAL_Driver/Src/stm32f4xx_hal_rtc.c **** 
 2826              		.loc 1 1535 32 view .LVU1036
 2827 0046 6261     		str	r2, [r4, #20]
1537:Drivers/STM32F4xx_HAL_Driver/Src/stm32f4xx_hal_rtc.c ****   {
 2828              		.loc 1 1537 3 is_stmt 1 view .LVU1037
1537:Drivers/STM32F4xx_HAL_Driver/Src/stm32f4xx_hal_rtc.c ****   {
 2829              		.loc 1 1537 6 is_stmt 0 view .LVU1038
 2830 0048 7BB9     		cbnz	r3, .L158
1539:Drivers/STM32F4xx_HAL_Driver/Src/stm32f4xx_hal_rtc.c ****     sAlarm->AlarmTime.Minutes = RTC_Bcd2ToByte(sAlarm->AlarmTime.Minutes);
 2831              		.loc 1 1539 5 is_stmt 1 view .LVU1039
1539:Drivers/STM32F4xx_HAL_Driver/Src/stm32f4xx_hal_rtc.c ****     sAlarm->AlarmTime.Minutes = RTC_Bcd2ToByte(sAlarm->AlarmTime.Minutes);
ARM GAS  /tmp/ccDzuYuu.s 			page 98


 2832              		.loc 1 1539 33 is_stmt 0 view .LVU1040
 2833 004a FFF7FEFF 		bl	RTC_Bcd2ToByte
 2834              	.LVL186:
1539:Drivers/STM32F4xx_HAL_Driver/Src/stm32f4xx_hal_rtc.c ****     sAlarm->AlarmTime.Minutes = RTC_Bcd2ToByte(sAlarm->AlarmTime.Minutes);
 2835              		.loc 1 1539 31 discriminator 1 view .LVU1041
 2836 004e 2070     		strb	r0, [r4]
1540:Drivers/STM32F4xx_HAL_Driver/Src/stm32f4xx_hal_rtc.c ****     sAlarm->AlarmTime.Seconds = RTC_Bcd2ToByte(sAlarm->AlarmTime.Seconds);
 2837              		.loc 1 1540 5 is_stmt 1 view .LVU1042
1540:Drivers/STM32F4xx_HAL_Driver/Src/stm32f4xx_hal_rtc.c ****     sAlarm->AlarmTime.Seconds = RTC_Bcd2ToByte(sAlarm->AlarmTime.Seconds);
 2838              		.loc 1 1540 33 is_stmt 0 view .LVU1043
 2839 0050 3846     		mov	r0, r7
 2840 0052 FFF7FEFF 		bl	RTC_Bcd2ToByte
 2841              	.LVL187:
1540:Drivers/STM32F4xx_HAL_Driver/Src/stm32f4xx_hal_rtc.c ****     sAlarm->AlarmTime.Seconds = RTC_Bcd2ToByte(sAlarm->AlarmTime.Seconds);
 2842              		.loc 1 1540 31 discriminator 1 view .LVU1044
 2843 0056 6070     		strb	r0, [r4, #1]
1541:Drivers/STM32F4xx_HAL_Driver/Src/stm32f4xx_hal_rtc.c ****     sAlarm->AlarmDateWeekDay  = RTC_Bcd2ToByte(sAlarm->AlarmDateWeekDay);
 2844              		.loc 1 1541 5 is_stmt 1 view .LVU1045
1541:Drivers/STM32F4xx_HAL_Driver/Src/stm32f4xx_hal_rtc.c ****     sAlarm->AlarmDateWeekDay  = RTC_Bcd2ToByte(sAlarm->AlarmDateWeekDay);
 2845              		.loc 1 1541 33 is_stmt 0 view .LVU1046
 2846 0058 3046     		mov	r0, r6
 2847 005a FFF7FEFF 		bl	RTC_Bcd2ToByte
 2848              	.LVL188:
1541:Drivers/STM32F4xx_HAL_Driver/Src/stm32f4xx_hal_rtc.c ****     sAlarm->AlarmDateWeekDay  = RTC_Bcd2ToByte(sAlarm->AlarmDateWeekDay);
 2849              		.loc 1 1541 31 discriminator 1 view .LVU1047
 2850 005e A070     		strb	r0, [r4, #2]
1542:Drivers/STM32F4xx_HAL_Driver/Src/stm32f4xx_hal_rtc.c ****   }
 2851              		.loc 1 1542 5 is_stmt 1 view .LVU1048
1542:Drivers/STM32F4xx_HAL_Driver/Src/stm32f4xx_hal_rtc.c ****   }
 2852              		.loc 1 1542 33 is_stmt 0 view .LVU1049
 2853 0060 2846     		mov	r0, r5
 2854 0062 FFF7FEFF 		bl	RTC_Bcd2ToByte
 2855              	.LVL189:
1542:Drivers/STM32F4xx_HAL_Driver/Src/stm32f4xx_hal_rtc.c ****   }
 2856              		.loc 1 1542 31 discriminator 1 view .LVU1050
 2857 0066 84F82000 		strb	r0, [r4, #32]
 2858              	.L158:
1545:Drivers/STM32F4xx_HAL_Driver/Src/stm32f4xx_hal_rtc.c **** }
 2859              		.loc 1 1545 3 is_stmt 1 view .LVU1051
1546:Drivers/STM32F4xx_HAL_Driver/Src/stm32f4xx_hal_rtc.c **** 
 2860              		.loc 1 1546 1 is_stmt 0 view .LVU1052
 2861 006a 0020     		movs	r0, #0
 2862 006c F8BD     		pop	{r3, r4, r5, r6, r7, pc}
 2863              	.LVL190:
 2864              	.L160:
1514:Drivers/STM32F4xx_HAL_Driver/Src/stm32f4xx_hal_rtc.c **** 
 2865              		.loc 1 1514 5 is_stmt 1 view .LVU1053
1514:Drivers/STM32F4xx_HAL_Driver/Src/stm32f4xx_hal_rtc.c **** 
 2866              		.loc 1 1514 19 is_stmt 0 view .LVU1054
 2867 006e 4A62     		str	r2, [r1, #36]
1516:Drivers/STM32F4xx_HAL_Driver/Src/stm32f4xx_hal_rtc.c ****     subsecondtmpreg = (uint32_t)((hrtc->Instance->ALRMASSR) & RTC_ALRMASSR_SS);
 2868              		.loc 1 1516 5 is_stmt 1 view .LVU1055
1516:Drivers/STM32F4xx_HAL_Driver/Src/stm32f4xx_hal_rtc.c ****     subsecondtmpreg = (uint32_t)((hrtc->Instance->ALRMASSR) & RTC_ALRMASSR_SS);
 2869              		.loc 1 1516 29 is_stmt 0 view .LVU1056
 2870 0070 0168     		ldr	r1, [r0]
 2871              	.LVL191:
1516:Drivers/STM32F4xx_HAL_Driver/Src/stm32f4xx_hal_rtc.c ****     subsecondtmpreg = (uint32_t)((hrtc->Instance->ALRMASSR) & RTC_ALRMASSR_SS);
ARM GAS  /tmp/ccDzuYuu.s 			page 99


 2872              		.loc 1 1516 12 view .LVU1057
 2873 0072 CA69     		ldr	r2, [r1, #28]
 2874              	.LVL192:
1517:Drivers/STM32F4xx_HAL_Driver/Src/stm32f4xx_hal_rtc.c ****   }
 2875              		.loc 1 1517 5 is_stmt 1 view .LVU1058
1517:Drivers/STM32F4xx_HAL_Driver/Src/stm32f4xx_hal_rtc.c ****   }
 2876              		.loc 1 1517 49 is_stmt 0 view .LVU1059
 2877 0074 496C     		ldr	r1, [r1, #68]
1517:Drivers/STM32F4xx_HAL_Driver/Src/stm32f4xx_hal_rtc.c ****   }
 2878              		.loc 1 1517 21 view .LVU1060
 2879 0076 C1F30E01 		ubfx	r1, r1, #0, #15
 2880              	.LVL193:
1517:Drivers/STM32F4xx_HAL_Driver/Src/stm32f4xx_hal_rtc.c ****   }
 2881              		.loc 1 1517 21 view .LVU1061
 2882 007a CEE7     		b	.L157
 2883              		.cfi_endproc
 2884              	.LFE250:
 2886              		.text
 2887              	.Letext0:
 2888              		.file 2 "/usr/lib/gcc/arm-none-eabi/14.2.1/include/stdint.h"
 2889              		.file 3 "Drivers/CMSIS/Device/ST/STM32F4xx/Include/stm32f407xx.h"
 2890              		.file 4 "Drivers/STM32F4xx_HAL_Driver/Inc/stm32f4xx_hal_def.h"
 2891              		.file 5 "Drivers/STM32F4xx_HAL_Driver/Inc/stm32f4xx_hal_rtc.h"
 2892              		.file 6 "Drivers/CMSIS/Device/ST/STM32F4xx/Include/system_stm32f4xx.h"
 2893              		.file 7 "Drivers/STM32F4xx_HAL_Driver/Inc/stm32f4xx_hal_rtc_ex.h"
 2894              		.file 8 "Drivers/STM32F4xx_HAL_Driver/Inc/stm32f4xx_hal.h"
ARM GAS  /tmp/ccDzuYuu.s 			page 100


DEFINED SYMBOLS
                            *ABS*:00000000 stm32f4xx_hal_rtc.c
     /tmp/ccDzuYuu.s:21     .text.HAL_RTC_MspInit:00000000 $t
     /tmp/ccDzuYuu.s:27     .text.HAL_RTC_MspInit:00000000 HAL_RTC_MspInit
     /tmp/ccDzuYuu.s:42     .text.HAL_RTC_MspDeInit:00000000 $t
     /tmp/ccDzuYuu.s:48     .text.HAL_RTC_MspDeInit:00000000 HAL_RTC_MspDeInit
     /tmp/ccDzuYuu.s:63     .text.HAL_RTC_DeactivateAlarm:00000000 $t
     /tmp/ccDzuYuu.s:69     .text.HAL_RTC_DeactivateAlarm:00000000 HAL_RTC_DeactivateAlarm
     /tmp/ccDzuYuu.s:255    .text.HAL_RTC_AlarmAEventCallback:00000000 $t
     /tmp/ccDzuYuu.s:261    .text.HAL_RTC_AlarmAEventCallback:00000000 HAL_RTC_AlarmAEventCallback
     /tmp/ccDzuYuu.s:276    .text.HAL_RTC_AlarmIRQHandler:00000000 $t
     /tmp/ccDzuYuu.s:282    .text.HAL_RTC_AlarmIRQHandler:00000000 HAL_RTC_AlarmIRQHandler
     /tmp/ccDzuYuu.s:361    .text.HAL_RTC_AlarmIRQHandler:00000058 $d
     /tmp/ccDzuYuu.s:366    .text.HAL_RTC_PollForAlarmAEvent:00000000 $t
     /tmp/ccDzuYuu.s:372    .text.HAL_RTC_PollForAlarmAEvent:00000000 HAL_RTC_PollForAlarmAEvent
     /tmp/ccDzuYuu.s:451    .text.HAL_RTC_WaitForSynchro:00000000 $t
     /tmp/ccDzuYuu.s:457    .text.HAL_RTC_WaitForSynchro:00000000 HAL_RTC_WaitForSynchro
     /tmp/ccDzuYuu.s:521    .text.HAL_RTC_WaitForSynchro:00000030 $d
     /tmp/ccDzuYuu.s:526    .text.HAL_RTC_DST_Add1Hour:00000000 $t
     /tmp/ccDzuYuu.s:532    .text.HAL_RTC_DST_Add1Hour:00000000 HAL_RTC_DST_Add1Hour
     /tmp/ccDzuYuu.s:567    .text.HAL_RTC_DST_Sub1Hour:00000000 $t
     /tmp/ccDzuYuu.s:573    .text.HAL_RTC_DST_Sub1Hour:00000000 HAL_RTC_DST_Sub1Hour
     /tmp/ccDzuYuu.s:608    .text.HAL_RTC_DST_SetStoreOperation:00000000 $t
     /tmp/ccDzuYuu.s:614    .text.HAL_RTC_DST_SetStoreOperation:00000000 HAL_RTC_DST_SetStoreOperation
     /tmp/ccDzuYuu.s:649    .text.HAL_RTC_DST_ClearStoreOperation:00000000 $t
     /tmp/ccDzuYuu.s:655    .text.HAL_RTC_DST_ClearStoreOperation:00000000 HAL_RTC_DST_ClearStoreOperation
     /tmp/ccDzuYuu.s:690    .text.HAL_RTC_DST_ReadStoreOperation:00000000 $t
     /tmp/ccDzuYuu.s:696    .text.HAL_RTC_DST_ReadStoreOperation:00000000 HAL_RTC_DST_ReadStoreOperation
     /tmp/ccDzuYuu.s:716    .text.HAL_RTC_GetState:00000000 $t
     /tmp/ccDzuYuu.s:722    .text.HAL_RTC_GetState:00000000 HAL_RTC_GetState
     /tmp/ccDzuYuu.s:740    .text.RTC_EnterInitMode:00000000 $t
     /tmp/ccDzuYuu.s:746    .text.RTC_EnterInitMode:00000000 RTC_EnterInitMode
     /tmp/ccDzuYuu.s:831    .text.RTC_ExitInitMode:00000000 $t
     /tmp/ccDzuYuu.s:837    .text.RTC_ExitInitMode:00000000 RTC_ExitInitMode
     /tmp/ccDzuYuu.s:896    .text.HAL_RTC_Init:00000000 $t
     /tmp/ccDzuYuu.s:902    .text.HAL_RTC_Init:00000000 HAL_RTC_Init
     /tmp/ccDzuYuu.s:1088   .text.HAL_RTC_DeInit:00000000 $t
     /tmp/ccDzuYuu.s:1094   .text.HAL_RTC_DeInit:00000000 HAL_RTC_DeInit
     /tmp/ccDzuYuu.s:1251   .text.HAL_RTC_DeInit:00000084 $d
     /tmp/ccDzuYuu.s:1256   .text.RTC_ByteToBcd2:00000000 $t
     /tmp/ccDzuYuu.s:1262   .text.RTC_ByteToBcd2:00000000 RTC_ByteToBcd2
     /tmp/ccDzuYuu.s:1308   .text.HAL_RTC_SetTime:00000000 $t
     /tmp/ccDzuYuu.s:1314   .text.HAL_RTC_SetTime:00000000 HAL_RTC_SetTime
     /tmp/ccDzuYuu.s:1531   .text.HAL_RTC_SetDate:00000000 $t
     /tmp/ccDzuYuu.s:1537   .text.HAL_RTC_SetDate:00000000 HAL_RTC_SetDate
     /tmp/ccDzuYuu.s:1722   .text.HAL_RTC_SetAlarm:00000000 $t
     /tmp/ccDzuYuu.s:1728   .text.HAL_RTC_SetAlarm:00000000 HAL_RTC_SetAlarm
     /tmp/ccDzuYuu.s:2088   .text.HAL_RTC_SetAlarm_IT:00000000 $t
     /tmp/ccDzuYuu.s:2094   .text.HAL_RTC_SetAlarm_IT:00000000 HAL_RTC_SetAlarm_IT
     /tmp/ccDzuYuu.s:2505   .text.HAL_RTC_SetAlarm_IT:000001ac $d
     /tmp/ccDzuYuu.s:2512   .text.RTC_Bcd2ToByte:00000000 $t
     /tmp/ccDzuYuu.s:2518   .text.RTC_Bcd2ToByte:00000000 RTC_Bcd2ToByte
     /tmp/ccDzuYuu.s:2546   .text.HAL_RTC_GetTime:00000000 $t
     /tmp/ccDzuYuu.s:2552   .text.HAL_RTC_GetTime:00000000 HAL_RTC_GetTime
     /tmp/ccDzuYuu.s:2648   .text.HAL_RTC_GetDate:00000000 $t
     /tmp/ccDzuYuu.s:2654   .text.HAL_RTC_GetDate:00000000 HAL_RTC_GetDate
     /tmp/ccDzuYuu.s:2734   .text.HAL_RTC_GetAlarm:00000000 $t
ARM GAS  /tmp/ccDzuYuu.s 			page 101


     /tmp/ccDzuYuu.s:2740   .text.HAL_RTC_GetAlarm:00000000 HAL_RTC_GetAlarm

UNDEFINED SYMBOLS
HAL_GetTick
HAL_RTCEx_AlarmBEventCallback
SystemCoreClock
