ARM GAS  /tmp/cchsWuk7.s 			page 1


   1              		.cpu cortex-m4
   2              		.arch armv7e-m
   3              		.fpu fpv4-sp-d16
   4              		.eabi_attribute 27, 1
   5              		.eabi_attribute 28, 1
   6              		.eabi_attribute 20, 1
   7              		.eabi_attribute 21, 1
   8              		.eabi_attribute 23, 3
   9              		.eabi_attribute 24, 1
  10              		.eabi_attribute 25, 1
  11              		.eabi_attribute 26, 1
  12              		.eabi_attribute 30, 1
  13              		.eabi_attribute 34, 1
  14              		.eabi_attribute 18, 4
  15              		.file	"tasks.c"
  16              		.text
  17              	.Ltext0:
  18              		.cfi_sections	.debug_frame
  19              		.file 1 "Middlewares/Third_Party/FreeRTOS/Source/tasks.c"
  20              		.section	.text.prvTaskIsTaskSuspended,"ax",%progbits
  21              		.align	1
  22              		.syntax unified
  23              		.thumb
  24              		.thumb_func
  26              	prvTaskIsTaskSuspended:
  27              	.LVL0:
  28              	.LFB16:
   1:Middlewares/Third_Party/FreeRTOS/Source/tasks.c **** /*
   2:Middlewares/Third_Party/FreeRTOS/Source/tasks.c ****  * FreeRTOS Kernel V10.3.1
   3:Middlewares/Third_Party/FreeRTOS/Source/tasks.c ****  * Copyright (C) 2020 Amazon.com, Inc. or its affiliates.  All Rights Reserved.
   4:Middlewares/Third_Party/FreeRTOS/Source/tasks.c ****  *
   5:Middlewares/Third_Party/FreeRTOS/Source/tasks.c ****  * Permission is hereby granted, free of charge, to any person obtaining a copy of
   6:Middlewares/Third_Party/FreeRTOS/Source/tasks.c ****  * this software and associated documentation files (the "Software"), to deal in
   7:Middlewares/Third_Party/FreeRTOS/Source/tasks.c ****  * the Software without restriction, including without limitation the rights to
   8:Middlewares/Third_Party/FreeRTOS/Source/tasks.c ****  * use, copy, modify, merge, publish, distribute, sublicense, and/or sell copies of
   9:Middlewares/Third_Party/FreeRTOS/Source/tasks.c ****  * the Software, and to permit persons to whom the Software is furnished to do so,
  10:Middlewares/Third_Party/FreeRTOS/Source/tasks.c ****  * subject to the following conditions:
  11:Middlewares/Third_Party/FreeRTOS/Source/tasks.c ****  *
  12:Middlewares/Third_Party/FreeRTOS/Source/tasks.c ****  * The above copyright notice and this permission notice shall be included in all
  13:Middlewares/Third_Party/FreeRTOS/Source/tasks.c ****  * copies or substantial portions of the Software.
  14:Middlewares/Third_Party/FreeRTOS/Source/tasks.c ****  *
  15:Middlewares/Third_Party/FreeRTOS/Source/tasks.c ****  * THE SOFTWARE IS PROVIDED "AS IS", WITHOUT WARRANTY OF ANY KIND, EXPRESS OR
  16:Middlewares/Third_Party/FreeRTOS/Source/tasks.c ****  * IMPLIED, INCLUDING BUT NOT LIMITED TO THE WARRANTIES OF MERCHANTABILITY, FITNESS
  17:Middlewares/Third_Party/FreeRTOS/Source/tasks.c ****  * FOR A PARTICULAR PURPOSE AND NONINFRINGEMENT. IN NO EVENT SHALL THE AUTHORS OR
  18:Middlewares/Third_Party/FreeRTOS/Source/tasks.c ****  * COPYRIGHT HOLDERS BE LIABLE FOR ANY CLAIM, DAMAGES OR OTHER LIABILITY, WHETHER
  19:Middlewares/Third_Party/FreeRTOS/Source/tasks.c ****  * IN AN ACTION OF CONTRACT, TORT OR OTHERWISE, ARISING FROM, OUT OF OR IN
  20:Middlewares/Third_Party/FreeRTOS/Source/tasks.c ****  * CONNECTION WITH THE SOFTWARE OR THE USE OR OTHER DEALINGS IN THE SOFTWARE.
  21:Middlewares/Third_Party/FreeRTOS/Source/tasks.c ****  *
  22:Middlewares/Third_Party/FreeRTOS/Source/tasks.c ****  * http://www.FreeRTOS.org
  23:Middlewares/Third_Party/FreeRTOS/Source/tasks.c ****  * http://aws.amazon.com/freertos
  24:Middlewares/Third_Party/FreeRTOS/Source/tasks.c ****  *
  25:Middlewares/Third_Party/FreeRTOS/Source/tasks.c ****  * 1 tab == 4 spaces!
  26:Middlewares/Third_Party/FreeRTOS/Source/tasks.c ****  */
  27:Middlewares/Third_Party/FreeRTOS/Source/tasks.c **** 
  28:Middlewares/Third_Party/FreeRTOS/Source/tasks.c **** /* Standard includes. */
  29:Middlewares/Third_Party/FreeRTOS/Source/tasks.c **** #include <stdlib.h>
  30:Middlewares/Third_Party/FreeRTOS/Source/tasks.c **** #include <string.h>
ARM GAS  /tmp/cchsWuk7.s 			page 2


  31:Middlewares/Third_Party/FreeRTOS/Source/tasks.c **** 
  32:Middlewares/Third_Party/FreeRTOS/Source/tasks.c **** /* Defining MPU_WRAPPERS_INCLUDED_FROM_API_FILE prevents task.h from redefining
  33:Middlewares/Third_Party/FreeRTOS/Source/tasks.c **** all the API functions to use the MPU wrappers.  That should only be done when
  34:Middlewares/Third_Party/FreeRTOS/Source/tasks.c **** task.h is included from an application file. */
  35:Middlewares/Third_Party/FreeRTOS/Source/tasks.c **** #define MPU_WRAPPERS_INCLUDED_FROM_API_FILE
  36:Middlewares/Third_Party/FreeRTOS/Source/tasks.c **** 
  37:Middlewares/Third_Party/FreeRTOS/Source/tasks.c **** /* FreeRTOS includes. */
  38:Middlewares/Third_Party/FreeRTOS/Source/tasks.c **** #include "FreeRTOS.h"
  39:Middlewares/Third_Party/FreeRTOS/Source/tasks.c **** #include "task.h"
  40:Middlewares/Third_Party/FreeRTOS/Source/tasks.c **** #include "timers.h"
  41:Middlewares/Third_Party/FreeRTOS/Source/tasks.c **** #include "stack_macros.h"
  42:Middlewares/Third_Party/FreeRTOS/Source/tasks.c **** 
  43:Middlewares/Third_Party/FreeRTOS/Source/tasks.c **** /* Lint e9021, e961 and e750 are suppressed as a MISRA exception justified
  44:Middlewares/Third_Party/FreeRTOS/Source/tasks.c **** because the MPU ports require MPU_WRAPPERS_INCLUDED_FROM_API_FILE to be defined
  45:Middlewares/Third_Party/FreeRTOS/Source/tasks.c **** for the header files above, but not in this file, in order to generate the
  46:Middlewares/Third_Party/FreeRTOS/Source/tasks.c **** correct privileged Vs unprivileged linkage and placement. */
  47:Middlewares/Third_Party/FreeRTOS/Source/tasks.c **** #undef MPU_WRAPPERS_INCLUDED_FROM_API_FILE /*lint !e961 !e750 !e9021. */
  48:Middlewares/Third_Party/FreeRTOS/Source/tasks.c **** 
  49:Middlewares/Third_Party/FreeRTOS/Source/tasks.c **** /* Set configUSE_STATS_FORMATTING_FUNCTIONS to 2 to include the stats formatting
  50:Middlewares/Third_Party/FreeRTOS/Source/tasks.c **** functions but without including stdio.h here. */
  51:Middlewares/Third_Party/FreeRTOS/Source/tasks.c **** #if ( configUSE_STATS_FORMATTING_FUNCTIONS == 1 )
  52:Middlewares/Third_Party/FreeRTOS/Source/tasks.c **** 	/* At the bottom of this file are two optional functions that can be used
  53:Middlewares/Third_Party/FreeRTOS/Source/tasks.c **** 	to generate human readable text from the raw data generated by the
  54:Middlewares/Third_Party/FreeRTOS/Source/tasks.c **** 	uxTaskGetSystemState() function.  Note the formatting functions are provided
  55:Middlewares/Third_Party/FreeRTOS/Source/tasks.c **** 	for convenience only, and are NOT considered part of the kernel. */
  56:Middlewares/Third_Party/FreeRTOS/Source/tasks.c **** 	#include <stdio.h>
  57:Middlewares/Third_Party/FreeRTOS/Source/tasks.c **** #endif /* configUSE_STATS_FORMATTING_FUNCTIONS == 1 ) */
  58:Middlewares/Third_Party/FreeRTOS/Source/tasks.c **** 
  59:Middlewares/Third_Party/FreeRTOS/Source/tasks.c **** #if( configUSE_PREEMPTION == 0 )
  60:Middlewares/Third_Party/FreeRTOS/Source/tasks.c **** 	/* If the cooperative scheduler is being used then a yield should not be
  61:Middlewares/Third_Party/FreeRTOS/Source/tasks.c **** 	performed just because a higher priority task has been woken. */
  62:Middlewares/Third_Party/FreeRTOS/Source/tasks.c **** 	#define taskYIELD_IF_USING_PREEMPTION()
  63:Middlewares/Third_Party/FreeRTOS/Source/tasks.c **** #else
  64:Middlewares/Third_Party/FreeRTOS/Source/tasks.c **** 	#define taskYIELD_IF_USING_PREEMPTION() portYIELD_WITHIN_API()
  65:Middlewares/Third_Party/FreeRTOS/Source/tasks.c **** #endif
  66:Middlewares/Third_Party/FreeRTOS/Source/tasks.c **** 
  67:Middlewares/Third_Party/FreeRTOS/Source/tasks.c **** /* Values that can be assigned to the ucNotifyState member of the TCB. */
  68:Middlewares/Third_Party/FreeRTOS/Source/tasks.c **** #define taskNOT_WAITING_NOTIFICATION	( ( uint8_t ) 0 )
  69:Middlewares/Third_Party/FreeRTOS/Source/tasks.c **** #define taskWAITING_NOTIFICATION		( ( uint8_t ) 1 )
  70:Middlewares/Third_Party/FreeRTOS/Source/tasks.c **** #define taskNOTIFICATION_RECEIVED		( ( uint8_t ) 2 )
  71:Middlewares/Third_Party/FreeRTOS/Source/tasks.c **** 
  72:Middlewares/Third_Party/FreeRTOS/Source/tasks.c **** /*
  73:Middlewares/Third_Party/FreeRTOS/Source/tasks.c ****  * The value used to fill the stack of a task when the task is created.  This
  74:Middlewares/Third_Party/FreeRTOS/Source/tasks.c ****  * is used purely for checking the high water mark for tasks.
  75:Middlewares/Third_Party/FreeRTOS/Source/tasks.c ****  */
  76:Middlewares/Third_Party/FreeRTOS/Source/tasks.c **** #define tskSTACK_FILL_BYTE	( 0xa5U )
  77:Middlewares/Third_Party/FreeRTOS/Source/tasks.c **** 
  78:Middlewares/Third_Party/FreeRTOS/Source/tasks.c **** /* Bits used to recored how a task's stack and TCB were allocated. */
  79:Middlewares/Third_Party/FreeRTOS/Source/tasks.c **** #define tskDYNAMICALLY_ALLOCATED_STACK_AND_TCB 		( ( uint8_t ) 0 )
  80:Middlewares/Third_Party/FreeRTOS/Source/tasks.c **** #define tskSTATICALLY_ALLOCATED_STACK_ONLY 			( ( uint8_t ) 1 )
  81:Middlewares/Third_Party/FreeRTOS/Source/tasks.c **** #define tskSTATICALLY_ALLOCATED_STACK_AND_TCB		( ( uint8_t ) 2 )
  82:Middlewares/Third_Party/FreeRTOS/Source/tasks.c **** 
  83:Middlewares/Third_Party/FreeRTOS/Source/tasks.c **** /* If any of the following are set then task stacks are filled with a known
  84:Middlewares/Third_Party/FreeRTOS/Source/tasks.c **** value so the high water mark can be determined.  If none of the following are
  85:Middlewares/Third_Party/FreeRTOS/Source/tasks.c **** set then don't fill the stack so there is no unnecessary dependency on memset. */
  86:Middlewares/Third_Party/FreeRTOS/Source/tasks.c **** #if( ( configCHECK_FOR_STACK_OVERFLOW > 1 ) || ( configUSE_TRACE_FACILITY == 1 ) || ( INCLUDE_uxTas
  87:Middlewares/Third_Party/FreeRTOS/Source/tasks.c **** 	#define tskSET_NEW_STACKS_TO_KNOWN_VALUE	1
ARM GAS  /tmp/cchsWuk7.s 			page 3


  88:Middlewares/Third_Party/FreeRTOS/Source/tasks.c **** #else
  89:Middlewares/Third_Party/FreeRTOS/Source/tasks.c **** 	#define tskSET_NEW_STACKS_TO_KNOWN_VALUE	0
  90:Middlewares/Third_Party/FreeRTOS/Source/tasks.c **** #endif
  91:Middlewares/Third_Party/FreeRTOS/Source/tasks.c **** 
  92:Middlewares/Third_Party/FreeRTOS/Source/tasks.c **** /*
  93:Middlewares/Third_Party/FreeRTOS/Source/tasks.c ****  * Macros used by vListTask to indicate which state a task is in.
  94:Middlewares/Third_Party/FreeRTOS/Source/tasks.c ****  */
  95:Middlewares/Third_Party/FreeRTOS/Source/tasks.c **** #define tskRUNNING_CHAR		( 'X' )
  96:Middlewares/Third_Party/FreeRTOS/Source/tasks.c **** #define tskBLOCKED_CHAR		( 'B' )
  97:Middlewares/Third_Party/FreeRTOS/Source/tasks.c **** #define tskREADY_CHAR		( 'R' )
  98:Middlewares/Third_Party/FreeRTOS/Source/tasks.c **** #define tskDELETED_CHAR		( 'D' )
  99:Middlewares/Third_Party/FreeRTOS/Source/tasks.c **** #define tskSUSPENDED_CHAR	( 'S' )
 100:Middlewares/Third_Party/FreeRTOS/Source/tasks.c **** 
 101:Middlewares/Third_Party/FreeRTOS/Source/tasks.c **** /*
 102:Middlewares/Third_Party/FreeRTOS/Source/tasks.c ****  * Some kernel aware debuggers require the data the debugger needs access to be
 103:Middlewares/Third_Party/FreeRTOS/Source/tasks.c ****  * global, rather than file scope.
 104:Middlewares/Third_Party/FreeRTOS/Source/tasks.c ****  */
 105:Middlewares/Third_Party/FreeRTOS/Source/tasks.c **** #ifdef portREMOVE_STATIC_QUALIFIER
 106:Middlewares/Third_Party/FreeRTOS/Source/tasks.c **** 	#define static
 107:Middlewares/Third_Party/FreeRTOS/Source/tasks.c **** #endif
 108:Middlewares/Third_Party/FreeRTOS/Source/tasks.c **** 
 109:Middlewares/Third_Party/FreeRTOS/Source/tasks.c **** /* The name allocated to the Idle task.  This can be overridden by defining
 110:Middlewares/Third_Party/FreeRTOS/Source/tasks.c **** configIDLE_TASK_NAME in FreeRTOSConfig.h. */
 111:Middlewares/Third_Party/FreeRTOS/Source/tasks.c **** #ifndef configIDLE_TASK_NAME
 112:Middlewares/Third_Party/FreeRTOS/Source/tasks.c **** 	#define configIDLE_TASK_NAME "IDLE"
 113:Middlewares/Third_Party/FreeRTOS/Source/tasks.c **** #endif
 114:Middlewares/Third_Party/FreeRTOS/Source/tasks.c **** 
 115:Middlewares/Third_Party/FreeRTOS/Source/tasks.c **** #if ( configUSE_PORT_OPTIMISED_TASK_SELECTION == 0 )
 116:Middlewares/Third_Party/FreeRTOS/Source/tasks.c **** 
 117:Middlewares/Third_Party/FreeRTOS/Source/tasks.c **** 	/* If configUSE_PORT_OPTIMISED_TASK_SELECTION is 0 then task selection is
 118:Middlewares/Third_Party/FreeRTOS/Source/tasks.c **** 	performed in a generic way that is not optimised to any particular
 119:Middlewares/Third_Party/FreeRTOS/Source/tasks.c **** 	microcontroller architecture. */
 120:Middlewares/Third_Party/FreeRTOS/Source/tasks.c **** 
 121:Middlewares/Third_Party/FreeRTOS/Source/tasks.c **** 	/* uxTopReadyPriority holds the priority of the highest priority ready
 122:Middlewares/Third_Party/FreeRTOS/Source/tasks.c **** 	state task. */
 123:Middlewares/Third_Party/FreeRTOS/Source/tasks.c **** 	#define taskRECORD_READY_PRIORITY( uxPriority )														\
 124:Middlewares/Third_Party/FreeRTOS/Source/tasks.c **** 	{																									\
 125:Middlewares/Third_Party/FreeRTOS/Source/tasks.c **** 		if( ( uxPriority ) > uxTopReadyPriority )														\
 126:Middlewares/Third_Party/FreeRTOS/Source/tasks.c **** 		{																								\
 127:Middlewares/Third_Party/FreeRTOS/Source/tasks.c **** 			uxTopReadyPriority = ( uxPriority );														\
 128:Middlewares/Third_Party/FreeRTOS/Source/tasks.c **** 		}																								\
 129:Middlewares/Third_Party/FreeRTOS/Source/tasks.c **** 	} /* taskRECORD_READY_PRIORITY */
 130:Middlewares/Third_Party/FreeRTOS/Source/tasks.c **** 
 131:Middlewares/Third_Party/FreeRTOS/Source/tasks.c **** 	/*-----------------------------------------------------------*/
 132:Middlewares/Third_Party/FreeRTOS/Source/tasks.c **** 
 133:Middlewares/Third_Party/FreeRTOS/Source/tasks.c **** 	#define taskSELECT_HIGHEST_PRIORITY_TASK()															\
 134:Middlewares/Third_Party/FreeRTOS/Source/tasks.c **** 	{																									\
 135:Middlewares/Third_Party/FreeRTOS/Source/tasks.c **** 	UBaseType_t uxTopPriority = uxTopReadyPriority;														\
 136:Middlewares/Third_Party/FreeRTOS/Source/tasks.c **** 																										\
 137:Middlewares/Third_Party/FreeRTOS/Source/tasks.c **** 		/* Find the highest priority queue that contains ready tasks. */								\
 138:Middlewares/Third_Party/FreeRTOS/Source/tasks.c **** 		while( listLIST_IS_EMPTY( &( pxReadyTasksLists[ uxTopPriority ] ) ) )							\
 139:Middlewares/Third_Party/FreeRTOS/Source/tasks.c **** 		{																								\
 140:Middlewares/Third_Party/FreeRTOS/Source/tasks.c **** 			configASSERT( uxTopPriority );																\
 141:Middlewares/Third_Party/FreeRTOS/Source/tasks.c **** 			--uxTopPriority;																			\
 142:Middlewares/Third_Party/FreeRTOS/Source/tasks.c **** 		}																								\
 143:Middlewares/Third_Party/FreeRTOS/Source/tasks.c **** 																										\
 144:Middlewares/Third_Party/FreeRTOS/Source/tasks.c **** 		/* listGET_OWNER_OF_NEXT_ENTRY indexes through the list, so the tasks of						\
ARM GAS  /tmp/cchsWuk7.s 			page 4


 145:Middlewares/Third_Party/FreeRTOS/Source/tasks.c **** 		the	same priority get an equal share of the processor time. */									\
 146:Middlewares/Third_Party/FreeRTOS/Source/tasks.c **** 		listGET_OWNER_OF_NEXT_ENTRY( pxCurrentTCB, &( pxReadyTasksLists[ uxTopPriority ] ) );			\
 147:Middlewares/Third_Party/FreeRTOS/Source/tasks.c **** 		uxTopReadyPriority = uxTopPriority;																\
 148:Middlewares/Third_Party/FreeRTOS/Source/tasks.c **** 	} /* taskSELECT_HIGHEST_PRIORITY_TASK */
 149:Middlewares/Third_Party/FreeRTOS/Source/tasks.c **** 
 150:Middlewares/Third_Party/FreeRTOS/Source/tasks.c **** 	/*-----------------------------------------------------------*/
 151:Middlewares/Third_Party/FreeRTOS/Source/tasks.c **** 
 152:Middlewares/Third_Party/FreeRTOS/Source/tasks.c **** 	/* Define away taskRESET_READY_PRIORITY() and portRESET_READY_PRIORITY() as
 153:Middlewares/Third_Party/FreeRTOS/Source/tasks.c **** 	they are only required when a port optimised method of task selection is
 154:Middlewares/Third_Party/FreeRTOS/Source/tasks.c **** 	being used. */
 155:Middlewares/Third_Party/FreeRTOS/Source/tasks.c **** 	#define taskRESET_READY_PRIORITY( uxPriority )
 156:Middlewares/Third_Party/FreeRTOS/Source/tasks.c **** 	#define portRESET_READY_PRIORITY( uxPriority, uxTopReadyPriority )
 157:Middlewares/Third_Party/FreeRTOS/Source/tasks.c **** 
 158:Middlewares/Third_Party/FreeRTOS/Source/tasks.c **** #else /* configUSE_PORT_OPTIMISED_TASK_SELECTION */
 159:Middlewares/Third_Party/FreeRTOS/Source/tasks.c **** 
 160:Middlewares/Third_Party/FreeRTOS/Source/tasks.c **** 	/* If configUSE_PORT_OPTIMISED_TASK_SELECTION is 1 then task selection is
 161:Middlewares/Third_Party/FreeRTOS/Source/tasks.c **** 	performed in a way that is tailored to the particular microcontroller
 162:Middlewares/Third_Party/FreeRTOS/Source/tasks.c **** 	architecture being used. */
 163:Middlewares/Third_Party/FreeRTOS/Source/tasks.c **** 
 164:Middlewares/Third_Party/FreeRTOS/Source/tasks.c **** 	/* A port optimised version is provided.  Call the port defined macros. */
 165:Middlewares/Third_Party/FreeRTOS/Source/tasks.c **** 	#define taskRECORD_READY_PRIORITY( uxPriority )	portRECORD_READY_PRIORITY( uxPriority, uxTopReadyP
 166:Middlewares/Third_Party/FreeRTOS/Source/tasks.c **** 
 167:Middlewares/Third_Party/FreeRTOS/Source/tasks.c **** 	/*-----------------------------------------------------------*/
 168:Middlewares/Third_Party/FreeRTOS/Source/tasks.c **** 
 169:Middlewares/Third_Party/FreeRTOS/Source/tasks.c **** 	#define taskSELECT_HIGHEST_PRIORITY_TASK()														\
 170:Middlewares/Third_Party/FreeRTOS/Source/tasks.c **** 	{																								\
 171:Middlewares/Third_Party/FreeRTOS/Source/tasks.c **** 	UBaseType_t uxTopPriority;																		\
 172:Middlewares/Third_Party/FreeRTOS/Source/tasks.c **** 																									\
 173:Middlewares/Third_Party/FreeRTOS/Source/tasks.c **** 		/* Find the highest priority list that contains ready tasks. */								\
 174:Middlewares/Third_Party/FreeRTOS/Source/tasks.c **** 		portGET_HIGHEST_PRIORITY( uxTopPriority, uxTopReadyPriority );								\
 175:Middlewares/Third_Party/FreeRTOS/Source/tasks.c **** 		configASSERT( listCURRENT_LIST_LENGTH( &( pxReadyTasksLists[ uxTopPriority ] ) ) > 0 );		\
 176:Middlewares/Third_Party/FreeRTOS/Source/tasks.c **** 		listGET_OWNER_OF_NEXT_ENTRY( pxCurrentTCB, &( pxReadyTasksLists[ uxTopPriority ] ) );		\
 177:Middlewares/Third_Party/FreeRTOS/Source/tasks.c **** 	} /* taskSELECT_HIGHEST_PRIORITY_TASK() */
 178:Middlewares/Third_Party/FreeRTOS/Source/tasks.c **** 
 179:Middlewares/Third_Party/FreeRTOS/Source/tasks.c **** 	/*-----------------------------------------------------------*/
 180:Middlewares/Third_Party/FreeRTOS/Source/tasks.c **** 
 181:Middlewares/Third_Party/FreeRTOS/Source/tasks.c **** 	/* A port optimised version is provided, call it only if the TCB being reset
 182:Middlewares/Third_Party/FreeRTOS/Source/tasks.c **** 	is being referenced from a ready list.  If it is referenced from a delayed
 183:Middlewares/Third_Party/FreeRTOS/Source/tasks.c **** 	or suspended list then it won't be in a ready list. */
 184:Middlewares/Third_Party/FreeRTOS/Source/tasks.c **** 	#define taskRESET_READY_PRIORITY( uxPriority )														\
 185:Middlewares/Third_Party/FreeRTOS/Source/tasks.c **** 	{																									\
 186:Middlewares/Third_Party/FreeRTOS/Source/tasks.c **** 		if( listCURRENT_LIST_LENGTH( &( pxReadyTasksLists[ ( uxPriority ) ] ) ) == ( UBaseType_t ) 0 )	\
 187:Middlewares/Third_Party/FreeRTOS/Source/tasks.c **** 		{																								\
 188:Middlewares/Third_Party/FreeRTOS/Source/tasks.c **** 			portRESET_READY_PRIORITY( ( uxPriority ), ( uxTopReadyPriority ) );							\
 189:Middlewares/Third_Party/FreeRTOS/Source/tasks.c **** 		}																								\
 190:Middlewares/Third_Party/FreeRTOS/Source/tasks.c **** 	}
 191:Middlewares/Third_Party/FreeRTOS/Source/tasks.c **** 
 192:Middlewares/Third_Party/FreeRTOS/Source/tasks.c **** #endif /* configUSE_PORT_OPTIMISED_TASK_SELECTION */
 193:Middlewares/Third_Party/FreeRTOS/Source/tasks.c **** 
 194:Middlewares/Third_Party/FreeRTOS/Source/tasks.c **** /*-----------------------------------------------------------*/
 195:Middlewares/Third_Party/FreeRTOS/Source/tasks.c **** 
 196:Middlewares/Third_Party/FreeRTOS/Source/tasks.c **** /* pxDelayedTaskList and pxOverflowDelayedTaskList are switched when the tick
 197:Middlewares/Third_Party/FreeRTOS/Source/tasks.c **** count overflows. */
 198:Middlewares/Third_Party/FreeRTOS/Source/tasks.c **** #define taskSWITCH_DELAYED_LISTS()																	\
 199:Middlewares/Third_Party/FreeRTOS/Source/tasks.c **** {																									\
 200:Middlewares/Third_Party/FreeRTOS/Source/tasks.c **** 	List_t *pxTemp;																					\
 201:Middlewares/Third_Party/FreeRTOS/Source/tasks.c **** 																									\
ARM GAS  /tmp/cchsWuk7.s 			page 5


 202:Middlewares/Third_Party/FreeRTOS/Source/tasks.c **** 	/* The delayed tasks list should be empty when the lists are switched. */						\
 203:Middlewares/Third_Party/FreeRTOS/Source/tasks.c **** 	configASSERT( ( listLIST_IS_EMPTY( pxDelayedTaskList ) ) );										\
 204:Middlewares/Third_Party/FreeRTOS/Source/tasks.c **** 																									\
 205:Middlewares/Third_Party/FreeRTOS/Source/tasks.c **** 	pxTemp = pxDelayedTaskList;																		\
 206:Middlewares/Third_Party/FreeRTOS/Source/tasks.c **** 	pxDelayedTaskList = pxOverflowDelayedTaskList;													\
 207:Middlewares/Third_Party/FreeRTOS/Source/tasks.c **** 	pxOverflowDelayedTaskList = pxTemp;																\
 208:Middlewares/Third_Party/FreeRTOS/Source/tasks.c **** 	xNumOfOverflows++;																				\
 209:Middlewares/Third_Party/FreeRTOS/Source/tasks.c **** 	prvResetNextTaskUnblockTime();																	\
 210:Middlewares/Third_Party/FreeRTOS/Source/tasks.c **** }
 211:Middlewares/Third_Party/FreeRTOS/Source/tasks.c **** 
 212:Middlewares/Third_Party/FreeRTOS/Source/tasks.c **** /*-----------------------------------------------------------*/
 213:Middlewares/Third_Party/FreeRTOS/Source/tasks.c **** 
 214:Middlewares/Third_Party/FreeRTOS/Source/tasks.c **** /*
 215:Middlewares/Third_Party/FreeRTOS/Source/tasks.c ****  * Place the task represented by pxTCB into the appropriate ready list for
 216:Middlewares/Third_Party/FreeRTOS/Source/tasks.c ****  * the task.  It is inserted at the end of the list.
 217:Middlewares/Third_Party/FreeRTOS/Source/tasks.c ****  */
 218:Middlewares/Third_Party/FreeRTOS/Source/tasks.c **** #define prvAddTaskToReadyList( pxTCB )																\
 219:Middlewares/Third_Party/FreeRTOS/Source/tasks.c **** 	traceMOVED_TASK_TO_READY_STATE( pxTCB );														\
 220:Middlewares/Third_Party/FreeRTOS/Source/tasks.c **** 	taskRECORD_READY_PRIORITY( ( pxTCB )->uxPriority );												\
 221:Middlewares/Third_Party/FreeRTOS/Source/tasks.c **** 	vListInsertEnd( &( pxReadyTasksLists[ ( pxTCB )->uxPriority ] ), &( ( pxTCB )->xStateListItem ) );
 222:Middlewares/Third_Party/FreeRTOS/Source/tasks.c **** 	tracePOST_MOVED_TASK_TO_READY_STATE( pxTCB )
 223:Middlewares/Third_Party/FreeRTOS/Source/tasks.c **** /*-----------------------------------------------------------*/
 224:Middlewares/Third_Party/FreeRTOS/Source/tasks.c **** 
 225:Middlewares/Third_Party/FreeRTOS/Source/tasks.c **** /*
 226:Middlewares/Third_Party/FreeRTOS/Source/tasks.c ****  * Several functions take an TaskHandle_t parameter that can optionally be NULL,
 227:Middlewares/Third_Party/FreeRTOS/Source/tasks.c ****  * where NULL is used to indicate that the handle of the currently executing
 228:Middlewares/Third_Party/FreeRTOS/Source/tasks.c ****  * task should be used in place of the parameter.  This macro simply checks to
 229:Middlewares/Third_Party/FreeRTOS/Source/tasks.c ****  * see if the parameter is NULL and returns a pointer to the appropriate TCB.
 230:Middlewares/Third_Party/FreeRTOS/Source/tasks.c ****  */
 231:Middlewares/Third_Party/FreeRTOS/Source/tasks.c **** #define prvGetTCBFromHandle( pxHandle ) ( ( ( pxHandle ) == NULL ) ? pxCurrentTCB : ( pxHandle ) )
 232:Middlewares/Third_Party/FreeRTOS/Source/tasks.c **** 
 233:Middlewares/Third_Party/FreeRTOS/Source/tasks.c **** /* The item value of the event list item is normally used to hold the priority
 234:Middlewares/Third_Party/FreeRTOS/Source/tasks.c **** of the task to which it belongs (coded to allow it to be held in reverse
 235:Middlewares/Third_Party/FreeRTOS/Source/tasks.c **** priority order).  However, it is occasionally borrowed for other purposes.  It
 236:Middlewares/Third_Party/FreeRTOS/Source/tasks.c **** is important its value is not updated due to a task priority change while it is
 237:Middlewares/Third_Party/FreeRTOS/Source/tasks.c **** being used for another purpose.  The following bit definition is used to inform
 238:Middlewares/Third_Party/FreeRTOS/Source/tasks.c **** the scheduler that the value should not be changed - in which case it is the
 239:Middlewares/Third_Party/FreeRTOS/Source/tasks.c **** responsibility of whichever module is using the value to ensure it gets set back
 240:Middlewares/Third_Party/FreeRTOS/Source/tasks.c **** to its original value when it is released. */
 241:Middlewares/Third_Party/FreeRTOS/Source/tasks.c **** #if( configUSE_16_BIT_TICKS == 1 )
 242:Middlewares/Third_Party/FreeRTOS/Source/tasks.c **** 	#define taskEVENT_LIST_ITEM_VALUE_IN_USE	0x8000U
 243:Middlewares/Third_Party/FreeRTOS/Source/tasks.c **** #else
 244:Middlewares/Third_Party/FreeRTOS/Source/tasks.c **** 	#define taskEVENT_LIST_ITEM_VALUE_IN_USE	0x80000000UL
 245:Middlewares/Third_Party/FreeRTOS/Source/tasks.c **** #endif
 246:Middlewares/Third_Party/FreeRTOS/Source/tasks.c **** 
 247:Middlewares/Third_Party/FreeRTOS/Source/tasks.c **** /*
 248:Middlewares/Third_Party/FreeRTOS/Source/tasks.c ****  * Task control block.  A task control block (TCB) is allocated for each task,
 249:Middlewares/Third_Party/FreeRTOS/Source/tasks.c ****  * and stores task state information, including a pointer to the task's context
 250:Middlewares/Third_Party/FreeRTOS/Source/tasks.c ****  * (the task's run time environment, including register values)
 251:Middlewares/Third_Party/FreeRTOS/Source/tasks.c ****  */
 252:Middlewares/Third_Party/FreeRTOS/Source/tasks.c **** typedef struct tskTaskControlBlock 			/* The old naming convention is used to prevent breaking kern
 253:Middlewares/Third_Party/FreeRTOS/Source/tasks.c **** {
 254:Middlewares/Third_Party/FreeRTOS/Source/tasks.c **** 	volatile StackType_t	*pxTopOfStack;	/*< Points to the location of the last item placed on the task
 255:Middlewares/Third_Party/FreeRTOS/Source/tasks.c **** 
 256:Middlewares/Third_Party/FreeRTOS/Source/tasks.c **** 	#if ( portUSING_MPU_WRAPPERS == 1 )
 257:Middlewares/Third_Party/FreeRTOS/Source/tasks.c **** 		xMPU_SETTINGS	xMPUSettings;		/*< The MPU settings are defined as part of the port layer.  THIS MU
 258:Middlewares/Third_Party/FreeRTOS/Source/tasks.c **** 	#endif
ARM GAS  /tmp/cchsWuk7.s 			page 6


 259:Middlewares/Third_Party/FreeRTOS/Source/tasks.c **** 
 260:Middlewares/Third_Party/FreeRTOS/Source/tasks.c **** 	ListItem_t			xStateListItem;	/*< The list that the state list item of a task is reference from den
 261:Middlewares/Third_Party/FreeRTOS/Source/tasks.c **** 	ListItem_t			xEventListItem;		/*< Used to reference a task from an event list. */
 262:Middlewares/Third_Party/FreeRTOS/Source/tasks.c **** 	UBaseType_t			uxPriority;			/*< The priority of the task.  0 is the lowest priority. */
 263:Middlewares/Third_Party/FreeRTOS/Source/tasks.c **** 	StackType_t			*pxStack;			/*< Points to the start of the stack. */
 264:Middlewares/Third_Party/FreeRTOS/Source/tasks.c **** 	char				pcTaskName[ configMAX_TASK_NAME_LEN ];/*< Descriptive name given to the task when created.
 265:Middlewares/Third_Party/FreeRTOS/Source/tasks.c **** 
 266:Middlewares/Third_Party/FreeRTOS/Source/tasks.c **** 	#if ( ( portSTACK_GROWTH > 0 ) || ( configRECORD_STACK_HIGH_ADDRESS == 1 ) )
 267:Middlewares/Third_Party/FreeRTOS/Source/tasks.c **** 		StackType_t		*pxEndOfStack;		/*< Points to the highest valid address for the stack. */
 268:Middlewares/Third_Party/FreeRTOS/Source/tasks.c **** 	#endif
 269:Middlewares/Third_Party/FreeRTOS/Source/tasks.c **** 
 270:Middlewares/Third_Party/FreeRTOS/Source/tasks.c **** 	#if ( portCRITICAL_NESTING_IN_TCB == 1 )
 271:Middlewares/Third_Party/FreeRTOS/Source/tasks.c **** 		UBaseType_t		uxCriticalNesting;	/*< Holds the critical section nesting depth for ports that do no
 272:Middlewares/Third_Party/FreeRTOS/Source/tasks.c **** 	#endif
 273:Middlewares/Third_Party/FreeRTOS/Source/tasks.c **** 
 274:Middlewares/Third_Party/FreeRTOS/Source/tasks.c **** 	#if ( configUSE_TRACE_FACILITY == 1 )
 275:Middlewares/Third_Party/FreeRTOS/Source/tasks.c **** 		UBaseType_t		uxTCBNumber;		/*< Stores a number that increments each time a TCB is created.  It al
 276:Middlewares/Third_Party/FreeRTOS/Source/tasks.c **** 		UBaseType_t		uxTaskNumber;		/*< Stores a number specifically for use by third party trace code. *
 277:Middlewares/Third_Party/FreeRTOS/Source/tasks.c **** 	#endif
 278:Middlewares/Third_Party/FreeRTOS/Source/tasks.c **** 
 279:Middlewares/Third_Party/FreeRTOS/Source/tasks.c **** 	#if ( configUSE_MUTEXES == 1 )
 280:Middlewares/Third_Party/FreeRTOS/Source/tasks.c **** 		UBaseType_t		uxBasePriority;		/*< The priority last assigned to the task - used by the priority i
 281:Middlewares/Third_Party/FreeRTOS/Source/tasks.c **** 		UBaseType_t		uxMutexesHeld;
 282:Middlewares/Third_Party/FreeRTOS/Source/tasks.c **** 	#endif
 283:Middlewares/Third_Party/FreeRTOS/Source/tasks.c **** 
 284:Middlewares/Third_Party/FreeRTOS/Source/tasks.c **** 	#if ( configUSE_APPLICATION_TASK_TAG == 1 )
 285:Middlewares/Third_Party/FreeRTOS/Source/tasks.c **** 		TaskHookFunction_t pxTaskTag;
 286:Middlewares/Third_Party/FreeRTOS/Source/tasks.c **** 	#endif
 287:Middlewares/Third_Party/FreeRTOS/Source/tasks.c **** 
 288:Middlewares/Third_Party/FreeRTOS/Source/tasks.c **** 	#if( configNUM_THREAD_LOCAL_STORAGE_POINTERS > 0 )
 289:Middlewares/Third_Party/FreeRTOS/Source/tasks.c **** 		void			*pvThreadLocalStoragePointers[ configNUM_THREAD_LOCAL_STORAGE_POINTERS ];
 290:Middlewares/Third_Party/FreeRTOS/Source/tasks.c **** 	#endif
 291:Middlewares/Third_Party/FreeRTOS/Source/tasks.c **** 
 292:Middlewares/Third_Party/FreeRTOS/Source/tasks.c **** 	#if( configGENERATE_RUN_TIME_STATS == 1 )
 293:Middlewares/Third_Party/FreeRTOS/Source/tasks.c **** 		uint32_t		ulRunTimeCounter;	/*< Stores the amount of time the task has spent in the Running state
 294:Middlewares/Third_Party/FreeRTOS/Source/tasks.c **** 	#endif
 295:Middlewares/Third_Party/FreeRTOS/Source/tasks.c **** 
 296:Middlewares/Third_Party/FreeRTOS/Source/tasks.c **** 	#if ( configUSE_NEWLIB_REENTRANT == 1 )
 297:Middlewares/Third_Party/FreeRTOS/Source/tasks.c **** 		/* Allocate a Newlib reent structure that is specific to this task.
 298:Middlewares/Third_Party/FreeRTOS/Source/tasks.c **** 		Note Newlib support has been included by popular demand, but is not
 299:Middlewares/Third_Party/FreeRTOS/Source/tasks.c **** 		used by the FreeRTOS maintainers themselves.  FreeRTOS is not
 300:Middlewares/Third_Party/FreeRTOS/Source/tasks.c **** 		responsible for resulting newlib operation.  User must be familiar with
 301:Middlewares/Third_Party/FreeRTOS/Source/tasks.c **** 		newlib and must provide system-wide implementations of the necessary
 302:Middlewares/Third_Party/FreeRTOS/Source/tasks.c **** 		stubs. Be warned that (at the time of writing) the current newlib design
 303:Middlewares/Third_Party/FreeRTOS/Source/tasks.c **** 		implements a system-wide malloc() that must be provided with locks.
 304:Middlewares/Third_Party/FreeRTOS/Source/tasks.c **** 
 305:Middlewares/Third_Party/FreeRTOS/Source/tasks.c **** 		See the third party link http://www.nadler.com/embedded/newlibAndFreeRTOS.html
 306:Middlewares/Third_Party/FreeRTOS/Source/tasks.c **** 		for additional information. */
 307:Middlewares/Third_Party/FreeRTOS/Source/tasks.c **** 		struct	_reent xNewLib_reent;
 308:Middlewares/Third_Party/FreeRTOS/Source/tasks.c **** 	#endif
 309:Middlewares/Third_Party/FreeRTOS/Source/tasks.c **** 
 310:Middlewares/Third_Party/FreeRTOS/Source/tasks.c **** 	#if( configUSE_TASK_NOTIFICATIONS == 1 )
 311:Middlewares/Third_Party/FreeRTOS/Source/tasks.c **** 		volatile uint32_t ulNotifiedValue;
 312:Middlewares/Third_Party/FreeRTOS/Source/tasks.c **** 		volatile uint8_t ucNotifyState;
 313:Middlewares/Third_Party/FreeRTOS/Source/tasks.c **** 	#endif
 314:Middlewares/Third_Party/FreeRTOS/Source/tasks.c **** 
 315:Middlewares/Third_Party/FreeRTOS/Source/tasks.c **** 	/* See the comments in FreeRTOS.h with the definition of
ARM GAS  /tmp/cchsWuk7.s 			page 7


 316:Middlewares/Third_Party/FreeRTOS/Source/tasks.c **** 	tskSTATIC_AND_DYNAMIC_ALLOCATION_POSSIBLE. */
 317:Middlewares/Third_Party/FreeRTOS/Source/tasks.c **** 	#if( tskSTATIC_AND_DYNAMIC_ALLOCATION_POSSIBLE != 0 ) /*lint !e731 !e9029 Macro has been consolida
 318:Middlewares/Third_Party/FreeRTOS/Source/tasks.c **** 		uint8_t	ucStaticallyAllocated; 		/*< Set to pdTRUE if the task is a statically allocated to ensur
 319:Middlewares/Third_Party/FreeRTOS/Source/tasks.c **** 	#endif
 320:Middlewares/Third_Party/FreeRTOS/Source/tasks.c **** 
 321:Middlewares/Third_Party/FreeRTOS/Source/tasks.c **** 	#if( INCLUDE_xTaskAbortDelay == 1 )
 322:Middlewares/Third_Party/FreeRTOS/Source/tasks.c **** 		uint8_t ucDelayAborted;
 323:Middlewares/Third_Party/FreeRTOS/Source/tasks.c **** 	#endif
 324:Middlewares/Third_Party/FreeRTOS/Source/tasks.c **** 
 325:Middlewares/Third_Party/FreeRTOS/Source/tasks.c **** 	#if( configUSE_POSIX_ERRNO == 1 )
 326:Middlewares/Third_Party/FreeRTOS/Source/tasks.c **** 		int iTaskErrno;
 327:Middlewares/Third_Party/FreeRTOS/Source/tasks.c **** 	#endif
 328:Middlewares/Third_Party/FreeRTOS/Source/tasks.c **** 
 329:Middlewares/Third_Party/FreeRTOS/Source/tasks.c **** } tskTCB;
 330:Middlewares/Third_Party/FreeRTOS/Source/tasks.c **** 
 331:Middlewares/Third_Party/FreeRTOS/Source/tasks.c **** /* The old tskTCB name is maintained above then typedefed to the new TCB_t name
 332:Middlewares/Third_Party/FreeRTOS/Source/tasks.c **** below to enable the use of older kernel aware debuggers. */
 333:Middlewares/Third_Party/FreeRTOS/Source/tasks.c **** typedef tskTCB TCB_t;
 334:Middlewares/Third_Party/FreeRTOS/Source/tasks.c **** 
 335:Middlewares/Third_Party/FreeRTOS/Source/tasks.c **** /*lint -save -e956 A manual analysis and inspection has been used to determine
 336:Middlewares/Third_Party/FreeRTOS/Source/tasks.c **** which static variables must be declared volatile. */
 337:Middlewares/Third_Party/FreeRTOS/Source/tasks.c **** PRIVILEGED_DATA TCB_t * volatile pxCurrentTCB = NULL;
 338:Middlewares/Third_Party/FreeRTOS/Source/tasks.c **** 
 339:Middlewares/Third_Party/FreeRTOS/Source/tasks.c **** /* Lists for ready and blocked tasks. --------------------
 340:Middlewares/Third_Party/FreeRTOS/Source/tasks.c **** xDelayedTaskList1 and xDelayedTaskList2 could be move to function scople but
 341:Middlewares/Third_Party/FreeRTOS/Source/tasks.c **** doing so breaks some kernel aware debuggers and debuggers that rely on removing
 342:Middlewares/Third_Party/FreeRTOS/Source/tasks.c **** the static qualifier. */
 343:Middlewares/Third_Party/FreeRTOS/Source/tasks.c **** PRIVILEGED_DATA static List_t pxReadyTasksLists[ configMAX_PRIORITIES ];/*< Prioritised ready tasks
 344:Middlewares/Third_Party/FreeRTOS/Source/tasks.c **** PRIVILEGED_DATA static List_t xDelayedTaskList1;						/*< Delayed tasks. */
 345:Middlewares/Third_Party/FreeRTOS/Source/tasks.c **** PRIVILEGED_DATA static List_t xDelayedTaskList2;						/*< Delayed tasks (two lists are used - one f
 346:Middlewares/Third_Party/FreeRTOS/Source/tasks.c **** PRIVILEGED_DATA static List_t * volatile pxDelayedTaskList;				/*< Points to the delayed task list 
 347:Middlewares/Third_Party/FreeRTOS/Source/tasks.c **** PRIVILEGED_DATA static List_t * volatile pxOverflowDelayedTaskList;		/*< Points to the delayed task
 348:Middlewares/Third_Party/FreeRTOS/Source/tasks.c **** PRIVILEGED_DATA static List_t xPendingReadyList;						/*< Tasks that have been readied while the sc
 349:Middlewares/Third_Party/FreeRTOS/Source/tasks.c **** 
 350:Middlewares/Third_Party/FreeRTOS/Source/tasks.c **** #if( INCLUDE_vTaskDelete == 1 )
 351:Middlewares/Third_Party/FreeRTOS/Source/tasks.c **** 
 352:Middlewares/Third_Party/FreeRTOS/Source/tasks.c **** 	PRIVILEGED_DATA static List_t xTasksWaitingTermination;				/*< Tasks that have been deleted - but 
 353:Middlewares/Third_Party/FreeRTOS/Source/tasks.c **** 	PRIVILEGED_DATA static volatile UBaseType_t uxDeletedTasksWaitingCleanUp = ( UBaseType_t ) 0U;
 354:Middlewares/Third_Party/FreeRTOS/Source/tasks.c **** 
 355:Middlewares/Third_Party/FreeRTOS/Source/tasks.c **** #endif
 356:Middlewares/Third_Party/FreeRTOS/Source/tasks.c **** 
 357:Middlewares/Third_Party/FreeRTOS/Source/tasks.c **** #if ( INCLUDE_vTaskSuspend == 1 )
 358:Middlewares/Third_Party/FreeRTOS/Source/tasks.c **** 
 359:Middlewares/Third_Party/FreeRTOS/Source/tasks.c **** 	PRIVILEGED_DATA static List_t xSuspendedTaskList;					/*< Tasks that are currently suspended. */
 360:Middlewares/Third_Party/FreeRTOS/Source/tasks.c **** 
 361:Middlewares/Third_Party/FreeRTOS/Source/tasks.c **** #endif
 362:Middlewares/Third_Party/FreeRTOS/Source/tasks.c **** 
 363:Middlewares/Third_Party/FreeRTOS/Source/tasks.c **** /* Global POSIX errno. Its value is changed upon context switching to match
 364:Middlewares/Third_Party/FreeRTOS/Source/tasks.c **** the errno of the currently running task. */
 365:Middlewares/Third_Party/FreeRTOS/Source/tasks.c **** #if ( configUSE_POSIX_ERRNO == 1 )
 366:Middlewares/Third_Party/FreeRTOS/Source/tasks.c **** 	int FreeRTOS_errno = 0;
 367:Middlewares/Third_Party/FreeRTOS/Source/tasks.c **** #endif
 368:Middlewares/Third_Party/FreeRTOS/Source/tasks.c **** 
 369:Middlewares/Third_Party/FreeRTOS/Source/tasks.c **** /* Other file private variables. --------------------------------*/
 370:Middlewares/Third_Party/FreeRTOS/Source/tasks.c **** PRIVILEGED_DATA static volatile UBaseType_t uxCurrentNumberOfTasks 	= ( UBaseType_t ) 0U;
 371:Middlewares/Third_Party/FreeRTOS/Source/tasks.c **** PRIVILEGED_DATA static volatile TickType_t xTickCount 				= ( TickType_t ) configINITIAL_TICK_COUNT
 372:Middlewares/Third_Party/FreeRTOS/Source/tasks.c **** PRIVILEGED_DATA static volatile UBaseType_t uxTopReadyPriority 		= tskIDLE_PRIORITY;
ARM GAS  /tmp/cchsWuk7.s 			page 8


 373:Middlewares/Third_Party/FreeRTOS/Source/tasks.c **** PRIVILEGED_DATA static volatile BaseType_t xSchedulerRunning 		= pdFALSE;
 374:Middlewares/Third_Party/FreeRTOS/Source/tasks.c **** PRIVILEGED_DATA static volatile TickType_t xPendedTicks 			= ( TickType_t ) 0U;
 375:Middlewares/Third_Party/FreeRTOS/Source/tasks.c **** PRIVILEGED_DATA static volatile BaseType_t xYieldPending 			= pdFALSE;
 376:Middlewares/Third_Party/FreeRTOS/Source/tasks.c **** PRIVILEGED_DATA static volatile BaseType_t xNumOfOverflows 			= ( BaseType_t ) 0;
 377:Middlewares/Third_Party/FreeRTOS/Source/tasks.c **** PRIVILEGED_DATA static UBaseType_t uxTaskNumber 					= ( UBaseType_t ) 0U;
 378:Middlewares/Third_Party/FreeRTOS/Source/tasks.c **** PRIVILEGED_DATA static volatile TickType_t xNextTaskUnblockTime		= ( TickType_t ) 0U; /* Initialise
 379:Middlewares/Third_Party/FreeRTOS/Source/tasks.c **** PRIVILEGED_DATA static TaskHandle_t xIdleTaskHandle					= NULL;			/*< Holds the handle of the idle 
 380:Middlewares/Third_Party/FreeRTOS/Source/tasks.c **** 
 381:Middlewares/Third_Party/FreeRTOS/Source/tasks.c **** /* Context switches are held pending while the scheduler is suspended.  Also,
 382:Middlewares/Third_Party/FreeRTOS/Source/tasks.c **** interrupts must not manipulate the xStateListItem of a TCB, or any of the
 383:Middlewares/Third_Party/FreeRTOS/Source/tasks.c **** lists the xStateListItem can be referenced from, if the scheduler is suspended.
 384:Middlewares/Third_Party/FreeRTOS/Source/tasks.c **** If an interrupt needs to unblock a task while the scheduler is suspended then it
 385:Middlewares/Third_Party/FreeRTOS/Source/tasks.c **** moves the task's event list item into the xPendingReadyList, ready for the
 386:Middlewares/Third_Party/FreeRTOS/Source/tasks.c **** kernel to move the task from the pending ready list into the real ready list
 387:Middlewares/Third_Party/FreeRTOS/Source/tasks.c **** when the scheduler is unsuspended.  The pending ready list itself can only be
 388:Middlewares/Third_Party/FreeRTOS/Source/tasks.c **** accessed from a critical section. */
 389:Middlewares/Third_Party/FreeRTOS/Source/tasks.c **** PRIVILEGED_DATA static volatile UBaseType_t uxSchedulerSuspended	= ( UBaseType_t ) pdFALSE;
 390:Middlewares/Third_Party/FreeRTOS/Source/tasks.c **** 
 391:Middlewares/Third_Party/FreeRTOS/Source/tasks.c **** #if ( configGENERATE_RUN_TIME_STATS == 1 )
 392:Middlewares/Third_Party/FreeRTOS/Source/tasks.c **** 
 393:Middlewares/Third_Party/FreeRTOS/Source/tasks.c **** 	/* Do not move these variables to function scope as doing so prevents the
 394:Middlewares/Third_Party/FreeRTOS/Source/tasks.c **** 	code working with debuggers that need to remove the static qualifier. */
 395:Middlewares/Third_Party/FreeRTOS/Source/tasks.c **** 	PRIVILEGED_DATA static uint32_t ulTaskSwitchedInTime = 0UL;	/*< Holds the value of a timer/counter
 396:Middlewares/Third_Party/FreeRTOS/Source/tasks.c **** 	PRIVILEGED_DATA static uint32_t ulTotalRunTime = 0UL;		/*< Holds the total amount of execution tim
 397:Middlewares/Third_Party/FreeRTOS/Source/tasks.c **** 
 398:Middlewares/Third_Party/FreeRTOS/Source/tasks.c **** #endif
 399:Middlewares/Third_Party/FreeRTOS/Source/tasks.c **** 
 400:Middlewares/Third_Party/FreeRTOS/Source/tasks.c **** /*lint -restore */
 401:Middlewares/Third_Party/FreeRTOS/Source/tasks.c **** 
 402:Middlewares/Third_Party/FreeRTOS/Source/tasks.c **** /*-----------------------------------------------------------*/
 403:Middlewares/Third_Party/FreeRTOS/Source/tasks.c **** 
 404:Middlewares/Third_Party/FreeRTOS/Source/tasks.c **** /* Callback function prototypes. --------------------------*/
 405:Middlewares/Third_Party/FreeRTOS/Source/tasks.c **** #if(  configCHECK_FOR_STACK_OVERFLOW > 0 )
 406:Middlewares/Third_Party/FreeRTOS/Source/tasks.c **** 
 407:Middlewares/Third_Party/FreeRTOS/Source/tasks.c **** 	extern void vApplicationStackOverflowHook( TaskHandle_t xTask, char *pcTaskName );
 408:Middlewares/Third_Party/FreeRTOS/Source/tasks.c **** 
 409:Middlewares/Third_Party/FreeRTOS/Source/tasks.c **** #endif
 410:Middlewares/Third_Party/FreeRTOS/Source/tasks.c **** 
 411:Middlewares/Third_Party/FreeRTOS/Source/tasks.c **** #if( configUSE_TICK_HOOK > 0 )
 412:Middlewares/Third_Party/FreeRTOS/Source/tasks.c **** 
 413:Middlewares/Third_Party/FreeRTOS/Source/tasks.c **** 	extern void vApplicationTickHook( void ); /*lint !e526 Symbol not defined as it is an application 
 414:Middlewares/Third_Party/FreeRTOS/Source/tasks.c **** 
 415:Middlewares/Third_Party/FreeRTOS/Source/tasks.c **** #endif
 416:Middlewares/Third_Party/FreeRTOS/Source/tasks.c **** 
 417:Middlewares/Third_Party/FreeRTOS/Source/tasks.c **** #if( configSUPPORT_STATIC_ALLOCATION == 1 )
 418:Middlewares/Third_Party/FreeRTOS/Source/tasks.c **** 
 419:Middlewares/Third_Party/FreeRTOS/Source/tasks.c **** 	extern void vApplicationGetIdleTaskMemory( StaticTask_t **ppxIdleTaskTCBBuffer, StackType_t **ppxI
 420:Middlewares/Third_Party/FreeRTOS/Source/tasks.c **** 
 421:Middlewares/Third_Party/FreeRTOS/Source/tasks.c **** #endif
 422:Middlewares/Third_Party/FreeRTOS/Source/tasks.c **** 
 423:Middlewares/Third_Party/FreeRTOS/Source/tasks.c **** /* File private functions. --------------------------------*/
 424:Middlewares/Third_Party/FreeRTOS/Source/tasks.c **** 
 425:Middlewares/Third_Party/FreeRTOS/Source/tasks.c **** /**
 426:Middlewares/Third_Party/FreeRTOS/Source/tasks.c ****  * Utility task that simply returns pdTRUE if the task referenced by xTask is
 427:Middlewares/Third_Party/FreeRTOS/Source/tasks.c ****  * currently in the Suspended state, or pdFALSE if the task referenced by xTask
 428:Middlewares/Third_Party/FreeRTOS/Source/tasks.c ****  * is in any other state.
 429:Middlewares/Third_Party/FreeRTOS/Source/tasks.c ****  */
ARM GAS  /tmp/cchsWuk7.s 			page 9


 430:Middlewares/Third_Party/FreeRTOS/Source/tasks.c **** #if ( INCLUDE_vTaskSuspend == 1 )
 431:Middlewares/Third_Party/FreeRTOS/Source/tasks.c **** 
 432:Middlewares/Third_Party/FreeRTOS/Source/tasks.c **** 	static BaseType_t prvTaskIsTaskSuspended( const TaskHandle_t xTask ) PRIVILEGED_FUNCTION;
 433:Middlewares/Third_Party/FreeRTOS/Source/tasks.c **** 
 434:Middlewares/Third_Party/FreeRTOS/Source/tasks.c **** #endif /* INCLUDE_vTaskSuspend */
 435:Middlewares/Third_Party/FreeRTOS/Source/tasks.c **** 
 436:Middlewares/Third_Party/FreeRTOS/Source/tasks.c **** /*
 437:Middlewares/Third_Party/FreeRTOS/Source/tasks.c ****  * Utility to ready all the lists used by the scheduler.  This is called
 438:Middlewares/Third_Party/FreeRTOS/Source/tasks.c ****  * automatically upon the creation of the first task.
 439:Middlewares/Third_Party/FreeRTOS/Source/tasks.c ****  */
 440:Middlewares/Third_Party/FreeRTOS/Source/tasks.c **** static void prvInitialiseTaskLists( void ) PRIVILEGED_FUNCTION;
 441:Middlewares/Third_Party/FreeRTOS/Source/tasks.c **** 
 442:Middlewares/Third_Party/FreeRTOS/Source/tasks.c **** /*
 443:Middlewares/Third_Party/FreeRTOS/Source/tasks.c ****  * The idle task, which as all tasks is implemented as a never ending loop.
 444:Middlewares/Third_Party/FreeRTOS/Source/tasks.c ****  * The idle task is automatically created and added to the ready lists upon
 445:Middlewares/Third_Party/FreeRTOS/Source/tasks.c ****  * creation of the first user task.
 446:Middlewares/Third_Party/FreeRTOS/Source/tasks.c ****  *
 447:Middlewares/Third_Party/FreeRTOS/Source/tasks.c ****  * The portTASK_FUNCTION_PROTO() macro is used to allow port/compiler specific
 448:Middlewares/Third_Party/FreeRTOS/Source/tasks.c ****  * language extensions.  The equivalent prototype for this function is:
 449:Middlewares/Third_Party/FreeRTOS/Source/tasks.c ****  *
 450:Middlewares/Third_Party/FreeRTOS/Source/tasks.c ****  * void prvIdleTask( void *pvParameters );
 451:Middlewares/Third_Party/FreeRTOS/Source/tasks.c ****  *
 452:Middlewares/Third_Party/FreeRTOS/Source/tasks.c ****  */
 453:Middlewares/Third_Party/FreeRTOS/Source/tasks.c **** static portTASK_FUNCTION_PROTO( prvIdleTask, pvParameters );
 454:Middlewares/Third_Party/FreeRTOS/Source/tasks.c **** 
 455:Middlewares/Third_Party/FreeRTOS/Source/tasks.c **** /*
 456:Middlewares/Third_Party/FreeRTOS/Source/tasks.c ****  * Utility to free all memory allocated by the scheduler to hold a TCB,
 457:Middlewares/Third_Party/FreeRTOS/Source/tasks.c ****  * including the stack pointed to by the TCB.
 458:Middlewares/Third_Party/FreeRTOS/Source/tasks.c ****  *
 459:Middlewares/Third_Party/FreeRTOS/Source/tasks.c ****  * This does not free memory allocated by the task itself (i.e. memory
 460:Middlewares/Third_Party/FreeRTOS/Source/tasks.c ****  * allocated by calls to pvPortMalloc from within the tasks application code).
 461:Middlewares/Third_Party/FreeRTOS/Source/tasks.c ****  */
 462:Middlewares/Third_Party/FreeRTOS/Source/tasks.c **** #if ( INCLUDE_vTaskDelete == 1 )
 463:Middlewares/Third_Party/FreeRTOS/Source/tasks.c **** 
 464:Middlewares/Third_Party/FreeRTOS/Source/tasks.c **** 	static void prvDeleteTCB( TCB_t *pxTCB ) PRIVILEGED_FUNCTION;
 465:Middlewares/Third_Party/FreeRTOS/Source/tasks.c **** 
 466:Middlewares/Third_Party/FreeRTOS/Source/tasks.c **** #endif
 467:Middlewares/Third_Party/FreeRTOS/Source/tasks.c **** 
 468:Middlewares/Third_Party/FreeRTOS/Source/tasks.c **** /*
 469:Middlewares/Third_Party/FreeRTOS/Source/tasks.c ****  * Used only by the idle task.  This checks to see if anything has been placed
 470:Middlewares/Third_Party/FreeRTOS/Source/tasks.c ****  * in the list of tasks waiting to be deleted.  If so the task is cleaned up
 471:Middlewares/Third_Party/FreeRTOS/Source/tasks.c ****  * and its TCB deleted.
 472:Middlewares/Third_Party/FreeRTOS/Source/tasks.c ****  */
 473:Middlewares/Third_Party/FreeRTOS/Source/tasks.c **** static void prvCheckTasksWaitingTermination( void ) PRIVILEGED_FUNCTION;
 474:Middlewares/Third_Party/FreeRTOS/Source/tasks.c **** 
 475:Middlewares/Third_Party/FreeRTOS/Source/tasks.c **** /*
 476:Middlewares/Third_Party/FreeRTOS/Source/tasks.c ****  * The currently executing task is entering the Blocked state.  Add the task to
 477:Middlewares/Third_Party/FreeRTOS/Source/tasks.c ****  * either the current or the overflow delayed task list.
 478:Middlewares/Third_Party/FreeRTOS/Source/tasks.c ****  */
 479:Middlewares/Third_Party/FreeRTOS/Source/tasks.c **** static void prvAddCurrentTaskToDelayedList( TickType_t xTicksToWait, const BaseType_t xCanBlockInde
 480:Middlewares/Third_Party/FreeRTOS/Source/tasks.c **** 
 481:Middlewares/Third_Party/FreeRTOS/Source/tasks.c **** /*
 482:Middlewares/Third_Party/FreeRTOS/Source/tasks.c ****  * Fills an TaskStatus_t structure with information on each task that is
 483:Middlewares/Third_Party/FreeRTOS/Source/tasks.c ****  * referenced from the pxList list (which may be a ready list, a delayed list,
 484:Middlewares/Third_Party/FreeRTOS/Source/tasks.c ****  * a suspended list, etc.).
 485:Middlewares/Third_Party/FreeRTOS/Source/tasks.c ****  *
 486:Middlewares/Third_Party/FreeRTOS/Source/tasks.c ****  * THIS FUNCTION IS INTENDED FOR DEBUGGING ONLY, AND SHOULD NOT BE CALLED FROM
ARM GAS  /tmp/cchsWuk7.s 			page 10


 487:Middlewares/Third_Party/FreeRTOS/Source/tasks.c ****  * NORMAL APPLICATION CODE.
 488:Middlewares/Third_Party/FreeRTOS/Source/tasks.c ****  */
 489:Middlewares/Third_Party/FreeRTOS/Source/tasks.c **** #if ( configUSE_TRACE_FACILITY == 1 )
 490:Middlewares/Third_Party/FreeRTOS/Source/tasks.c **** 
 491:Middlewares/Third_Party/FreeRTOS/Source/tasks.c **** 	static UBaseType_t prvListTasksWithinSingleList( TaskStatus_t *pxTaskStatusArray, List_t *pxList, 
 492:Middlewares/Third_Party/FreeRTOS/Source/tasks.c **** 
 493:Middlewares/Third_Party/FreeRTOS/Source/tasks.c **** #endif
 494:Middlewares/Third_Party/FreeRTOS/Source/tasks.c **** 
 495:Middlewares/Third_Party/FreeRTOS/Source/tasks.c **** /*
 496:Middlewares/Third_Party/FreeRTOS/Source/tasks.c ****  * Searches pxList for a task with name pcNameToQuery - returning a handle to
 497:Middlewares/Third_Party/FreeRTOS/Source/tasks.c ****  * the task if it is found, or NULL if the task is not found.
 498:Middlewares/Third_Party/FreeRTOS/Source/tasks.c ****  */
 499:Middlewares/Third_Party/FreeRTOS/Source/tasks.c **** #if ( INCLUDE_xTaskGetHandle == 1 )
 500:Middlewares/Third_Party/FreeRTOS/Source/tasks.c **** 
 501:Middlewares/Third_Party/FreeRTOS/Source/tasks.c **** 	static TCB_t *prvSearchForNameWithinSingleList( List_t *pxList, const char pcNameToQuery[] ) PRIVI
 502:Middlewares/Third_Party/FreeRTOS/Source/tasks.c **** 
 503:Middlewares/Third_Party/FreeRTOS/Source/tasks.c **** #endif
 504:Middlewares/Third_Party/FreeRTOS/Source/tasks.c **** 
 505:Middlewares/Third_Party/FreeRTOS/Source/tasks.c **** /*
 506:Middlewares/Third_Party/FreeRTOS/Source/tasks.c ****  * When a task is created, the stack of the task is filled with a known value.
 507:Middlewares/Third_Party/FreeRTOS/Source/tasks.c ****  * This function determines the 'high water mark' of the task stack by
 508:Middlewares/Third_Party/FreeRTOS/Source/tasks.c ****  * determining how much of the stack remains at the original preset value.
 509:Middlewares/Third_Party/FreeRTOS/Source/tasks.c ****  */
 510:Middlewares/Third_Party/FreeRTOS/Source/tasks.c **** #if ( ( configUSE_TRACE_FACILITY == 1 ) || ( INCLUDE_uxTaskGetStackHighWaterMark == 1 ) || ( INCLUD
 511:Middlewares/Third_Party/FreeRTOS/Source/tasks.c **** 
 512:Middlewares/Third_Party/FreeRTOS/Source/tasks.c **** 	static configSTACK_DEPTH_TYPE prvTaskCheckFreeStackSpace( const uint8_t * pucStackByte ) PRIVILEGE
 513:Middlewares/Third_Party/FreeRTOS/Source/tasks.c **** 
 514:Middlewares/Third_Party/FreeRTOS/Source/tasks.c **** #endif
 515:Middlewares/Third_Party/FreeRTOS/Source/tasks.c **** 
 516:Middlewares/Third_Party/FreeRTOS/Source/tasks.c **** /*
 517:Middlewares/Third_Party/FreeRTOS/Source/tasks.c ****  * Return the amount of time, in ticks, that will pass before the kernel will
 518:Middlewares/Third_Party/FreeRTOS/Source/tasks.c ****  * next move a task from the Blocked state to the Running state.
 519:Middlewares/Third_Party/FreeRTOS/Source/tasks.c ****  *
 520:Middlewares/Third_Party/FreeRTOS/Source/tasks.c ****  * This conditional compilation should use inequality to 0, not equality to 1.
 521:Middlewares/Third_Party/FreeRTOS/Source/tasks.c ****  * This is to ensure portSUPPRESS_TICKS_AND_SLEEP() can be called when user
 522:Middlewares/Third_Party/FreeRTOS/Source/tasks.c ****  * defined low power mode implementations require configUSE_TICKLESS_IDLE to be
 523:Middlewares/Third_Party/FreeRTOS/Source/tasks.c ****  * set to a value other than 1.
 524:Middlewares/Third_Party/FreeRTOS/Source/tasks.c ****  */
 525:Middlewares/Third_Party/FreeRTOS/Source/tasks.c **** #if ( configUSE_TICKLESS_IDLE != 0 )
 526:Middlewares/Third_Party/FreeRTOS/Source/tasks.c **** 
 527:Middlewares/Third_Party/FreeRTOS/Source/tasks.c **** 	static TickType_t prvGetExpectedIdleTime( void ) PRIVILEGED_FUNCTION;
 528:Middlewares/Third_Party/FreeRTOS/Source/tasks.c **** 
 529:Middlewares/Third_Party/FreeRTOS/Source/tasks.c **** #endif
 530:Middlewares/Third_Party/FreeRTOS/Source/tasks.c **** 
 531:Middlewares/Third_Party/FreeRTOS/Source/tasks.c **** /*
 532:Middlewares/Third_Party/FreeRTOS/Source/tasks.c ****  * Set xNextTaskUnblockTime to the time at which the next Blocked state task
 533:Middlewares/Third_Party/FreeRTOS/Source/tasks.c ****  * will exit the Blocked state.
 534:Middlewares/Third_Party/FreeRTOS/Source/tasks.c ****  */
 535:Middlewares/Third_Party/FreeRTOS/Source/tasks.c **** static void prvResetNextTaskUnblockTime( void );
 536:Middlewares/Third_Party/FreeRTOS/Source/tasks.c **** 
 537:Middlewares/Third_Party/FreeRTOS/Source/tasks.c **** #if ( ( configUSE_TRACE_FACILITY == 1 ) && ( configUSE_STATS_FORMATTING_FUNCTIONS > 0 ) )
 538:Middlewares/Third_Party/FreeRTOS/Source/tasks.c **** 
 539:Middlewares/Third_Party/FreeRTOS/Source/tasks.c **** 	/*
 540:Middlewares/Third_Party/FreeRTOS/Source/tasks.c **** 	 * Helper function used to pad task names with spaces when printing out
 541:Middlewares/Third_Party/FreeRTOS/Source/tasks.c **** 	 * human readable tables of task information.
 542:Middlewares/Third_Party/FreeRTOS/Source/tasks.c **** 	 */
 543:Middlewares/Third_Party/FreeRTOS/Source/tasks.c **** 	static char *prvWriteNameToBuffer( char *pcBuffer, const char *pcTaskName ) PRIVILEGED_FUNCTION;
ARM GAS  /tmp/cchsWuk7.s 			page 11


 544:Middlewares/Third_Party/FreeRTOS/Source/tasks.c **** 
 545:Middlewares/Third_Party/FreeRTOS/Source/tasks.c **** #endif
 546:Middlewares/Third_Party/FreeRTOS/Source/tasks.c **** 
 547:Middlewares/Third_Party/FreeRTOS/Source/tasks.c **** /*
 548:Middlewares/Third_Party/FreeRTOS/Source/tasks.c ****  * Called after a Task_t structure has been allocated either statically or
 549:Middlewares/Third_Party/FreeRTOS/Source/tasks.c ****  * dynamically to fill in the structure's members.
 550:Middlewares/Third_Party/FreeRTOS/Source/tasks.c ****  */
 551:Middlewares/Third_Party/FreeRTOS/Source/tasks.c **** static void prvInitialiseNewTask( 	TaskFunction_t pxTaskCode,
 552:Middlewares/Third_Party/FreeRTOS/Source/tasks.c **** 									const char * const pcName, 		/*lint !e971 Unqualified char types are allowed for strings a
 553:Middlewares/Third_Party/FreeRTOS/Source/tasks.c **** 									const uint32_t ulStackDepth,
 554:Middlewares/Third_Party/FreeRTOS/Source/tasks.c **** 									void * const pvParameters,
 555:Middlewares/Third_Party/FreeRTOS/Source/tasks.c **** 									UBaseType_t uxPriority,
 556:Middlewares/Third_Party/FreeRTOS/Source/tasks.c **** 									TaskHandle_t * const pxCreatedTask,
 557:Middlewares/Third_Party/FreeRTOS/Source/tasks.c **** 									TCB_t *pxNewTCB,
 558:Middlewares/Third_Party/FreeRTOS/Source/tasks.c **** 									const MemoryRegion_t * const xRegions ) PRIVILEGED_FUNCTION;
 559:Middlewares/Third_Party/FreeRTOS/Source/tasks.c **** 
 560:Middlewares/Third_Party/FreeRTOS/Source/tasks.c **** /*
 561:Middlewares/Third_Party/FreeRTOS/Source/tasks.c ****  * Called after a new task has been created and initialised to place the task
 562:Middlewares/Third_Party/FreeRTOS/Source/tasks.c ****  * under the control of the scheduler.
 563:Middlewares/Third_Party/FreeRTOS/Source/tasks.c ****  */
 564:Middlewares/Third_Party/FreeRTOS/Source/tasks.c **** static void prvAddNewTaskToReadyList( TCB_t *pxNewTCB ) PRIVILEGED_FUNCTION;
 565:Middlewares/Third_Party/FreeRTOS/Source/tasks.c **** 
 566:Middlewares/Third_Party/FreeRTOS/Source/tasks.c **** /*
 567:Middlewares/Third_Party/FreeRTOS/Source/tasks.c ****  * freertos_tasks_c_additions_init() should only be called if the user definable
 568:Middlewares/Third_Party/FreeRTOS/Source/tasks.c ****  * macro FREERTOS_TASKS_C_ADDITIONS_INIT() is defined, as that is the only macro
 569:Middlewares/Third_Party/FreeRTOS/Source/tasks.c ****  * called by the function.
 570:Middlewares/Third_Party/FreeRTOS/Source/tasks.c ****  */
 571:Middlewares/Third_Party/FreeRTOS/Source/tasks.c **** #ifdef FREERTOS_TASKS_C_ADDITIONS_INIT
 572:Middlewares/Third_Party/FreeRTOS/Source/tasks.c **** 
 573:Middlewares/Third_Party/FreeRTOS/Source/tasks.c **** 	static void freertos_tasks_c_additions_init( void ) PRIVILEGED_FUNCTION;
 574:Middlewares/Third_Party/FreeRTOS/Source/tasks.c **** 
 575:Middlewares/Third_Party/FreeRTOS/Source/tasks.c **** #endif
 576:Middlewares/Third_Party/FreeRTOS/Source/tasks.c **** 
 577:Middlewares/Third_Party/FreeRTOS/Source/tasks.c **** /*-----------------------------------------------------------*/
 578:Middlewares/Third_Party/FreeRTOS/Source/tasks.c **** 
 579:Middlewares/Third_Party/FreeRTOS/Source/tasks.c **** #if( configSUPPORT_STATIC_ALLOCATION == 1 )
 580:Middlewares/Third_Party/FreeRTOS/Source/tasks.c **** 
 581:Middlewares/Third_Party/FreeRTOS/Source/tasks.c **** 	TaskHandle_t xTaskCreateStatic(	TaskFunction_t pxTaskCode,
 582:Middlewares/Third_Party/FreeRTOS/Source/tasks.c **** 									const char * const pcName,		/*lint !e971 Unqualified char types are allowed for strings an
 583:Middlewares/Third_Party/FreeRTOS/Source/tasks.c **** 									const uint32_t ulStackDepth,
 584:Middlewares/Third_Party/FreeRTOS/Source/tasks.c **** 									void * const pvParameters,
 585:Middlewares/Third_Party/FreeRTOS/Source/tasks.c **** 									UBaseType_t uxPriority,
 586:Middlewares/Third_Party/FreeRTOS/Source/tasks.c **** 									StackType_t * const puxStackBuffer,
 587:Middlewares/Third_Party/FreeRTOS/Source/tasks.c **** 									StaticTask_t * const pxTaskBuffer )
 588:Middlewares/Third_Party/FreeRTOS/Source/tasks.c **** 	{
 589:Middlewares/Third_Party/FreeRTOS/Source/tasks.c **** 	TCB_t *pxNewTCB;
 590:Middlewares/Third_Party/FreeRTOS/Source/tasks.c **** 	TaskHandle_t xReturn;
 591:Middlewares/Third_Party/FreeRTOS/Source/tasks.c **** 
 592:Middlewares/Third_Party/FreeRTOS/Source/tasks.c **** 		configASSERT( puxStackBuffer != NULL );
 593:Middlewares/Third_Party/FreeRTOS/Source/tasks.c **** 		configASSERT( pxTaskBuffer != NULL );
 594:Middlewares/Third_Party/FreeRTOS/Source/tasks.c **** 
 595:Middlewares/Third_Party/FreeRTOS/Source/tasks.c **** 		#if( configASSERT_DEFINED == 1 )
 596:Middlewares/Third_Party/FreeRTOS/Source/tasks.c **** 		{
 597:Middlewares/Third_Party/FreeRTOS/Source/tasks.c **** 			/* Sanity check that the size of the structure used to declare a
 598:Middlewares/Third_Party/FreeRTOS/Source/tasks.c **** 			variable of type StaticTask_t equals the size of the real task
 599:Middlewares/Third_Party/FreeRTOS/Source/tasks.c **** 			structure. */
 600:Middlewares/Third_Party/FreeRTOS/Source/tasks.c **** 			volatile size_t xSize = sizeof( StaticTask_t );
ARM GAS  /tmp/cchsWuk7.s 			page 12


 601:Middlewares/Third_Party/FreeRTOS/Source/tasks.c **** 			configASSERT( xSize == sizeof( TCB_t ) );
 602:Middlewares/Third_Party/FreeRTOS/Source/tasks.c **** 			( void ) xSize; /* Prevent lint warning when configASSERT() is not used. */
 603:Middlewares/Third_Party/FreeRTOS/Source/tasks.c **** 		}
 604:Middlewares/Third_Party/FreeRTOS/Source/tasks.c **** 		#endif /* configASSERT_DEFINED */
 605:Middlewares/Third_Party/FreeRTOS/Source/tasks.c **** 
 606:Middlewares/Third_Party/FreeRTOS/Source/tasks.c **** 
 607:Middlewares/Third_Party/FreeRTOS/Source/tasks.c **** 		if( ( pxTaskBuffer != NULL ) && ( puxStackBuffer != NULL ) )
 608:Middlewares/Third_Party/FreeRTOS/Source/tasks.c **** 		{
 609:Middlewares/Third_Party/FreeRTOS/Source/tasks.c **** 			/* The memory used for the task's TCB and stack are passed into this
 610:Middlewares/Third_Party/FreeRTOS/Source/tasks.c **** 			function - use them. */
 611:Middlewares/Third_Party/FreeRTOS/Source/tasks.c **** 			pxNewTCB = ( TCB_t * ) pxTaskBuffer; /*lint !e740 !e9087 Unusual cast is ok as the structures ar
 612:Middlewares/Third_Party/FreeRTOS/Source/tasks.c **** 			pxNewTCB->pxStack = ( StackType_t * ) puxStackBuffer;
 613:Middlewares/Third_Party/FreeRTOS/Source/tasks.c **** 
 614:Middlewares/Third_Party/FreeRTOS/Source/tasks.c **** 			#if( tskSTATIC_AND_DYNAMIC_ALLOCATION_POSSIBLE != 0 ) /*lint !e731 !e9029 Macro has been consoli
 615:Middlewares/Third_Party/FreeRTOS/Source/tasks.c **** 			{
 616:Middlewares/Third_Party/FreeRTOS/Source/tasks.c **** 				/* Tasks can be created statically or dynamically, so note this
 617:Middlewares/Third_Party/FreeRTOS/Source/tasks.c **** 				task was created statically in case the task is later deleted. */
 618:Middlewares/Third_Party/FreeRTOS/Source/tasks.c **** 				pxNewTCB->ucStaticallyAllocated = tskSTATICALLY_ALLOCATED_STACK_AND_TCB;
 619:Middlewares/Third_Party/FreeRTOS/Source/tasks.c **** 			}
 620:Middlewares/Third_Party/FreeRTOS/Source/tasks.c **** 			#endif /* tskSTATIC_AND_DYNAMIC_ALLOCATION_POSSIBLE */
 621:Middlewares/Third_Party/FreeRTOS/Source/tasks.c **** 
 622:Middlewares/Third_Party/FreeRTOS/Source/tasks.c **** 			prvInitialiseNewTask( pxTaskCode, pcName, ulStackDepth, pvParameters, uxPriority, &xReturn, pxNe
 623:Middlewares/Third_Party/FreeRTOS/Source/tasks.c **** 			prvAddNewTaskToReadyList( pxNewTCB );
 624:Middlewares/Third_Party/FreeRTOS/Source/tasks.c **** 		}
 625:Middlewares/Third_Party/FreeRTOS/Source/tasks.c **** 		else
 626:Middlewares/Third_Party/FreeRTOS/Source/tasks.c **** 		{
 627:Middlewares/Third_Party/FreeRTOS/Source/tasks.c **** 			xReturn = NULL;
 628:Middlewares/Third_Party/FreeRTOS/Source/tasks.c **** 		}
 629:Middlewares/Third_Party/FreeRTOS/Source/tasks.c **** 
 630:Middlewares/Third_Party/FreeRTOS/Source/tasks.c **** 		return xReturn;
 631:Middlewares/Third_Party/FreeRTOS/Source/tasks.c **** 	}
 632:Middlewares/Third_Party/FreeRTOS/Source/tasks.c **** 
 633:Middlewares/Third_Party/FreeRTOS/Source/tasks.c **** #endif /* SUPPORT_STATIC_ALLOCATION */
 634:Middlewares/Third_Party/FreeRTOS/Source/tasks.c **** /*-----------------------------------------------------------*/
 635:Middlewares/Third_Party/FreeRTOS/Source/tasks.c **** 
 636:Middlewares/Third_Party/FreeRTOS/Source/tasks.c **** #if( ( portUSING_MPU_WRAPPERS == 1 ) && ( configSUPPORT_STATIC_ALLOCATION == 1 ) )
 637:Middlewares/Third_Party/FreeRTOS/Source/tasks.c **** 
 638:Middlewares/Third_Party/FreeRTOS/Source/tasks.c **** 	BaseType_t xTaskCreateRestrictedStatic( const TaskParameters_t * const pxTaskDefinition, TaskHandl
 639:Middlewares/Third_Party/FreeRTOS/Source/tasks.c **** 	{
 640:Middlewares/Third_Party/FreeRTOS/Source/tasks.c **** 	TCB_t *pxNewTCB;
 641:Middlewares/Third_Party/FreeRTOS/Source/tasks.c **** 	BaseType_t xReturn = errCOULD_NOT_ALLOCATE_REQUIRED_MEMORY;
 642:Middlewares/Third_Party/FreeRTOS/Source/tasks.c **** 
 643:Middlewares/Third_Party/FreeRTOS/Source/tasks.c **** 		configASSERT( pxTaskDefinition->puxStackBuffer != NULL );
 644:Middlewares/Third_Party/FreeRTOS/Source/tasks.c **** 		configASSERT( pxTaskDefinition->pxTaskBuffer != NULL );
 645:Middlewares/Third_Party/FreeRTOS/Source/tasks.c **** 
 646:Middlewares/Third_Party/FreeRTOS/Source/tasks.c **** 		if( ( pxTaskDefinition->puxStackBuffer != NULL ) && ( pxTaskDefinition->pxTaskBuffer != NULL ) )
 647:Middlewares/Third_Party/FreeRTOS/Source/tasks.c **** 		{
 648:Middlewares/Third_Party/FreeRTOS/Source/tasks.c **** 			/* Allocate space for the TCB.  Where the memory comes from depends
 649:Middlewares/Third_Party/FreeRTOS/Source/tasks.c **** 			on the implementation of the port malloc function and whether or
 650:Middlewares/Third_Party/FreeRTOS/Source/tasks.c **** 			not static allocation is being used. */
 651:Middlewares/Third_Party/FreeRTOS/Source/tasks.c **** 			pxNewTCB = ( TCB_t * ) pxTaskDefinition->pxTaskBuffer;
 652:Middlewares/Third_Party/FreeRTOS/Source/tasks.c **** 
 653:Middlewares/Third_Party/FreeRTOS/Source/tasks.c **** 			/* Store the stack location in the TCB. */
 654:Middlewares/Third_Party/FreeRTOS/Source/tasks.c **** 			pxNewTCB->pxStack = pxTaskDefinition->puxStackBuffer;
 655:Middlewares/Third_Party/FreeRTOS/Source/tasks.c **** 
 656:Middlewares/Third_Party/FreeRTOS/Source/tasks.c **** 			#if( tskSTATIC_AND_DYNAMIC_ALLOCATION_POSSIBLE != 0 )
 657:Middlewares/Third_Party/FreeRTOS/Source/tasks.c **** 			{
ARM GAS  /tmp/cchsWuk7.s 			page 13


 658:Middlewares/Third_Party/FreeRTOS/Source/tasks.c **** 				/* Tasks can be created statically or dynamically, so note this
 659:Middlewares/Third_Party/FreeRTOS/Source/tasks.c **** 				task was created statically in case the task is later deleted. */
 660:Middlewares/Third_Party/FreeRTOS/Source/tasks.c **** 				pxNewTCB->ucStaticallyAllocated = tskSTATICALLY_ALLOCATED_STACK_AND_TCB;
 661:Middlewares/Third_Party/FreeRTOS/Source/tasks.c **** 			}
 662:Middlewares/Third_Party/FreeRTOS/Source/tasks.c **** 			#endif /* tskSTATIC_AND_DYNAMIC_ALLOCATION_POSSIBLE */
 663:Middlewares/Third_Party/FreeRTOS/Source/tasks.c **** 
 664:Middlewares/Third_Party/FreeRTOS/Source/tasks.c **** 			prvInitialiseNewTask(	pxTaskDefinition->pvTaskCode,
 665:Middlewares/Third_Party/FreeRTOS/Source/tasks.c **** 									pxTaskDefinition->pcName,
 666:Middlewares/Third_Party/FreeRTOS/Source/tasks.c **** 									( uint32_t ) pxTaskDefinition->usStackDepth,
 667:Middlewares/Third_Party/FreeRTOS/Source/tasks.c **** 									pxTaskDefinition->pvParameters,
 668:Middlewares/Third_Party/FreeRTOS/Source/tasks.c **** 									pxTaskDefinition->uxPriority,
 669:Middlewares/Third_Party/FreeRTOS/Source/tasks.c **** 									pxCreatedTask, pxNewTCB,
 670:Middlewares/Third_Party/FreeRTOS/Source/tasks.c **** 									pxTaskDefinition->xRegions );
 671:Middlewares/Third_Party/FreeRTOS/Source/tasks.c **** 
 672:Middlewares/Third_Party/FreeRTOS/Source/tasks.c **** 			prvAddNewTaskToReadyList( pxNewTCB );
 673:Middlewares/Third_Party/FreeRTOS/Source/tasks.c **** 			xReturn = pdPASS;
 674:Middlewares/Third_Party/FreeRTOS/Source/tasks.c **** 		}
 675:Middlewares/Third_Party/FreeRTOS/Source/tasks.c **** 
 676:Middlewares/Third_Party/FreeRTOS/Source/tasks.c **** 		return xReturn;
 677:Middlewares/Third_Party/FreeRTOS/Source/tasks.c **** 	}
 678:Middlewares/Third_Party/FreeRTOS/Source/tasks.c **** 
 679:Middlewares/Third_Party/FreeRTOS/Source/tasks.c **** #endif /* ( portUSING_MPU_WRAPPERS == 1 ) && ( configSUPPORT_STATIC_ALLOCATION == 1 ) */
 680:Middlewares/Third_Party/FreeRTOS/Source/tasks.c **** /*-----------------------------------------------------------*/
 681:Middlewares/Third_Party/FreeRTOS/Source/tasks.c **** 
 682:Middlewares/Third_Party/FreeRTOS/Source/tasks.c **** #if( ( portUSING_MPU_WRAPPERS == 1 ) && ( configSUPPORT_DYNAMIC_ALLOCATION == 1 ) )
 683:Middlewares/Third_Party/FreeRTOS/Source/tasks.c **** 
 684:Middlewares/Third_Party/FreeRTOS/Source/tasks.c **** 	BaseType_t xTaskCreateRestricted( const TaskParameters_t * const pxTaskDefinition, TaskHandle_t *p
 685:Middlewares/Third_Party/FreeRTOS/Source/tasks.c **** 	{
 686:Middlewares/Third_Party/FreeRTOS/Source/tasks.c **** 	TCB_t *pxNewTCB;
 687:Middlewares/Third_Party/FreeRTOS/Source/tasks.c **** 	BaseType_t xReturn = errCOULD_NOT_ALLOCATE_REQUIRED_MEMORY;
 688:Middlewares/Third_Party/FreeRTOS/Source/tasks.c **** 
 689:Middlewares/Third_Party/FreeRTOS/Source/tasks.c **** 		configASSERT( pxTaskDefinition->puxStackBuffer );
 690:Middlewares/Third_Party/FreeRTOS/Source/tasks.c **** 
 691:Middlewares/Third_Party/FreeRTOS/Source/tasks.c **** 		if( pxTaskDefinition->puxStackBuffer != NULL )
 692:Middlewares/Third_Party/FreeRTOS/Source/tasks.c **** 		{
 693:Middlewares/Third_Party/FreeRTOS/Source/tasks.c **** 			/* Allocate space for the TCB.  Where the memory comes from depends
 694:Middlewares/Third_Party/FreeRTOS/Source/tasks.c **** 			on the implementation of the port malloc function and whether or
 695:Middlewares/Third_Party/FreeRTOS/Source/tasks.c **** 			not static allocation is being used. */
 696:Middlewares/Third_Party/FreeRTOS/Source/tasks.c **** 			pxNewTCB = ( TCB_t * ) pvPortMalloc( sizeof( TCB_t ) );
 697:Middlewares/Third_Party/FreeRTOS/Source/tasks.c **** 
 698:Middlewares/Third_Party/FreeRTOS/Source/tasks.c **** 			if( pxNewTCB != NULL )
 699:Middlewares/Third_Party/FreeRTOS/Source/tasks.c **** 			{
 700:Middlewares/Third_Party/FreeRTOS/Source/tasks.c **** 				/* Store the stack location in the TCB. */
 701:Middlewares/Third_Party/FreeRTOS/Source/tasks.c **** 				pxNewTCB->pxStack = pxTaskDefinition->puxStackBuffer;
 702:Middlewares/Third_Party/FreeRTOS/Source/tasks.c **** 
 703:Middlewares/Third_Party/FreeRTOS/Source/tasks.c **** 				#if( tskSTATIC_AND_DYNAMIC_ALLOCATION_POSSIBLE != 0 )
 704:Middlewares/Third_Party/FreeRTOS/Source/tasks.c **** 				{
 705:Middlewares/Third_Party/FreeRTOS/Source/tasks.c **** 					/* Tasks can be created statically or dynamically, so note
 706:Middlewares/Third_Party/FreeRTOS/Source/tasks.c **** 					this task had a statically allocated stack in case it is
 707:Middlewares/Third_Party/FreeRTOS/Source/tasks.c **** 					later deleted.  The TCB was allocated dynamically. */
 708:Middlewares/Third_Party/FreeRTOS/Source/tasks.c **** 					pxNewTCB->ucStaticallyAllocated = tskSTATICALLY_ALLOCATED_STACK_ONLY;
 709:Middlewares/Third_Party/FreeRTOS/Source/tasks.c **** 				}
 710:Middlewares/Third_Party/FreeRTOS/Source/tasks.c **** 				#endif /* tskSTATIC_AND_DYNAMIC_ALLOCATION_POSSIBLE */
 711:Middlewares/Third_Party/FreeRTOS/Source/tasks.c **** 
 712:Middlewares/Third_Party/FreeRTOS/Source/tasks.c **** 				prvInitialiseNewTask(	pxTaskDefinition->pvTaskCode,
 713:Middlewares/Third_Party/FreeRTOS/Source/tasks.c **** 										pxTaskDefinition->pcName,
 714:Middlewares/Third_Party/FreeRTOS/Source/tasks.c **** 										( uint32_t ) pxTaskDefinition->usStackDepth,
ARM GAS  /tmp/cchsWuk7.s 			page 14


 715:Middlewares/Third_Party/FreeRTOS/Source/tasks.c **** 										pxTaskDefinition->pvParameters,
 716:Middlewares/Third_Party/FreeRTOS/Source/tasks.c **** 										pxTaskDefinition->uxPriority,
 717:Middlewares/Third_Party/FreeRTOS/Source/tasks.c **** 										pxCreatedTask, pxNewTCB,
 718:Middlewares/Third_Party/FreeRTOS/Source/tasks.c **** 										pxTaskDefinition->xRegions );
 719:Middlewares/Third_Party/FreeRTOS/Source/tasks.c **** 
 720:Middlewares/Third_Party/FreeRTOS/Source/tasks.c **** 				prvAddNewTaskToReadyList( pxNewTCB );
 721:Middlewares/Third_Party/FreeRTOS/Source/tasks.c **** 				xReturn = pdPASS;
 722:Middlewares/Third_Party/FreeRTOS/Source/tasks.c **** 			}
 723:Middlewares/Third_Party/FreeRTOS/Source/tasks.c **** 		}
 724:Middlewares/Third_Party/FreeRTOS/Source/tasks.c **** 
 725:Middlewares/Third_Party/FreeRTOS/Source/tasks.c **** 		return xReturn;
 726:Middlewares/Third_Party/FreeRTOS/Source/tasks.c **** 	}
 727:Middlewares/Third_Party/FreeRTOS/Source/tasks.c **** 
 728:Middlewares/Third_Party/FreeRTOS/Source/tasks.c **** #endif /* portUSING_MPU_WRAPPERS */
 729:Middlewares/Third_Party/FreeRTOS/Source/tasks.c **** /*-----------------------------------------------------------*/
 730:Middlewares/Third_Party/FreeRTOS/Source/tasks.c **** 
 731:Middlewares/Third_Party/FreeRTOS/Source/tasks.c **** #if( configSUPPORT_DYNAMIC_ALLOCATION == 1 )
 732:Middlewares/Third_Party/FreeRTOS/Source/tasks.c **** 
 733:Middlewares/Third_Party/FreeRTOS/Source/tasks.c **** 	BaseType_t xTaskCreate(	TaskFunction_t pxTaskCode,
 734:Middlewares/Third_Party/FreeRTOS/Source/tasks.c **** 							const char * const pcName,		/*lint !e971 Unqualified char types are allowed for strings and 
 735:Middlewares/Third_Party/FreeRTOS/Source/tasks.c **** 							const configSTACK_DEPTH_TYPE usStackDepth,
 736:Middlewares/Third_Party/FreeRTOS/Source/tasks.c **** 							void * const pvParameters,
 737:Middlewares/Third_Party/FreeRTOS/Source/tasks.c **** 							UBaseType_t uxPriority,
 738:Middlewares/Third_Party/FreeRTOS/Source/tasks.c **** 							TaskHandle_t * const pxCreatedTask )
 739:Middlewares/Third_Party/FreeRTOS/Source/tasks.c **** 	{
 740:Middlewares/Third_Party/FreeRTOS/Source/tasks.c **** 	TCB_t *pxNewTCB;
 741:Middlewares/Third_Party/FreeRTOS/Source/tasks.c **** 	BaseType_t xReturn;
 742:Middlewares/Third_Party/FreeRTOS/Source/tasks.c **** 
 743:Middlewares/Third_Party/FreeRTOS/Source/tasks.c **** 		/* If the stack grows down then allocate the stack then the TCB so the stack
 744:Middlewares/Third_Party/FreeRTOS/Source/tasks.c **** 		does not grow into the TCB.  Likewise if the stack grows up then allocate
 745:Middlewares/Third_Party/FreeRTOS/Source/tasks.c **** 		the TCB then the stack. */
 746:Middlewares/Third_Party/FreeRTOS/Source/tasks.c **** 		#if( portSTACK_GROWTH > 0 )
 747:Middlewares/Third_Party/FreeRTOS/Source/tasks.c **** 		{
 748:Middlewares/Third_Party/FreeRTOS/Source/tasks.c **** 			/* Allocate space for the TCB.  Where the memory comes from depends on
 749:Middlewares/Third_Party/FreeRTOS/Source/tasks.c **** 			the implementation of the port malloc function and whether or not static
 750:Middlewares/Third_Party/FreeRTOS/Source/tasks.c **** 			allocation is being used. */
 751:Middlewares/Third_Party/FreeRTOS/Source/tasks.c **** 			pxNewTCB = ( TCB_t * ) pvPortMalloc( sizeof( TCB_t ) );
 752:Middlewares/Third_Party/FreeRTOS/Source/tasks.c **** 
 753:Middlewares/Third_Party/FreeRTOS/Source/tasks.c **** 			if( pxNewTCB != NULL )
 754:Middlewares/Third_Party/FreeRTOS/Source/tasks.c **** 			{
 755:Middlewares/Third_Party/FreeRTOS/Source/tasks.c **** 				/* Allocate space for the stack used by the task being created.
 756:Middlewares/Third_Party/FreeRTOS/Source/tasks.c **** 				The base of the stack memory stored in the TCB so the task can
 757:Middlewares/Third_Party/FreeRTOS/Source/tasks.c **** 				be deleted later if required. */
 758:Middlewares/Third_Party/FreeRTOS/Source/tasks.c **** 				pxNewTCB->pxStack = ( StackType_t * ) pvPortMalloc( ( ( ( size_t ) usStackDepth ) * sizeof( Sta
 759:Middlewares/Third_Party/FreeRTOS/Source/tasks.c **** 
 760:Middlewares/Third_Party/FreeRTOS/Source/tasks.c **** 				if( pxNewTCB->pxStack == NULL )
 761:Middlewares/Third_Party/FreeRTOS/Source/tasks.c **** 				{
 762:Middlewares/Third_Party/FreeRTOS/Source/tasks.c **** 					/* Could not allocate the stack.  Delete the allocated TCB. */
 763:Middlewares/Third_Party/FreeRTOS/Source/tasks.c **** 					vPortFree( pxNewTCB );
 764:Middlewares/Third_Party/FreeRTOS/Source/tasks.c **** 					pxNewTCB = NULL;
 765:Middlewares/Third_Party/FreeRTOS/Source/tasks.c **** 				}
 766:Middlewares/Third_Party/FreeRTOS/Source/tasks.c **** 			}
 767:Middlewares/Third_Party/FreeRTOS/Source/tasks.c **** 		}
 768:Middlewares/Third_Party/FreeRTOS/Source/tasks.c **** 		#else /* portSTACK_GROWTH */
 769:Middlewares/Third_Party/FreeRTOS/Source/tasks.c **** 		{
 770:Middlewares/Third_Party/FreeRTOS/Source/tasks.c **** 		StackType_t *pxStack;
 771:Middlewares/Third_Party/FreeRTOS/Source/tasks.c **** 
ARM GAS  /tmp/cchsWuk7.s 			page 15


 772:Middlewares/Third_Party/FreeRTOS/Source/tasks.c **** 			/* Allocate space for the stack used by the task being created. */
 773:Middlewares/Third_Party/FreeRTOS/Source/tasks.c **** 			pxStack = pvPortMalloc( ( ( ( size_t ) usStackDepth ) * sizeof( StackType_t ) ) ); /*lint !e9079
 774:Middlewares/Third_Party/FreeRTOS/Source/tasks.c **** 
 775:Middlewares/Third_Party/FreeRTOS/Source/tasks.c **** 			if( pxStack != NULL )
 776:Middlewares/Third_Party/FreeRTOS/Source/tasks.c **** 			{
 777:Middlewares/Third_Party/FreeRTOS/Source/tasks.c **** 				/* Allocate space for the TCB. */
 778:Middlewares/Third_Party/FreeRTOS/Source/tasks.c **** 				pxNewTCB = ( TCB_t * ) pvPortMalloc( sizeof( TCB_t ) ); /*lint !e9087 !e9079 All values returne
 779:Middlewares/Third_Party/FreeRTOS/Source/tasks.c **** 
 780:Middlewares/Third_Party/FreeRTOS/Source/tasks.c **** 				if( pxNewTCB != NULL )
 781:Middlewares/Third_Party/FreeRTOS/Source/tasks.c **** 				{
 782:Middlewares/Third_Party/FreeRTOS/Source/tasks.c **** 					/* Store the stack location in the TCB. */
 783:Middlewares/Third_Party/FreeRTOS/Source/tasks.c **** 					pxNewTCB->pxStack = pxStack;
 784:Middlewares/Third_Party/FreeRTOS/Source/tasks.c **** 				}
 785:Middlewares/Third_Party/FreeRTOS/Source/tasks.c **** 				else
 786:Middlewares/Third_Party/FreeRTOS/Source/tasks.c **** 				{
 787:Middlewares/Third_Party/FreeRTOS/Source/tasks.c **** 					/* The stack cannot be used as the TCB was not created.  Free
 788:Middlewares/Third_Party/FreeRTOS/Source/tasks.c **** 					it again. */
 789:Middlewares/Third_Party/FreeRTOS/Source/tasks.c **** 					vPortFree( pxStack );
 790:Middlewares/Third_Party/FreeRTOS/Source/tasks.c **** 				}
 791:Middlewares/Third_Party/FreeRTOS/Source/tasks.c **** 			}
 792:Middlewares/Third_Party/FreeRTOS/Source/tasks.c **** 			else
 793:Middlewares/Third_Party/FreeRTOS/Source/tasks.c **** 			{
 794:Middlewares/Third_Party/FreeRTOS/Source/tasks.c **** 				pxNewTCB = NULL;
 795:Middlewares/Third_Party/FreeRTOS/Source/tasks.c **** 			}
 796:Middlewares/Third_Party/FreeRTOS/Source/tasks.c **** 		}
 797:Middlewares/Third_Party/FreeRTOS/Source/tasks.c **** 		#endif /* portSTACK_GROWTH */
 798:Middlewares/Third_Party/FreeRTOS/Source/tasks.c **** 
 799:Middlewares/Third_Party/FreeRTOS/Source/tasks.c **** 		if( pxNewTCB != NULL )
 800:Middlewares/Third_Party/FreeRTOS/Source/tasks.c **** 		{
 801:Middlewares/Third_Party/FreeRTOS/Source/tasks.c **** 			#if( tskSTATIC_AND_DYNAMIC_ALLOCATION_POSSIBLE != 0 ) /*lint !e9029 !e731 Macro has been consoli
 802:Middlewares/Third_Party/FreeRTOS/Source/tasks.c **** 			{
 803:Middlewares/Third_Party/FreeRTOS/Source/tasks.c **** 				/* Tasks can be created statically or dynamically, so note this
 804:Middlewares/Third_Party/FreeRTOS/Source/tasks.c **** 				task was created dynamically in case it is later deleted. */
 805:Middlewares/Third_Party/FreeRTOS/Source/tasks.c **** 				pxNewTCB->ucStaticallyAllocated = tskDYNAMICALLY_ALLOCATED_STACK_AND_TCB;
 806:Middlewares/Third_Party/FreeRTOS/Source/tasks.c **** 			}
 807:Middlewares/Third_Party/FreeRTOS/Source/tasks.c **** 			#endif /* tskSTATIC_AND_DYNAMIC_ALLOCATION_POSSIBLE */
 808:Middlewares/Third_Party/FreeRTOS/Source/tasks.c **** 
 809:Middlewares/Third_Party/FreeRTOS/Source/tasks.c **** 			prvInitialiseNewTask( pxTaskCode, pcName, ( uint32_t ) usStackDepth, pvParameters, uxPriority, p
 810:Middlewares/Third_Party/FreeRTOS/Source/tasks.c **** 			prvAddNewTaskToReadyList( pxNewTCB );
 811:Middlewares/Third_Party/FreeRTOS/Source/tasks.c **** 			xReturn = pdPASS;
 812:Middlewares/Third_Party/FreeRTOS/Source/tasks.c **** 		}
 813:Middlewares/Third_Party/FreeRTOS/Source/tasks.c **** 		else
 814:Middlewares/Third_Party/FreeRTOS/Source/tasks.c **** 		{
 815:Middlewares/Third_Party/FreeRTOS/Source/tasks.c **** 			xReturn = errCOULD_NOT_ALLOCATE_REQUIRED_MEMORY;
 816:Middlewares/Third_Party/FreeRTOS/Source/tasks.c **** 		}
 817:Middlewares/Third_Party/FreeRTOS/Source/tasks.c **** 
 818:Middlewares/Third_Party/FreeRTOS/Source/tasks.c **** 		return xReturn;
 819:Middlewares/Third_Party/FreeRTOS/Source/tasks.c **** 	}
 820:Middlewares/Third_Party/FreeRTOS/Source/tasks.c **** 
 821:Middlewares/Third_Party/FreeRTOS/Source/tasks.c **** #endif /* configSUPPORT_DYNAMIC_ALLOCATION */
 822:Middlewares/Third_Party/FreeRTOS/Source/tasks.c **** /*-----------------------------------------------------------*/
 823:Middlewares/Third_Party/FreeRTOS/Source/tasks.c **** 
 824:Middlewares/Third_Party/FreeRTOS/Source/tasks.c **** static void prvInitialiseNewTask( 	TaskFunction_t pxTaskCode,
 825:Middlewares/Third_Party/FreeRTOS/Source/tasks.c **** 									const char * const pcName,		/*lint !e971 Unqualified char types are allowed for strings an
 826:Middlewares/Third_Party/FreeRTOS/Source/tasks.c **** 									const uint32_t ulStackDepth,
 827:Middlewares/Third_Party/FreeRTOS/Source/tasks.c **** 									void * const pvParameters,
 828:Middlewares/Third_Party/FreeRTOS/Source/tasks.c **** 									UBaseType_t uxPriority,
ARM GAS  /tmp/cchsWuk7.s 			page 16


 829:Middlewares/Third_Party/FreeRTOS/Source/tasks.c **** 									TaskHandle_t * const pxCreatedTask,
 830:Middlewares/Third_Party/FreeRTOS/Source/tasks.c **** 									TCB_t *pxNewTCB,
 831:Middlewares/Third_Party/FreeRTOS/Source/tasks.c **** 									const MemoryRegion_t * const xRegions )
 832:Middlewares/Third_Party/FreeRTOS/Source/tasks.c **** {
 833:Middlewares/Third_Party/FreeRTOS/Source/tasks.c **** StackType_t *pxTopOfStack;
 834:Middlewares/Third_Party/FreeRTOS/Source/tasks.c **** UBaseType_t x;
 835:Middlewares/Third_Party/FreeRTOS/Source/tasks.c **** 
 836:Middlewares/Third_Party/FreeRTOS/Source/tasks.c **** 	#if( portUSING_MPU_WRAPPERS == 1 )
 837:Middlewares/Third_Party/FreeRTOS/Source/tasks.c **** 		/* Should the task be created in privileged mode? */
 838:Middlewares/Third_Party/FreeRTOS/Source/tasks.c **** 		BaseType_t xRunPrivileged;
 839:Middlewares/Third_Party/FreeRTOS/Source/tasks.c **** 		if( ( uxPriority & portPRIVILEGE_BIT ) != 0U )
 840:Middlewares/Third_Party/FreeRTOS/Source/tasks.c **** 		{
 841:Middlewares/Third_Party/FreeRTOS/Source/tasks.c **** 			xRunPrivileged = pdTRUE;
 842:Middlewares/Third_Party/FreeRTOS/Source/tasks.c **** 		}
 843:Middlewares/Third_Party/FreeRTOS/Source/tasks.c **** 		else
 844:Middlewares/Third_Party/FreeRTOS/Source/tasks.c **** 		{
 845:Middlewares/Third_Party/FreeRTOS/Source/tasks.c **** 			xRunPrivileged = pdFALSE;
 846:Middlewares/Third_Party/FreeRTOS/Source/tasks.c **** 		}
 847:Middlewares/Third_Party/FreeRTOS/Source/tasks.c **** 		uxPriority &= ~portPRIVILEGE_BIT;
 848:Middlewares/Third_Party/FreeRTOS/Source/tasks.c **** 	#endif /* portUSING_MPU_WRAPPERS == 1 */
 849:Middlewares/Third_Party/FreeRTOS/Source/tasks.c **** 
 850:Middlewares/Third_Party/FreeRTOS/Source/tasks.c **** 	/* Avoid dependency on memset() if it is not required. */
 851:Middlewares/Third_Party/FreeRTOS/Source/tasks.c **** 	#if( tskSET_NEW_STACKS_TO_KNOWN_VALUE == 1 )
 852:Middlewares/Third_Party/FreeRTOS/Source/tasks.c **** 	{
 853:Middlewares/Third_Party/FreeRTOS/Source/tasks.c **** 		/* Fill the stack with a known value to assist debugging. */
 854:Middlewares/Third_Party/FreeRTOS/Source/tasks.c **** 		( void ) memset( pxNewTCB->pxStack, ( int ) tskSTACK_FILL_BYTE, ( size_t ) ulStackDepth * sizeof(
 855:Middlewares/Third_Party/FreeRTOS/Source/tasks.c **** 	}
 856:Middlewares/Third_Party/FreeRTOS/Source/tasks.c **** 	#endif /* tskSET_NEW_STACKS_TO_KNOWN_VALUE */
 857:Middlewares/Third_Party/FreeRTOS/Source/tasks.c **** 
 858:Middlewares/Third_Party/FreeRTOS/Source/tasks.c **** 	/* Calculate the top of stack address.  This depends on whether the stack
 859:Middlewares/Third_Party/FreeRTOS/Source/tasks.c **** 	grows from high memory to low (as per the 80x86) or vice versa.
 860:Middlewares/Third_Party/FreeRTOS/Source/tasks.c **** 	portSTACK_GROWTH is used to make the result positive or negative as required
 861:Middlewares/Third_Party/FreeRTOS/Source/tasks.c **** 	by the port. */
 862:Middlewares/Third_Party/FreeRTOS/Source/tasks.c **** 	#if( portSTACK_GROWTH < 0 )
 863:Middlewares/Third_Party/FreeRTOS/Source/tasks.c **** 	{
 864:Middlewares/Third_Party/FreeRTOS/Source/tasks.c **** 		pxTopOfStack = &( pxNewTCB->pxStack[ ulStackDepth - ( uint32_t ) 1 ] );
 865:Middlewares/Third_Party/FreeRTOS/Source/tasks.c **** 		pxTopOfStack = ( StackType_t * ) ( ( ( portPOINTER_SIZE_TYPE ) pxTopOfStack ) & ( ~( ( portPOINTE
 866:Middlewares/Third_Party/FreeRTOS/Source/tasks.c **** 
 867:Middlewares/Third_Party/FreeRTOS/Source/tasks.c **** 		/* Check the alignment of the calculated top of stack is correct. */
 868:Middlewares/Third_Party/FreeRTOS/Source/tasks.c **** 		configASSERT( ( ( ( portPOINTER_SIZE_TYPE ) pxTopOfStack & ( portPOINTER_SIZE_TYPE ) portBYTE_ALI
 869:Middlewares/Third_Party/FreeRTOS/Source/tasks.c **** 
 870:Middlewares/Third_Party/FreeRTOS/Source/tasks.c **** 		#if( configRECORD_STACK_HIGH_ADDRESS == 1 )
 871:Middlewares/Third_Party/FreeRTOS/Source/tasks.c **** 		{
 872:Middlewares/Third_Party/FreeRTOS/Source/tasks.c **** 			/* Also record the stack's high address, which may assist
 873:Middlewares/Third_Party/FreeRTOS/Source/tasks.c **** 			debugging. */
 874:Middlewares/Third_Party/FreeRTOS/Source/tasks.c **** 			pxNewTCB->pxEndOfStack = pxTopOfStack;
 875:Middlewares/Third_Party/FreeRTOS/Source/tasks.c **** 		}
 876:Middlewares/Third_Party/FreeRTOS/Source/tasks.c **** 		#endif /* configRECORD_STACK_HIGH_ADDRESS */
 877:Middlewares/Third_Party/FreeRTOS/Source/tasks.c **** 	}
 878:Middlewares/Third_Party/FreeRTOS/Source/tasks.c **** 	#else /* portSTACK_GROWTH */
 879:Middlewares/Third_Party/FreeRTOS/Source/tasks.c **** 	{
 880:Middlewares/Third_Party/FreeRTOS/Source/tasks.c **** 		pxTopOfStack = pxNewTCB->pxStack;
 881:Middlewares/Third_Party/FreeRTOS/Source/tasks.c **** 
 882:Middlewares/Third_Party/FreeRTOS/Source/tasks.c **** 		/* Check the alignment of the stack buffer is correct. */
 883:Middlewares/Third_Party/FreeRTOS/Source/tasks.c **** 		configASSERT( ( ( ( portPOINTER_SIZE_TYPE ) pxNewTCB->pxStack & ( portPOINTER_SIZE_TYPE ) portBYT
 884:Middlewares/Third_Party/FreeRTOS/Source/tasks.c **** 
 885:Middlewares/Third_Party/FreeRTOS/Source/tasks.c **** 		/* The other extreme of the stack space is required if stack checking is
ARM GAS  /tmp/cchsWuk7.s 			page 17


 886:Middlewares/Third_Party/FreeRTOS/Source/tasks.c **** 		performed. */
 887:Middlewares/Third_Party/FreeRTOS/Source/tasks.c **** 		pxNewTCB->pxEndOfStack = pxNewTCB->pxStack + ( ulStackDepth - ( uint32_t ) 1 );
 888:Middlewares/Third_Party/FreeRTOS/Source/tasks.c **** 	}
 889:Middlewares/Third_Party/FreeRTOS/Source/tasks.c **** 	#endif /* portSTACK_GROWTH */
 890:Middlewares/Third_Party/FreeRTOS/Source/tasks.c **** 
 891:Middlewares/Third_Party/FreeRTOS/Source/tasks.c **** 	/* Store the task name in the TCB. */
 892:Middlewares/Third_Party/FreeRTOS/Source/tasks.c **** 	if( pcName != NULL )
 893:Middlewares/Third_Party/FreeRTOS/Source/tasks.c **** 	{
 894:Middlewares/Third_Party/FreeRTOS/Source/tasks.c **** 		for( x = ( UBaseType_t ) 0; x < ( UBaseType_t ) configMAX_TASK_NAME_LEN; x++ )
 895:Middlewares/Third_Party/FreeRTOS/Source/tasks.c **** 		{
 896:Middlewares/Third_Party/FreeRTOS/Source/tasks.c **** 			pxNewTCB->pcTaskName[ x ] = pcName[ x ];
 897:Middlewares/Third_Party/FreeRTOS/Source/tasks.c **** 
 898:Middlewares/Third_Party/FreeRTOS/Source/tasks.c **** 			/* Don't copy all configMAX_TASK_NAME_LEN if the string is shorter than
 899:Middlewares/Third_Party/FreeRTOS/Source/tasks.c **** 			configMAX_TASK_NAME_LEN characters just in case the memory after the
 900:Middlewares/Third_Party/FreeRTOS/Source/tasks.c **** 			string is not accessible (extremely unlikely). */
 901:Middlewares/Third_Party/FreeRTOS/Source/tasks.c **** 			if( pcName[ x ] == ( char ) 0x00 )
 902:Middlewares/Third_Party/FreeRTOS/Source/tasks.c **** 			{
 903:Middlewares/Third_Party/FreeRTOS/Source/tasks.c **** 				break;
 904:Middlewares/Third_Party/FreeRTOS/Source/tasks.c **** 			}
 905:Middlewares/Third_Party/FreeRTOS/Source/tasks.c **** 			else
 906:Middlewares/Third_Party/FreeRTOS/Source/tasks.c **** 			{
 907:Middlewares/Third_Party/FreeRTOS/Source/tasks.c **** 				mtCOVERAGE_TEST_MARKER();
 908:Middlewares/Third_Party/FreeRTOS/Source/tasks.c **** 			}
 909:Middlewares/Third_Party/FreeRTOS/Source/tasks.c **** 		}
 910:Middlewares/Third_Party/FreeRTOS/Source/tasks.c **** 
 911:Middlewares/Third_Party/FreeRTOS/Source/tasks.c **** 		/* Ensure the name string is terminated in the case that the string length
 912:Middlewares/Third_Party/FreeRTOS/Source/tasks.c **** 		was greater or equal to configMAX_TASK_NAME_LEN. */
 913:Middlewares/Third_Party/FreeRTOS/Source/tasks.c **** 		pxNewTCB->pcTaskName[ configMAX_TASK_NAME_LEN - 1 ] = '\0';
 914:Middlewares/Third_Party/FreeRTOS/Source/tasks.c **** 	}
 915:Middlewares/Third_Party/FreeRTOS/Source/tasks.c **** 	else
 916:Middlewares/Third_Party/FreeRTOS/Source/tasks.c **** 	{
 917:Middlewares/Third_Party/FreeRTOS/Source/tasks.c **** 		/* The task has not been given a name, so just ensure there is a NULL
 918:Middlewares/Third_Party/FreeRTOS/Source/tasks.c **** 		terminator when it is read out. */
 919:Middlewares/Third_Party/FreeRTOS/Source/tasks.c **** 		pxNewTCB->pcTaskName[ 0 ] = 0x00;
 920:Middlewares/Third_Party/FreeRTOS/Source/tasks.c **** 	}
 921:Middlewares/Third_Party/FreeRTOS/Source/tasks.c **** 
 922:Middlewares/Third_Party/FreeRTOS/Source/tasks.c **** 	/* This is used as an array index so must ensure it's not too large.  First
 923:Middlewares/Third_Party/FreeRTOS/Source/tasks.c **** 	remove the privilege bit if one is present. */
 924:Middlewares/Third_Party/FreeRTOS/Source/tasks.c **** 	if( uxPriority >= ( UBaseType_t ) configMAX_PRIORITIES )
 925:Middlewares/Third_Party/FreeRTOS/Source/tasks.c **** 	{
 926:Middlewares/Third_Party/FreeRTOS/Source/tasks.c **** 		uxPriority = ( UBaseType_t ) configMAX_PRIORITIES - ( UBaseType_t ) 1U;
 927:Middlewares/Third_Party/FreeRTOS/Source/tasks.c **** 	}
 928:Middlewares/Third_Party/FreeRTOS/Source/tasks.c **** 	else
 929:Middlewares/Third_Party/FreeRTOS/Source/tasks.c **** 	{
 930:Middlewares/Third_Party/FreeRTOS/Source/tasks.c **** 		mtCOVERAGE_TEST_MARKER();
 931:Middlewares/Third_Party/FreeRTOS/Source/tasks.c **** 	}
 932:Middlewares/Third_Party/FreeRTOS/Source/tasks.c **** 
 933:Middlewares/Third_Party/FreeRTOS/Source/tasks.c **** 	pxNewTCB->uxPriority = uxPriority;
 934:Middlewares/Third_Party/FreeRTOS/Source/tasks.c **** 	#if ( configUSE_MUTEXES == 1 )
 935:Middlewares/Third_Party/FreeRTOS/Source/tasks.c **** 	{
 936:Middlewares/Third_Party/FreeRTOS/Source/tasks.c **** 		pxNewTCB->uxBasePriority = uxPriority;
 937:Middlewares/Third_Party/FreeRTOS/Source/tasks.c **** 		pxNewTCB->uxMutexesHeld = 0;
 938:Middlewares/Third_Party/FreeRTOS/Source/tasks.c **** 	}
 939:Middlewares/Third_Party/FreeRTOS/Source/tasks.c **** 	#endif /* configUSE_MUTEXES */
 940:Middlewares/Third_Party/FreeRTOS/Source/tasks.c **** 
 941:Middlewares/Third_Party/FreeRTOS/Source/tasks.c **** 	vListInitialiseItem( &( pxNewTCB->xStateListItem ) );
 942:Middlewares/Third_Party/FreeRTOS/Source/tasks.c **** 	vListInitialiseItem( &( pxNewTCB->xEventListItem ) );
ARM GAS  /tmp/cchsWuk7.s 			page 18


 943:Middlewares/Third_Party/FreeRTOS/Source/tasks.c **** 
 944:Middlewares/Third_Party/FreeRTOS/Source/tasks.c **** 	/* Set the pxNewTCB as a link back from the ListItem_t.  This is so we can get
 945:Middlewares/Third_Party/FreeRTOS/Source/tasks.c **** 	back to	the containing TCB from a generic item in a list. */
 946:Middlewares/Third_Party/FreeRTOS/Source/tasks.c **** 	listSET_LIST_ITEM_OWNER( &( pxNewTCB->xStateListItem ), pxNewTCB );
 947:Middlewares/Third_Party/FreeRTOS/Source/tasks.c **** 
 948:Middlewares/Third_Party/FreeRTOS/Source/tasks.c **** 	/* Event lists are always in priority order. */
 949:Middlewares/Third_Party/FreeRTOS/Source/tasks.c **** 	listSET_LIST_ITEM_VALUE( &( pxNewTCB->xEventListItem ), ( TickType_t ) configMAX_PRIORITIES - ( Ti
 950:Middlewares/Third_Party/FreeRTOS/Source/tasks.c **** 	listSET_LIST_ITEM_OWNER( &( pxNewTCB->xEventListItem ), pxNewTCB );
 951:Middlewares/Third_Party/FreeRTOS/Source/tasks.c **** 
 952:Middlewares/Third_Party/FreeRTOS/Source/tasks.c **** 	#if ( portCRITICAL_NESTING_IN_TCB == 1 )
 953:Middlewares/Third_Party/FreeRTOS/Source/tasks.c **** 	{
 954:Middlewares/Third_Party/FreeRTOS/Source/tasks.c **** 		pxNewTCB->uxCriticalNesting = ( UBaseType_t ) 0U;
 955:Middlewares/Third_Party/FreeRTOS/Source/tasks.c **** 	}
 956:Middlewares/Third_Party/FreeRTOS/Source/tasks.c **** 	#endif /* portCRITICAL_NESTING_IN_TCB */
 957:Middlewares/Third_Party/FreeRTOS/Source/tasks.c **** 
 958:Middlewares/Third_Party/FreeRTOS/Source/tasks.c **** 	#if ( configUSE_APPLICATION_TASK_TAG == 1 )
 959:Middlewares/Third_Party/FreeRTOS/Source/tasks.c **** 	{
 960:Middlewares/Third_Party/FreeRTOS/Source/tasks.c **** 		pxNewTCB->pxTaskTag = NULL;
 961:Middlewares/Third_Party/FreeRTOS/Source/tasks.c **** 	}
 962:Middlewares/Third_Party/FreeRTOS/Source/tasks.c **** 	#endif /* configUSE_APPLICATION_TASK_TAG */
 963:Middlewares/Third_Party/FreeRTOS/Source/tasks.c **** 
 964:Middlewares/Third_Party/FreeRTOS/Source/tasks.c **** 	#if ( configGENERATE_RUN_TIME_STATS == 1 )
 965:Middlewares/Third_Party/FreeRTOS/Source/tasks.c **** 	{
 966:Middlewares/Third_Party/FreeRTOS/Source/tasks.c **** 		pxNewTCB->ulRunTimeCounter = 0UL;
 967:Middlewares/Third_Party/FreeRTOS/Source/tasks.c **** 	}
 968:Middlewares/Third_Party/FreeRTOS/Source/tasks.c **** 	#endif /* configGENERATE_RUN_TIME_STATS */
 969:Middlewares/Third_Party/FreeRTOS/Source/tasks.c **** 
 970:Middlewares/Third_Party/FreeRTOS/Source/tasks.c **** 	#if ( portUSING_MPU_WRAPPERS == 1 )
 971:Middlewares/Third_Party/FreeRTOS/Source/tasks.c **** 	{
 972:Middlewares/Third_Party/FreeRTOS/Source/tasks.c **** 		vPortStoreTaskMPUSettings( &( pxNewTCB->xMPUSettings ), xRegions, pxNewTCB->pxStack, ulStackDepth
 973:Middlewares/Third_Party/FreeRTOS/Source/tasks.c **** 	}
 974:Middlewares/Third_Party/FreeRTOS/Source/tasks.c **** 	#else
 975:Middlewares/Third_Party/FreeRTOS/Source/tasks.c **** 	{
 976:Middlewares/Third_Party/FreeRTOS/Source/tasks.c **** 		/* Avoid compiler warning about unreferenced parameter. */
 977:Middlewares/Third_Party/FreeRTOS/Source/tasks.c **** 		( void ) xRegions;
 978:Middlewares/Third_Party/FreeRTOS/Source/tasks.c **** 	}
 979:Middlewares/Third_Party/FreeRTOS/Source/tasks.c **** 	#endif
 980:Middlewares/Third_Party/FreeRTOS/Source/tasks.c **** 
 981:Middlewares/Third_Party/FreeRTOS/Source/tasks.c **** 	#if( configNUM_THREAD_LOCAL_STORAGE_POINTERS != 0 )
 982:Middlewares/Third_Party/FreeRTOS/Source/tasks.c **** 	{
 983:Middlewares/Third_Party/FreeRTOS/Source/tasks.c **** 		for( x = 0; x < ( UBaseType_t ) configNUM_THREAD_LOCAL_STORAGE_POINTERS; x++ )
 984:Middlewares/Third_Party/FreeRTOS/Source/tasks.c **** 		{
 985:Middlewares/Third_Party/FreeRTOS/Source/tasks.c **** 			pxNewTCB->pvThreadLocalStoragePointers[ x ] = NULL;
 986:Middlewares/Third_Party/FreeRTOS/Source/tasks.c **** 		}
 987:Middlewares/Third_Party/FreeRTOS/Source/tasks.c **** 	}
 988:Middlewares/Third_Party/FreeRTOS/Source/tasks.c **** 	#endif
 989:Middlewares/Third_Party/FreeRTOS/Source/tasks.c **** 
 990:Middlewares/Third_Party/FreeRTOS/Source/tasks.c **** 	#if ( configUSE_TASK_NOTIFICATIONS == 1 )
 991:Middlewares/Third_Party/FreeRTOS/Source/tasks.c **** 	{
 992:Middlewares/Third_Party/FreeRTOS/Source/tasks.c **** 		pxNewTCB->ulNotifiedValue = 0;
 993:Middlewares/Third_Party/FreeRTOS/Source/tasks.c **** 		pxNewTCB->ucNotifyState = taskNOT_WAITING_NOTIFICATION;
 994:Middlewares/Third_Party/FreeRTOS/Source/tasks.c **** 	}
 995:Middlewares/Third_Party/FreeRTOS/Source/tasks.c **** 	#endif
 996:Middlewares/Third_Party/FreeRTOS/Source/tasks.c **** 
 997:Middlewares/Third_Party/FreeRTOS/Source/tasks.c **** 	#if ( configUSE_NEWLIB_REENTRANT == 1 )
 998:Middlewares/Third_Party/FreeRTOS/Source/tasks.c **** 	{
 999:Middlewares/Third_Party/FreeRTOS/Source/tasks.c **** 		/* Initialise this task's Newlib reent structure.
ARM GAS  /tmp/cchsWuk7.s 			page 19


1000:Middlewares/Third_Party/FreeRTOS/Source/tasks.c **** 		See the third party link http://www.nadler.com/embedded/newlibAndFreeRTOS.html
1001:Middlewares/Third_Party/FreeRTOS/Source/tasks.c **** 		for additional information. */
1002:Middlewares/Third_Party/FreeRTOS/Source/tasks.c **** 		_REENT_INIT_PTR( ( &( pxNewTCB->xNewLib_reent ) ) );
1003:Middlewares/Third_Party/FreeRTOS/Source/tasks.c **** 	}
1004:Middlewares/Third_Party/FreeRTOS/Source/tasks.c **** 	#endif
1005:Middlewares/Third_Party/FreeRTOS/Source/tasks.c **** 
1006:Middlewares/Third_Party/FreeRTOS/Source/tasks.c **** 	#if( INCLUDE_xTaskAbortDelay == 1 )
1007:Middlewares/Third_Party/FreeRTOS/Source/tasks.c **** 	{
1008:Middlewares/Third_Party/FreeRTOS/Source/tasks.c **** 		pxNewTCB->ucDelayAborted = pdFALSE;
1009:Middlewares/Third_Party/FreeRTOS/Source/tasks.c **** 	}
1010:Middlewares/Third_Party/FreeRTOS/Source/tasks.c **** 	#endif
1011:Middlewares/Third_Party/FreeRTOS/Source/tasks.c **** 
1012:Middlewares/Third_Party/FreeRTOS/Source/tasks.c **** 	/* Initialize the TCB stack to look as if the task was already running,
1013:Middlewares/Third_Party/FreeRTOS/Source/tasks.c **** 	but had been interrupted by the scheduler.  The return address is set
1014:Middlewares/Third_Party/FreeRTOS/Source/tasks.c **** 	to the start of the task function. Once the stack has been initialised
1015:Middlewares/Third_Party/FreeRTOS/Source/tasks.c **** 	the top of stack variable is updated. */
1016:Middlewares/Third_Party/FreeRTOS/Source/tasks.c **** 	#if( portUSING_MPU_WRAPPERS == 1 )
1017:Middlewares/Third_Party/FreeRTOS/Source/tasks.c **** 	{
1018:Middlewares/Third_Party/FreeRTOS/Source/tasks.c **** 		/* If the port has capability to detect stack overflow,
1019:Middlewares/Third_Party/FreeRTOS/Source/tasks.c **** 		pass the stack end address to the stack initialization
1020:Middlewares/Third_Party/FreeRTOS/Source/tasks.c **** 		function as well. */
1021:Middlewares/Third_Party/FreeRTOS/Source/tasks.c **** 		#if( portHAS_STACK_OVERFLOW_CHECKING == 1 )
1022:Middlewares/Third_Party/FreeRTOS/Source/tasks.c **** 		{
1023:Middlewares/Third_Party/FreeRTOS/Source/tasks.c **** 			#if( portSTACK_GROWTH < 0 )
1024:Middlewares/Third_Party/FreeRTOS/Source/tasks.c **** 			{
1025:Middlewares/Third_Party/FreeRTOS/Source/tasks.c **** 				pxNewTCB->pxTopOfStack = pxPortInitialiseStack( pxTopOfStack, pxNewTCB->pxStack, pxTaskCode, pv
1026:Middlewares/Third_Party/FreeRTOS/Source/tasks.c **** 			}
1027:Middlewares/Third_Party/FreeRTOS/Source/tasks.c **** 			#else /* portSTACK_GROWTH */
1028:Middlewares/Third_Party/FreeRTOS/Source/tasks.c **** 			{
1029:Middlewares/Third_Party/FreeRTOS/Source/tasks.c **** 				pxNewTCB->pxTopOfStack = pxPortInitialiseStack( pxTopOfStack, pxNewTCB->pxEndOfStack, pxTaskCod
1030:Middlewares/Third_Party/FreeRTOS/Source/tasks.c **** 			}
1031:Middlewares/Third_Party/FreeRTOS/Source/tasks.c **** 			#endif /* portSTACK_GROWTH */
1032:Middlewares/Third_Party/FreeRTOS/Source/tasks.c **** 		}
1033:Middlewares/Third_Party/FreeRTOS/Source/tasks.c **** 		#else /* portHAS_STACK_OVERFLOW_CHECKING */
1034:Middlewares/Third_Party/FreeRTOS/Source/tasks.c **** 		{
1035:Middlewares/Third_Party/FreeRTOS/Source/tasks.c **** 			pxNewTCB->pxTopOfStack = pxPortInitialiseStack( pxTopOfStack, pxTaskCode, pvParameters, xRunPriv
1036:Middlewares/Third_Party/FreeRTOS/Source/tasks.c **** 		}
1037:Middlewares/Third_Party/FreeRTOS/Source/tasks.c **** 		#endif /* portHAS_STACK_OVERFLOW_CHECKING */
1038:Middlewares/Third_Party/FreeRTOS/Source/tasks.c **** 	}
1039:Middlewares/Third_Party/FreeRTOS/Source/tasks.c **** 	#else /* portUSING_MPU_WRAPPERS */
1040:Middlewares/Third_Party/FreeRTOS/Source/tasks.c **** 	{
1041:Middlewares/Third_Party/FreeRTOS/Source/tasks.c **** 		/* If the port has capability to detect stack overflow,
1042:Middlewares/Third_Party/FreeRTOS/Source/tasks.c **** 		pass the stack end address to the stack initialization
1043:Middlewares/Third_Party/FreeRTOS/Source/tasks.c **** 		function as well. */
1044:Middlewares/Third_Party/FreeRTOS/Source/tasks.c **** 		#if( portHAS_STACK_OVERFLOW_CHECKING == 1 )
1045:Middlewares/Third_Party/FreeRTOS/Source/tasks.c **** 		{
1046:Middlewares/Third_Party/FreeRTOS/Source/tasks.c **** 			#if( portSTACK_GROWTH < 0 )
1047:Middlewares/Third_Party/FreeRTOS/Source/tasks.c **** 			{
1048:Middlewares/Third_Party/FreeRTOS/Source/tasks.c **** 				pxNewTCB->pxTopOfStack = pxPortInitialiseStack( pxTopOfStack, pxNewTCB->pxStack, pxTaskCode, pv
1049:Middlewares/Third_Party/FreeRTOS/Source/tasks.c **** 			}
1050:Middlewares/Third_Party/FreeRTOS/Source/tasks.c **** 			#else /* portSTACK_GROWTH */
1051:Middlewares/Third_Party/FreeRTOS/Source/tasks.c **** 			{
1052:Middlewares/Third_Party/FreeRTOS/Source/tasks.c **** 				pxNewTCB->pxTopOfStack = pxPortInitialiseStack( pxTopOfStack, pxNewTCB->pxEndOfStack, pxTaskCod
1053:Middlewares/Third_Party/FreeRTOS/Source/tasks.c **** 			}
1054:Middlewares/Third_Party/FreeRTOS/Source/tasks.c **** 			#endif /* portSTACK_GROWTH */
1055:Middlewares/Third_Party/FreeRTOS/Source/tasks.c **** 		}
1056:Middlewares/Third_Party/FreeRTOS/Source/tasks.c **** 		#else /* portHAS_STACK_OVERFLOW_CHECKING */
ARM GAS  /tmp/cchsWuk7.s 			page 20


1057:Middlewares/Third_Party/FreeRTOS/Source/tasks.c **** 		{
1058:Middlewares/Third_Party/FreeRTOS/Source/tasks.c **** 			pxNewTCB->pxTopOfStack = pxPortInitialiseStack( pxTopOfStack, pxTaskCode, pvParameters );
1059:Middlewares/Third_Party/FreeRTOS/Source/tasks.c **** 		}
1060:Middlewares/Third_Party/FreeRTOS/Source/tasks.c **** 		#endif /* portHAS_STACK_OVERFLOW_CHECKING */
1061:Middlewares/Third_Party/FreeRTOS/Source/tasks.c **** 	}
1062:Middlewares/Third_Party/FreeRTOS/Source/tasks.c **** 	#endif /* portUSING_MPU_WRAPPERS */
1063:Middlewares/Third_Party/FreeRTOS/Source/tasks.c **** 
1064:Middlewares/Third_Party/FreeRTOS/Source/tasks.c **** 	if( pxCreatedTask != NULL )
1065:Middlewares/Third_Party/FreeRTOS/Source/tasks.c **** 	{
1066:Middlewares/Third_Party/FreeRTOS/Source/tasks.c **** 		/* Pass the handle out in an anonymous way.  The handle can be used to
1067:Middlewares/Third_Party/FreeRTOS/Source/tasks.c **** 		change the created task's priority, delete the created task, etc.*/
1068:Middlewares/Third_Party/FreeRTOS/Source/tasks.c **** 		*pxCreatedTask = ( TaskHandle_t ) pxNewTCB;
1069:Middlewares/Third_Party/FreeRTOS/Source/tasks.c **** 	}
1070:Middlewares/Third_Party/FreeRTOS/Source/tasks.c **** 	else
1071:Middlewares/Third_Party/FreeRTOS/Source/tasks.c **** 	{
1072:Middlewares/Third_Party/FreeRTOS/Source/tasks.c **** 		mtCOVERAGE_TEST_MARKER();
1073:Middlewares/Third_Party/FreeRTOS/Source/tasks.c **** 	}
1074:Middlewares/Third_Party/FreeRTOS/Source/tasks.c **** }
1075:Middlewares/Third_Party/FreeRTOS/Source/tasks.c **** /*-----------------------------------------------------------*/
1076:Middlewares/Third_Party/FreeRTOS/Source/tasks.c **** 
1077:Middlewares/Third_Party/FreeRTOS/Source/tasks.c **** static void prvAddNewTaskToReadyList( TCB_t *pxNewTCB )
1078:Middlewares/Third_Party/FreeRTOS/Source/tasks.c **** {
1079:Middlewares/Third_Party/FreeRTOS/Source/tasks.c **** 	/* Ensure interrupts don't access the task lists while the lists are being
1080:Middlewares/Third_Party/FreeRTOS/Source/tasks.c **** 	updated. */
1081:Middlewares/Third_Party/FreeRTOS/Source/tasks.c **** 	taskENTER_CRITICAL();
1082:Middlewares/Third_Party/FreeRTOS/Source/tasks.c **** 	{
1083:Middlewares/Third_Party/FreeRTOS/Source/tasks.c **** 		uxCurrentNumberOfTasks++;
1084:Middlewares/Third_Party/FreeRTOS/Source/tasks.c **** 		if( pxCurrentTCB == NULL )
1085:Middlewares/Third_Party/FreeRTOS/Source/tasks.c **** 		{
1086:Middlewares/Third_Party/FreeRTOS/Source/tasks.c **** 			/* There are no other tasks, or all the other tasks are in
1087:Middlewares/Third_Party/FreeRTOS/Source/tasks.c **** 			the suspended state - make this the current task. */
1088:Middlewares/Third_Party/FreeRTOS/Source/tasks.c **** 			pxCurrentTCB = pxNewTCB;
1089:Middlewares/Third_Party/FreeRTOS/Source/tasks.c **** 
1090:Middlewares/Third_Party/FreeRTOS/Source/tasks.c **** 			if( uxCurrentNumberOfTasks == ( UBaseType_t ) 1 )
1091:Middlewares/Third_Party/FreeRTOS/Source/tasks.c **** 			{
1092:Middlewares/Third_Party/FreeRTOS/Source/tasks.c **** 				/* This is the first task to be created so do the preliminary
1093:Middlewares/Third_Party/FreeRTOS/Source/tasks.c **** 				initialisation required.  We will not recover if this call
1094:Middlewares/Third_Party/FreeRTOS/Source/tasks.c **** 				fails, but we will report the failure. */
1095:Middlewares/Third_Party/FreeRTOS/Source/tasks.c **** 				prvInitialiseTaskLists();
1096:Middlewares/Third_Party/FreeRTOS/Source/tasks.c **** 			}
1097:Middlewares/Third_Party/FreeRTOS/Source/tasks.c **** 			else
1098:Middlewares/Third_Party/FreeRTOS/Source/tasks.c **** 			{
1099:Middlewares/Third_Party/FreeRTOS/Source/tasks.c **** 				mtCOVERAGE_TEST_MARKER();
1100:Middlewares/Third_Party/FreeRTOS/Source/tasks.c **** 			}
1101:Middlewares/Third_Party/FreeRTOS/Source/tasks.c **** 		}
1102:Middlewares/Third_Party/FreeRTOS/Source/tasks.c **** 		else
1103:Middlewares/Third_Party/FreeRTOS/Source/tasks.c **** 		{
1104:Middlewares/Third_Party/FreeRTOS/Source/tasks.c **** 			/* If the scheduler is not already running, make this task the
1105:Middlewares/Third_Party/FreeRTOS/Source/tasks.c **** 			current task if it is the highest priority task to be created
1106:Middlewares/Third_Party/FreeRTOS/Source/tasks.c **** 			so far. */
1107:Middlewares/Third_Party/FreeRTOS/Source/tasks.c **** 			if( xSchedulerRunning == pdFALSE )
1108:Middlewares/Third_Party/FreeRTOS/Source/tasks.c **** 			{
1109:Middlewares/Third_Party/FreeRTOS/Source/tasks.c **** 				if( pxCurrentTCB->uxPriority <= pxNewTCB->uxPriority )
1110:Middlewares/Third_Party/FreeRTOS/Source/tasks.c **** 				{
1111:Middlewares/Third_Party/FreeRTOS/Source/tasks.c **** 					pxCurrentTCB = pxNewTCB;
1112:Middlewares/Third_Party/FreeRTOS/Source/tasks.c **** 				}
1113:Middlewares/Third_Party/FreeRTOS/Source/tasks.c **** 				else
ARM GAS  /tmp/cchsWuk7.s 			page 21


1114:Middlewares/Third_Party/FreeRTOS/Source/tasks.c **** 				{
1115:Middlewares/Third_Party/FreeRTOS/Source/tasks.c **** 					mtCOVERAGE_TEST_MARKER();
1116:Middlewares/Third_Party/FreeRTOS/Source/tasks.c **** 				}
1117:Middlewares/Third_Party/FreeRTOS/Source/tasks.c **** 			}
1118:Middlewares/Third_Party/FreeRTOS/Source/tasks.c **** 			else
1119:Middlewares/Third_Party/FreeRTOS/Source/tasks.c **** 			{
1120:Middlewares/Third_Party/FreeRTOS/Source/tasks.c **** 				mtCOVERAGE_TEST_MARKER();
1121:Middlewares/Third_Party/FreeRTOS/Source/tasks.c **** 			}
1122:Middlewares/Third_Party/FreeRTOS/Source/tasks.c **** 		}
1123:Middlewares/Third_Party/FreeRTOS/Source/tasks.c **** 
1124:Middlewares/Third_Party/FreeRTOS/Source/tasks.c **** 		uxTaskNumber++;
1125:Middlewares/Third_Party/FreeRTOS/Source/tasks.c **** 
1126:Middlewares/Third_Party/FreeRTOS/Source/tasks.c **** 		#if ( configUSE_TRACE_FACILITY == 1 )
1127:Middlewares/Third_Party/FreeRTOS/Source/tasks.c **** 		{
1128:Middlewares/Third_Party/FreeRTOS/Source/tasks.c **** 			/* Add a counter into the TCB for tracing only. */
1129:Middlewares/Third_Party/FreeRTOS/Source/tasks.c **** 			pxNewTCB->uxTCBNumber = uxTaskNumber;
1130:Middlewares/Third_Party/FreeRTOS/Source/tasks.c **** 		}
1131:Middlewares/Third_Party/FreeRTOS/Source/tasks.c **** 		#endif /* configUSE_TRACE_FACILITY */
1132:Middlewares/Third_Party/FreeRTOS/Source/tasks.c **** 		traceTASK_CREATE( pxNewTCB );
1133:Middlewares/Third_Party/FreeRTOS/Source/tasks.c **** 
1134:Middlewares/Third_Party/FreeRTOS/Source/tasks.c **** 		prvAddTaskToReadyList( pxNewTCB );
1135:Middlewares/Third_Party/FreeRTOS/Source/tasks.c **** 
1136:Middlewares/Third_Party/FreeRTOS/Source/tasks.c **** 		portSETUP_TCB( pxNewTCB );
1137:Middlewares/Third_Party/FreeRTOS/Source/tasks.c **** 	}
1138:Middlewares/Third_Party/FreeRTOS/Source/tasks.c **** 	taskEXIT_CRITICAL();
1139:Middlewares/Third_Party/FreeRTOS/Source/tasks.c **** 
1140:Middlewares/Third_Party/FreeRTOS/Source/tasks.c **** 	if( xSchedulerRunning != pdFALSE )
1141:Middlewares/Third_Party/FreeRTOS/Source/tasks.c **** 	{
1142:Middlewares/Third_Party/FreeRTOS/Source/tasks.c **** 		/* If the created task is of a higher priority than the current task
1143:Middlewares/Third_Party/FreeRTOS/Source/tasks.c **** 		then it should run now. */
1144:Middlewares/Third_Party/FreeRTOS/Source/tasks.c **** 		if( pxCurrentTCB->uxPriority < pxNewTCB->uxPriority )
1145:Middlewares/Third_Party/FreeRTOS/Source/tasks.c **** 		{
1146:Middlewares/Third_Party/FreeRTOS/Source/tasks.c **** 			taskYIELD_IF_USING_PREEMPTION();
1147:Middlewares/Third_Party/FreeRTOS/Source/tasks.c **** 		}
1148:Middlewares/Third_Party/FreeRTOS/Source/tasks.c **** 		else
1149:Middlewares/Third_Party/FreeRTOS/Source/tasks.c **** 		{
1150:Middlewares/Third_Party/FreeRTOS/Source/tasks.c **** 			mtCOVERAGE_TEST_MARKER();
1151:Middlewares/Third_Party/FreeRTOS/Source/tasks.c **** 		}
1152:Middlewares/Third_Party/FreeRTOS/Source/tasks.c **** 	}
1153:Middlewares/Third_Party/FreeRTOS/Source/tasks.c **** 	else
1154:Middlewares/Third_Party/FreeRTOS/Source/tasks.c **** 	{
1155:Middlewares/Third_Party/FreeRTOS/Source/tasks.c **** 		mtCOVERAGE_TEST_MARKER();
1156:Middlewares/Third_Party/FreeRTOS/Source/tasks.c **** 	}
1157:Middlewares/Third_Party/FreeRTOS/Source/tasks.c **** }
1158:Middlewares/Third_Party/FreeRTOS/Source/tasks.c **** /*-----------------------------------------------------------*/
1159:Middlewares/Third_Party/FreeRTOS/Source/tasks.c **** 
1160:Middlewares/Third_Party/FreeRTOS/Source/tasks.c **** #if ( INCLUDE_vTaskDelete == 1 )
1161:Middlewares/Third_Party/FreeRTOS/Source/tasks.c **** 
1162:Middlewares/Third_Party/FreeRTOS/Source/tasks.c **** 	void vTaskDelete( TaskHandle_t xTaskToDelete )
1163:Middlewares/Third_Party/FreeRTOS/Source/tasks.c **** 	{
1164:Middlewares/Third_Party/FreeRTOS/Source/tasks.c **** 	TCB_t *pxTCB;
1165:Middlewares/Third_Party/FreeRTOS/Source/tasks.c **** 
1166:Middlewares/Third_Party/FreeRTOS/Source/tasks.c **** 		taskENTER_CRITICAL();
1167:Middlewares/Third_Party/FreeRTOS/Source/tasks.c **** 		{
1168:Middlewares/Third_Party/FreeRTOS/Source/tasks.c **** 			/* If null is passed in here then it is the calling task that is
1169:Middlewares/Third_Party/FreeRTOS/Source/tasks.c **** 			being deleted. */
1170:Middlewares/Third_Party/FreeRTOS/Source/tasks.c **** 			pxTCB = prvGetTCBFromHandle( xTaskToDelete );
ARM GAS  /tmp/cchsWuk7.s 			page 22


1171:Middlewares/Third_Party/FreeRTOS/Source/tasks.c **** 
1172:Middlewares/Third_Party/FreeRTOS/Source/tasks.c **** 			/* Remove task from the ready/delayed list. */
1173:Middlewares/Third_Party/FreeRTOS/Source/tasks.c **** 			if( uxListRemove( &( pxTCB->xStateListItem ) ) == ( UBaseType_t ) 0 )
1174:Middlewares/Third_Party/FreeRTOS/Source/tasks.c **** 			{
1175:Middlewares/Third_Party/FreeRTOS/Source/tasks.c **** 				taskRESET_READY_PRIORITY( pxTCB->uxPriority );
1176:Middlewares/Third_Party/FreeRTOS/Source/tasks.c **** 			}
1177:Middlewares/Third_Party/FreeRTOS/Source/tasks.c **** 			else
1178:Middlewares/Third_Party/FreeRTOS/Source/tasks.c **** 			{
1179:Middlewares/Third_Party/FreeRTOS/Source/tasks.c **** 				mtCOVERAGE_TEST_MARKER();
1180:Middlewares/Third_Party/FreeRTOS/Source/tasks.c **** 			}
1181:Middlewares/Third_Party/FreeRTOS/Source/tasks.c **** 
1182:Middlewares/Third_Party/FreeRTOS/Source/tasks.c **** 			/* Is the task waiting on an event also? */
1183:Middlewares/Third_Party/FreeRTOS/Source/tasks.c **** 			if( listLIST_ITEM_CONTAINER( &( pxTCB->xEventListItem ) ) != NULL )
1184:Middlewares/Third_Party/FreeRTOS/Source/tasks.c **** 			{
1185:Middlewares/Third_Party/FreeRTOS/Source/tasks.c **** 				( void ) uxListRemove( &( pxTCB->xEventListItem ) );
1186:Middlewares/Third_Party/FreeRTOS/Source/tasks.c **** 			}
1187:Middlewares/Third_Party/FreeRTOS/Source/tasks.c **** 			else
1188:Middlewares/Third_Party/FreeRTOS/Source/tasks.c **** 			{
1189:Middlewares/Third_Party/FreeRTOS/Source/tasks.c **** 				mtCOVERAGE_TEST_MARKER();
1190:Middlewares/Third_Party/FreeRTOS/Source/tasks.c **** 			}
1191:Middlewares/Third_Party/FreeRTOS/Source/tasks.c **** 
1192:Middlewares/Third_Party/FreeRTOS/Source/tasks.c **** 			/* Increment the uxTaskNumber also so kernel aware debuggers can
1193:Middlewares/Third_Party/FreeRTOS/Source/tasks.c **** 			detect that the task lists need re-generating.  This is done before
1194:Middlewares/Third_Party/FreeRTOS/Source/tasks.c **** 			portPRE_TASK_DELETE_HOOK() as in the Windows port that macro will
1195:Middlewares/Third_Party/FreeRTOS/Source/tasks.c **** 			not return. */
1196:Middlewares/Third_Party/FreeRTOS/Source/tasks.c **** 			uxTaskNumber++;
1197:Middlewares/Third_Party/FreeRTOS/Source/tasks.c **** 
1198:Middlewares/Third_Party/FreeRTOS/Source/tasks.c **** 			if( pxTCB == pxCurrentTCB )
1199:Middlewares/Third_Party/FreeRTOS/Source/tasks.c **** 			{
1200:Middlewares/Third_Party/FreeRTOS/Source/tasks.c **** 				/* A task is deleting itself.  This cannot complete within the
1201:Middlewares/Third_Party/FreeRTOS/Source/tasks.c **** 				task itself, as a context switch to another task is required.
1202:Middlewares/Third_Party/FreeRTOS/Source/tasks.c **** 				Place the task in the termination list.  The idle task will
1203:Middlewares/Third_Party/FreeRTOS/Source/tasks.c **** 				check the termination list and free up any memory allocated by
1204:Middlewares/Third_Party/FreeRTOS/Source/tasks.c **** 				the scheduler for the TCB and stack of the deleted task. */
1205:Middlewares/Third_Party/FreeRTOS/Source/tasks.c **** 				vListInsertEnd( &xTasksWaitingTermination, &( pxTCB->xStateListItem ) );
1206:Middlewares/Third_Party/FreeRTOS/Source/tasks.c **** 
1207:Middlewares/Third_Party/FreeRTOS/Source/tasks.c **** 				/* Increment the ucTasksDeleted variable so the idle task knows
1208:Middlewares/Third_Party/FreeRTOS/Source/tasks.c **** 				there is a task that has been deleted and that it should therefore
1209:Middlewares/Third_Party/FreeRTOS/Source/tasks.c **** 				check the xTasksWaitingTermination list. */
1210:Middlewares/Third_Party/FreeRTOS/Source/tasks.c **** 				++uxDeletedTasksWaitingCleanUp;
1211:Middlewares/Third_Party/FreeRTOS/Source/tasks.c **** 
1212:Middlewares/Third_Party/FreeRTOS/Source/tasks.c **** 				/* Call the delete hook before portPRE_TASK_DELETE_HOOK() as
1213:Middlewares/Third_Party/FreeRTOS/Source/tasks.c **** 				portPRE_TASK_DELETE_HOOK() does not return in the Win32 port. */
1214:Middlewares/Third_Party/FreeRTOS/Source/tasks.c **** 				traceTASK_DELETE( pxTCB );
1215:Middlewares/Third_Party/FreeRTOS/Source/tasks.c **** 
1216:Middlewares/Third_Party/FreeRTOS/Source/tasks.c **** 				/* The pre-delete hook is primarily for the Windows simulator,
1217:Middlewares/Third_Party/FreeRTOS/Source/tasks.c **** 				in which Windows specific clean up operations are performed,
1218:Middlewares/Third_Party/FreeRTOS/Source/tasks.c **** 				after which it is not possible to yield away from this task -
1219:Middlewares/Third_Party/FreeRTOS/Source/tasks.c **** 				hence xYieldPending is used to latch that a context switch is
1220:Middlewares/Third_Party/FreeRTOS/Source/tasks.c **** 				required. */
1221:Middlewares/Third_Party/FreeRTOS/Source/tasks.c **** 				portPRE_TASK_DELETE_HOOK( pxTCB, &xYieldPending );
1222:Middlewares/Third_Party/FreeRTOS/Source/tasks.c **** 			}
1223:Middlewares/Third_Party/FreeRTOS/Source/tasks.c **** 			else
1224:Middlewares/Third_Party/FreeRTOS/Source/tasks.c **** 			{
1225:Middlewares/Third_Party/FreeRTOS/Source/tasks.c **** 				--uxCurrentNumberOfTasks;
1226:Middlewares/Third_Party/FreeRTOS/Source/tasks.c **** 				traceTASK_DELETE( pxTCB );
1227:Middlewares/Third_Party/FreeRTOS/Source/tasks.c **** 				prvDeleteTCB( pxTCB );
ARM GAS  /tmp/cchsWuk7.s 			page 23


1228:Middlewares/Third_Party/FreeRTOS/Source/tasks.c **** 
1229:Middlewares/Third_Party/FreeRTOS/Source/tasks.c **** 				/* Reset the next expected unblock time in case it referred to
1230:Middlewares/Third_Party/FreeRTOS/Source/tasks.c **** 				the task that has just been deleted. */
1231:Middlewares/Third_Party/FreeRTOS/Source/tasks.c **** 				prvResetNextTaskUnblockTime();
1232:Middlewares/Third_Party/FreeRTOS/Source/tasks.c **** 			}
1233:Middlewares/Third_Party/FreeRTOS/Source/tasks.c **** 		}
1234:Middlewares/Third_Party/FreeRTOS/Source/tasks.c **** 		taskEXIT_CRITICAL();
1235:Middlewares/Third_Party/FreeRTOS/Source/tasks.c **** 
1236:Middlewares/Third_Party/FreeRTOS/Source/tasks.c **** 		/* Force a reschedule if it is the currently running task that has just
1237:Middlewares/Third_Party/FreeRTOS/Source/tasks.c **** 		been deleted. */
1238:Middlewares/Third_Party/FreeRTOS/Source/tasks.c **** 		if( xSchedulerRunning != pdFALSE )
1239:Middlewares/Third_Party/FreeRTOS/Source/tasks.c **** 		{
1240:Middlewares/Third_Party/FreeRTOS/Source/tasks.c **** 			if( pxTCB == pxCurrentTCB )
1241:Middlewares/Third_Party/FreeRTOS/Source/tasks.c **** 			{
1242:Middlewares/Third_Party/FreeRTOS/Source/tasks.c **** 				configASSERT( uxSchedulerSuspended == 0 );
1243:Middlewares/Third_Party/FreeRTOS/Source/tasks.c **** 				portYIELD_WITHIN_API();
1244:Middlewares/Third_Party/FreeRTOS/Source/tasks.c **** 			}
1245:Middlewares/Third_Party/FreeRTOS/Source/tasks.c **** 			else
1246:Middlewares/Third_Party/FreeRTOS/Source/tasks.c **** 			{
1247:Middlewares/Third_Party/FreeRTOS/Source/tasks.c **** 				mtCOVERAGE_TEST_MARKER();
1248:Middlewares/Third_Party/FreeRTOS/Source/tasks.c **** 			}
1249:Middlewares/Third_Party/FreeRTOS/Source/tasks.c **** 		}
1250:Middlewares/Third_Party/FreeRTOS/Source/tasks.c **** 	}
1251:Middlewares/Third_Party/FreeRTOS/Source/tasks.c **** 
1252:Middlewares/Third_Party/FreeRTOS/Source/tasks.c **** #endif /* INCLUDE_vTaskDelete */
1253:Middlewares/Third_Party/FreeRTOS/Source/tasks.c **** /*-----------------------------------------------------------*/
1254:Middlewares/Third_Party/FreeRTOS/Source/tasks.c **** 
1255:Middlewares/Third_Party/FreeRTOS/Source/tasks.c **** #if ( INCLUDE_vTaskDelayUntil == 1 )
1256:Middlewares/Third_Party/FreeRTOS/Source/tasks.c **** 
1257:Middlewares/Third_Party/FreeRTOS/Source/tasks.c **** 	void vTaskDelayUntil( TickType_t * const pxPreviousWakeTime, const TickType_t xTimeIncrement )
1258:Middlewares/Third_Party/FreeRTOS/Source/tasks.c **** 	{
1259:Middlewares/Third_Party/FreeRTOS/Source/tasks.c **** 	TickType_t xTimeToWake;
1260:Middlewares/Third_Party/FreeRTOS/Source/tasks.c **** 	BaseType_t xAlreadyYielded, xShouldDelay = pdFALSE;
1261:Middlewares/Third_Party/FreeRTOS/Source/tasks.c **** 
1262:Middlewares/Third_Party/FreeRTOS/Source/tasks.c **** 		configASSERT( pxPreviousWakeTime );
1263:Middlewares/Third_Party/FreeRTOS/Source/tasks.c **** 		configASSERT( ( xTimeIncrement > 0U ) );
1264:Middlewares/Third_Party/FreeRTOS/Source/tasks.c **** 		configASSERT( uxSchedulerSuspended == 0 );
1265:Middlewares/Third_Party/FreeRTOS/Source/tasks.c **** 
1266:Middlewares/Third_Party/FreeRTOS/Source/tasks.c **** 		vTaskSuspendAll();
1267:Middlewares/Third_Party/FreeRTOS/Source/tasks.c **** 		{
1268:Middlewares/Third_Party/FreeRTOS/Source/tasks.c **** 			/* Minor optimisation.  The tick count cannot change in this
1269:Middlewares/Third_Party/FreeRTOS/Source/tasks.c **** 			block. */
1270:Middlewares/Third_Party/FreeRTOS/Source/tasks.c **** 			const TickType_t xConstTickCount = xTickCount;
1271:Middlewares/Third_Party/FreeRTOS/Source/tasks.c **** 
1272:Middlewares/Third_Party/FreeRTOS/Source/tasks.c **** 			/* Generate the tick time at which the task wants to wake. */
1273:Middlewares/Third_Party/FreeRTOS/Source/tasks.c **** 			xTimeToWake = *pxPreviousWakeTime + xTimeIncrement;
1274:Middlewares/Third_Party/FreeRTOS/Source/tasks.c **** 
1275:Middlewares/Third_Party/FreeRTOS/Source/tasks.c **** 			if( xConstTickCount < *pxPreviousWakeTime )
1276:Middlewares/Third_Party/FreeRTOS/Source/tasks.c **** 			{
1277:Middlewares/Third_Party/FreeRTOS/Source/tasks.c **** 				/* The tick count has overflowed since this function was
1278:Middlewares/Third_Party/FreeRTOS/Source/tasks.c **** 				lasted called.  In this case the only time we should ever
1279:Middlewares/Third_Party/FreeRTOS/Source/tasks.c **** 				actually delay is if the wake time has also	overflowed,
1280:Middlewares/Third_Party/FreeRTOS/Source/tasks.c **** 				and the wake time is greater than the tick time.  When this
1281:Middlewares/Third_Party/FreeRTOS/Source/tasks.c **** 				is the case it is as if neither time had overflowed. */
1282:Middlewares/Third_Party/FreeRTOS/Source/tasks.c **** 				if( ( xTimeToWake < *pxPreviousWakeTime ) && ( xTimeToWake > xConstTickCount ) )
1283:Middlewares/Third_Party/FreeRTOS/Source/tasks.c **** 				{
1284:Middlewares/Third_Party/FreeRTOS/Source/tasks.c **** 					xShouldDelay = pdTRUE;
ARM GAS  /tmp/cchsWuk7.s 			page 24


1285:Middlewares/Third_Party/FreeRTOS/Source/tasks.c **** 				}
1286:Middlewares/Third_Party/FreeRTOS/Source/tasks.c **** 				else
1287:Middlewares/Third_Party/FreeRTOS/Source/tasks.c **** 				{
1288:Middlewares/Third_Party/FreeRTOS/Source/tasks.c **** 					mtCOVERAGE_TEST_MARKER();
1289:Middlewares/Third_Party/FreeRTOS/Source/tasks.c **** 				}
1290:Middlewares/Third_Party/FreeRTOS/Source/tasks.c **** 			}
1291:Middlewares/Third_Party/FreeRTOS/Source/tasks.c **** 			else
1292:Middlewares/Third_Party/FreeRTOS/Source/tasks.c **** 			{
1293:Middlewares/Third_Party/FreeRTOS/Source/tasks.c **** 				/* The tick time has not overflowed.  In this case we will
1294:Middlewares/Third_Party/FreeRTOS/Source/tasks.c **** 				delay if either the wake time has overflowed, and/or the
1295:Middlewares/Third_Party/FreeRTOS/Source/tasks.c **** 				tick time is less than the wake time. */
1296:Middlewares/Third_Party/FreeRTOS/Source/tasks.c **** 				if( ( xTimeToWake < *pxPreviousWakeTime ) || ( xTimeToWake > xConstTickCount ) )
1297:Middlewares/Third_Party/FreeRTOS/Source/tasks.c **** 				{
1298:Middlewares/Third_Party/FreeRTOS/Source/tasks.c **** 					xShouldDelay = pdTRUE;
1299:Middlewares/Third_Party/FreeRTOS/Source/tasks.c **** 				}
1300:Middlewares/Third_Party/FreeRTOS/Source/tasks.c **** 				else
1301:Middlewares/Third_Party/FreeRTOS/Source/tasks.c **** 				{
1302:Middlewares/Third_Party/FreeRTOS/Source/tasks.c **** 					mtCOVERAGE_TEST_MARKER();
1303:Middlewares/Third_Party/FreeRTOS/Source/tasks.c **** 				}
1304:Middlewares/Third_Party/FreeRTOS/Source/tasks.c **** 			}
1305:Middlewares/Third_Party/FreeRTOS/Source/tasks.c **** 
1306:Middlewares/Third_Party/FreeRTOS/Source/tasks.c **** 			/* Update the wake time ready for the next call. */
1307:Middlewares/Third_Party/FreeRTOS/Source/tasks.c **** 			*pxPreviousWakeTime = xTimeToWake;
1308:Middlewares/Third_Party/FreeRTOS/Source/tasks.c **** 
1309:Middlewares/Third_Party/FreeRTOS/Source/tasks.c **** 			if( xShouldDelay != pdFALSE )
1310:Middlewares/Third_Party/FreeRTOS/Source/tasks.c **** 			{
1311:Middlewares/Third_Party/FreeRTOS/Source/tasks.c **** 				traceTASK_DELAY_UNTIL( xTimeToWake );
1312:Middlewares/Third_Party/FreeRTOS/Source/tasks.c **** 
1313:Middlewares/Third_Party/FreeRTOS/Source/tasks.c **** 				/* prvAddCurrentTaskToDelayedList() needs the block time, not
1314:Middlewares/Third_Party/FreeRTOS/Source/tasks.c **** 				the time to wake, so subtract the current tick count. */
1315:Middlewares/Third_Party/FreeRTOS/Source/tasks.c **** 				prvAddCurrentTaskToDelayedList( xTimeToWake - xConstTickCount, pdFALSE );
1316:Middlewares/Third_Party/FreeRTOS/Source/tasks.c **** 			}
1317:Middlewares/Third_Party/FreeRTOS/Source/tasks.c **** 			else
1318:Middlewares/Third_Party/FreeRTOS/Source/tasks.c **** 			{
1319:Middlewares/Third_Party/FreeRTOS/Source/tasks.c **** 				mtCOVERAGE_TEST_MARKER();
1320:Middlewares/Third_Party/FreeRTOS/Source/tasks.c **** 			}
1321:Middlewares/Third_Party/FreeRTOS/Source/tasks.c **** 		}
1322:Middlewares/Third_Party/FreeRTOS/Source/tasks.c **** 		xAlreadyYielded = xTaskResumeAll();
1323:Middlewares/Third_Party/FreeRTOS/Source/tasks.c **** 
1324:Middlewares/Third_Party/FreeRTOS/Source/tasks.c **** 		/* Force a reschedule if xTaskResumeAll has not already done so, we may
1325:Middlewares/Third_Party/FreeRTOS/Source/tasks.c **** 		have put ourselves to sleep. */
1326:Middlewares/Third_Party/FreeRTOS/Source/tasks.c **** 		if( xAlreadyYielded == pdFALSE )
1327:Middlewares/Third_Party/FreeRTOS/Source/tasks.c **** 		{
1328:Middlewares/Third_Party/FreeRTOS/Source/tasks.c **** 			portYIELD_WITHIN_API();
1329:Middlewares/Third_Party/FreeRTOS/Source/tasks.c **** 		}
1330:Middlewares/Third_Party/FreeRTOS/Source/tasks.c **** 		else
1331:Middlewares/Third_Party/FreeRTOS/Source/tasks.c **** 		{
1332:Middlewares/Third_Party/FreeRTOS/Source/tasks.c **** 			mtCOVERAGE_TEST_MARKER();
1333:Middlewares/Third_Party/FreeRTOS/Source/tasks.c **** 		}
1334:Middlewares/Third_Party/FreeRTOS/Source/tasks.c **** 	}
1335:Middlewares/Third_Party/FreeRTOS/Source/tasks.c **** 
1336:Middlewares/Third_Party/FreeRTOS/Source/tasks.c **** #endif /* INCLUDE_vTaskDelayUntil */
1337:Middlewares/Third_Party/FreeRTOS/Source/tasks.c **** /*-----------------------------------------------------------*/
1338:Middlewares/Third_Party/FreeRTOS/Source/tasks.c **** 
1339:Middlewares/Third_Party/FreeRTOS/Source/tasks.c **** #if ( INCLUDE_vTaskDelay == 1 )
1340:Middlewares/Third_Party/FreeRTOS/Source/tasks.c **** 
1341:Middlewares/Third_Party/FreeRTOS/Source/tasks.c **** 	void vTaskDelay( const TickType_t xTicksToDelay )
ARM GAS  /tmp/cchsWuk7.s 			page 25


1342:Middlewares/Third_Party/FreeRTOS/Source/tasks.c **** 	{
1343:Middlewares/Third_Party/FreeRTOS/Source/tasks.c **** 	BaseType_t xAlreadyYielded = pdFALSE;
1344:Middlewares/Third_Party/FreeRTOS/Source/tasks.c **** 
1345:Middlewares/Third_Party/FreeRTOS/Source/tasks.c **** 		/* A delay time of zero just forces a reschedule. */
1346:Middlewares/Third_Party/FreeRTOS/Source/tasks.c **** 		if( xTicksToDelay > ( TickType_t ) 0U )
1347:Middlewares/Third_Party/FreeRTOS/Source/tasks.c **** 		{
1348:Middlewares/Third_Party/FreeRTOS/Source/tasks.c **** 			configASSERT( uxSchedulerSuspended == 0 );
1349:Middlewares/Third_Party/FreeRTOS/Source/tasks.c **** 			vTaskSuspendAll();
1350:Middlewares/Third_Party/FreeRTOS/Source/tasks.c **** 			{
1351:Middlewares/Third_Party/FreeRTOS/Source/tasks.c **** 				traceTASK_DELAY();
1352:Middlewares/Third_Party/FreeRTOS/Source/tasks.c **** 
1353:Middlewares/Third_Party/FreeRTOS/Source/tasks.c **** 				/* A task that is removed from the event list while the
1354:Middlewares/Third_Party/FreeRTOS/Source/tasks.c **** 				scheduler is suspended will not get placed in the ready
1355:Middlewares/Third_Party/FreeRTOS/Source/tasks.c **** 				list or removed from the blocked list until the scheduler
1356:Middlewares/Third_Party/FreeRTOS/Source/tasks.c **** 				is resumed.
1357:Middlewares/Third_Party/FreeRTOS/Source/tasks.c **** 
1358:Middlewares/Third_Party/FreeRTOS/Source/tasks.c **** 				This task cannot be in an event list as it is the currently
1359:Middlewares/Third_Party/FreeRTOS/Source/tasks.c **** 				executing task. */
1360:Middlewares/Third_Party/FreeRTOS/Source/tasks.c **** 				prvAddCurrentTaskToDelayedList( xTicksToDelay, pdFALSE );
1361:Middlewares/Third_Party/FreeRTOS/Source/tasks.c **** 			}
1362:Middlewares/Third_Party/FreeRTOS/Source/tasks.c **** 			xAlreadyYielded = xTaskResumeAll();
1363:Middlewares/Third_Party/FreeRTOS/Source/tasks.c **** 		}
1364:Middlewares/Third_Party/FreeRTOS/Source/tasks.c **** 		else
1365:Middlewares/Third_Party/FreeRTOS/Source/tasks.c **** 		{
1366:Middlewares/Third_Party/FreeRTOS/Source/tasks.c **** 			mtCOVERAGE_TEST_MARKER();
1367:Middlewares/Third_Party/FreeRTOS/Source/tasks.c **** 		}
1368:Middlewares/Third_Party/FreeRTOS/Source/tasks.c **** 
1369:Middlewares/Third_Party/FreeRTOS/Source/tasks.c **** 		/* Force a reschedule if xTaskResumeAll has not already done so, we may
1370:Middlewares/Third_Party/FreeRTOS/Source/tasks.c **** 		have put ourselves to sleep. */
1371:Middlewares/Third_Party/FreeRTOS/Source/tasks.c **** 		if( xAlreadyYielded == pdFALSE )
1372:Middlewares/Third_Party/FreeRTOS/Source/tasks.c **** 		{
1373:Middlewares/Third_Party/FreeRTOS/Source/tasks.c **** 			portYIELD_WITHIN_API();
1374:Middlewares/Third_Party/FreeRTOS/Source/tasks.c **** 		}
1375:Middlewares/Third_Party/FreeRTOS/Source/tasks.c **** 		else
1376:Middlewares/Third_Party/FreeRTOS/Source/tasks.c **** 		{
1377:Middlewares/Third_Party/FreeRTOS/Source/tasks.c **** 			mtCOVERAGE_TEST_MARKER();
1378:Middlewares/Third_Party/FreeRTOS/Source/tasks.c **** 		}
1379:Middlewares/Third_Party/FreeRTOS/Source/tasks.c **** 	}
1380:Middlewares/Third_Party/FreeRTOS/Source/tasks.c **** 
1381:Middlewares/Third_Party/FreeRTOS/Source/tasks.c **** #endif /* INCLUDE_vTaskDelay */
1382:Middlewares/Third_Party/FreeRTOS/Source/tasks.c **** /*-----------------------------------------------------------*/
1383:Middlewares/Third_Party/FreeRTOS/Source/tasks.c **** 
1384:Middlewares/Third_Party/FreeRTOS/Source/tasks.c **** #if( ( INCLUDE_eTaskGetState == 1 ) || ( configUSE_TRACE_FACILITY == 1 ) || ( INCLUDE_xTaskAbortDel
1385:Middlewares/Third_Party/FreeRTOS/Source/tasks.c **** 
1386:Middlewares/Third_Party/FreeRTOS/Source/tasks.c **** 	eTaskState eTaskGetState( TaskHandle_t xTask )
1387:Middlewares/Third_Party/FreeRTOS/Source/tasks.c **** 	{
1388:Middlewares/Third_Party/FreeRTOS/Source/tasks.c **** 	eTaskState eReturn;
1389:Middlewares/Third_Party/FreeRTOS/Source/tasks.c **** 	List_t const * pxStateList, *pxDelayedList, *pxOverflowedDelayedList;
1390:Middlewares/Third_Party/FreeRTOS/Source/tasks.c **** 	const TCB_t * const pxTCB = xTask;
1391:Middlewares/Third_Party/FreeRTOS/Source/tasks.c **** 
1392:Middlewares/Third_Party/FreeRTOS/Source/tasks.c **** 		configASSERT( pxTCB );
1393:Middlewares/Third_Party/FreeRTOS/Source/tasks.c **** 
1394:Middlewares/Third_Party/FreeRTOS/Source/tasks.c **** 		if( pxTCB == pxCurrentTCB )
1395:Middlewares/Third_Party/FreeRTOS/Source/tasks.c **** 		{
1396:Middlewares/Third_Party/FreeRTOS/Source/tasks.c **** 			/* The task calling this function is querying its own state. */
1397:Middlewares/Third_Party/FreeRTOS/Source/tasks.c **** 			eReturn = eRunning;
1398:Middlewares/Third_Party/FreeRTOS/Source/tasks.c **** 		}
ARM GAS  /tmp/cchsWuk7.s 			page 26


1399:Middlewares/Third_Party/FreeRTOS/Source/tasks.c **** 		else
1400:Middlewares/Third_Party/FreeRTOS/Source/tasks.c **** 		{
1401:Middlewares/Third_Party/FreeRTOS/Source/tasks.c **** 			taskENTER_CRITICAL();
1402:Middlewares/Third_Party/FreeRTOS/Source/tasks.c **** 			{
1403:Middlewares/Third_Party/FreeRTOS/Source/tasks.c **** 				pxStateList = listLIST_ITEM_CONTAINER( &( pxTCB->xStateListItem ) );
1404:Middlewares/Third_Party/FreeRTOS/Source/tasks.c **** 				pxDelayedList = pxDelayedTaskList;
1405:Middlewares/Third_Party/FreeRTOS/Source/tasks.c **** 				pxOverflowedDelayedList = pxOverflowDelayedTaskList;
1406:Middlewares/Third_Party/FreeRTOS/Source/tasks.c **** 			}
1407:Middlewares/Third_Party/FreeRTOS/Source/tasks.c **** 			taskEXIT_CRITICAL();
1408:Middlewares/Third_Party/FreeRTOS/Source/tasks.c **** 
1409:Middlewares/Third_Party/FreeRTOS/Source/tasks.c **** 			if( ( pxStateList == pxDelayedList ) || ( pxStateList == pxOverflowedDelayedList ) )
1410:Middlewares/Third_Party/FreeRTOS/Source/tasks.c **** 			{
1411:Middlewares/Third_Party/FreeRTOS/Source/tasks.c **** 				/* The task being queried is referenced from one of the Blocked
1412:Middlewares/Third_Party/FreeRTOS/Source/tasks.c **** 				lists. */
1413:Middlewares/Third_Party/FreeRTOS/Source/tasks.c **** 				eReturn = eBlocked;
1414:Middlewares/Third_Party/FreeRTOS/Source/tasks.c **** 			}
1415:Middlewares/Third_Party/FreeRTOS/Source/tasks.c **** 
1416:Middlewares/Third_Party/FreeRTOS/Source/tasks.c **** 			#if ( INCLUDE_vTaskSuspend == 1 )
1417:Middlewares/Third_Party/FreeRTOS/Source/tasks.c **** 				else if( pxStateList == &xSuspendedTaskList )
1418:Middlewares/Third_Party/FreeRTOS/Source/tasks.c **** 				{
1419:Middlewares/Third_Party/FreeRTOS/Source/tasks.c **** 					/* The task being queried is referenced from the suspended
1420:Middlewares/Third_Party/FreeRTOS/Source/tasks.c **** 					list.  Is it genuinely suspended or is it blocked
1421:Middlewares/Third_Party/FreeRTOS/Source/tasks.c **** 					indefinitely? */
1422:Middlewares/Third_Party/FreeRTOS/Source/tasks.c **** 					if( listLIST_ITEM_CONTAINER( &( pxTCB->xEventListItem ) ) == NULL )
1423:Middlewares/Third_Party/FreeRTOS/Source/tasks.c **** 					{
1424:Middlewares/Third_Party/FreeRTOS/Source/tasks.c **** 						#if( configUSE_TASK_NOTIFICATIONS == 1 )
1425:Middlewares/Third_Party/FreeRTOS/Source/tasks.c **** 						{
1426:Middlewares/Third_Party/FreeRTOS/Source/tasks.c **** 							/* The task does not appear on the event list item of
1427:Middlewares/Third_Party/FreeRTOS/Source/tasks.c **** 							and of the RTOS objects, but could still be in the
1428:Middlewares/Third_Party/FreeRTOS/Source/tasks.c **** 							blocked state if it is waiting on its notification
1429:Middlewares/Third_Party/FreeRTOS/Source/tasks.c **** 							rather than waiting on an object. */
1430:Middlewares/Third_Party/FreeRTOS/Source/tasks.c **** 							if( pxTCB->ucNotifyState == taskWAITING_NOTIFICATION )
1431:Middlewares/Third_Party/FreeRTOS/Source/tasks.c **** 							{
1432:Middlewares/Third_Party/FreeRTOS/Source/tasks.c **** 								eReturn = eBlocked;
1433:Middlewares/Third_Party/FreeRTOS/Source/tasks.c **** 							}
1434:Middlewares/Third_Party/FreeRTOS/Source/tasks.c **** 							else
1435:Middlewares/Third_Party/FreeRTOS/Source/tasks.c **** 							{
1436:Middlewares/Third_Party/FreeRTOS/Source/tasks.c **** 								eReturn = eSuspended;
1437:Middlewares/Third_Party/FreeRTOS/Source/tasks.c **** 							}
1438:Middlewares/Third_Party/FreeRTOS/Source/tasks.c **** 						}
1439:Middlewares/Third_Party/FreeRTOS/Source/tasks.c **** 						#else
1440:Middlewares/Third_Party/FreeRTOS/Source/tasks.c **** 						{
1441:Middlewares/Third_Party/FreeRTOS/Source/tasks.c **** 							eReturn = eSuspended;
1442:Middlewares/Third_Party/FreeRTOS/Source/tasks.c **** 						}
1443:Middlewares/Third_Party/FreeRTOS/Source/tasks.c **** 						#endif
1444:Middlewares/Third_Party/FreeRTOS/Source/tasks.c **** 					}
1445:Middlewares/Third_Party/FreeRTOS/Source/tasks.c **** 					else
1446:Middlewares/Third_Party/FreeRTOS/Source/tasks.c **** 					{
1447:Middlewares/Third_Party/FreeRTOS/Source/tasks.c **** 						eReturn = eBlocked;
1448:Middlewares/Third_Party/FreeRTOS/Source/tasks.c **** 					}
1449:Middlewares/Third_Party/FreeRTOS/Source/tasks.c **** 				}
1450:Middlewares/Third_Party/FreeRTOS/Source/tasks.c **** 			#endif
1451:Middlewares/Third_Party/FreeRTOS/Source/tasks.c **** 
1452:Middlewares/Third_Party/FreeRTOS/Source/tasks.c **** 			#if ( INCLUDE_vTaskDelete == 1 )
1453:Middlewares/Third_Party/FreeRTOS/Source/tasks.c **** 				else if( ( pxStateList == &xTasksWaitingTermination ) || ( pxStateList == NULL ) )
1454:Middlewares/Third_Party/FreeRTOS/Source/tasks.c **** 				{
1455:Middlewares/Third_Party/FreeRTOS/Source/tasks.c **** 					/* The task being queried is referenced from the deleted
ARM GAS  /tmp/cchsWuk7.s 			page 27


1456:Middlewares/Third_Party/FreeRTOS/Source/tasks.c **** 					tasks list, or it is not referenced from any lists at
1457:Middlewares/Third_Party/FreeRTOS/Source/tasks.c **** 					all. */
1458:Middlewares/Third_Party/FreeRTOS/Source/tasks.c **** 					eReturn = eDeleted;
1459:Middlewares/Third_Party/FreeRTOS/Source/tasks.c **** 				}
1460:Middlewares/Third_Party/FreeRTOS/Source/tasks.c **** 			#endif
1461:Middlewares/Third_Party/FreeRTOS/Source/tasks.c **** 
1462:Middlewares/Third_Party/FreeRTOS/Source/tasks.c **** 			else /*lint !e525 Negative indentation is intended to make use of pre-processor clearer. */
1463:Middlewares/Third_Party/FreeRTOS/Source/tasks.c **** 			{
1464:Middlewares/Third_Party/FreeRTOS/Source/tasks.c **** 				/* If the task is not in any other state, it must be in the
1465:Middlewares/Third_Party/FreeRTOS/Source/tasks.c **** 				Ready (including pending ready) state. */
1466:Middlewares/Third_Party/FreeRTOS/Source/tasks.c **** 				eReturn = eReady;
1467:Middlewares/Third_Party/FreeRTOS/Source/tasks.c **** 			}
1468:Middlewares/Third_Party/FreeRTOS/Source/tasks.c **** 		}
1469:Middlewares/Third_Party/FreeRTOS/Source/tasks.c **** 
1470:Middlewares/Third_Party/FreeRTOS/Source/tasks.c **** 		return eReturn;
1471:Middlewares/Third_Party/FreeRTOS/Source/tasks.c **** 	} /*lint !e818 xTask cannot be a pointer to const because it is a typedef. */
1472:Middlewares/Third_Party/FreeRTOS/Source/tasks.c **** 
1473:Middlewares/Third_Party/FreeRTOS/Source/tasks.c **** #endif /* INCLUDE_eTaskGetState */
1474:Middlewares/Third_Party/FreeRTOS/Source/tasks.c **** /*-----------------------------------------------------------*/
1475:Middlewares/Third_Party/FreeRTOS/Source/tasks.c **** 
1476:Middlewares/Third_Party/FreeRTOS/Source/tasks.c **** #if ( INCLUDE_uxTaskPriorityGet == 1 )
1477:Middlewares/Third_Party/FreeRTOS/Source/tasks.c **** 
1478:Middlewares/Third_Party/FreeRTOS/Source/tasks.c **** 	UBaseType_t uxTaskPriorityGet( const TaskHandle_t xTask )
1479:Middlewares/Third_Party/FreeRTOS/Source/tasks.c **** 	{
1480:Middlewares/Third_Party/FreeRTOS/Source/tasks.c **** 	TCB_t const *pxTCB;
1481:Middlewares/Third_Party/FreeRTOS/Source/tasks.c **** 	UBaseType_t uxReturn;
1482:Middlewares/Third_Party/FreeRTOS/Source/tasks.c **** 
1483:Middlewares/Third_Party/FreeRTOS/Source/tasks.c **** 		taskENTER_CRITICAL();
1484:Middlewares/Third_Party/FreeRTOS/Source/tasks.c **** 		{
1485:Middlewares/Third_Party/FreeRTOS/Source/tasks.c **** 			/* If null is passed in here then it is the priority of the task
1486:Middlewares/Third_Party/FreeRTOS/Source/tasks.c **** 			that called uxTaskPriorityGet() that is being queried. */
1487:Middlewares/Third_Party/FreeRTOS/Source/tasks.c **** 			pxTCB = prvGetTCBFromHandle( xTask );
1488:Middlewares/Third_Party/FreeRTOS/Source/tasks.c **** 			uxReturn = pxTCB->uxPriority;
1489:Middlewares/Third_Party/FreeRTOS/Source/tasks.c **** 		}
1490:Middlewares/Third_Party/FreeRTOS/Source/tasks.c **** 		taskEXIT_CRITICAL();
1491:Middlewares/Third_Party/FreeRTOS/Source/tasks.c **** 
1492:Middlewares/Third_Party/FreeRTOS/Source/tasks.c **** 		return uxReturn;
1493:Middlewares/Third_Party/FreeRTOS/Source/tasks.c **** 	}
1494:Middlewares/Third_Party/FreeRTOS/Source/tasks.c **** 
1495:Middlewares/Third_Party/FreeRTOS/Source/tasks.c **** #endif /* INCLUDE_uxTaskPriorityGet */
1496:Middlewares/Third_Party/FreeRTOS/Source/tasks.c **** /*-----------------------------------------------------------*/
1497:Middlewares/Third_Party/FreeRTOS/Source/tasks.c **** 
1498:Middlewares/Third_Party/FreeRTOS/Source/tasks.c **** #if ( INCLUDE_uxTaskPriorityGet == 1 )
1499:Middlewares/Third_Party/FreeRTOS/Source/tasks.c **** 
1500:Middlewares/Third_Party/FreeRTOS/Source/tasks.c **** 	UBaseType_t uxTaskPriorityGetFromISR( const TaskHandle_t xTask )
1501:Middlewares/Third_Party/FreeRTOS/Source/tasks.c **** 	{
1502:Middlewares/Third_Party/FreeRTOS/Source/tasks.c **** 	TCB_t const *pxTCB;
1503:Middlewares/Third_Party/FreeRTOS/Source/tasks.c **** 	UBaseType_t uxReturn, uxSavedInterruptState;
1504:Middlewares/Third_Party/FreeRTOS/Source/tasks.c **** 
1505:Middlewares/Third_Party/FreeRTOS/Source/tasks.c **** 		/* RTOS ports that support interrupt nesting have the concept of a
1506:Middlewares/Third_Party/FreeRTOS/Source/tasks.c **** 		maximum	system call (or maximum API call) interrupt priority.
1507:Middlewares/Third_Party/FreeRTOS/Source/tasks.c **** 		Interrupts that are	above the maximum system call priority are keep
1508:Middlewares/Third_Party/FreeRTOS/Source/tasks.c **** 		permanently enabled, even when the RTOS kernel is in a critical section,
1509:Middlewares/Third_Party/FreeRTOS/Source/tasks.c **** 		but cannot make any calls to FreeRTOS API functions.  If configASSERT()
1510:Middlewares/Third_Party/FreeRTOS/Source/tasks.c **** 		is defined in FreeRTOSConfig.h then
1511:Middlewares/Third_Party/FreeRTOS/Source/tasks.c **** 		portASSERT_IF_INTERRUPT_PRIORITY_INVALID() will result in an assertion
1512:Middlewares/Third_Party/FreeRTOS/Source/tasks.c **** 		failure if a FreeRTOS API function is called from an interrupt that has
ARM GAS  /tmp/cchsWuk7.s 			page 28


1513:Middlewares/Third_Party/FreeRTOS/Source/tasks.c **** 		been assigned a priority above the configured maximum system call
1514:Middlewares/Third_Party/FreeRTOS/Source/tasks.c **** 		priority.  Only FreeRTOS functions that end in FromISR can be called
1515:Middlewares/Third_Party/FreeRTOS/Source/tasks.c **** 		from interrupts	that have been assigned a priority at or (logically)
1516:Middlewares/Third_Party/FreeRTOS/Source/tasks.c **** 		below the maximum system call interrupt priority.  FreeRTOS maintains a
1517:Middlewares/Third_Party/FreeRTOS/Source/tasks.c **** 		separate interrupt safe API to ensure interrupt entry is as fast and as
1518:Middlewares/Third_Party/FreeRTOS/Source/tasks.c **** 		simple as possible.  More information (albeit Cortex-M specific) is
1519:Middlewares/Third_Party/FreeRTOS/Source/tasks.c **** 		provided on the following link:
1520:Middlewares/Third_Party/FreeRTOS/Source/tasks.c **** 		https://www.freertos.org/RTOS-Cortex-M3-M4.html */
1521:Middlewares/Third_Party/FreeRTOS/Source/tasks.c **** 		portASSERT_IF_INTERRUPT_PRIORITY_INVALID();
1522:Middlewares/Third_Party/FreeRTOS/Source/tasks.c **** 
1523:Middlewares/Third_Party/FreeRTOS/Source/tasks.c **** 		uxSavedInterruptState = portSET_INTERRUPT_MASK_FROM_ISR();
1524:Middlewares/Third_Party/FreeRTOS/Source/tasks.c **** 		{
1525:Middlewares/Third_Party/FreeRTOS/Source/tasks.c **** 			/* If null is passed in here then it is the priority of the calling
1526:Middlewares/Third_Party/FreeRTOS/Source/tasks.c **** 			task that is being queried. */
1527:Middlewares/Third_Party/FreeRTOS/Source/tasks.c **** 			pxTCB = prvGetTCBFromHandle( xTask );
1528:Middlewares/Third_Party/FreeRTOS/Source/tasks.c **** 			uxReturn = pxTCB->uxPriority;
1529:Middlewares/Third_Party/FreeRTOS/Source/tasks.c **** 		}
1530:Middlewares/Third_Party/FreeRTOS/Source/tasks.c **** 		portCLEAR_INTERRUPT_MASK_FROM_ISR( uxSavedInterruptState );
1531:Middlewares/Third_Party/FreeRTOS/Source/tasks.c **** 
1532:Middlewares/Third_Party/FreeRTOS/Source/tasks.c **** 		return uxReturn;
1533:Middlewares/Third_Party/FreeRTOS/Source/tasks.c **** 	}
1534:Middlewares/Third_Party/FreeRTOS/Source/tasks.c **** 
1535:Middlewares/Third_Party/FreeRTOS/Source/tasks.c **** #endif /* INCLUDE_uxTaskPriorityGet */
1536:Middlewares/Third_Party/FreeRTOS/Source/tasks.c **** /*-----------------------------------------------------------*/
1537:Middlewares/Third_Party/FreeRTOS/Source/tasks.c **** 
1538:Middlewares/Third_Party/FreeRTOS/Source/tasks.c **** #if ( INCLUDE_vTaskPrioritySet == 1 )
1539:Middlewares/Third_Party/FreeRTOS/Source/tasks.c **** 
1540:Middlewares/Third_Party/FreeRTOS/Source/tasks.c **** 	void vTaskPrioritySet( TaskHandle_t xTask, UBaseType_t uxNewPriority )
1541:Middlewares/Third_Party/FreeRTOS/Source/tasks.c **** 	{
1542:Middlewares/Third_Party/FreeRTOS/Source/tasks.c **** 	TCB_t *pxTCB;
1543:Middlewares/Third_Party/FreeRTOS/Source/tasks.c **** 	UBaseType_t uxCurrentBasePriority, uxPriorityUsedOnEntry;
1544:Middlewares/Third_Party/FreeRTOS/Source/tasks.c **** 	BaseType_t xYieldRequired = pdFALSE;
1545:Middlewares/Third_Party/FreeRTOS/Source/tasks.c **** 
1546:Middlewares/Third_Party/FreeRTOS/Source/tasks.c **** 		configASSERT( ( uxNewPriority < configMAX_PRIORITIES ) );
1547:Middlewares/Third_Party/FreeRTOS/Source/tasks.c **** 
1548:Middlewares/Third_Party/FreeRTOS/Source/tasks.c **** 		/* Ensure the new priority is valid. */
1549:Middlewares/Third_Party/FreeRTOS/Source/tasks.c **** 		if( uxNewPriority >= ( UBaseType_t ) configMAX_PRIORITIES )
1550:Middlewares/Third_Party/FreeRTOS/Source/tasks.c **** 		{
1551:Middlewares/Third_Party/FreeRTOS/Source/tasks.c **** 			uxNewPriority = ( UBaseType_t ) configMAX_PRIORITIES - ( UBaseType_t ) 1U;
1552:Middlewares/Third_Party/FreeRTOS/Source/tasks.c **** 		}
1553:Middlewares/Third_Party/FreeRTOS/Source/tasks.c **** 		else
1554:Middlewares/Third_Party/FreeRTOS/Source/tasks.c **** 		{
1555:Middlewares/Third_Party/FreeRTOS/Source/tasks.c **** 			mtCOVERAGE_TEST_MARKER();
1556:Middlewares/Third_Party/FreeRTOS/Source/tasks.c **** 		}
1557:Middlewares/Third_Party/FreeRTOS/Source/tasks.c **** 
1558:Middlewares/Third_Party/FreeRTOS/Source/tasks.c **** 		taskENTER_CRITICAL();
1559:Middlewares/Third_Party/FreeRTOS/Source/tasks.c **** 		{
1560:Middlewares/Third_Party/FreeRTOS/Source/tasks.c **** 			/* If null is passed in here then it is the priority of the calling
1561:Middlewares/Third_Party/FreeRTOS/Source/tasks.c **** 			task that is being changed. */
1562:Middlewares/Third_Party/FreeRTOS/Source/tasks.c **** 			pxTCB = prvGetTCBFromHandle( xTask );
1563:Middlewares/Third_Party/FreeRTOS/Source/tasks.c **** 
1564:Middlewares/Third_Party/FreeRTOS/Source/tasks.c **** 			traceTASK_PRIORITY_SET( pxTCB, uxNewPriority );
1565:Middlewares/Third_Party/FreeRTOS/Source/tasks.c **** 
1566:Middlewares/Third_Party/FreeRTOS/Source/tasks.c **** 			#if ( configUSE_MUTEXES == 1 )
1567:Middlewares/Third_Party/FreeRTOS/Source/tasks.c **** 			{
1568:Middlewares/Third_Party/FreeRTOS/Source/tasks.c **** 				uxCurrentBasePriority = pxTCB->uxBasePriority;
1569:Middlewares/Third_Party/FreeRTOS/Source/tasks.c **** 			}
ARM GAS  /tmp/cchsWuk7.s 			page 29


1570:Middlewares/Third_Party/FreeRTOS/Source/tasks.c **** 			#else
1571:Middlewares/Third_Party/FreeRTOS/Source/tasks.c **** 			{
1572:Middlewares/Third_Party/FreeRTOS/Source/tasks.c **** 				uxCurrentBasePriority = pxTCB->uxPriority;
1573:Middlewares/Third_Party/FreeRTOS/Source/tasks.c **** 			}
1574:Middlewares/Third_Party/FreeRTOS/Source/tasks.c **** 			#endif
1575:Middlewares/Third_Party/FreeRTOS/Source/tasks.c **** 
1576:Middlewares/Third_Party/FreeRTOS/Source/tasks.c **** 			if( uxCurrentBasePriority != uxNewPriority )
1577:Middlewares/Third_Party/FreeRTOS/Source/tasks.c **** 			{
1578:Middlewares/Third_Party/FreeRTOS/Source/tasks.c **** 				/* The priority change may have readied a task of higher
1579:Middlewares/Third_Party/FreeRTOS/Source/tasks.c **** 				priority than the calling task. */
1580:Middlewares/Third_Party/FreeRTOS/Source/tasks.c **** 				if( uxNewPriority > uxCurrentBasePriority )
1581:Middlewares/Third_Party/FreeRTOS/Source/tasks.c **** 				{
1582:Middlewares/Third_Party/FreeRTOS/Source/tasks.c **** 					if( pxTCB != pxCurrentTCB )
1583:Middlewares/Third_Party/FreeRTOS/Source/tasks.c **** 					{
1584:Middlewares/Third_Party/FreeRTOS/Source/tasks.c **** 						/* The priority of a task other than the currently
1585:Middlewares/Third_Party/FreeRTOS/Source/tasks.c **** 						running task is being raised.  Is the priority being
1586:Middlewares/Third_Party/FreeRTOS/Source/tasks.c **** 						raised above that of the running task? */
1587:Middlewares/Third_Party/FreeRTOS/Source/tasks.c **** 						if( uxNewPriority >= pxCurrentTCB->uxPriority )
1588:Middlewares/Third_Party/FreeRTOS/Source/tasks.c **** 						{
1589:Middlewares/Third_Party/FreeRTOS/Source/tasks.c **** 							xYieldRequired = pdTRUE;
1590:Middlewares/Third_Party/FreeRTOS/Source/tasks.c **** 						}
1591:Middlewares/Third_Party/FreeRTOS/Source/tasks.c **** 						else
1592:Middlewares/Third_Party/FreeRTOS/Source/tasks.c **** 						{
1593:Middlewares/Third_Party/FreeRTOS/Source/tasks.c **** 							mtCOVERAGE_TEST_MARKER();
1594:Middlewares/Third_Party/FreeRTOS/Source/tasks.c **** 						}
1595:Middlewares/Third_Party/FreeRTOS/Source/tasks.c **** 					}
1596:Middlewares/Third_Party/FreeRTOS/Source/tasks.c **** 					else
1597:Middlewares/Third_Party/FreeRTOS/Source/tasks.c **** 					{
1598:Middlewares/Third_Party/FreeRTOS/Source/tasks.c **** 						/* The priority of the running task is being raised,
1599:Middlewares/Third_Party/FreeRTOS/Source/tasks.c **** 						but the running task must already be the highest
1600:Middlewares/Third_Party/FreeRTOS/Source/tasks.c **** 						priority task able to run so no yield is required. */
1601:Middlewares/Third_Party/FreeRTOS/Source/tasks.c **** 					}
1602:Middlewares/Third_Party/FreeRTOS/Source/tasks.c **** 				}
1603:Middlewares/Third_Party/FreeRTOS/Source/tasks.c **** 				else if( pxTCB == pxCurrentTCB )
1604:Middlewares/Third_Party/FreeRTOS/Source/tasks.c **** 				{
1605:Middlewares/Third_Party/FreeRTOS/Source/tasks.c **** 					/* Setting the priority of the running task down means
1606:Middlewares/Third_Party/FreeRTOS/Source/tasks.c **** 					there may now be another task of higher priority that
1607:Middlewares/Third_Party/FreeRTOS/Source/tasks.c **** 					is ready to execute. */
1608:Middlewares/Third_Party/FreeRTOS/Source/tasks.c **** 					xYieldRequired = pdTRUE;
1609:Middlewares/Third_Party/FreeRTOS/Source/tasks.c **** 				}
1610:Middlewares/Third_Party/FreeRTOS/Source/tasks.c **** 				else
1611:Middlewares/Third_Party/FreeRTOS/Source/tasks.c **** 				{
1612:Middlewares/Third_Party/FreeRTOS/Source/tasks.c **** 					/* Setting the priority of any other task down does not
1613:Middlewares/Third_Party/FreeRTOS/Source/tasks.c **** 					require a yield as the running task must be above the
1614:Middlewares/Third_Party/FreeRTOS/Source/tasks.c **** 					new priority of the task being modified. */
1615:Middlewares/Third_Party/FreeRTOS/Source/tasks.c **** 				}
1616:Middlewares/Third_Party/FreeRTOS/Source/tasks.c **** 
1617:Middlewares/Third_Party/FreeRTOS/Source/tasks.c **** 				/* Remember the ready list the task might be referenced from
1618:Middlewares/Third_Party/FreeRTOS/Source/tasks.c **** 				before its uxPriority member is changed so the
1619:Middlewares/Third_Party/FreeRTOS/Source/tasks.c **** 				taskRESET_READY_PRIORITY() macro can function correctly. */
1620:Middlewares/Third_Party/FreeRTOS/Source/tasks.c **** 				uxPriorityUsedOnEntry = pxTCB->uxPriority;
1621:Middlewares/Third_Party/FreeRTOS/Source/tasks.c **** 
1622:Middlewares/Third_Party/FreeRTOS/Source/tasks.c **** 				#if ( configUSE_MUTEXES == 1 )
1623:Middlewares/Third_Party/FreeRTOS/Source/tasks.c **** 				{
1624:Middlewares/Third_Party/FreeRTOS/Source/tasks.c **** 					/* Only change the priority being used if the task is not
1625:Middlewares/Third_Party/FreeRTOS/Source/tasks.c **** 					currently using an inherited priority. */
1626:Middlewares/Third_Party/FreeRTOS/Source/tasks.c **** 					if( pxTCB->uxBasePriority == pxTCB->uxPriority )
ARM GAS  /tmp/cchsWuk7.s 			page 30


1627:Middlewares/Third_Party/FreeRTOS/Source/tasks.c **** 					{
1628:Middlewares/Third_Party/FreeRTOS/Source/tasks.c **** 						pxTCB->uxPriority = uxNewPriority;
1629:Middlewares/Third_Party/FreeRTOS/Source/tasks.c **** 					}
1630:Middlewares/Third_Party/FreeRTOS/Source/tasks.c **** 					else
1631:Middlewares/Third_Party/FreeRTOS/Source/tasks.c **** 					{
1632:Middlewares/Third_Party/FreeRTOS/Source/tasks.c **** 						mtCOVERAGE_TEST_MARKER();
1633:Middlewares/Third_Party/FreeRTOS/Source/tasks.c **** 					}
1634:Middlewares/Third_Party/FreeRTOS/Source/tasks.c **** 
1635:Middlewares/Third_Party/FreeRTOS/Source/tasks.c **** 					/* The base priority gets set whatever. */
1636:Middlewares/Third_Party/FreeRTOS/Source/tasks.c **** 					pxTCB->uxBasePriority = uxNewPriority;
1637:Middlewares/Third_Party/FreeRTOS/Source/tasks.c **** 				}
1638:Middlewares/Third_Party/FreeRTOS/Source/tasks.c **** 				#else
1639:Middlewares/Third_Party/FreeRTOS/Source/tasks.c **** 				{
1640:Middlewares/Third_Party/FreeRTOS/Source/tasks.c **** 					pxTCB->uxPriority = uxNewPriority;
1641:Middlewares/Third_Party/FreeRTOS/Source/tasks.c **** 				}
1642:Middlewares/Third_Party/FreeRTOS/Source/tasks.c **** 				#endif
1643:Middlewares/Third_Party/FreeRTOS/Source/tasks.c **** 
1644:Middlewares/Third_Party/FreeRTOS/Source/tasks.c **** 				/* Only reset the event list item value if the value is not
1645:Middlewares/Third_Party/FreeRTOS/Source/tasks.c **** 				being used for anything else. */
1646:Middlewares/Third_Party/FreeRTOS/Source/tasks.c **** 				if( ( listGET_LIST_ITEM_VALUE( &( pxTCB->xEventListItem ) ) & taskEVENT_LIST_ITEM_VALUE_IN_USE 
1647:Middlewares/Third_Party/FreeRTOS/Source/tasks.c **** 				{
1648:Middlewares/Third_Party/FreeRTOS/Source/tasks.c **** 					listSET_LIST_ITEM_VALUE( &( pxTCB->xEventListItem ), ( ( TickType_t ) configMAX_PRIORITIES - (
1649:Middlewares/Third_Party/FreeRTOS/Source/tasks.c **** 				}
1650:Middlewares/Third_Party/FreeRTOS/Source/tasks.c **** 				else
1651:Middlewares/Third_Party/FreeRTOS/Source/tasks.c **** 				{
1652:Middlewares/Third_Party/FreeRTOS/Source/tasks.c **** 					mtCOVERAGE_TEST_MARKER();
1653:Middlewares/Third_Party/FreeRTOS/Source/tasks.c **** 				}
1654:Middlewares/Third_Party/FreeRTOS/Source/tasks.c **** 
1655:Middlewares/Third_Party/FreeRTOS/Source/tasks.c **** 				/* If the task is in the blocked or suspended list we need do
1656:Middlewares/Third_Party/FreeRTOS/Source/tasks.c **** 				nothing more than change its priority variable. However, if
1657:Middlewares/Third_Party/FreeRTOS/Source/tasks.c **** 				the task is in a ready list it needs to be removed and placed
1658:Middlewares/Third_Party/FreeRTOS/Source/tasks.c **** 				in the list appropriate to its new priority. */
1659:Middlewares/Third_Party/FreeRTOS/Source/tasks.c **** 				if( listIS_CONTAINED_WITHIN( &( pxReadyTasksLists[ uxPriorityUsedOnEntry ] ), &( pxTCB->xStateL
1660:Middlewares/Third_Party/FreeRTOS/Source/tasks.c **** 				{
1661:Middlewares/Third_Party/FreeRTOS/Source/tasks.c **** 					/* The task is currently in its ready list - remove before
1662:Middlewares/Third_Party/FreeRTOS/Source/tasks.c **** 					adding it to it's new ready list.  As we are in a critical
1663:Middlewares/Third_Party/FreeRTOS/Source/tasks.c **** 					section we can do this even if the scheduler is suspended. */
1664:Middlewares/Third_Party/FreeRTOS/Source/tasks.c **** 					if( uxListRemove( &( pxTCB->xStateListItem ) ) == ( UBaseType_t ) 0 )
1665:Middlewares/Third_Party/FreeRTOS/Source/tasks.c **** 					{
1666:Middlewares/Third_Party/FreeRTOS/Source/tasks.c **** 						/* It is known that the task is in its ready list so
1667:Middlewares/Third_Party/FreeRTOS/Source/tasks.c **** 						there is no need to check again and the port level
1668:Middlewares/Third_Party/FreeRTOS/Source/tasks.c **** 						reset macro can be called directly. */
1669:Middlewares/Third_Party/FreeRTOS/Source/tasks.c **** 						portRESET_READY_PRIORITY( uxPriorityUsedOnEntry, uxTopReadyPriority );
1670:Middlewares/Third_Party/FreeRTOS/Source/tasks.c **** 					}
1671:Middlewares/Third_Party/FreeRTOS/Source/tasks.c **** 					else
1672:Middlewares/Third_Party/FreeRTOS/Source/tasks.c **** 					{
1673:Middlewares/Third_Party/FreeRTOS/Source/tasks.c **** 						mtCOVERAGE_TEST_MARKER();
1674:Middlewares/Third_Party/FreeRTOS/Source/tasks.c **** 					}
1675:Middlewares/Third_Party/FreeRTOS/Source/tasks.c **** 					prvAddTaskToReadyList( pxTCB );
1676:Middlewares/Third_Party/FreeRTOS/Source/tasks.c **** 				}
1677:Middlewares/Third_Party/FreeRTOS/Source/tasks.c **** 				else
1678:Middlewares/Third_Party/FreeRTOS/Source/tasks.c **** 				{
1679:Middlewares/Third_Party/FreeRTOS/Source/tasks.c **** 					mtCOVERAGE_TEST_MARKER();
1680:Middlewares/Third_Party/FreeRTOS/Source/tasks.c **** 				}
1681:Middlewares/Third_Party/FreeRTOS/Source/tasks.c **** 
1682:Middlewares/Third_Party/FreeRTOS/Source/tasks.c **** 				if( xYieldRequired != pdFALSE )
1683:Middlewares/Third_Party/FreeRTOS/Source/tasks.c **** 				{
ARM GAS  /tmp/cchsWuk7.s 			page 31


1684:Middlewares/Third_Party/FreeRTOS/Source/tasks.c **** 					taskYIELD_IF_USING_PREEMPTION();
1685:Middlewares/Third_Party/FreeRTOS/Source/tasks.c **** 				}
1686:Middlewares/Third_Party/FreeRTOS/Source/tasks.c **** 				else
1687:Middlewares/Third_Party/FreeRTOS/Source/tasks.c **** 				{
1688:Middlewares/Third_Party/FreeRTOS/Source/tasks.c **** 					mtCOVERAGE_TEST_MARKER();
1689:Middlewares/Third_Party/FreeRTOS/Source/tasks.c **** 				}
1690:Middlewares/Third_Party/FreeRTOS/Source/tasks.c **** 
1691:Middlewares/Third_Party/FreeRTOS/Source/tasks.c **** 				/* Remove compiler warning about unused variables when the port
1692:Middlewares/Third_Party/FreeRTOS/Source/tasks.c **** 				optimised task selection is not being used. */
1693:Middlewares/Third_Party/FreeRTOS/Source/tasks.c **** 				( void ) uxPriorityUsedOnEntry;
1694:Middlewares/Third_Party/FreeRTOS/Source/tasks.c **** 			}
1695:Middlewares/Third_Party/FreeRTOS/Source/tasks.c **** 		}
1696:Middlewares/Third_Party/FreeRTOS/Source/tasks.c **** 		taskEXIT_CRITICAL();
1697:Middlewares/Third_Party/FreeRTOS/Source/tasks.c **** 	}
1698:Middlewares/Third_Party/FreeRTOS/Source/tasks.c **** 
1699:Middlewares/Third_Party/FreeRTOS/Source/tasks.c **** #endif /* INCLUDE_vTaskPrioritySet */
1700:Middlewares/Third_Party/FreeRTOS/Source/tasks.c **** /*-----------------------------------------------------------*/
1701:Middlewares/Third_Party/FreeRTOS/Source/tasks.c **** 
1702:Middlewares/Third_Party/FreeRTOS/Source/tasks.c **** #if ( INCLUDE_vTaskSuspend == 1 )
1703:Middlewares/Third_Party/FreeRTOS/Source/tasks.c **** 
1704:Middlewares/Third_Party/FreeRTOS/Source/tasks.c **** 	void vTaskSuspend( TaskHandle_t xTaskToSuspend )
1705:Middlewares/Third_Party/FreeRTOS/Source/tasks.c **** 	{
1706:Middlewares/Third_Party/FreeRTOS/Source/tasks.c **** 	TCB_t *pxTCB;
1707:Middlewares/Third_Party/FreeRTOS/Source/tasks.c **** 
1708:Middlewares/Third_Party/FreeRTOS/Source/tasks.c **** 		taskENTER_CRITICAL();
1709:Middlewares/Third_Party/FreeRTOS/Source/tasks.c **** 		{
1710:Middlewares/Third_Party/FreeRTOS/Source/tasks.c **** 			/* If null is passed in here then it is the running task that is
1711:Middlewares/Third_Party/FreeRTOS/Source/tasks.c **** 			being suspended. */
1712:Middlewares/Third_Party/FreeRTOS/Source/tasks.c **** 			pxTCB = prvGetTCBFromHandle( xTaskToSuspend );
1713:Middlewares/Third_Party/FreeRTOS/Source/tasks.c **** 
1714:Middlewares/Third_Party/FreeRTOS/Source/tasks.c **** 			traceTASK_SUSPEND( pxTCB );
1715:Middlewares/Third_Party/FreeRTOS/Source/tasks.c **** 
1716:Middlewares/Third_Party/FreeRTOS/Source/tasks.c **** 			/* Remove task from the ready/delayed list and place in the
1717:Middlewares/Third_Party/FreeRTOS/Source/tasks.c **** 			suspended list. */
1718:Middlewares/Third_Party/FreeRTOS/Source/tasks.c **** 			if( uxListRemove( &( pxTCB->xStateListItem ) ) == ( UBaseType_t ) 0 )
1719:Middlewares/Third_Party/FreeRTOS/Source/tasks.c **** 			{
1720:Middlewares/Third_Party/FreeRTOS/Source/tasks.c **** 				taskRESET_READY_PRIORITY( pxTCB->uxPriority );
1721:Middlewares/Third_Party/FreeRTOS/Source/tasks.c **** 			}
1722:Middlewares/Third_Party/FreeRTOS/Source/tasks.c **** 			else
1723:Middlewares/Third_Party/FreeRTOS/Source/tasks.c **** 			{
1724:Middlewares/Third_Party/FreeRTOS/Source/tasks.c **** 				mtCOVERAGE_TEST_MARKER();
1725:Middlewares/Third_Party/FreeRTOS/Source/tasks.c **** 			}
1726:Middlewares/Third_Party/FreeRTOS/Source/tasks.c **** 
1727:Middlewares/Third_Party/FreeRTOS/Source/tasks.c **** 			/* Is the task waiting on an event also? */
1728:Middlewares/Third_Party/FreeRTOS/Source/tasks.c **** 			if( listLIST_ITEM_CONTAINER( &( pxTCB->xEventListItem ) ) != NULL )
1729:Middlewares/Third_Party/FreeRTOS/Source/tasks.c **** 			{
1730:Middlewares/Third_Party/FreeRTOS/Source/tasks.c **** 				( void ) uxListRemove( &( pxTCB->xEventListItem ) );
1731:Middlewares/Third_Party/FreeRTOS/Source/tasks.c **** 			}
1732:Middlewares/Third_Party/FreeRTOS/Source/tasks.c **** 			else
1733:Middlewares/Third_Party/FreeRTOS/Source/tasks.c **** 			{
1734:Middlewares/Third_Party/FreeRTOS/Source/tasks.c **** 				mtCOVERAGE_TEST_MARKER();
1735:Middlewares/Third_Party/FreeRTOS/Source/tasks.c **** 			}
1736:Middlewares/Third_Party/FreeRTOS/Source/tasks.c **** 
1737:Middlewares/Third_Party/FreeRTOS/Source/tasks.c **** 			vListInsertEnd( &xSuspendedTaskList, &( pxTCB->xStateListItem ) );
1738:Middlewares/Third_Party/FreeRTOS/Source/tasks.c **** 
1739:Middlewares/Third_Party/FreeRTOS/Source/tasks.c **** 			#if( configUSE_TASK_NOTIFICATIONS == 1 )
1740:Middlewares/Third_Party/FreeRTOS/Source/tasks.c **** 			{
ARM GAS  /tmp/cchsWuk7.s 			page 32


1741:Middlewares/Third_Party/FreeRTOS/Source/tasks.c **** 				if( pxTCB->ucNotifyState == taskWAITING_NOTIFICATION )
1742:Middlewares/Third_Party/FreeRTOS/Source/tasks.c **** 				{
1743:Middlewares/Third_Party/FreeRTOS/Source/tasks.c **** 					/* The task was blocked to wait for a notification, but is
1744:Middlewares/Third_Party/FreeRTOS/Source/tasks.c **** 					now suspended, so no notification was received. */
1745:Middlewares/Third_Party/FreeRTOS/Source/tasks.c **** 					pxTCB->ucNotifyState = taskNOT_WAITING_NOTIFICATION;
1746:Middlewares/Third_Party/FreeRTOS/Source/tasks.c **** 				}
1747:Middlewares/Third_Party/FreeRTOS/Source/tasks.c **** 			}
1748:Middlewares/Third_Party/FreeRTOS/Source/tasks.c **** 			#endif
1749:Middlewares/Third_Party/FreeRTOS/Source/tasks.c **** 		}
1750:Middlewares/Third_Party/FreeRTOS/Source/tasks.c **** 		taskEXIT_CRITICAL();
1751:Middlewares/Third_Party/FreeRTOS/Source/tasks.c **** 
1752:Middlewares/Third_Party/FreeRTOS/Source/tasks.c **** 		if( xSchedulerRunning != pdFALSE )
1753:Middlewares/Third_Party/FreeRTOS/Source/tasks.c **** 		{
1754:Middlewares/Third_Party/FreeRTOS/Source/tasks.c **** 			/* Reset the next expected unblock time in case it referred to the
1755:Middlewares/Third_Party/FreeRTOS/Source/tasks.c **** 			task that is now in the Suspended state. */
1756:Middlewares/Third_Party/FreeRTOS/Source/tasks.c **** 			taskENTER_CRITICAL();
1757:Middlewares/Third_Party/FreeRTOS/Source/tasks.c **** 			{
1758:Middlewares/Third_Party/FreeRTOS/Source/tasks.c **** 				prvResetNextTaskUnblockTime();
1759:Middlewares/Third_Party/FreeRTOS/Source/tasks.c **** 			}
1760:Middlewares/Third_Party/FreeRTOS/Source/tasks.c **** 			taskEXIT_CRITICAL();
1761:Middlewares/Third_Party/FreeRTOS/Source/tasks.c **** 		}
1762:Middlewares/Third_Party/FreeRTOS/Source/tasks.c **** 		else
1763:Middlewares/Third_Party/FreeRTOS/Source/tasks.c **** 		{
1764:Middlewares/Third_Party/FreeRTOS/Source/tasks.c **** 			mtCOVERAGE_TEST_MARKER();
1765:Middlewares/Third_Party/FreeRTOS/Source/tasks.c **** 		}
1766:Middlewares/Third_Party/FreeRTOS/Source/tasks.c **** 
1767:Middlewares/Third_Party/FreeRTOS/Source/tasks.c **** 		if( pxTCB == pxCurrentTCB )
1768:Middlewares/Third_Party/FreeRTOS/Source/tasks.c **** 		{
1769:Middlewares/Third_Party/FreeRTOS/Source/tasks.c **** 			if( xSchedulerRunning != pdFALSE )
1770:Middlewares/Third_Party/FreeRTOS/Source/tasks.c **** 			{
1771:Middlewares/Third_Party/FreeRTOS/Source/tasks.c **** 				/* The current task has just been suspended. */
1772:Middlewares/Third_Party/FreeRTOS/Source/tasks.c **** 				configASSERT( uxSchedulerSuspended == 0 );
1773:Middlewares/Third_Party/FreeRTOS/Source/tasks.c **** 				portYIELD_WITHIN_API();
1774:Middlewares/Third_Party/FreeRTOS/Source/tasks.c **** 			}
1775:Middlewares/Third_Party/FreeRTOS/Source/tasks.c **** 			else
1776:Middlewares/Third_Party/FreeRTOS/Source/tasks.c **** 			{
1777:Middlewares/Third_Party/FreeRTOS/Source/tasks.c **** 				/* The scheduler is not running, but the task that was pointed
1778:Middlewares/Third_Party/FreeRTOS/Source/tasks.c **** 				to by pxCurrentTCB has just been suspended and pxCurrentTCB
1779:Middlewares/Third_Party/FreeRTOS/Source/tasks.c **** 				must be adjusted to point to a different task. */
1780:Middlewares/Third_Party/FreeRTOS/Source/tasks.c **** 				if( listCURRENT_LIST_LENGTH( &xSuspendedTaskList ) == uxCurrentNumberOfTasks ) /*lint !e931 Rig
1781:Middlewares/Third_Party/FreeRTOS/Source/tasks.c **** 				{
1782:Middlewares/Third_Party/FreeRTOS/Source/tasks.c **** 					/* No other tasks are ready, so set pxCurrentTCB back to
1783:Middlewares/Third_Party/FreeRTOS/Source/tasks.c **** 					NULL so when the next task is created pxCurrentTCB will
1784:Middlewares/Third_Party/FreeRTOS/Source/tasks.c **** 					be set to point to it no matter what its relative priority
1785:Middlewares/Third_Party/FreeRTOS/Source/tasks.c **** 					is. */
1786:Middlewares/Third_Party/FreeRTOS/Source/tasks.c **** 					pxCurrentTCB = NULL;
1787:Middlewares/Third_Party/FreeRTOS/Source/tasks.c **** 				}
1788:Middlewares/Third_Party/FreeRTOS/Source/tasks.c **** 				else
1789:Middlewares/Third_Party/FreeRTOS/Source/tasks.c **** 				{
1790:Middlewares/Third_Party/FreeRTOS/Source/tasks.c **** 					vTaskSwitchContext();
1791:Middlewares/Third_Party/FreeRTOS/Source/tasks.c **** 				}
1792:Middlewares/Third_Party/FreeRTOS/Source/tasks.c **** 			}
1793:Middlewares/Third_Party/FreeRTOS/Source/tasks.c **** 		}
1794:Middlewares/Third_Party/FreeRTOS/Source/tasks.c **** 		else
1795:Middlewares/Third_Party/FreeRTOS/Source/tasks.c **** 		{
1796:Middlewares/Third_Party/FreeRTOS/Source/tasks.c **** 			mtCOVERAGE_TEST_MARKER();
1797:Middlewares/Third_Party/FreeRTOS/Source/tasks.c **** 		}
ARM GAS  /tmp/cchsWuk7.s 			page 33


1798:Middlewares/Third_Party/FreeRTOS/Source/tasks.c **** 	}
1799:Middlewares/Third_Party/FreeRTOS/Source/tasks.c **** 
1800:Middlewares/Third_Party/FreeRTOS/Source/tasks.c **** #endif /* INCLUDE_vTaskSuspend */
1801:Middlewares/Third_Party/FreeRTOS/Source/tasks.c **** /*-----------------------------------------------------------*/
1802:Middlewares/Third_Party/FreeRTOS/Source/tasks.c **** 
1803:Middlewares/Third_Party/FreeRTOS/Source/tasks.c **** #if ( INCLUDE_vTaskSuspend == 1 )
1804:Middlewares/Third_Party/FreeRTOS/Source/tasks.c **** 
1805:Middlewares/Third_Party/FreeRTOS/Source/tasks.c **** 	static BaseType_t prvTaskIsTaskSuspended( const TaskHandle_t xTask )
1806:Middlewares/Third_Party/FreeRTOS/Source/tasks.c **** 	{
  29              		.loc 1 1806 2 view -0
  30              		.cfi_startproc
  31              		@ args = 0, pretend = 0, frame = 0
  32              		@ frame_needed = 0, uses_anonymous_args = 0
  33              		@ link register save eliminated.
1807:Middlewares/Third_Party/FreeRTOS/Source/tasks.c **** 	BaseType_t xReturn = pdFALSE;
  34              		.loc 1 1807 2 view .LVU1
1808:Middlewares/Third_Party/FreeRTOS/Source/tasks.c **** 	const TCB_t * const pxTCB = xTask;
  35              		.loc 1 1808 2 view .LVU2
1809:Middlewares/Third_Party/FreeRTOS/Source/tasks.c **** 
1810:Middlewares/Third_Party/FreeRTOS/Source/tasks.c **** 		/* Accesses xPendingReadyList so must be called from a critical
1811:Middlewares/Third_Party/FreeRTOS/Source/tasks.c **** 		section. */
1812:Middlewares/Third_Party/FreeRTOS/Source/tasks.c **** 
1813:Middlewares/Third_Party/FreeRTOS/Source/tasks.c **** 		/* It does not make sense to check if the calling task is suspended. */
1814:Middlewares/Third_Party/FreeRTOS/Source/tasks.c **** 		configASSERT( xTask );
  36              		.loc 1 1814 3 view .LVU3
  37 0000 28B1     		cbz	r0, .L8
  38              		.loc 1 1814 24 discriminator 2 view .LVU4
1815:Middlewares/Third_Party/FreeRTOS/Source/tasks.c **** 
1816:Middlewares/Third_Party/FreeRTOS/Source/tasks.c **** 		/* Is the task being resumed actually in the suspended list? */
1817:Middlewares/Third_Party/FreeRTOS/Source/tasks.c **** 		if( listIS_CONTAINED_WITHIN( &xSuspendedTaskList, &( pxTCB->xStateListItem ) ) != pdFALSE )
  39              		.loc 1 1817 3 view .LVU5
  40              		.loc 1 1817 7 is_stmt 0 view .LVU6
  41 0002 4169     		ldr	r1, [r0, #20]
  42              		.loc 1 1817 5 view .LVU7
  43 0004 0C4A     		ldr	r2, .L10
  44 0006 9142     		cmp	r1, r2
  45 0008 0AD0     		beq	.L9
1807:Middlewares/Third_Party/FreeRTOS/Source/tasks.c **** 	const TCB_t * const pxTCB = xTask;
  46              		.loc 1 1807 13 view .LVU8
  47 000a 0020     		movs	r0, #0
  48              	.LVL1:
1807:Middlewares/Third_Party/FreeRTOS/Source/tasks.c **** 	const TCB_t * const pxTCB = xTask;
  49              		.loc 1 1807 13 view .LVU9
  50 000c 7047     		bx	lr
  51              	.LVL2:
  52              	.L8:
1814:Middlewares/Third_Party/FreeRTOS/Source/tasks.c **** 
  53              		.loc 1 1814 3 is_stmt 1 discriminator 1 view .LVU10
  54              	.LBB120:
  55              	.LBI120:
  56              		.file 2 "Middlewares/Third_Party/FreeRTOS/Source/portable/GCC/ARM_CM4F/portmacro.h"
   1:Middlewares/Third_Party/FreeRTOS/Source/portable/GCC/ARM_CM4F/portmacro.h **** /*
   2:Middlewares/Third_Party/FreeRTOS/Source/portable/GCC/ARM_CM4F/portmacro.h ****  * FreeRTOS Kernel V10.3.1
   3:Middlewares/Third_Party/FreeRTOS/Source/portable/GCC/ARM_CM4F/portmacro.h ****  * Copyright (C) 2020 Amazon.com, Inc. or its affiliates.  All Rights Reserved.
   4:Middlewares/Third_Party/FreeRTOS/Source/portable/GCC/ARM_CM4F/portmacro.h ****  *
   5:Middlewares/Third_Party/FreeRTOS/Source/portable/GCC/ARM_CM4F/portmacro.h ****  * Permission is hereby granted, free of charge, to any person obtaining a copy of
   6:Middlewares/Third_Party/FreeRTOS/Source/portable/GCC/ARM_CM4F/portmacro.h ****  * this software and associated documentation files (the "Software"), to deal in
ARM GAS  /tmp/cchsWuk7.s 			page 34


   7:Middlewares/Third_Party/FreeRTOS/Source/portable/GCC/ARM_CM4F/portmacro.h ****  * the Software without restriction, including without limitation the rights to
   8:Middlewares/Third_Party/FreeRTOS/Source/portable/GCC/ARM_CM4F/portmacro.h ****  * use, copy, modify, merge, publish, distribute, sublicense, and/or sell copies of
   9:Middlewares/Third_Party/FreeRTOS/Source/portable/GCC/ARM_CM4F/portmacro.h ****  * the Software, and to permit persons to whom the Software is furnished to do so,
  10:Middlewares/Third_Party/FreeRTOS/Source/portable/GCC/ARM_CM4F/portmacro.h ****  * subject to the following conditions:
  11:Middlewares/Third_Party/FreeRTOS/Source/portable/GCC/ARM_CM4F/portmacro.h ****  *
  12:Middlewares/Third_Party/FreeRTOS/Source/portable/GCC/ARM_CM4F/portmacro.h ****  * The above copyright notice and this permission notice shall be included in all
  13:Middlewares/Third_Party/FreeRTOS/Source/portable/GCC/ARM_CM4F/portmacro.h ****  * copies or substantial portions of the Software.
  14:Middlewares/Third_Party/FreeRTOS/Source/portable/GCC/ARM_CM4F/portmacro.h ****  *
  15:Middlewares/Third_Party/FreeRTOS/Source/portable/GCC/ARM_CM4F/portmacro.h ****  * THE SOFTWARE IS PROVIDED "AS IS", WITHOUT WARRANTY OF ANY KIND, EXPRESS OR
  16:Middlewares/Third_Party/FreeRTOS/Source/portable/GCC/ARM_CM4F/portmacro.h ****  * IMPLIED, INCLUDING BUT NOT LIMITED TO THE WARRANTIES OF MERCHANTABILITY, FITNESS
  17:Middlewares/Third_Party/FreeRTOS/Source/portable/GCC/ARM_CM4F/portmacro.h ****  * FOR A PARTICULAR PURPOSE AND NONINFRINGEMENT. IN NO EVENT SHALL THE AUTHORS OR
  18:Middlewares/Third_Party/FreeRTOS/Source/portable/GCC/ARM_CM4F/portmacro.h ****  * COPYRIGHT HOLDERS BE LIABLE FOR ANY CLAIM, DAMAGES OR OTHER LIABILITY, WHETHER
  19:Middlewares/Third_Party/FreeRTOS/Source/portable/GCC/ARM_CM4F/portmacro.h ****  * IN AN ACTION OF CONTRACT, TORT OR OTHERWISE, ARISING FROM, OUT OF OR IN
  20:Middlewares/Third_Party/FreeRTOS/Source/portable/GCC/ARM_CM4F/portmacro.h ****  * CONNECTION WITH THE SOFTWARE OR THE USE OR OTHER DEALINGS IN THE SOFTWARE.
  21:Middlewares/Third_Party/FreeRTOS/Source/portable/GCC/ARM_CM4F/portmacro.h ****  *
  22:Middlewares/Third_Party/FreeRTOS/Source/portable/GCC/ARM_CM4F/portmacro.h ****  * http://www.FreeRTOS.org
  23:Middlewares/Third_Party/FreeRTOS/Source/portable/GCC/ARM_CM4F/portmacro.h ****  * http://aws.amazon.com/freertos
  24:Middlewares/Third_Party/FreeRTOS/Source/portable/GCC/ARM_CM4F/portmacro.h ****  *
  25:Middlewares/Third_Party/FreeRTOS/Source/portable/GCC/ARM_CM4F/portmacro.h ****  * 1 tab == 4 spaces!
  26:Middlewares/Third_Party/FreeRTOS/Source/portable/GCC/ARM_CM4F/portmacro.h ****  */
  27:Middlewares/Third_Party/FreeRTOS/Source/portable/GCC/ARM_CM4F/portmacro.h **** 
  28:Middlewares/Third_Party/FreeRTOS/Source/portable/GCC/ARM_CM4F/portmacro.h **** 
  29:Middlewares/Third_Party/FreeRTOS/Source/portable/GCC/ARM_CM4F/portmacro.h **** #ifndef PORTMACRO_H
  30:Middlewares/Third_Party/FreeRTOS/Source/portable/GCC/ARM_CM4F/portmacro.h **** #define PORTMACRO_H
  31:Middlewares/Third_Party/FreeRTOS/Source/portable/GCC/ARM_CM4F/portmacro.h **** 
  32:Middlewares/Third_Party/FreeRTOS/Source/portable/GCC/ARM_CM4F/portmacro.h **** #ifdef __cplusplus
  33:Middlewares/Third_Party/FreeRTOS/Source/portable/GCC/ARM_CM4F/portmacro.h **** extern "C" {
  34:Middlewares/Third_Party/FreeRTOS/Source/portable/GCC/ARM_CM4F/portmacro.h **** #endif
  35:Middlewares/Third_Party/FreeRTOS/Source/portable/GCC/ARM_CM4F/portmacro.h **** 
  36:Middlewares/Third_Party/FreeRTOS/Source/portable/GCC/ARM_CM4F/portmacro.h **** /*-----------------------------------------------------------
  37:Middlewares/Third_Party/FreeRTOS/Source/portable/GCC/ARM_CM4F/portmacro.h ****  * Port specific definitions.
  38:Middlewares/Third_Party/FreeRTOS/Source/portable/GCC/ARM_CM4F/portmacro.h ****  *
  39:Middlewares/Third_Party/FreeRTOS/Source/portable/GCC/ARM_CM4F/portmacro.h ****  * The settings in this file configure FreeRTOS correctly for the
  40:Middlewares/Third_Party/FreeRTOS/Source/portable/GCC/ARM_CM4F/portmacro.h ****  * given hardware and compiler.
  41:Middlewares/Third_Party/FreeRTOS/Source/portable/GCC/ARM_CM4F/portmacro.h ****  *
  42:Middlewares/Third_Party/FreeRTOS/Source/portable/GCC/ARM_CM4F/portmacro.h ****  * These settings should not be altered.
  43:Middlewares/Third_Party/FreeRTOS/Source/portable/GCC/ARM_CM4F/portmacro.h ****  *-----------------------------------------------------------
  44:Middlewares/Third_Party/FreeRTOS/Source/portable/GCC/ARM_CM4F/portmacro.h ****  */
  45:Middlewares/Third_Party/FreeRTOS/Source/portable/GCC/ARM_CM4F/portmacro.h **** 
  46:Middlewares/Third_Party/FreeRTOS/Source/portable/GCC/ARM_CM4F/portmacro.h **** /* Type definitions. */
  47:Middlewares/Third_Party/FreeRTOS/Source/portable/GCC/ARM_CM4F/portmacro.h **** #define portCHAR		char
  48:Middlewares/Third_Party/FreeRTOS/Source/portable/GCC/ARM_CM4F/portmacro.h **** #define portFLOAT		float
  49:Middlewares/Third_Party/FreeRTOS/Source/portable/GCC/ARM_CM4F/portmacro.h **** #define portDOUBLE		double
  50:Middlewares/Third_Party/FreeRTOS/Source/portable/GCC/ARM_CM4F/portmacro.h **** #define portLONG		long
  51:Middlewares/Third_Party/FreeRTOS/Source/portable/GCC/ARM_CM4F/portmacro.h **** #define portSHORT		short
  52:Middlewares/Third_Party/FreeRTOS/Source/portable/GCC/ARM_CM4F/portmacro.h **** #define portSTACK_TYPE	uint32_t
  53:Middlewares/Third_Party/FreeRTOS/Source/portable/GCC/ARM_CM4F/portmacro.h **** #define portBASE_TYPE	long
  54:Middlewares/Third_Party/FreeRTOS/Source/portable/GCC/ARM_CM4F/portmacro.h **** 
  55:Middlewares/Third_Party/FreeRTOS/Source/portable/GCC/ARM_CM4F/portmacro.h **** typedef portSTACK_TYPE StackType_t;
  56:Middlewares/Third_Party/FreeRTOS/Source/portable/GCC/ARM_CM4F/portmacro.h **** typedef long BaseType_t;
  57:Middlewares/Third_Party/FreeRTOS/Source/portable/GCC/ARM_CM4F/portmacro.h **** typedef unsigned long UBaseType_t;
  58:Middlewares/Third_Party/FreeRTOS/Source/portable/GCC/ARM_CM4F/portmacro.h **** 
  59:Middlewares/Third_Party/FreeRTOS/Source/portable/GCC/ARM_CM4F/portmacro.h **** #if( configUSE_16_BIT_TICKS == 1 )
  60:Middlewares/Third_Party/FreeRTOS/Source/portable/GCC/ARM_CM4F/portmacro.h **** 	typedef uint16_t TickType_t;
  61:Middlewares/Third_Party/FreeRTOS/Source/portable/GCC/ARM_CM4F/portmacro.h **** 	#define portMAX_DELAY ( TickType_t ) 0xffff
  62:Middlewares/Third_Party/FreeRTOS/Source/portable/GCC/ARM_CM4F/portmacro.h **** #else
  63:Middlewares/Third_Party/FreeRTOS/Source/portable/GCC/ARM_CM4F/portmacro.h **** 	typedef uint32_t TickType_t;
ARM GAS  /tmp/cchsWuk7.s 			page 35


  64:Middlewares/Third_Party/FreeRTOS/Source/portable/GCC/ARM_CM4F/portmacro.h **** 	#define portMAX_DELAY ( TickType_t ) 0xffffffffUL
  65:Middlewares/Third_Party/FreeRTOS/Source/portable/GCC/ARM_CM4F/portmacro.h **** 
  66:Middlewares/Third_Party/FreeRTOS/Source/portable/GCC/ARM_CM4F/portmacro.h **** 	/* 32-bit tick type on a 32-bit architecture, so reads of the tick count do
  67:Middlewares/Third_Party/FreeRTOS/Source/portable/GCC/ARM_CM4F/portmacro.h **** 	not need to be guarded with a critical section. */
  68:Middlewares/Third_Party/FreeRTOS/Source/portable/GCC/ARM_CM4F/portmacro.h **** 	#define portTICK_TYPE_IS_ATOMIC 1
  69:Middlewares/Third_Party/FreeRTOS/Source/portable/GCC/ARM_CM4F/portmacro.h **** #endif
  70:Middlewares/Third_Party/FreeRTOS/Source/portable/GCC/ARM_CM4F/portmacro.h **** /*-----------------------------------------------------------*/
  71:Middlewares/Third_Party/FreeRTOS/Source/portable/GCC/ARM_CM4F/portmacro.h **** 
  72:Middlewares/Third_Party/FreeRTOS/Source/portable/GCC/ARM_CM4F/portmacro.h **** /* Architecture specifics. */
  73:Middlewares/Third_Party/FreeRTOS/Source/portable/GCC/ARM_CM4F/portmacro.h **** #define portSTACK_GROWTH			( -1 )
  74:Middlewares/Third_Party/FreeRTOS/Source/portable/GCC/ARM_CM4F/portmacro.h **** #define portTICK_PERIOD_MS			( ( TickType_t ) 1000 / configTICK_RATE_HZ )
  75:Middlewares/Third_Party/FreeRTOS/Source/portable/GCC/ARM_CM4F/portmacro.h **** #define portBYTE_ALIGNMENT			8
  76:Middlewares/Third_Party/FreeRTOS/Source/portable/GCC/ARM_CM4F/portmacro.h **** /*-----------------------------------------------------------*/
  77:Middlewares/Third_Party/FreeRTOS/Source/portable/GCC/ARM_CM4F/portmacro.h **** 
  78:Middlewares/Third_Party/FreeRTOS/Source/portable/GCC/ARM_CM4F/portmacro.h **** /* Scheduler utilities. */
  79:Middlewares/Third_Party/FreeRTOS/Source/portable/GCC/ARM_CM4F/portmacro.h **** #define portYIELD() 															\
  80:Middlewares/Third_Party/FreeRTOS/Source/portable/GCC/ARM_CM4F/portmacro.h **** {																				\
  81:Middlewares/Third_Party/FreeRTOS/Source/portable/GCC/ARM_CM4F/portmacro.h **** 	/* Set a PendSV to request a context switch. */								\
  82:Middlewares/Third_Party/FreeRTOS/Source/portable/GCC/ARM_CM4F/portmacro.h **** 	portNVIC_INT_CTRL_REG = portNVIC_PENDSVSET_BIT;								\
  83:Middlewares/Third_Party/FreeRTOS/Source/portable/GCC/ARM_CM4F/portmacro.h **** 																				\
  84:Middlewares/Third_Party/FreeRTOS/Source/portable/GCC/ARM_CM4F/portmacro.h **** 	/* Barriers are normally not required but do ensure the code is completely	\
  85:Middlewares/Third_Party/FreeRTOS/Source/portable/GCC/ARM_CM4F/portmacro.h **** 	within the specified behaviour for the architecture. */						\
  86:Middlewares/Third_Party/FreeRTOS/Source/portable/GCC/ARM_CM4F/portmacro.h **** 	__asm volatile( "dsb" ::: "memory" );										\
  87:Middlewares/Third_Party/FreeRTOS/Source/portable/GCC/ARM_CM4F/portmacro.h **** 	__asm volatile( "isb" );													\
  88:Middlewares/Third_Party/FreeRTOS/Source/portable/GCC/ARM_CM4F/portmacro.h **** }
  89:Middlewares/Third_Party/FreeRTOS/Source/portable/GCC/ARM_CM4F/portmacro.h **** 
  90:Middlewares/Third_Party/FreeRTOS/Source/portable/GCC/ARM_CM4F/portmacro.h **** #define portNVIC_INT_CTRL_REG		( * ( ( volatile uint32_t * ) 0xe000ed04 ) )
  91:Middlewares/Third_Party/FreeRTOS/Source/portable/GCC/ARM_CM4F/portmacro.h **** #define portNVIC_PENDSVSET_BIT		( 1UL << 28UL )
  92:Middlewares/Third_Party/FreeRTOS/Source/portable/GCC/ARM_CM4F/portmacro.h **** #define portEND_SWITCHING_ISR( xSwitchRequired ) if( xSwitchRequired != pdFALSE ) portYIELD()
  93:Middlewares/Third_Party/FreeRTOS/Source/portable/GCC/ARM_CM4F/portmacro.h **** #define portYIELD_FROM_ISR( x ) portEND_SWITCHING_ISR( x )
  94:Middlewares/Third_Party/FreeRTOS/Source/portable/GCC/ARM_CM4F/portmacro.h **** /*-----------------------------------------------------------*/
  95:Middlewares/Third_Party/FreeRTOS/Source/portable/GCC/ARM_CM4F/portmacro.h **** 
  96:Middlewares/Third_Party/FreeRTOS/Source/portable/GCC/ARM_CM4F/portmacro.h **** /* Critical section management. */
  97:Middlewares/Third_Party/FreeRTOS/Source/portable/GCC/ARM_CM4F/portmacro.h **** extern void vPortEnterCritical( void );
  98:Middlewares/Third_Party/FreeRTOS/Source/portable/GCC/ARM_CM4F/portmacro.h **** extern void vPortExitCritical( void );
  99:Middlewares/Third_Party/FreeRTOS/Source/portable/GCC/ARM_CM4F/portmacro.h **** #define portSET_INTERRUPT_MASK_FROM_ISR()		ulPortRaiseBASEPRI()
 100:Middlewares/Third_Party/FreeRTOS/Source/portable/GCC/ARM_CM4F/portmacro.h **** #define portCLEAR_INTERRUPT_MASK_FROM_ISR(x)	vPortSetBASEPRI(x)
 101:Middlewares/Third_Party/FreeRTOS/Source/portable/GCC/ARM_CM4F/portmacro.h **** #define portDISABLE_INTERRUPTS()				vPortRaiseBASEPRI()
 102:Middlewares/Third_Party/FreeRTOS/Source/portable/GCC/ARM_CM4F/portmacro.h **** #define portENABLE_INTERRUPTS()					vPortSetBASEPRI(0)
 103:Middlewares/Third_Party/FreeRTOS/Source/portable/GCC/ARM_CM4F/portmacro.h **** #define portENTER_CRITICAL()					vPortEnterCritical()
 104:Middlewares/Third_Party/FreeRTOS/Source/portable/GCC/ARM_CM4F/portmacro.h **** #define portEXIT_CRITICAL()						vPortExitCritical()
 105:Middlewares/Third_Party/FreeRTOS/Source/portable/GCC/ARM_CM4F/portmacro.h **** 
 106:Middlewares/Third_Party/FreeRTOS/Source/portable/GCC/ARM_CM4F/portmacro.h **** /*-----------------------------------------------------------*/
 107:Middlewares/Third_Party/FreeRTOS/Source/portable/GCC/ARM_CM4F/portmacro.h **** 
 108:Middlewares/Third_Party/FreeRTOS/Source/portable/GCC/ARM_CM4F/portmacro.h **** /* Task function macros as described on the FreeRTOS.org WEB site.  These are
 109:Middlewares/Third_Party/FreeRTOS/Source/portable/GCC/ARM_CM4F/portmacro.h **** not necessary for to use this port.  They are defined so the common demo files
 110:Middlewares/Third_Party/FreeRTOS/Source/portable/GCC/ARM_CM4F/portmacro.h **** (which build with all the ports) will build. */
 111:Middlewares/Third_Party/FreeRTOS/Source/portable/GCC/ARM_CM4F/portmacro.h **** #define portTASK_FUNCTION_PROTO( vFunction, pvParameters ) void vFunction( void *pvParameters )
 112:Middlewares/Third_Party/FreeRTOS/Source/portable/GCC/ARM_CM4F/portmacro.h **** #define portTASK_FUNCTION( vFunction, pvParameters ) void vFunction( void *pvParameters )
 113:Middlewares/Third_Party/FreeRTOS/Source/portable/GCC/ARM_CM4F/portmacro.h **** /*-----------------------------------------------------------*/
 114:Middlewares/Third_Party/FreeRTOS/Source/portable/GCC/ARM_CM4F/portmacro.h **** 
 115:Middlewares/Third_Party/FreeRTOS/Source/portable/GCC/ARM_CM4F/portmacro.h **** /* Tickless idle/low power functionality. */
 116:Middlewares/Third_Party/FreeRTOS/Source/portable/GCC/ARM_CM4F/portmacro.h **** #ifndef portSUPPRESS_TICKS_AND_SLEEP
 117:Middlewares/Third_Party/FreeRTOS/Source/portable/GCC/ARM_CM4F/portmacro.h **** 	extern void vPortSuppressTicksAndSleep( TickType_t xExpectedIdleTime );
 118:Middlewares/Third_Party/FreeRTOS/Source/portable/GCC/ARM_CM4F/portmacro.h **** 	#define portSUPPRESS_TICKS_AND_SLEEP( xExpectedIdleTime ) vPortSuppressTicksAndSleep( xExpectedIdl
 119:Middlewares/Third_Party/FreeRTOS/Source/portable/GCC/ARM_CM4F/portmacro.h **** #endif
 120:Middlewares/Third_Party/FreeRTOS/Source/portable/GCC/ARM_CM4F/portmacro.h **** /*-----------------------------------------------------------*/
ARM GAS  /tmp/cchsWuk7.s 			page 36


 121:Middlewares/Third_Party/FreeRTOS/Source/portable/GCC/ARM_CM4F/portmacro.h **** 
 122:Middlewares/Third_Party/FreeRTOS/Source/portable/GCC/ARM_CM4F/portmacro.h **** /* Architecture specific optimisations. */
 123:Middlewares/Third_Party/FreeRTOS/Source/portable/GCC/ARM_CM4F/portmacro.h **** #ifndef configUSE_PORT_OPTIMISED_TASK_SELECTION
 124:Middlewares/Third_Party/FreeRTOS/Source/portable/GCC/ARM_CM4F/portmacro.h **** 	#define configUSE_PORT_OPTIMISED_TASK_SELECTION 1
 125:Middlewares/Third_Party/FreeRTOS/Source/portable/GCC/ARM_CM4F/portmacro.h **** #endif
 126:Middlewares/Third_Party/FreeRTOS/Source/portable/GCC/ARM_CM4F/portmacro.h **** 
 127:Middlewares/Third_Party/FreeRTOS/Source/portable/GCC/ARM_CM4F/portmacro.h **** #if configUSE_PORT_OPTIMISED_TASK_SELECTION == 1
 128:Middlewares/Third_Party/FreeRTOS/Source/portable/GCC/ARM_CM4F/portmacro.h **** 
 129:Middlewares/Third_Party/FreeRTOS/Source/portable/GCC/ARM_CM4F/portmacro.h **** 	/* Generic helper function. */
 130:Middlewares/Third_Party/FreeRTOS/Source/portable/GCC/ARM_CM4F/portmacro.h **** 	__attribute__( ( always_inline ) ) static inline uint8_t ucPortCountLeadingZeros( uint32_t ulBitma
 131:Middlewares/Third_Party/FreeRTOS/Source/portable/GCC/ARM_CM4F/portmacro.h **** 	{
 132:Middlewares/Third_Party/FreeRTOS/Source/portable/GCC/ARM_CM4F/portmacro.h **** 	uint8_t ucReturn;
 133:Middlewares/Third_Party/FreeRTOS/Source/portable/GCC/ARM_CM4F/portmacro.h **** 
 134:Middlewares/Third_Party/FreeRTOS/Source/portable/GCC/ARM_CM4F/portmacro.h **** 		__asm volatile ( "clz %0, %1" : "=r" ( ucReturn ) : "r" ( ulBitmap ) : "memory" );
 135:Middlewares/Third_Party/FreeRTOS/Source/portable/GCC/ARM_CM4F/portmacro.h **** 		return ucReturn;
 136:Middlewares/Third_Party/FreeRTOS/Source/portable/GCC/ARM_CM4F/portmacro.h **** 	}
 137:Middlewares/Third_Party/FreeRTOS/Source/portable/GCC/ARM_CM4F/portmacro.h **** 
 138:Middlewares/Third_Party/FreeRTOS/Source/portable/GCC/ARM_CM4F/portmacro.h **** 	/* Check the configuration. */
 139:Middlewares/Third_Party/FreeRTOS/Source/portable/GCC/ARM_CM4F/portmacro.h **** 	#if( configMAX_PRIORITIES > 32 )
 140:Middlewares/Third_Party/FreeRTOS/Source/portable/GCC/ARM_CM4F/portmacro.h **** 		#error configUSE_PORT_OPTIMISED_TASK_SELECTION can only be set to 1 when configMAX_PRIORITIES is 
 141:Middlewares/Third_Party/FreeRTOS/Source/portable/GCC/ARM_CM4F/portmacro.h **** 	#endif
 142:Middlewares/Third_Party/FreeRTOS/Source/portable/GCC/ARM_CM4F/portmacro.h **** 
 143:Middlewares/Third_Party/FreeRTOS/Source/portable/GCC/ARM_CM4F/portmacro.h **** 	/* Store/clear the ready priorities in a bit map. */
 144:Middlewares/Third_Party/FreeRTOS/Source/portable/GCC/ARM_CM4F/portmacro.h **** 	#define portRECORD_READY_PRIORITY( uxPriority, uxReadyPriorities ) ( uxReadyPriorities ) |= ( 1UL 
 145:Middlewares/Third_Party/FreeRTOS/Source/portable/GCC/ARM_CM4F/portmacro.h **** 	#define portRESET_READY_PRIORITY( uxPriority, uxReadyPriorities ) ( uxReadyPriorities ) &= ~( 1UL 
 146:Middlewares/Third_Party/FreeRTOS/Source/portable/GCC/ARM_CM4F/portmacro.h **** 
 147:Middlewares/Third_Party/FreeRTOS/Source/portable/GCC/ARM_CM4F/portmacro.h **** 	/*-----------------------------------------------------------*/
 148:Middlewares/Third_Party/FreeRTOS/Source/portable/GCC/ARM_CM4F/portmacro.h **** 
 149:Middlewares/Third_Party/FreeRTOS/Source/portable/GCC/ARM_CM4F/portmacro.h **** 	#define portGET_HIGHEST_PRIORITY( uxTopPriority, uxReadyPriorities ) uxTopPriority = ( 31UL - ( ui
 150:Middlewares/Third_Party/FreeRTOS/Source/portable/GCC/ARM_CM4F/portmacro.h **** 
 151:Middlewares/Third_Party/FreeRTOS/Source/portable/GCC/ARM_CM4F/portmacro.h **** #endif /* configUSE_PORT_OPTIMISED_TASK_SELECTION */
 152:Middlewares/Third_Party/FreeRTOS/Source/portable/GCC/ARM_CM4F/portmacro.h **** 
 153:Middlewares/Third_Party/FreeRTOS/Source/portable/GCC/ARM_CM4F/portmacro.h **** /*-----------------------------------------------------------*/
 154:Middlewares/Third_Party/FreeRTOS/Source/portable/GCC/ARM_CM4F/portmacro.h **** 
 155:Middlewares/Third_Party/FreeRTOS/Source/portable/GCC/ARM_CM4F/portmacro.h **** #ifdef configASSERT
 156:Middlewares/Third_Party/FreeRTOS/Source/portable/GCC/ARM_CM4F/portmacro.h **** 	void vPortValidateInterruptPriority( void );
 157:Middlewares/Third_Party/FreeRTOS/Source/portable/GCC/ARM_CM4F/portmacro.h **** 	#define portASSERT_IF_INTERRUPT_PRIORITY_INVALID() 	vPortValidateInterruptPriority()
 158:Middlewares/Third_Party/FreeRTOS/Source/portable/GCC/ARM_CM4F/portmacro.h **** #endif
 159:Middlewares/Third_Party/FreeRTOS/Source/portable/GCC/ARM_CM4F/portmacro.h **** 
 160:Middlewares/Third_Party/FreeRTOS/Source/portable/GCC/ARM_CM4F/portmacro.h **** /* portNOP() is not required by this port. */
 161:Middlewares/Third_Party/FreeRTOS/Source/portable/GCC/ARM_CM4F/portmacro.h **** #define portNOP()
 162:Middlewares/Third_Party/FreeRTOS/Source/portable/GCC/ARM_CM4F/portmacro.h **** 
 163:Middlewares/Third_Party/FreeRTOS/Source/portable/GCC/ARM_CM4F/portmacro.h **** #define portINLINE	__inline
 164:Middlewares/Third_Party/FreeRTOS/Source/portable/GCC/ARM_CM4F/portmacro.h **** 
 165:Middlewares/Third_Party/FreeRTOS/Source/portable/GCC/ARM_CM4F/portmacro.h **** #ifndef portFORCE_INLINE
 166:Middlewares/Third_Party/FreeRTOS/Source/portable/GCC/ARM_CM4F/portmacro.h **** 	#define portFORCE_INLINE inline __attribute__(( always_inline))
 167:Middlewares/Third_Party/FreeRTOS/Source/portable/GCC/ARM_CM4F/portmacro.h **** #endif
 168:Middlewares/Third_Party/FreeRTOS/Source/portable/GCC/ARM_CM4F/portmacro.h **** 
 169:Middlewares/Third_Party/FreeRTOS/Source/portable/GCC/ARM_CM4F/portmacro.h **** portFORCE_INLINE static BaseType_t xPortIsInsideInterrupt( void )
 170:Middlewares/Third_Party/FreeRTOS/Source/portable/GCC/ARM_CM4F/portmacro.h **** {
 171:Middlewares/Third_Party/FreeRTOS/Source/portable/GCC/ARM_CM4F/portmacro.h **** uint32_t ulCurrentInterrupt;
 172:Middlewares/Third_Party/FreeRTOS/Source/portable/GCC/ARM_CM4F/portmacro.h **** BaseType_t xReturn;
 173:Middlewares/Third_Party/FreeRTOS/Source/portable/GCC/ARM_CM4F/portmacro.h **** 
 174:Middlewares/Third_Party/FreeRTOS/Source/portable/GCC/ARM_CM4F/portmacro.h **** 	/* Obtain the number of the currently executing interrupt. */
 175:Middlewares/Third_Party/FreeRTOS/Source/portable/GCC/ARM_CM4F/portmacro.h **** 	__asm volatile( "mrs %0, ipsr" : "=r"( ulCurrentInterrupt ) :: "memory" );
 176:Middlewares/Third_Party/FreeRTOS/Source/portable/GCC/ARM_CM4F/portmacro.h **** 
 177:Middlewares/Third_Party/FreeRTOS/Source/portable/GCC/ARM_CM4F/portmacro.h **** 	if( ulCurrentInterrupt == 0 )
ARM GAS  /tmp/cchsWuk7.s 			page 37


 178:Middlewares/Third_Party/FreeRTOS/Source/portable/GCC/ARM_CM4F/portmacro.h **** 	{
 179:Middlewares/Third_Party/FreeRTOS/Source/portable/GCC/ARM_CM4F/portmacro.h **** 		xReturn = pdFALSE;
 180:Middlewares/Third_Party/FreeRTOS/Source/portable/GCC/ARM_CM4F/portmacro.h **** 	}
 181:Middlewares/Third_Party/FreeRTOS/Source/portable/GCC/ARM_CM4F/portmacro.h **** 	else
 182:Middlewares/Third_Party/FreeRTOS/Source/portable/GCC/ARM_CM4F/portmacro.h **** 	{
 183:Middlewares/Third_Party/FreeRTOS/Source/portable/GCC/ARM_CM4F/portmacro.h **** 		xReturn = pdTRUE;
 184:Middlewares/Third_Party/FreeRTOS/Source/portable/GCC/ARM_CM4F/portmacro.h **** 	}
 185:Middlewares/Third_Party/FreeRTOS/Source/portable/GCC/ARM_CM4F/portmacro.h **** 
 186:Middlewares/Third_Party/FreeRTOS/Source/portable/GCC/ARM_CM4F/portmacro.h **** 	return xReturn;
 187:Middlewares/Third_Party/FreeRTOS/Source/portable/GCC/ARM_CM4F/portmacro.h **** }
 188:Middlewares/Third_Party/FreeRTOS/Source/portable/GCC/ARM_CM4F/portmacro.h **** 
 189:Middlewares/Third_Party/FreeRTOS/Source/portable/GCC/ARM_CM4F/portmacro.h **** /*-----------------------------------------------------------*/
 190:Middlewares/Third_Party/FreeRTOS/Source/portable/GCC/ARM_CM4F/portmacro.h **** 
 191:Middlewares/Third_Party/FreeRTOS/Source/portable/GCC/ARM_CM4F/portmacro.h **** portFORCE_INLINE static void vPortRaiseBASEPRI( void )
  57              		.loc 2 191 30 view .LVU11
  58              	.LBB121:
 192:Middlewares/Third_Party/FreeRTOS/Source/portable/GCC/ARM_CM4F/portmacro.h **** {
 193:Middlewares/Third_Party/FreeRTOS/Source/portable/GCC/ARM_CM4F/portmacro.h **** uint32_t ulNewBASEPRI;
  59              		.loc 2 193 1 view .LVU12
 194:Middlewares/Third_Party/FreeRTOS/Source/portable/GCC/ARM_CM4F/portmacro.h **** 
 195:Middlewares/Third_Party/FreeRTOS/Source/portable/GCC/ARM_CM4F/portmacro.h **** 	__asm volatile
  60              		.loc 2 195 2 view .LVU13
  61              		.syntax unified
  62              	@ 195 "Middlewares/Third_Party/FreeRTOS/Source/portable/GCC/ARM_CM4F/portmacro.h" 1
  63 000e 4FF05003 			mov r3, #80												
  64 0012 83F31188 		msr basepri, r3											
  65 0016 BFF36F8F 		isb														
  66 001a BFF34F8F 		dsb														
  67              	
  68              	@ 0 "" 2
  69              		.thumb
  70              		.syntax unified
  71              	.L3:
  72              	.LBE121:
  73              	.LBE120:
1814:Middlewares/Third_Party/FreeRTOS/Source/tasks.c **** 
  74              		.loc 1 1814 3 discriminator 3 view .LVU14
1814:Middlewares/Third_Party/FreeRTOS/Source/tasks.c **** 
  75              		.loc 1 1814 3 discriminator 3 view .LVU15
  76 001e FEE7     		b	.L3
  77              	.L9:
1818:Middlewares/Third_Party/FreeRTOS/Source/tasks.c **** 		{
1819:Middlewares/Third_Party/FreeRTOS/Source/tasks.c **** 			/* Has the task already been resumed from within an ISR? */
1820:Middlewares/Third_Party/FreeRTOS/Source/tasks.c **** 			if( listIS_CONTAINED_WITHIN( &xPendingReadyList, &( pxTCB->xEventListItem ) ) == pdFALSE )
  78              		.loc 1 1820 4 view .LVU16
  79              		.loc 1 1820 8 is_stmt 0 view .LVU17
  80 0020 836A     		ldr	r3, [r0, #40]
  81              		.loc 1 1820 6 view .LVU18
  82 0022 064A     		ldr	r2, .L10+4
  83 0024 9342     		cmp	r3, r2
  84 0026 02D0     		beq	.L6
1821:Middlewares/Third_Party/FreeRTOS/Source/tasks.c **** 			{
1822:Middlewares/Third_Party/FreeRTOS/Source/tasks.c **** 				/* Is it in the suspended list because it is in the	Suspended
1823:Middlewares/Third_Party/FreeRTOS/Source/tasks.c **** 				state, or because is is blocked with no timeout? */
1824:Middlewares/Third_Party/FreeRTOS/Source/tasks.c **** 				if( listIS_CONTAINED_WITHIN( NULL, &( pxTCB->xEventListItem ) ) != pdFALSE ) /*lint !e961.  The
  85              		.loc 1 1824 5 is_stmt 1 view .LVU19
  86              		.loc 1 1824 7 is_stmt 0 view .LVU20
ARM GAS  /tmp/cchsWuk7.s 			page 38


  87 0028 1BB1     		cbz	r3, .L7
1807:Middlewares/Third_Party/FreeRTOS/Source/tasks.c **** 	const TCB_t * const pxTCB = xTask;
  88              		.loc 1 1807 13 view .LVU21
  89 002a 0020     		movs	r0, #0
  90              	.LVL3:
1807:Middlewares/Third_Party/FreeRTOS/Source/tasks.c **** 	const TCB_t * const pxTCB = xTask;
  91              		.loc 1 1807 13 view .LVU22
  92 002c 7047     		bx	lr
  93              	.LVL4:
  94              	.L6:
1807:Middlewares/Third_Party/FreeRTOS/Source/tasks.c **** 	const TCB_t * const pxTCB = xTask;
  95              		.loc 1 1807 13 view .LVU23
  96 002e 0020     		movs	r0, #0
  97              	.LVL5:
1807:Middlewares/Third_Party/FreeRTOS/Source/tasks.c **** 	const TCB_t * const pxTCB = xTask;
  98              		.loc 1 1807 13 view .LVU24
  99 0030 7047     		bx	lr
 100              	.LVL6:
 101              	.L7:
1825:Middlewares/Third_Party/FreeRTOS/Source/tasks.c **** 				{
1826:Middlewares/Third_Party/FreeRTOS/Source/tasks.c **** 					xReturn = pdTRUE;
 102              		.loc 1 1826 14 view .LVU25
 103 0032 0120     		movs	r0, #1
 104              	.LVL7:
1827:Middlewares/Third_Party/FreeRTOS/Source/tasks.c **** 				}
1828:Middlewares/Third_Party/FreeRTOS/Source/tasks.c **** 				else
1829:Middlewares/Third_Party/FreeRTOS/Source/tasks.c **** 				{
1830:Middlewares/Third_Party/FreeRTOS/Source/tasks.c **** 					mtCOVERAGE_TEST_MARKER();
1831:Middlewares/Third_Party/FreeRTOS/Source/tasks.c **** 				}
1832:Middlewares/Third_Party/FreeRTOS/Source/tasks.c **** 			}
1833:Middlewares/Third_Party/FreeRTOS/Source/tasks.c **** 			else
1834:Middlewares/Third_Party/FreeRTOS/Source/tasks.c **** 			{
1835:Middlewares/Third_Party/FreeRTOS/Source/tasks.c **** 				mtCOVERAGE_TEST_MARKER();
1836:Middlewares/Third_Party/FreeRTOS/Source/tasks.c **** 			}
1837:Middlewares/Third_Party/FreeRTOS/Source/tasks.c **** 		}
1838:Middlewares/Third_Party/FreeRTOS/Source/tasks.c **** 		else
1839:Middlewares/Third_Party/FreeRTOS/Source/tasks.c **** 		{
1840:Middlewares/Third_Party/FreeRTOS/Source/tasks.c **** 			mtCOVERAGE_TEST_MARKER();
 105              		.loc 1 1840 28 is_stmt 1 view .LVU26
1841:Middlewares/Third_Party/FreeRTOS/Source/tasks.c **** 		}
1842:Middlewares/Third_Party/FreeRTOS/Source/tasks.c **** 
1843:Middlewares/Third_Party/FreeRTOS/Source/tasks.c **** 		return xReturn;
 106              		.loc 1 1843 3 view .LVU27
1844:Middlewares/Third_Party/FreeRTOS/Source/tasks.c **** 	} /*lint !e818 xTask cannot be a pointer to const because it is a typedef. */
 107              		.loc 1 1844 2 is_stmt 0 view .LVU28
 108 0034 7047     		bx	lr
 109              	.L11:
 110 0036 00BF     		.align	2
 111              	.L10:
 112 0038 00000000 		.word	xSuspendedTaskList
 113 003c 00000000 		.word	xPendingReadyList
 114              		.cfi_endproc
 115              	.LFE16:
 117              		.section	.text.prvTaskCheckFreeStackSpace,"ax",%progbits
 118              		.align	1
 119              		.syntax unified
 120              		.thumb
ARM GAS  /tmp/cchsWuk7.s 			page 39


 121              		.thumb_func
 123              	prvTaskCheckFreeStackSpace:
 124              	.LVL8:
 125              	.LFB47:
1845:Middlewares/Third_Party/FreeRTOS/Source/tasks.c **** 
1846:Middlewares/Third_Party/FreeRTOS/Source/tasks.c **** #endif /* INCLUDE_vTaskSuspend */
1847:Middlewares/Third_Party/FreeRTOS/Source/tasks.c **** /*-----------------------------------------------------------*/
1848:Middlewares/Third_Party/FreeRTOS/Source/tasks.c **** 
1849:Middlewares/Third_Party/FreeRTOS/Source/tasks.c **** #if ( INCLUDE_vTaskSuspend == 1 )
1850:Middlewares/Third_Party/FreeRTOS/Source/tasks.c **** 
1851:Middlewares/Third_Party/FreeRTOS/Source/tasks.c **** 	void vTaskResume( TaskHandle_t xTaskToResume )
1852:Middlewares/Third_Party/FreeRTOS/Source/tasks.c **** 	{
1853:Middlewares/Third_Party/FreeRTOS/Source/tasks.c **** 	TCB_t * const pxTCB = xTaskToResume;
1854:Middlewares/Third_Party/FreeRTOS/Source/tasks.c **** 
1855:Middlewares/Third_Party/FreeRTOS/Source/tasks.c **** 		/* It does not make sense to resume the calling task. */
1856:Middlewares/Third_Party/FreeRTOS/Source/tasks.c **** 		configASSERT( xTaskToResume );
1857:Middlewares/Third_Party/FreeRTOS/Source/tasks.c **** 
1858:Middlewares/Third_Party/FreeRTOS/Source/tasks.c **** 		/* The parameter cannot be NULL as it is impossible to resume the
1859:Middlewares/Third_Party/FreeRTOS/Source/tasks.c **** 		currently executing task. */
1860:Middlewares/Third_Party/FreeRTOS/Source/tasks.c **** 		if( ( pxTCB != pxCurrentTCB ) && ( pxTCB != NULL ) )
1861:Middlewares/Third_Party/FreeRTOS/Source/tasks.c **** 		{
1862:Middlewares/Third_Party/FreeRTOS/Source/tasks.c **** 			taskENTER_CRITICAL();
1863:Middlewares/Third_Party/FreeRTOS/Source/tasks.c **** 			{
1864:Middlewares/Third_Party/FreeRTOS/Source/tasks.c **** 				if( prvTaskIsTaskSuspended( pxTCB ) != pdFALSE )
1865:Middlewares/Third_Party/FreeRTOS/Source/tasks.c **** 				{
1866:Middlewares/Third_Party/FreeRTOS/Source/tasks.c **** 					traceTASK_RESUME( pxTCB );
1867:Middlewares/Third_Party/FreeRTOS/Source/tasks.c **** 
1868:Middlewares/Third_Party/FreeRTOS/Source/tasks.c **** 					/* The ready list can be accessed even if the scheduler is
1869:Middlewares/Third_Party/FreeRTOS/Source/tasks.c **** 					suspended because this is inside a critical section. */
1870:Middlewares/Third_Party/FreeRTOS/Source/tasks.c **** 					( void ) uxListRemove(  &( pxTCB->xStateListItem ) );
1871:Middlewares/Third_Party/FreeRTOS/Source/tasks.c **** 					prvAddTaskToReadyList( pxTCB );
1872:Middlewares/Third_Party/FreeRTOS/Source/tasks.c **** 
1873:Middlewares/Third_Party/FreeRTOS/Source/tasks.c **** 					/* A higher priority task may have just been resumed. */
1874:Middlewares/Third_Party/FreeRTOS/Source/tasks.c **** 					if( pxTCB->uxPriority >= pxCurrentTCB->uxPriority )
1875:Middlewares/Third_Party/FreeRTOS/Source/tasks.c **** 					{
1876:Middlewares/Third_Party/FreeRTOS/Source/tasks.c **** 						/* This yield may not cause the task just resumed to run,
1877:Middlewares/Third_Party/FreeRTOS/Source/tasks.c **** 						but will leave the lists in the correct state for the
1878:Middlewares/Third_Party/FreeRTOS/Source/tasks.c **** 						next yield. */
1879:Middlewares/Third_Party/FreeRTOS/Source/tasks.c **** 						taskYIELD_IF_USING_PREEMPTION();
1880:Middlewares/Third_Party/FreeRTOS/Source/tasks.c **** 					}
1881:Middlewares/Third_Party/FreeRTOS/Source/tasks.c **** 					else
1882:Middlewares/Third_Party/FreeRTOS/Source/tasks.c **** 					{
1883:Middlewares/Third_Party/FreeRTOS/Source/tasks.c **** 						mtCOVERAGE_TEST_MARKER();
1884:Middlewares/Third_Party/FreeRTOS/Source/tasks.c **** 					}
1885:Middlewares/Third_Party/FreeRTOS/Source/tasks.c **** 				}
1886:Middlewares/Third_Party/FreeRTOS/Source/tasks.c **** 				else
1887:Middlewares/Third_Party/FreeRTOS/Source/tasks.c **** 				{
1888:Middlewares/Third_Party/FreeRTOS/Source/tasks.c **** 					mtCOVERAGE_TEST_MARKER();
1889:Middlewares/Third_Party/FreeRTOS/Source/tasks.c **** 				}
1890:Middlewares/Third_Party/FreeRTOS/Source/tasks.c **** 			}
1891:Middlewares/Third_Party/FreeRTOS/Source/tasks.c **** 			taskEXIT_CRITICAL();
1892:Middlewares/Third_Party/FreeRTOS/Source/tasks.c **** 		}
1893:Middlewares/Third_Party/FreeRTOS/Source/tasks.c **** 		else
1894:Middlewares/Third_Party/FreeRTOS/Source/tasks.c **** 		{
1895:Middlewares/Third_Party/FreeRTOS/Source/tasks.c **** 			mtCOVERAGE_TEST_MARKER();
1896:Middlewares/Third_Party/FreeRTOS/Source/tasks.c **** 		}
1897:Middlewares/Third_Party/FreeRTOS/Source/tasks.c **** 	}
ARM GAS  /tmp/cchsWuk7.s 			page 40


1898:Middlewares/Third_Party/FreeRTOS/Source/tasks.c **** 
1899:Middlewares/Third_Party/FreeRTOS/Source/tasks.c **** #endif /* INCLUDE_vTaskSuspend */
1900:Middlewares/Third_Party/FreeRTOS/Source/tasks.c **** 
1901:Middlewares/Third_Party/FreeRTOS/Source/tasks.c **** /*-----------------------------------------------------------*/
1902:Middlewares/Third_Party/FreeRTOS/Source/tasks.c **** 
1903:Middlewares/Third_Party/FreeRTOS/Source/tasks.c **** #if ( ( INCLUDE_xTaskResumeFromISR == 1 ) && ( INCLUDE_vTaskSuspend == 1 ) )
1904:Middlewares/Third_Party/FreeRTOS/Source/tasks.c **** 
1905:Middlewares/Third_Party/FreeRTOS/Source/tasks.c **** 	BaseType_t xTaskResumeFromISR( TaskHandle_t xTaskToResume )
1906:Middlewares/Third_Party/FreeRTOS/Source/tasks.c **** 	{
1907:Middlewares/Third_Party/FreeRTOS/Source/tasks.c **** 	BaseType_t xYieldRequired = pdFALSE;
1908:Middlewares/Third_Party/FreeRTOS/Source/tasks.c **** 	TCB_t * const pxTCB = xTaskToResume;
1909:Middlewares/Third_Party/FreeRTOS/Source/tasks.c **** 	UBaseType_t uxSavedInterruptStatus;
1910:Middlewares/Third_Party/FreeRTOS/Source/tasks.c **** 
1911:Middlewares/Third_Party/FreeRTOS/Source/tasks.c **** 		configASSERT( xTaskToResume );
1912:Middlewares/Third_Party/FreeRTOS/Source/tasks.c **** 
1913:Middlewares/Third_Party/FreeRTOS/Source/tasks.c **** 		/* RTOS ports that support interrupt nesting have the concept of a
1914:Middlewares/Third_Party/FreeRTOS/Source/tasks.c **** 		maximum	system call (or maximum API call) interrupt priority.
1915:Middlewares/Third_Party/FreeRTOS/Source/tasks.c **** 		Interrupts that are	above the maximum system call priority are keep
1916:Middlewares/Third_Party/FreeRTOS/Source/tasks.c **** 		permanently enabled, even when the RTOS kernel is in a critical section,
1917:Middlewares/Third_Party/FreeRTOS/Source/tasks.c **** 		but cannot make any calls to FreeRTOS API functions.  If configASSERT()
1918:Middlewares/Third_Party/FreeRTOS/Source/tasks.c **** 		is defined in FreeRTOSConfig.h then
1919:Middlewares/Third_Party/FreeRTOS/Source/tasks.c **** 		portASSERT_IF_INTERRUPT_PRIORITY_INVALID() will result in an assertion
1920:Middlewares/Third_Party/FreeRTOS/Source/tasks.c **** 		failure if a FreeRTOS API function is called from an interrupt that has
1921:Middlewares/Third_Party/FreeRTOS/Source/tasks.c **** 		been assigned a priority above the configured maximum system call
1922:Middlewares/Third_Party/FreeRTOS/Source/tasks.c **** 		priority.  Only FreeRTOS functions that end in FromISR can be called
1923:Middlewares/Third_Party/FreeRTOS/Source/tasks.c **** 		from interrupts	that have been assigned a priority at or (logically)
1924:Middlewares/Third_Party/FreeRTOS/Source/tasks.c **** 		below the maximum system call interrupt priority.  FreeRTOS maintains a
1925:Middlewares/Third_Party/FreeRTOS/Source/tasks.c **** 		separate interrupt safe API to ensure interrupt entry is as fast and as
1926:Middlewares/Third_Party/FreeRTOS/Source/tasks.c **** 		simple as possible.  More information (albeit Cortex-M specific) is
1927:Middlewares/Third_Party/FreeRTOS/Source/tasks.c **** 		provided on the following link:
1928:Middlewares/Third_Party/FreeRTOS/Source/tasks.c **** 		https://www.freertos.org/RTOS-Cortex-M3-M4.html */
1929:Middlewares/Third_Party/FreeRTOS/Source/tasks.c **** 		portASSERT_IF_INTERRUPT_PRIORITY_INVALID();
1930:Middlewares/Third_Party/FreeRTOS/Source/tasks.c **** 
1931:Middlewares/Third_Party/FreeRTOS/Source/tasks.c **** 		uxSavedInterruptStatus = portSET_INTERRUPT_MASK_FROM_ISR();
1932:Middlewares/Third_Party/FreeRTOS/Source/tasks.c **** 		{
1933:Middlewares/Third_Party/FreeRTOS/Source/tasks.c **** 			if( prvTaskIsTaskSuspended( pxTCB ) != pdFALSE )
1934:Middlewares/Third_Party/FreeRTOS/Source/tasks.c **** 			{
1935:Middlewares/Third_Party/FreeRTOS/Source/tasks.c **** 				traceTASK_RESUME_FROM_ISR( pxTCB );
1936:Middlewares/Third_Party/FreeRTOS/Source/tasks.c **** 
1937:Middlewares/Third_Party/FreeRTOS/Source/tasks.c **** 				/* Check the ready lists can be accessed. */
1938:Middlewares/Third_Party/FreeRTOS/Source/tasks.c **** 				if( uxSchedulerSuspended == ( UBaseType_t ) pdFALSE )
1939:Middlewares/Third_Party/FreeRTOS/Source/tasks.c **** 				{
1940:Middlewares/Third_Party/FreeRTOS/Source/tasks.c **** 					/* Ready lists can be accessed so move the task from the
1941:Middlewares/Third_Party/FreeRTOS/Source/tasks.c **** 					suspended list to the ready list directly. */
1942:Middlewares/Third_Party/FreeRTOS/Source/tasks.c **** 					if( pxTCB->uxPriority >= pxCurrentTCB->uxPriority )
1943:Middlewares/Third_Party/FreeRTOS/Source/tasks.c **** 					{
1944:Middlewares/Third_Party/FreeRTOS/Source/tasks.c **** 						xYieldRequired = pdTRUE;
1945:Middlewares/Third_Party/FreeRTOS/Source/tasks.c **** 					}
1946:Middlewares/Third_Party/FreeRTOS/Source/tasks.c **** 					else
1947:Middlewares/Third_Party/FreeRTOS/Source/tasks.c **** 					{
1948:Middlewares/Third_Party/FreeRTOS/Source/tasks.c **** 						mtCOVERAGE_TEST_MARKER();
1949:Middlewares/Third_Party/FreeRTOS/Source/tasks.c **** 					}
1950:Middlewares/Third_Party/FreeRTOS/Source/tasks.c **** 
1951:Middlewares/Third_Party/FreeRTOS/Source/tasks.c **** 					( void ) uxListRemove( &( pxTCB->xStateListItem ) );
1952:Middlewares/Third_Party/FreeRTOS/Source/tasks.c **** 					prvAddTaskToReadyList( pxTCB );
1953:Middlewares/Third_Party/FreeRTOS/Source/tasks.c **** 				}
1954:Middlewares/Third_Party/FreeRTOS/Source/tasks.c **** 				else
ARM GAS  /tmp/cchsWuk7.s 			page 41


1955:Middlewares/Third_Party/FreeRTOS/Source/tasks.c **** 				{
1956:Middlewares/Third_Party/FreeRTOS/Source/tasks.c **** 					/* The delayed or ready lists cannot be accessed so the task
1957:Middlewares/Third_Party/FreeRTOS/Source/tasks.c **** 					is held in the pending ready list until the scheduler is
1958:Middlewares/Third_Party/FreeRTOS/Source/tasks.c **** 					unsuspended. */
1959:Middlewares/Third_Party/FreeRTOS/Source/tasks.c **** 					vListInsertEnd( &( xPendingReadyList ), &( pxTCB->xEventListItem ) );
1960:Middlewares/Third_Party/FreeRTOS/Source/tasks.c **** 				}
1961:Middlewares/Third_Party/FreeRTOS/Source/tasks.c **** 			}
1962:Middlewares/Third_Party/FreeRTOS/Source/tasks.c **** 			else
1963:Middlewares/Third_Party/FreeRTOS/Source/tasks.c **** 			{
1964:Middlewares/Third_Party/FreeRTOS/Source/tasks.c **** 				mtCOVERAGE_TEST_MARKER();
1965:Middlewares/Third_Party/FreeRTOS/Source/tasks.c **** 			}
1966:Middlewares/Third_Party/FreeRTOS/Source/tasks.c **** 		}
1967:Middlewares/Third_Party/FreeRTOS/Source/tasks.c **** 		portCLEAR_INTERRUPT_MASK_FROM_ISR( uxSavedInterruptStatus );
1968:Middlewares/Third_Party/FreeRTOS/Source/tasks.c **** 
1969:Middlewares/Third_Party/FreeRTOS/Source/tasks.c **** 		return xYieldRequired;
1970:Middlewares/Third_Party/FreeRTOS/Source/tasks.c **** 	}
1971:Middlewares/Third_Party/FreeRTOS/Source/tasks.c **** 
1972:Middlewares/Third_Party/FreeRTOS/Source/tasks.c **** #endif /* ( ( INCLUDE_xTaskResumeFromISR == 1 ) && ( INCLUDE_vTaskSuspend == 1 ) ) */
1973:Middlewares/Third_Party/FreeRTOS/Source/tasks.c **** /*-----------------------------------------------------------*/
1974:Middlewares/Third_Party/FreeRTOS/Source/tasks.c **** 
1975:Middlewares/Third_Party/FreeRTOS/Source/tasks.c **** void vTaskStartScheduler( void )
1976:Middlewares/Third_Party/FreeRTOS/Source/tasks.c **** {
1977:Middlewares/Third_Party/FreeRTOS/Source/tasks.c **** BaseType_t xReturn;
1978:Middlewares/Third_Party/FreeRTOS/Source/tasks.c **** 
1979:Middlewares/Third_Party/FreeRTOS/Source/tasks.c **** 	/* Add the idle task at the lowest priority. */
1980:Middlewares/Third_Party/FreeRTOS/Source/tasks.c **** 	#if( configSUPPORT_STATIC_ALLOCATION == 1 )
1981:Middlewares/Third_Party/FreeRTOS/Source/tasks.c **** 	{
1982:Middlewares/Third_Party/FreeRTOS/Source/tasks.c **** 		StaticTask_t *pxIdleTaskTCBBuffer = NULL;
1983:Middlewares/Third_Party/FreeRTOS/Source/tasks.c **** 		StackType_t *pxIdleTaskStackBuffer = NULL;
1984:Middlewares/Third_Party/FreeRTOS/Source/tasks.c **** 		uint32_t ulIdleTaskStackSize;
1985:Middlewares/Third_Party/FreeRTOS/Source/tasks.c **** 
1986:Middlewares/Third_Party/FreeRTOS/Source/tasks.c **** 		/* The Idle task is created using user provided RAM - obtain the
1987:Middlewares/Third_Party/FreeRTOS/Source/tasks.c **** 		address of the RAM then create the idle task. */
1988:Middlewares/Third_Party/FreeRTOS/Source/tasks.c **** 		vApplicationGetIdleTaskMemory( &pxIdleTaskTCBBuffer, &pxIdleTaskStackBuffer, &ulIdleTaskStackSize
1989:Middlewares/Third_Party/FreeRTOS/Source/tasks.c **** 		xIdleTaskHandle = xTaskCreateStatic(	prvIdleTask,
1990:Middlewares/Third_Party/FreeRTOS/Source/tasks.c **** 												configIDLE_TASK_NAME,
1991:Middlewares/Third_Party/FreeRTOS/Source/tasks.c **** 												ulIdleTaskStackSize,
1992:Middlewares/Third_Party/FreeRTOS/Source/tasks.c **** 												( void * ) NULL, /*lint !e961.  The cast is not redundant for all compilers. */
1993:Middlewares/Third_Party/FreeRTOS/Source/tasks.c **** 												portPRIVILEGE_BIT, /* In effect ( tskIDLE_PRIORITY | portPRIVILEGE_BIT ), but tskIDLE_P
1994:Middlewares/Third_Party/FreeRTOS/Source/tasks.c **** 												pxIdleTaskStackBuffer,
1995:Middlewares/Third_Party/FreeRTOS/Source/tasks.c **** 												pxIdleTaskTCBBuffer ); /*lint !e961 MISRA exception, justified as it is not a redundant
1996:Middlewares/Third_Party/FreeRTOS/Source/tasks.c **** 
1997:Middlewares/Third_Party/FreeRTOS/Source/tasks.c **** 		if( xIdleTaskHandle != NULL )
1998:Middlewares/Third_Party/FreeRTOS/Source/tasks.c **** 		{
1999:Middlewares/Third_Party/FreeRTOS/Source/tasks.c **** 			xReturn = pdPASS;
2000:Middlewares/Third_Party/FreeRTOS/Source/tasks.c **** 		}
2001:Middlewares/Third_Party/FreeRTOS/Source/tasks.c **** 		else
2002:Middlewares/Third_Party/FreeRTOS/Source/tasks.c **** 		{
2003:Middlewares/Third_Party/FreeRTOS/Source/tasks.c **** 			xReturn = pdFAIL;
2004:Middlewares/Third_Party/FreeRTOS/Source/tasks.c **** 		}
2005:Middlewares/Third_Party/FreeRTOS/Source/tasks.c **** 	}
2006:Middlewares/Third_Party/FreeRTOS/Source/tasks.c **** 	#else
2007:Middlewares/Third_Party/FreeRTOS/Source/tasks.c **** 	{
2008:Middlewares/Third_Party/FreeRTOS/Source/tasks.c **** 		/* The Idle task is being created using dynamically allocated RAM. */
2009:Middlewares/Third_Party/FreeRTOS/Source/tasks.c **** 		xReturn = xTaskCreate(	prvIdleTask,
2010:Middlewares/Third_Party/FreeRTOS/Source/tasks.c **** 								configIDLE_TASK_NAME,
2011:Middlewares/Third_Party/FreeRTOS/Source/tasks.c **** 								configMINIMAL_STACK_SIZE,
ARM GAS  /tmp/cchsWuk7.s 			page 42


2012:Middlewares/Third_Party/FreeRTOS/Source/tasks.c **** 								( void * ) NULL,
2013:Middlewares/Third_Party/FreeRTOS/Source/tasks.c **** 								portPRIVILEGE_BIT, /* In effect ( tskIDLE_PRIORITY | portPRIVILEGE_BIT ), but tskIDLE_PRIOR
2014:Middlewares/Third_Party/FreeRTOS/Source/tasks.c **** 								&xIdleTaskHandle ); /*lint !e961 MISRA exception, justified as it is not a redundant explic
2015:Middlewares/Third_Party/FreeRTOS/Source/tasks.c **** 	}
2016:Middlewares/Third_Party/FreeRTOS/Source/tasks.c **** 	#endif /* configSUPPORT_STATIC_ALLOCATION */
2017:Middlewares/Third_Party/FreeRTOS/Source/tasks.c **** 
2018:Middlewares/Third_Party/FreeRTOS/Source/tasks.c **** 	#if ( configUSE_TIMERS == 1 )
2019:Middlewares/Third_Party/FreeRTOS/Source/tasks.c **** 	{
2020:Middlewares/Third_Party/FreeRTOS/Source/tasks.c **** 		if( xReturn == pdPASS )
2021:Middlewares/Third_Party/FreeRTOS/Source/tasks.c **** 		{
2022:Middlewares/Third_Party/FreeRTOS/Source/tasks.c **** 			xReturn = xTimerCreateTimerTask();
2023:Middlewares/Third_Party/FreeRTOS/Source/tasks.c **** 		}
2024:Middlewares/Third_Party/FreeRTOS/Source/tasks.c **** 		else
2025:Middlewares/Third_Party/FreeRTOS/Source/tasks.c **** 		{
2026:Middlewares/Third_Party/FreeRTOS/Source/tasks.c **** 			mtCOVERAGE_TEST_MARKER();
2027:Middlewares/Third_Party/FreeRTOS/Source/tasks.c **** 		}
2028:Middlewares/Third_Party/FreeRTOS/Source/tasks.c **** 	}
2029:Middlewares/Third_Party/FreeRTOS/Source/tasks.c **** 	#endif /* configUSE_TIMERS */
2030:Middlewares/Third_Party/FreeRTOS/Source/tasks.c **** 
2031:Middlewares/Third_Party/FreeRTOS/Source/tasks.c **** 	if( xReturn == pdPASS )
2032:Middlewares/Third_Party/FreeRTOS/Source/tasks.c **** 	{
2033:Middlewares/Third_Party/FreeRTOS/Source/tasks.c **** 		/* freertos_tasks_c_additions_init() should only be called if the user
2034:Middlewares/Third_Party/FreeRTOS/Source/tasks.c **** 		definable macro FREERTOS_TASKS_C_ADDITIONS_INIT() is defined, as that is
2035:Middlewares/Third_Party/FreeRTOS/Source/tasks.c **** 		the only macro called by the function. */
2036:Middlewares/Third_Party/FreeRTOS/Source/tasks.c **** 		#ifdef FREERTOS_TASKS_C_ADDITIONS_INIT
2037:Middlewares/Third_Party/FreeRTOS/Source/tasks.c **** 		{
2038:Middlewares/Third_Party/FreeRTOS/Source/tasks.c **** 			freertos_tasks_c_additions_init();
2039:Middlewares/Third_Party/FreeRTOS/Source/tasks.c **** 		}
2040:Middlewares/Third_Party/FreeRTOS/Source/tasks.c **** 		#endif
2041:Middlewares/Third_Party/FreeRTOS/Source/tasks.c **** 
2042:Middlewares/Third_Party/FreeRTOS/Source/tasks.c **** 		/* Interrupts are turned off here, to ensure a tick does not occur
2043:Middlewares/Third_Party/FreeRTOS/Source/tasks.c **** 		before or during the call to xPortStartScheduler().  The stacks of
2044:Middlewares/Third_Party/FreeRTOS/Source/tasks.c **** 		the created tasks contain a status word with interrupts switched on
2045:Middlewares/Third_Party/FreeRTOS/Source/tasks.c **** 		so interrupts will automatically get re-enabled when the first task
2046:Middlewares/Third_Party/FreeRTOS/Source/tasks.c **** 		starts to run. */
2047:Middlewares/Third_Party/FreeRTOS/Source/tasks.c **** 		portDISABLE_INTERRUPTS();
2048:Middlewares/Third_Party/FreeRTOS/Source/tasks.c **** 
2049:Middlewares/Third_Party/FreeRTOS/Source/tasks.c **** 		#if ( configUSE_NEWLIB_REENTRANT == 1 )
2050:Middlewares/Third_Party/FreeRTOS/Source/tasks.c **** 		{
2051:Middlewares/Third_Party/FreeRTOS/Source/tasks.c **** 			/* Switch Newlib's _impure_ptr variable to point to the _reent
2052:Middlewares/Third_Party/FreeRTOS/Source/tasks.c **** 			structure specific to the task that will run first.
2053:Middlewares/Third_Party/FreeRTOS/Source/tasks.c **** 			See the third party link http://www.nadler.com/embedded/newlibAndFreeRTOS.html
2054:Middlewares/Third_Party/FreeRTOS/Source/tasks.c **** 			for additional information. */
2055:Middlewares/Third_Party/FreeRTOS/Source/tasks.c **** 			_impure_ptr = &( pxCurrentTCB->xNewLib_reent );
2056:Middlewares/Third_Party/FreeRTOS/Source/tasks.c **** 		}
2057:Middlewares/Third_Party/FreeRTOS/Source/tasks.c **** 		#endif /* configUSE_NEWLIB_REENTRANT */
2058:Middlewares/Third_Party/FreeRTOS/Source/tasks.c **** 
2059:Middlewares/Third_Party/FreeRTOS/Source/tasks.c **** 		xNextTaskUnblockTime = portMAX_DELAY;
2060:Middlewares/Third_Party/FreeRTOS/Source/tasks.c **** 		xSchedulerRunning = pdTRUE;
2061:Middlewares/Third_Party/FreeRTOS/Source/tasks.c **** 		xTickCount = ( TickType_t ) configINITIAL_TICK_COUNT;
2062:Middlewares/Third_Party/FreeRTOS/Source/tasks.c **** 
2063:Middlewares/Third_Party/FreeRTOS/Source/tasks.c **** 		/* If configGENERATE_RUN_TIME_STATS is defined then the following
2064:Middlewares/Third_Party/FreeRTOS/Source/tasks.c **** 		macro must be defined to configure the timer/counter used to generate
2065:Middlewares/Third_Party/FreeRTOS/Source/tasks.c **** 		the run time counter time base.   NOTE:  If configGENERATE_RUN_TIME_STATS
2066:Middlewares/Third_Party/FreeRTOS/Source/tasks.c **** 		is set to 0 and the following line fails to build then ensure you do not
2067:Middlewares/Third_Party/FreeRTOS/Source/tasks.c **** 		have portCONFIGURE_TIMER_FOR_RUN_TIME_STATS() defined in your
2068:Middlewares/Third_Party/FreeRTOS/Source/tasks.c **** 		FreeRTOSConfig.h file. */
ARM GAS  /tmp/cchsWuk7.s 			page 43


2069:Middlewares/Third_Party/FreeRTOS/Source/tasks.c **** 		portCONFIGURE_TIMER_FOR_RUN_TIME_STATS();
2070:Middlewares/Third_Party/FreeRTOS/Source/tasks.c **** 
2071:Middlewares/Third_Party/FreeRTOS/Source/tasks.c **** 		traceTASK_SWITCHED_IN();
2072:Middlewares/Third_Party/FreeRTOS/Source/tasks.c **** 
2073:Middlewares/Third_Party/FreeRTOS/Source/tasks.c **** 		/* Setting up the timer tick is hardware specific and thus in the
2074:Middlewares/Third_Party/FreeRTOS/Source/tasks.c **** 		portable interface. */
2075:Middlewares/Third_Party/FreeRTOS/Source/tasks.c **** 		if( xPortStartScheduler() != pdFALSE )
2076:Middlewares/Third_Party/FreeRTOS/Source/tasks.c **** 		{
2077:Middlewares/Third_Party/FreeRTOS/Source/tasks.c **** 			/* Should not reach here as if the scheduler is running the
2078:Middlewares/Third_Party/FreeRTOS/Source/tasks.c **** 			function will not return. */
2079:Middlewares/Third_Party/FreeRTOS/Source/tasks.c **** 		}
2080:Middlewares/Third_Party/FreeRTOS/Source/tasks.c **** 		else
2081:Middlewares/Third_Party/FreeRTOS/Source/tasks.c **** 		{
2082:Middlewares/Third_Party/FreeRTOS/Source/tasks.c **** 			/* Should only reach here if a task calls xTaskEndScheduler(). */
2083:Middlewares/Third_Party/FreeRTOS/Source/tasks.c **** 		}
2084:Middlewares/Third_Party/FreeRTOS/Source/tasks.c **** 	}
2085:Middlewares/Third_Party/FreeRTOS/Source/tasks.c **** 	else
2086:Middlewares/Third_Party/FreeRTOS/Source/tasks.c **** 	{
2087:Middlewares/Third_Party/FreeRTOS/Source/tasks.c **** 		/* This line will only be reached if the kernel could not be started,
2088:Middlewares/Third_Party/FreeRTOS/Source/tasks.c **** 		because there was not enough FreeRTOS heap to create the idle task
2089:Middlewares/Third_Party/FreeRTOS/Source/tasks.c **** 		or the timer task. */
2090:Middlewares/Third_Party/FreeRTOS/Source/tasks.c **** 		configASSERT( xReturn != errCOULD_NOT_ALLOCATE_REQUIRED_MEMORY );
2091:Middlewares/Third_Party/FreeRTOS/Source/tasks.c **** 	}
2092:Middlewares/Third_Party/FreeRTOS/Source/tasks.c **** 
2093:Middlewares/Third_Party/FreeRTOS/Source/tasks.c **** 	/* Prevent compiler warnings if INCLUDE_xTaskGetIdleTaskHandle is set to 0,
2094:Middlewares/Third_Party/FreeRTOS/Source/tasks.c **** 	meaning xIdleTaskHandle is not used anywhere else. */
2095:Middlewares/Third_Party/FreeRTOS/Source/tasks.c **** 	( void ) xIdleTaskHandle;
2096:Middlewares/Third_Party/FreeRTOS/Source/tasks.c **** }
2097:Middlewares/Third_Party/FreeRTOS/Source/tasks.c **** /*-----------------------------------------------------------*/
2098:Middlewares/Third_Party/FreeRTOS/Source/tasks.c **** 
2099:Middlewares/Third_Party/FreeRTOS/Source/tasks.c **** void vTaskEndScheduler( void )
2100:Middlewares/Third_Party/FreeRTOS/Source/tasks.c **** {
2101:Middlewares/Third_Party/FreeRTOS/Source/tasks.c **** 	/* Stop the scheduler interrupts and call the portable scheduler end
2102:Middlewares/Third_Party/FreeRTOS/Source/tasks.c **** 	routine so the original ISRs can be restored if necessary.  The port
2103:Middlewares/Third_Party/FreeRTOS/Source/tasks.c **** 	layer must ensure interrupts enable	bit is left in the correct state. */
2104:Middlewares/Third_Party/FreeRTOS/Source/tasks.c **** 	portDISABLE_INTERRUPTS();
2105:Middlewares/Third_Party/FreeRTOS/Source/tasks.c **** 	xSchedulerRunning = pdFALSE;
2106:Middlewares/Third_Party/FreeRTOS/Source/tasks.c **** 	vPortEndScheduler();
2107:Middlewares/Third_Party/FreeRTOS/Source/tasks.c **** }
2108:Middlewares/Third_Party/FreeRTOS/Source/tasks.c **** /*----------------------------------------------------------*/
2109:Middlewares/Third_Party/FreeRTOS/Source/tasks.c **** 
2110:Middlewares/Third_Party/FreeRTOS/Source/tasks.c **** void vTaskSuspendAll( void )
2111:Middlewares/Third_Party/FreeRTOS/Source/tasks.c **** {
2112:Middlewares/Third_Party/FreeRTOS/Source/tasks.c **** 	/* A critical section is not required as the variable is of type
2113:Middlewares/Third_Party/FreeRTOS/Source/tasks.c **** 	BaseType_t.  Please read Richard Barry's reply in the following link to a
2114:Middlewares/Third_Party/FreeRTOS/Source/tasks.c **** 	post in the FreeRTOS support forum before reporting this as a bug! -
2115:Middlewares/Third_Party/FreeRTOS/Source/tasks.c **** 	http://goo.gl/wu4acr */
2116:Middlewares/Third_Party/FreeRTOS/Source/tasks.c **** 
2117:Middlewares/Third_Party/FreeRTOS/Source/tasks.c **** 	/* portSOFRWARE_BARRIER() is only implemented for emulated/simulated ports that
2118:Middlewares/Third_Party/FreeRTOS/Source/tasks.c **** 	do not otherwise exhibit real time behaviour. */
2119:Middlewares/Third_Party/FreeRTOS/Source/tasks.c **** 	portSOFTWARE_BARRIER();
2120:Middlewares/Third_Party/FreeRTOS/Source/tasks.c **** 
2121:Middlewares/Third_Party/FreeRTOS/Source/tasks.c **** 	/* The scheduler is suspended if uxSchedulerSuspended is non-zero.  An increment
2122:Middlewares/Third_Party/FreeRTOS/Source/tasks.c **** 	is used to allow calls to vTaskSuspendAll() to nest. */
2123:Middlewares/Third_Party/FreeRTOS/Source/tasks.c **** 	++uxSchedulerSuspended;
2124:Middlewares/Third_Party/FreeRTOS/Source/tasks.c **** 
2125:Middlewares/Third_Party/FreeRTOS/Source/tasks.c **** 	/* Enforces ordering for ports and optimised compilers that may otherwise place
ARM GAS  /tmp/cchsWuk7.s 			page 44


2126:Middlewares/Third_Party/FreeRTOS/Source/tasks.c **** 	the above increment elsewhere. */
2127:Middlewares/Third_Party/FreeRTOS/Source/tasks.c **** 	portMEMORY_BARRIER();
2128:Middlewares/Third_Party/FreeRTOS/Source/tasks.c **** }
2129:Middlewares/Third_Party/FreeRTOS/Source/tasks.c **** /*----------------------------------------------------------*/
2130:Middlewares/Third_Party/FreeRTOS/Source/tasks.c **** 
2131:Middlewares/Third_Party/FreeRTOS/Source/tasks.c **** #if ( configUSE_TICKLESS_IDLE != 0 )
2132:Middlewares/Third_Party/FreeRTOS/Source/tasks.c **** 
2133:Middlewares/Third_Party/FreeRTOS/Source/tasks.c **** 	static TickType_t prvGetExpectedIdleTime( void )
2134:Middlewares/Third_Party/FreeRTOS/Source/tasks.c **** 	{
2135:Middlewares/Third_Party/FreeRTOS/Source/tasks.c **** 	TickType_t xReturn;
2136:Middlewares/Third_Party/FreeRTOS/Source/tasks.c **** 	UBaseType_t uxHigherPriorityReadyTasks = pdFALSE;
2137:Middlewares/Third_Party/FreeRTOS/Source/tasks.c **** 
2138:Middlewares/Third_Party/FreeRTOS/Source/tasks.c **** 		/* uxHigherPriorityReadyTasks takes care of the case where
2139:Middlewares/Third_Party/FreeRTOS/Source/tasks.c **** 		configUSE_PREEMPTION is 0, so there may be tasks above the idle priority
2140:Middlewares/Third_Party/FreeRTOS/Source/tasks.c **** 		task that are in the Ready state, even though the idle task is
2141:Middlewares/Third_Party/FreeRTOS/Source/tasks.c **** 		running. */
2142:Middlewares/Third_Party/FreeRTOS/Source/tasks.c **** 		#if( configUSE_PORT_OPTIMISED_TASK_SELECTION == 0 )
2143:Middlewares/Third_Party/FreeRTOS/Source/tasks.c **** 		{
2144:Middlewares/Third_Party/FreeRTOS/Source/tasks.c **** 			if( uxTopReadyPriority > tskIDLE_PRIORITY )
2145:Middlewares/Third_Party/FreeRTOS/Source/tasks.c **** 			{
2146:Middlewares/Third_Party/FreeRTOS/Source/tasks.c **** 				uxHigherPriorityReadyTasks = pdTRUE;
2147:Middlewares/Third_Party/FreeRTOS/Source/tasks.c **** 			}
2148:Middlewares/Third_Party/FreeRTOS/Source/tasks.c **** 		}
2149:Middlewares/Third_Party/FreeRTOS/Source/tasks.c **** 		#else
2150:Middlewares/Third_Party/FreeRTOS/Source/tasks.c **** 		{
2151:Middlewares/Third_Party/FreeRTOS/Source/tasks.c **** 			const UBaseType_t uxLeastSignificantBit = ( UBaseType_t ) 0x01;
2152:Middlewares/Third_Party/FreeRTOS/Source/tasks.c **** 
2153:Middlewares/Third_Party/FreeRTOS/Source/tasks.c **** 			/* When port optimised task selection is used the uxTopReadyPriority
2154:Middlewares/Third_Party/FreeRTOS/Source/tasks.c **** 			variable is used as a bit map.  If bits other than the least
2155:Middlewares/Third_Party/FreeRTOS/Source/tasks.c **** 			significant bit are set then there are tasks that have a priority
2156:Middlewares/Third_Party/FreeRTOS/Source/tasks.c **** 			above the idle priority that are in the Ready state.  This takes
2157:Middlewares/Third_Party/FreeRTOS/Source/tasks.c **** 			care of the case where the co-operative scheduler is in use. */
2158:Middlewares/Third_Party/FreeRTOS/Source/tasks.c **** 			if( uxTopReadyPriority > uxLeastSignificantBit )
2159:Middlewares/Third_Party/FreeRTOS/Source/tasks.c **** 			{
2160:Middlewares/Third_Party/FreeRTOS/Source/tasks.c **** 				uxHigherPriorityReadyTasks = pdTRUE;
2161:Middlewares/Third_Party/FreeRTOS/Source/tasks.c **** 			}
2162:Middlewares/Third_Party/FreeRTOS/Source/tasks.c **** 		}
2163:Middlewares/Third_Party/FreeRTOS/Source/tasks.c **** 		#endif
2164:Middlewares/Third_Party/FreeRTOS/Source/tasks.c **** 
2165:Middlewares/Third_Party/FreeRTOS/Source/tasks.c **** 		if( pxCurrentTCB->uxPriority > tskIDLE_PRIORITY )
2166:Middlewares/Third_Party/FreeRTOS/Source/tasks.c **** 		{
2167:Middlewares/Third_Party/FreeRTOS/Source/tasks.c **** 			xReturn = 0;
2168:Middlewares/Third_Party/FreeRTOS/Source/tasks.c **** 		}
2169:Middlewares/Third_Party/FreeRTOS/Source/tasks.c **** 		else if( listCURRENT_LIST_LENGTH( &( pxReadyTasksLists[ tskIDLE_PRIORITY ] ) ) > 1 )
2170:Middlewares/Third_Party/FreeRTOS/Source/tasks.c **** 		{
2171:Middlewares/Third_Party/FreeRTOS/Source/tasks.c **** 			/* There are other idle priority tasks in the ready state.  If
2172:Middlewares/Third_Party/FreeRTOS/Source/tasks.c **** 			time slicing is used then the very next tick interrupt must be
2173:Middlewares/Third_Party/FreeRTOS/Source/tasks.c **** 			processed. */
2174:Middlewares/Third_Party/FreeRTOS/Source/tasks.c **** 			xReturn = 0;
2175:Middlewares/Third_Party/FreeRTOS/Source/tasks.c **** 		}
2176:Middlewares/Third_Party/FreeRTOS/Source/tasks.c **** 		else if( uxHigherPriorityReadyTasks != pdFALSE )
2177:Middlewares/Third_Party/FreeRTOS/Source/tasks.c **** 		{
2178:Middlewares/Third_Party/FreeRTOS/Source/tasks.c **** 			/* There are tasks in the Ready state that have a priority above the
2179:Middlewares/Third_Party/FreeRTOS/Source/tasks.c **** 			idle priority.  This path can only be reached if
2180:Middlewares/Third_Party/FreeRTOS/Source/tasks.c **** 			configUSE_PREEMPTION is 0. */
2181:Middlewares/Third_Party/FreeRTOS/Source/tasks.c **** 			xReturn = 0;
2182:Middlewares/Third_Party/FreeRTOS/Source/tasks.c **** 		}
ARM GAS  /tmp/cchsWuk7.s 			page 45


2183:Middlewares/Third_Party/FreeRTOS/Source/tasks.c **** 		else
2184:Middlewares/Third_Party/FreeRTOS/Source/tasks.c **** 		{
2185:Middlewares/Third_Party/FreeRTOS/Source/tasks.c **** 			xReturn = xNextTaskUnblockTime - xTickCount;
2186:Middlewares/Third_Party/FreeRTOS/Source/tasks.c **** 		}
2187:Middlewares/Third_Party/FreeRTOS/Source/tasks.c **** 
2188:Middlewares/Third_Party/FreeRTOS/Source/tasks.c **** 		return xReturn;
2189:Middlewares/Third_Party/FreeRTOS/Source/tasks.c **** 	}
2190:Middlewares/Third_Party/FreeRTOS/Source/tasks.c **** 
2191:Middlewares/Third_Party/FreeRTOS/Source/tasks.c **** #endif /* configUSE_TICKLESS_IDLE */
2192:Middlewares/Third_Party/FreeRTOS/Source/tasks.c **** /*----------------------------------------------------------*/
2193:Middlewares/Third_Party/FreeRTOS/Source/tasks.c **** 
2194:Middlewares/Third_Party/FreeRTOS/Source/tasks.c **** BaseType_t xTaskResumeAll( void )
2195:Middlewares/Third_Party/FreeRTOS/Source/tasks.c **** {
2196:Middlewares/Third_Party/FreeRTOS/Source/tasks.c **** TCB_t *pxTCB = NULL;
2197:Middlewares/Third_Party/FreeRTOS/Source/tasks.c **** BaseType_t xAlreadyYielded = pdFALSE;
2198:Middlewares/Third_Party/FreeRTOS/Source/tasks.c **** 
2199:Middlewares/Third_Party/FreeRTOS/Source/tasks.c **** 	/* If uxSchedulerSuspended is zero then this function does not match a
2200:Middlewares/Third_Party/FreeRTOS/Source/tasks.c **** 	previous call to vTaskSuspendAll(). */
2201:Middlewares/Third_Party/FreeRTOS/Source/tasks.c **** 	configASSERT( uxSchedulerSuspended );
2202:Middlewares/Third_Party/FreeRTOS/Source/tasks.c **** 
2203:Middlewares/Third_Party/FreeRTOS/Source/tasks.c **** 	/* It is possible that an ISR caused a task to be removed from an event
2204:Middlewares/Third_Party/FreeRTOS/Source/tasks.c **** 	list while the scheduler was suspended.  If this was the case then the
2205:Middlewares/Third_Party/FreeRTOS/Source/tasks.c **** 	removed task will have been added to the xPendingReadyList.  Once the
2206:Middlewares/Third_Party/FreeRTOS/Source/tasks.c **** 	scheduler has been resumed it is safe to move all the pending ready
2207:Middlewares/Third_Party/FreeRTOS/Source/tasks.c **** 	tasks from this list into their appropriate ready list. */
2208:Middlewares/Third_Party/FreeRTOS/Source/tasks.c **** 	taskENTER_CRITICAL();
2209:Middlewares/Third_Party/FreeRTOS/Source/tasks.c **** 	{
2210:Middlewares/Third_Party/FreeRTOS/Source/tasks.c **** 		--uxSchedulerSuspended;
2211:Middlewares/Third_Party/FreeRTOS/Source/tasks.c **** 
2212:Middlewares/Third_Party/FreeRTOS/Source/tasks.c **** 		if( uxSchedulerSuspended == ( UBaseType_t ) pdFALSE )
2213:Middlewares/Third_Party/FreeRTOS/Source/tasks.c **** 		{
2214:Middlewares/Third_Party/FreeRTOS/Source/tasks.c **** 			if( uxCurrentNumberOfTasks > ( UBaseType_t ) 0U )
2215:Middlewares/Third_Party/FreeRTOS/Source/tasks.c **** 			{
2216:Middlewares/Third_Party/FreeRTOS/Source/tasks.c **** 				/* Move any readied tasks from the pending list into the
2217:Middlewares/Third_Party/FreeRTOS/Source/tasks.c **** 				appropriate ready list. */
2218:Middlewares/Third_Party/FreeRTOS/Source/tasks.c **** 				while( listLIST_IS_EMPTY( &xPendingReadyList ) == pdFALSE )
2219:Middlewares/Third_Party/FreeRTOS/Source/tasks.c **** 				{
2220:Middlewares/Third_Party/FreeRTOS/Source/tasks.c **** 					pxTCB = listGET_OWNER_OF_HEAD_ENTRY( ( &xPendingReadyList ) ); /*lint !e9079 void * is used as
2221:Middlewares/Third_Party/FreeRTOS/Source/tasks.c **** 					( void ) uxListRemove( &( pxTCB->xEventListItem ) );
2222:Middlewares/Third_Party/FreeRTOS/Source/tasks.c **** 					( void ) uxListRemove( &( pxTCB->xStateListItem ) );
2223:Middlewares/Third_Party/FreeRTOS/Source/tasks.c **** 					prvAddTaskToReadyList( pxTCB );
2224:Middlewares/Third_Party/FreeRTOS/Source/tasks.c **** 
2225:Middlewares/Third_Party/FreeRTOS/Source/tasks.c **** 					/* If the moved task has a priority higher than the current
2226:Middlewares/Third_Party/FreeRTOS/Source/tasks.c **** 					task then a yield must be performed. */
2227:Middlewares/Third_Party/FreeRTOS/Source/tasks.c **** 					if( pxTCB->uxPriority >= pxCurrentTCB->uxPriority )
2228:Middlewares/Third_Party/FreeRTOS/Source/tasks.c **** 					{
2229:Middlewares/Third_Party/FreeRTOS/Source/tasks.c **** 						xYieldPending = pdTRUE;
2230:Middlewares/Third_Party/FreeRTOS/Source/tasks.c **** 					}
2231:Middlewares/Third_Party/FreeRTOS/Source/tasks.c **** 					else
2232:Middlewares/Third_Party/FreeRTOS/Source/tasks.c **** 					{
2233:Middlewares/Third_Party/FreeRTOS/Source/tasks.c **** 						mtCOVERAGE_TEST_MARKER();
2234:Middlewares/Third_Party/FreeRTOS/Source/tasks.c **** 					}
2235:Middlewares/Third_Party/FreeRTOS/Source/tasks.c **** 				}
2236:Middlewares/Third_Party/FreeRTOS/Source/tasks.c **** 
2237:Middlewares/Third_Party/FreeRTOS/Source/tasks.c **** 				if( pxTCB != NULL )
2238:Middlewares/Third_Party/FreeRTOS/Source/tasks.c **** 				{
2239:Middlewares/Third_Party/FreeRTOS/Source/tasks.c **** 					/* A task was unblocked while the scheduler was suspended,
ARM GAS  /tmp/cchsWuk7.s 			page 46


2240:Middlewares/Third_Party/FreeRTOS/Source/tasks.c **** 					which may have prevented the next unblock time from being
2241:Middlewares/Third_Party/FreeRTOS/Source/tasks.c **** 					re-calculated, in which case re-calculate it now.  Mainly
2242:Middlewares/Third_Party/FreeRTOS/Source/tasks.c **** 					important for low power tickless implementations, where
2243:Middlewares/Third_Party/FreeRTOS/Source/tasks.c **** 					this can prevent an unnecessary exit from low power
2244:Middlewares/Third_Party/FreeRTOS/Source/tasks.c **** 					state. */
2245:Middlewares/Third_Party/FreeRTOS/Source/tasks.c **** 					prvResetNextTaskUnblockTime();
2246:Middlewares/Third_Party/FreeRTOS/Source/tasks.c **** 				}
2247:Middlewares/Third_Party/FreeRTOS/Source/tasks.c **** 
2248:Middlewares/Third_Party/FreeRTOS/Source/tasks.c **** 				/* If any ticks occurred while the scheduler was suspended then
2249:Middlewares/Third_Party/FreeRTOS/Source/tasks.c **** 				they should be processed now.  This ensures the tick count does
2250:Middlewares/Third_Party/FreeRTOS/Source/tasks.c **** 				not	slip, and that any delayed tasks are resumed at the correct
2251:Middlewares/Third_Party/FreeRTOS/Source/tasks.c **** 				time. */
2252:Middlewares/Third_Party/FreeRTOS/Source/tasks.c **** 				{
2253:Middlewares/Third_Party/FreeRTOS/Source/tasks.c **** 					TickType_t xPendedCounts = xPendedTicks; /* Non-volatile copy. */
2254:Middlewares/Third_Party/FreeRTOS/Source/tasks.c **** 
2255:Middlewares/Third_Party/FreeRTOS/Source/tasks.c **** 					if( xPendedCounts > ( TickType_t ) 0U )
2256:Middlewares/Third_Party/FreeRTOS/Source/tasks.c **** 					{
2257:Middlewares/Third_Party/FreeRTOS/Source/tasks.c **** 						do
2258:Middlewares/Third_Party/FreeRTOS/Source/tasks.c **** 						{
2259:Middlewares/Third_Party/FreeRTOS/Source/tasks.c **** 							if( xTaskIncrementTick() != pdFALSE )
2260:Middlewares/Third_Party/FreeRTOS/Source/tasks.c **** 							{
2261:Middlewares/Third_Party/FreeRTOS/Source/tasks.c **** 								xYieldPending = pdTRUE;
2262:Middlewares/Third_Party/FreeRTOS/Source/tasks.c **** 							}
2263:Middlewares/Third_Party/FreeRTOS/Source/tasks.c **** 							else
2264:Middlewares/Third_Party/FreeRTOS/Source/tasks.c **** 							{
2265:Middlewares/Third_Party/FreeRTOS/Source/tasks.c **** 								mtCOVERAGE_TEST_MARKER();
2266:Middlewares/Third_Party/FreeRTOS/Source/tasks.c **** 							}
2267:Middlewares/Third_Party/FreeRTOS/Source/tasks.c **** 							--xPendedCounts;
2268:Middlewares/Third_Party/FreeRTOS/Source/tasks.c **** 						} while( xPendedCounts > ( TickType_t ) 0U );
2269:Middlewares/Third_Party/FreeRTOS/Source/tasks.c **** 
2270:Middlewares/Third_Party/FreeRTOS/Source/tasks.c **** 						xPendedTicks = 0;
2271:Middlewares/Third_Party/FreeRTOS/Source/tasks.c **** 					}
2272:Middlewares/Third_Party/FreeRTOS/Source/tasks.c **** 					else
2273:Middlewares/Third_Party/FreeRTOS/Source/tasks.c **** 					{
2274:Middlewares/Third_Party/FreeRTOS/Source/tasks.c **** 						mtCOVERAGE_TEST_MARKER();
2275:Middlewares/Third_Party/FreeRTOS/Source/tasks.c **** 					}
2276:Middlewares/Third_Party/FreeRTOS/Source/tasks.c **** 				}
2277:Middlewares/Third_Party/FreeRTOS/Source/tasks.c **** 
2278:Middlewares/Third_Party/FreeRTOS/Source/tasks.c **** 				if( xYieldPending != pdFALSE )
2279:Middlewares/Third_Party/FreeRTOS/Source/tasks.c **** 				{
2280:Middlewares/Third_Party/FreeRTOS/Source/tasks.c **** 					#if( configUSE_PREEMPTION != 0 )
2281:Middlewares/Third_Party/FreeRTOS/Source/tasks.c **** 					{
2282:Middlewares/Third_Party/FreeRTOS/Source/tasks.c **** 						xAlreadyYielded = pdTRUE;
2283:Middlewares/Third_Party/FreeRTOS/Source/tasks.c **** 					}
2284:Middlewares/Third_Party/FreeRTOS/Source/tasks.c **** 					#endif
2285:Middlewares/Third_Party/FreeRTOS/Source/tasks.c **** 					taskYIELD_IF_USING_PREEMPTION();
2286:Middlewares/Third_Party/FreeRTOS/Source/tasks.c **** 				}
2287:Middlewares/Third_Party/FreeRTOS/Source/tasks.c **** 				else
2288:Middlewares/Third_Party/FreeRTOS/Source/tasks.c **** 				{
2289:Middlewares/Third_Party/FreeRTOS/Source/tasks.c **** 					mtCOVERAGE_TEST_MARKER();
2290:Middlewares/Third_Party/FreeRTOS/Source/tasks.c **** 				}
2291:Middlewares/Third_Party/FreeRTOS/Source/tasks.c **** 			}
2292:Middlewares/Third_Party/FreeRTOS/Source/tasks.c **** 		}
2293:Middlewares/Third_Party/FreeRTOS/Source/tasks.c **** 		else
2294:Middlewares/Third_Party/FreeRTOS/Source/tasks.c **** 		{
2295:Middlewares/Third_Party/FreeRTOS/Source/tasks.c **** 			mtCOVERAGE_TEST_MARKER();
2296:Middlewares/Third_Party/FreeRTOS/Source/tasks.c **** 		}
ARM GAS  /tmp/cchsWuk7.s 			page 47


2297:Middlewares/Third_Party/FreeRTOS/Source/tasks.c **** 	}
2298:Middlewares/Third_Party/FreeRTOS/Source/tasks.c **** 	taskEXIT_CRITICAL();
2299:Middlewares/Third_Party/FreeRTOS/Source/tasks.c **** 
2300:Middlewares/Third_Party/FreeRTOS/Source/tasks.c **** 	return xAlreadyYielded;
2301:Middlewares/Third_Party/FreeRTOS/Source/tasks.c **** }
2302:Middlewares/Third_Party/FreeRTOS/Source/tasks.c **** /*-----------------------------------------------------------*/
2303:Middlewares/Third_Party/FreeRTOS/Source/tasks.c **** 
2304:Middlewares/Third_Party/FreeRTOS/Source/tasks.c **** TickType_t xTaskGetTickCount( void )
2305:Middlewares/Third_Party/FreeRTOS/Source/tasks.c **** {
2306:Middlewares/Third_Party/FreeRTOS/Source/tasks.c **** TickType_t xTicks;
2307:Middlewares/Third_Party/FreeRTOS/Source/tasks.c **** 
2308:Middlewares/Third_Party/FreeRTOS/Source/tasks.c **** 	/* Critical section required if running on a 16 bit processor. */
2309:Middlewares/Third_Party/FreeRTOS/Source/tasks.c **** 	portTICK_TYPE_ENTER_CRITICAL();
2310:Middlewares/Third_Party/FreeRTOS/Source/tasks.c **** 	{
2311:Middlewares/Third_Party/FreeRTOS/Source/tasks.c **** 		xTicks = xTickCount;
2312:Middlewares/Third_Party/FreeRTOS/Source/tasks.c **** 	}
2313:Middlewares/Third_Party/FreeRTOS/Source/tasks.c **** 	portTICK_TYPE_EXIT_CRITICAL();
2314:Middlewares/Third_Party/FreeRTOS/Source/tasks.c **** 
2315:Middlewares/Third_Party/FreeRTOS/Source/tasks.c **** 	return xTicks;
2316:Middlewares/Third_Party/FreeRTOS/Source/tasks.c **** }
2317:Middlewares/Third_Party/FreeRTOS/Source/tasks.c **** /*-----------------------------------------------------------*/
2318:Middlewares/Third_Party/FreeRTOS/Source/tasks.c **** 
2319:Middlewares/Third_Party/FreeRTOS/Source/tasks.c **** TickType_t xTaskGetTickCountFromISR( void )
2320:Middlewares/Third_Party/FreeRTOS/Source/tasks.c **** {
2321:Middlewares/Third_Party/FreeRTOS/Source/tasks.c **** TickType_t xReturn;
2322:Middlewares/Third_Party/FreeRTOS/Source/tasks.c **** UBaseType_t uxSavedInterruptStatus;
2323:Middlewares/Third_Party/FreeRTOS/Source/tasks.c **** 
2324:Middlewares/Third_Party/FreeRTOS/Source/tasks.c **** 	/* RTOS ports that support interrupt nesting have the concept of a maximum
2325:Middlewares/Third_Party/FreeRTOS/Source/tasks.c **** 	system call (or maximum API call) interrupt priority.  Interrupts that are
2326:Middlewares/Third_Party/FreeRTOS/Source/tasks.c **** 	above the maximum system call priority are kept permanently enabled, even
2327:Middlewares/Third_Party/FreeRTOS/Source/tasks.c **** 	when the RTOS kernel is in a critical section, but cannot make any calls to
2328:Middlewares/Third_Party/FreeRTOS/Source/tasks.c **** 	FreeRTOS API functions.  If configASSERT() is defined in FreeRTOSConfig.h
2329:Middlewares/Third_Party/FreeRTOS/Source/tasks.c **** 	then portASSERT_IF_INTERRUPT_PRIORITY_INVALID() will result in an assertion
2330:Middlewares/Third_Party/FreeRTOS/Source/tasks.c **** 	failure if a FreeRTOS API function is called from an interrupt that has been
2331:Middlewares/Third_Party/FreeRTOS/Source/tasks.c **** 	assigned a priority above the configured maximum system call priority.
2332:Middlewares/Third_Party/FreeRTOS/Source/tasks.c **** 	Only FreeRTOS functions that end in FromISR can be called from interrupts
2333:Middlewares/Third_Party/FreeRTOS/Source/tasks.c **** 	that have been assigned a priority at or (logically) below the maximum
2334:Middlewares/Third_Party/FreeRTOS/Source/tasks.c **** 	system call	interrupt priority.  FreeRTOS maintains a separate interrupt
2335:Middlewares/Third_Party/FreeRTOS/Source/tasks.c **** 	safe API to ensure interrupt entry is as fast and as simple as possible.
2336:Middlewares/Third_Party/FreeRTOS/Source/tasks.c **** 	More information (albeit Cortex-M specific) is provided on the following
2337:Middlewares/Third_Party/FreeRTOS/Source/tasks.c **** 	link: https://www.freertos.org/RTOS-Cortex-M3-M4.html */
2338:Middlewares/Third_Party/FreeRTOS/Source/tasks.c **** 	portASSERT_IF_INTERRUPT_PRIORITY_INVALID();
2339:Middlewares/Third_Party/FreeRTOS/Source/tasks.c **** 
2340:Middlewares/Third_Party/FreeRTOS/Source/tasks.c **** 	uxSavedInterruptStatus = portTICK_TYPE_SET_INTERRUPT_MASK_FROM_ISR();
2341:Middlewares/Third_Party/FreeRTOS/Source/tasks.c **** 	{
2342:Middlewares/Third_Party/FreeRTOS/Source/tasks.c **** 		xReturn = xTickCount;
2343:Middlewares/Third_Party/FreeRTOS/Source/tasks.c **** 	}
2344:Middlewares/Third_Party/FreeRTOS/Source/tasks.c **** 	portTICK_TYPE_CLEAR_INTERRUPT_MASK_FROM_ISR( uxSavedInterruptStatus );
2345:Middlewares/Third_Party/FreeRTOS/Source/tasks.c **** 
2346:Middlewares/Third_Party/FreeRTOS/Source/tasks.c **** 	return xReturn;
2347:Middlewares/Third_Party/FreeRTOS/Source/tasks.c **** }
2348:Middlewares/Third_Party/FreeRTOS/Source/tasks.c **** /*-----------------------------------------------------------*/
2349:Middlewares/Third_Party/FreeRTOS/Source/tasks.c **** 
2350:Middlewares/Third_Party/FreeRTOS/Source/tasks.c **** UBaseType_t uxTaskGetNumberOfTasks( void )
2351:Middlewares/Third_Party/FreeRTOS/Source/tasks.c **** {
2352:Middlewares/Third_Party/FreeRTOS/Source/tasks.c **** 	/* A critical section is not required because the variables are of type
2353:Middlewares/Third_Party/FreeRTOS/Source/tasks.c **** 	BaseType_t. */
ARM GAS  /tmp/cchsWuk7.s 			page 48


2354:Middlewares/Third_Party/FreeRTOS/Source/tasks.c **** 	return uxCurrentNumberOfTasks;
2355:Middlewares/Third_Party/FreeRTOS/Source/tasks.c **** }
2356:Middlewares/Third_Party/FreeRTOS/Source/tasks.c **** /*-----------------------------------------------------------*/
2357:Middlewares/Third_Party/FreeRTOS/Source/tasks.c **** 
2358:Middlewares/Third_Party/FreeRTOS/Source/tasks.c **** char *pcTaskGetName( TaskHandle_t xTaskToQuery ) /*lint !e971 Unqualified char types are allowed fo
2359:Middlewares/Third_Party/FreeRTOS/Source/tasks.c **** {
2360:Middlewares/Third_Party/FreeRTOS/Source/tasks.c **** TCB_t *pxTCB;
2361:Middlewares/Third_Party/FreeRTOS/Source/tasks.c **** 
2362:Middlewares/Third_Party/FreeRTOS/Source/tasks.c **** 	/* If null is passed in here then the name of the calling task is being
2363:Middlewares/Third_Party/FreeRTOS/Source/tasks.c **** 	queried. */
2364:Middlewares/Third_Party/FreeRTOS/Source/tasks.c **** 	pxTCB = prvGetTCBFromHandle( xTaskToQuery );
2365:Middlewares/Third_Party/FreeRTOS/Source/tasks.c **** 	configASSERT( pxTCB );
2366:Middlewares/Third_Party/FreeRTOS/Source/tasks.c **** 	return &( pxTCB->pcTaskName[ 0 ] );
2367:Middlewares/Third_Party/FreeRTOS/Source/tasks.c **** }
2368:Middlewares/Third_Party/FreeRTOS/Source/tasks.c **** /*-----------------------------------------------------------*/
2369:Middlewares/Third_Party/FreeRTOS/Source/tasks.c **** 
2370:Middlewares/Third_Party/FreeRTOS/Source/tasks.c **** #if ( INCLUDE_xTaskGetHandle == 1 )
2371:Middlewares/Third_Party/FreeRTOS/Source/tasks.c **** 
2372:Middlewares/Third_Party/FreeRTOS/Source/tasks.c **** 	static TCB_t *prvSearchForNameWithinSingleList( List_t *pxList, const char pcNameToQuery[] )
2373:Middlewares/Third_Party/FreeRTOS/Source/tasks.c **** 	{
2374:Middlewares/Third_Party/FreeRTOS/Source/tasks.c **** 	TCB_t *pxNextTCB, *pxFirstTCB, *pxReturn = NULL;
2375:Middlewares/Third_Party/FreeRTOS/Source/tasks.c **** 	UBaseType_t x;
2376:Middlewares/Third_Party/FreeRTOS/Source/tasks.c **** 	char cNextChar;
2377:Middlewares/Third_Party/FreeRTOS/Source/tasks.c **** 	BaseType_t xBreakLoop;
2378:Middlewares/Third_Party/FreeRTOS/Source/tasks.c **** 
2379:Middlewares/Third_Party/FreeRTOS/Source/tasks.c **** 		/* This function is called with the scheduler suspended. */
2380:Middlewares/Third_Party/FreeRTOS/Source/tasks.c **** 
2381:Middlewares/Third_Party/FreeRTOS/Source/tasks.c **** 		if( listCURRENT_LIST_LENGTH( pxList ) > ( UBaseType_t ) 0 )
2382:Middlewares/Third_Party/FreeRTOS/Source/tasks.c **** 		{
2383:Middlewares/Third_Party/FreeRTOS/Source/tasks.c **** 			listGET_OWNER_OF_NEXT_ENTRY( pxFirstTCB, pxList );  /*lint !e9079 void * is used as this macro i
2384:Middlewares/Third_Party/FreeRTOS/Source/tasks.c **** 
2385:Middlewares/Third_Party/FreeRTOS/Source/tasks.c **** 			do
2386:Middlewares/Third_Party/FreeRTOS/Source/tasks.c **** 			{
2387:Middlewares/Third_Party/FreeRTOS/Source/tasks.c **** 				listGET_OWNER_OF_NEXT_ENTRY( pxNextTCB, pxList ); /*lint !e9079 void * is used as this macro is
2388:Middlewares/Third_Party/FreeRTOS/Source/tasks.c **** 
2389:Middlewares/Third_Party/FreeRTOS/Source/tasks.c **** 				/* Check each character in the name looking for a match or
2390:Middlewares/Third_Party/FreeRTOS/Source/tasks.c **** 				mismatch. */
2391:Middlewares/Third_Party/FreeRTOS/Source/tasks.c **** 				xBreakLoop = pdFALSE;
2392:Middlewares/Third_Party/FreeRTOS/Source/tasks.c **** 				for( x = ( UBaseType_t ) 0; x < ( UBaseType_t ) configMAX_TASK_NAME_LEN; x++ )
2393:Middlewares/Third_Party/FreeRTOS/Source/tasks.c **** 				{
2394:Middlewares/Third_Party/FreeRTOS/Source/tasks.c **** 					cNextChar = pxNextTCB->pcTaskName[ x ];
2395:Middlewares/Third_Party/FreeRTOS/Source/tasks.c **** 
2396:Middlewares/Third_Party/FreeRTOS/Source/tasks.c **** 					if( cNextChar != pcNameToQuery[ x ] )
2397:Middlewares/Third_Party/FreeRTOS/Source/tasks.c **** 					{
2398:Middlewares/Third_Party/FreeRTOS/Source/tasks.c **** 						/* Characters didn't match. */
2399:Middlewares/Third_Party/FreeRTOS/Source/tasks.c **** 						xBreakLoop = pdTRUE;
2400:Middlewares/Third_Party/FreeRTOS/Source/tasks.c **** 					}
2401:Middlewares/Third_Party/FreeRTOS/Source/tasks.c **** 					else if( cNextChar == ( char ) 0x00 )
2402:Middlewares/Third_Party/FreeRTOS/Source/tasks.c **** 					{
2403:Middlewares/Third_Party/FreeRTOS/Source/tasks.c **** 						/* Both strings terminated, a match must have been
2404:Middlewares/Third_Party/FreeRTOS/Source/tasks.c **** 						found. */
2405:Middlewares/Third_Party/FreeRTOS/Source/tasks.c **** 						pxReturn = pxNextTCB;
2406:Middlewares/Third_Party/FreeRTOS/Source/tasks.c **** 						xBreakLoop = pdTRUE;
2407:Middlewares/Third_Party/FreeRTOS/Source/tasks.c **** 					}
2408:Middlewares/Third_Party/FreeRTOS/Source/tasks.c **** 					else
2409:Middlewares/Third_Party/FreeRTOS/Source/tasks.c **** 					{
2410:Middlewares/Third_Party/FreeRTOS/Source/tasks.c **** 						mtCOVERAGE_TEST_MARKER();
ARM GAS  /tmp/cchsWuk7.s 			page 49


2411:Middlewares/Third_Party/FreeRTOS/Source/tasks.c **** 					}
2412:Middlewares/Third_Party/FreeRTOS/Source/tasks.c **** 
2413:Middlewares/Third_Party/FreeRTOS/Source/tasks.c **** 					if( xBreakLoop != pdFALSE )
2414:Middlewares/Third_Party/FreeRTOS/Source/tasks.c **** 					{
2415:Middlewares/Third_Party/FreeRTOS/Source/tasks.c **** 						break;
2416:Middlewares/Third_Party/FreeRTOS/Source/tasks.c **** 					}
2417:Middlewares/Third_Party/FreeRTOS/Source/tasks.c **** 				}
2418:Middlewares/Third_Party/FreeRTOS/Source/tasks.c **** 
2419:Middlewares/Third_Party/FreeRTOS/Source/tasks.c **** 				if( pxReturn != NULL )
2420:Middlewares/Third_Party/FreeRTOS/Source/tasks.c **** 				{
2421:Middlewares/Third_Party/FreeRTOS/Source/tasks.c **** 					/* The handle has been found. */
2422:Middlewares/Third_Party/FreeRTOS/Source/tasks.c **** 					break;
2423:Middlewares/Third_Party/FreeRTOS/Source/tasks.c **** 				}
2424:Middlewares/Third_Party/FreeRTOS/Source/tasks.c **** 
2425:Middlewares/Third_Party/FreeRTOS/Source/tasks.c **** 			} while( pxNextTCB != pxFirstTCB );
2426:Middlewares/Third_Party/FreeRTOS/Source/tasks.c **** 		}
2427:Middlewares/Third_Party/FreeRTOS/Source/tasks.c **** 		else
2428:Middlewares/Third_Party/FreeRTOS/Source/tasks.c **** 		{
2429:Middlewares/Third_Party/FreeRTOS/Source/tasks.c **** 			mtCOVERAGE_TEST_MARKER();
2430:Middlewares/Third_Party/FreeRTOS/Source/tasks.c **** 		}
2431:Middlewares/Third_Party/FreeRTOS/Source/tasks.c **** 
2432:Middlewares/Third_Party/FreeRTOS/Source/tasks.c **** 		return pxReturn;
2433:Middlewares/Third_Party/FreeRTOS/Source/tasks.c **** 	}
2434:Middlewares/Third_Party/FreeRTOS/Source/tasks.c **** 
2435:Middlewares/Third_Party/FreeRTOS/Source/tasks.c **** #endif /* INCLUDE_xTaskGetHandle */
2436:Middlewares/Third_Party/FreeRTOS/Source/tasks.c **** /*-----------------------------------------------------------*/
2437:Middlewares/Third_Party/FreeRTOS/Source/tasks.c **** 
2438:Middlewares/Third_Party/FreeRTOS/Source/tasks.c **** #if ( INCLUDE_xTaskGetHandle == 1 )
2439:Middlewares/Third_Party/FreeRTOS/Source/tasks.c **** 
2440:Middlewares/Third_Party/FreeRTOS/Source/tasks.c **** 	TaskHandle_t xTaskGetHandle( const char *pcNameToQuery ) /*lint !e971 Unqualified char types are a
2441:Middlewares/Third_Party/FreeRTOS/Source/tasks.c **** 	{
2442:Middlewares/Third_Party/FreeRTOS/Source/tasks.c **** 	UBaseType_t uxQueue = configMAX_PRIORITIES;
2443:Middlewares/Third_Party/FreeRTOS/Source/tasks.c **** 	TCB_t* pxTCB;
2444:Middlewares/Third_Party/FreeRTOS/Source/tasks.c **** 
2445:Middlewares/Third_Party/FreeRTOS/Source/tasks.c **** 		/* Task names will be truncated to configMAX_TASK_NAME_LEN - 1 bytes. */
2446:Middlewares/Third_Party/FreeRTOS/Source/tasks.c **** 		configASSERT( strlen( pcNameToQuery ) < configMAX_TASK_NAME_LEN );
2447:Middlewares/Third_Party/FreeRTOS/Source/tasks.c **** 
2448:Middlewares/Third_Party/FreeRTOS/Source/tasks.c **** 		vTaskSuspendAll();
2449:Middlewares/Third_Party/FreeRTOS/Source/tasks.c **** 		{
2450:Middlewares/Third_Party/FreeRTOS/Source/tasks.c **** 			/* Search the ready lists. */
2451:Middlewares/Third_Party/FreeRTOS/Source/tasks.c **** 			do
2452:Middlewares/Third_Party/FreeRTOS/Source/tasks.c **** 			{
2453:Middlewares/Third_Party/FreeRTOS/Source/tasks.c **** 				uxQueue--;
2454:Middlewares/Third_Party/FreeRTOS/Source/tasks.c **** 				pxTCB = prvSearchForNameWithinSingleList( ( List_t * ) &( pxReadyTasksLists[ uxQueue ] ), pcNam
2455:Middlewares/Third_Party/FreeRTOS/Source/tasks.c **** 
2456:Middlewares/Third_Party/FreeRTOS/Source/tasks.c **** 				if( pxTCB != NULL )
2457:Middlewares/Third_Party/FreeRTOS/Source/tasks.c **** 				{
2458:Middlewares/Third_Party/FreeRTOS/Source/tasks.c **** 					/* Found the handle. */
2459:Middlewares/Third_Party/FreeRTOS/Source/tasks.c **** 					break;
2460:Middlewares/Third_Party/FreeRTOS/Source/tasks.c **** 				}
2461:Middlewares/Third_Party/FreeRTOS/Source/tasks.c **** 
2462:Middlewares/Third_Party/FreeRTOS/Source/tasks.c **** 			} while( uxQueue > ( UBaseType_t ) tskIDLE_PRIORITY ); /*lint !e961 MISRA exception as the casts
2463:Middlewares/Third_Party/FreeRTOS/Source/tasks.c **** 
2464:Middlewares/Third_Party/FreeRTOS/Source/tasks.c **** 			/* Search the delayed lists. */
2465:Middlewares/Third_Party/FreeRTOS/Source/tasks.c **** 			if( pxTCB == NULL )
2466:Middlewares/Third_Party/FreeRTOS/Source/tasks.c **** 			{
2467:Middlewares/Third_Party/FreeRTOS/Source/tasks.c **** 				pxTCB = prvSearchForNameWithinSingleList( ( List_t * ) pxDelayedTaskList, pcNameToQuery );
ARM GAS  /tmp/cchsWuk7.s 			page 50


2468:Middlewares/Third_Party/FreeRTOS/Source/tasks.c **** 			}
2469:Middlewares/Third_Party/FreeRTOS/Source/tasks.c **** 
2470:Middlewares/Third_Party/FreeRTOS/Source/tasks.c **** 			if( pxTCB == NULL )
2471:Middlewares/Third_Party/FreeRTOS/Source/tasks.c **** 			{
2472:Middlewares/Third_Party/FreeRTOS/Source/tasks.c **** 				pxTCB = prvSearchForNameWithinSingleList( ( List_t * ) pxOverflowDelayedTaskList, pcNameToQuery
2473:Middlewares/Third_Party/FreeRTOS/Source/tasks.c **** 			}
2474:Middlewares/Third_Party/FreeRTOS/Source/tasks.c **** 
2475:Middlewares/Third_Party/FreeRTOS/Source/tasks.c **** 			#if ( INCLUDE_vTaskSuspend == 1 )
2476:Middlewares/Third_Party/FreeRTOS/Source/tasks.c **** 			{
2477:Middlewares/Third_Party/FreeRTOS/Source/tasks.c **** 				if( pxTCB == NULL )
2478:Middlewares/Third_Party/FreeRTOS/Source/tasks.c **** 				{
2479:Middlewares/Third_Party/FreeRTOS/Source/tasks.c **** 					/* Search the suspended list. */
2480:Middlewares/Third_Party/FreeRTOS/Source/tasks.c **** 					pxTCB = prvSearchForNameWithinSingleList( &xSuspendedTaskList, pcNameToQuery );
2481:Middlewares/Third_Party/FreeRTOS/Source/tasks.c **** 				}
2482:Middlewares/Third_Party/FreeRTOS/Source/tasks.c **** 			}
2483:Middlewares/Third_Party/FreeRTOS/Source/tasks.c **** 			#endif
2484:Middlewares/Third_Party/FreeRTOS/Source/tasks.c **** 
2485:Middlewares/Third_Party/FreeRTOS/Source/tasks.c **** 			#if( INCLUDE_vTaskDelete == 1 )
2486:Middlewares/Third_Party/FreeRTOS/Source/tasks.c **** 			{
2487:Middlewares/Third_Party/FreeRTOS/Source/tasks.c **** 				if( pxTCB == NULL )
2488:Middlewares/Third_Party/FreeRTOS/Source/tasks.c **** 				{
2489:Middlewares/Third_Party/FreeRTOS/Source/tasks.c **** 					/* Search the deleted list. */
2490:Middlewares/Third_Party/FreeRTOS/Source/tasks.c **** 					pxTCB = prvSearchForNameWithinSingleList( &xTasksWaitingTermination, pcNameToQuery );
2491:Middlewares/Third_Party/FreeRTOS/Source/tasks.c **** 				}
2492:Middlewares/Third_Party/FreeRTOS/Source/tasks.c **** 			}
2493:Middlewares/Third_Party/FreeRTOS/Source/tasks.c **** 			#endif
2494:Middlewares/Third_Party/FreeRTOS/Source/tasks.c **** 		}
2495:Middlewares/Third_Party/FreeRTOS/Source/tasks.c **** 		( void ) xTaskResumeAll();
2496:Middlewares/Third_Party/FreeRTOS/Source/tasks.c **** 
2497:Middlewares/Third_Party/FreeRTOS/Source/tasks.c **** 		return pxTCB;
2498:Middlewares/Third_Party/FreeRTOS/Source/tasks.c **** 	}
2499:Middlewares/Third_Party/FreeRTOS/Source/tasks.c **** 
2500:Middlewares/Third_Party/FreeRTOS/Source/tasks.c **** #endif /* INCLUDE_xTaskGetHandle */
2501:Middlewares/Third_Party/FreeRTOS/Source/tasks.c **** /*-----------------------------------------------------------*/
2502:Middlewares/Third_Party/FreeRTOS/Source/tasks.c **** 
2503:Middlewares/Third_Party/FreeRTOS/Source/tasks.c **** #if ( configUSE_TRACE_FACILITY == 1 )
2504:Middlewares/Third_Party/FreeRTOS/Source/tasks.c **** 
2505:Middlewares/Third_Party/FreeRTOS/Source/tasks.c **** 	UBaseType_t uxTaskGetSystemState( TaskStatus_t * const pxTaskStatusArray, const UBaseType_t uxArra
2506:Middlewares/Third_Party/FreeRTOS/Source/tasks.c **** 	{
2507:Middlewares/Third_Party/FreeRTOS/Source/tasks.c **** 	UBaseType_t uxTask = 0, uxQueue = configMAX_PRIORITIES;
2508:Middlewares/Third_Party/FreeRTOS/Source/tasks.c **** 
2509:Middlewares/Third_Party/FreeRTOS/Source/tasks.c **** 		vTaskSuspendAll();
2510:Middlewares/Third_Party/FreeRTOS/Source/tasks.c **** 		{
2511:Middlewares/Third_Party/FreeRTOS/Source/tasks.c **** 			/* Is there a space in the array for each task in the system? */
2512:Middlewares/Third_Party/FreeRTOS/Source/tasks.c **** 			if( uxArraySize >= uxCurrentNumberOfTasks )
2513:Middlewares/Third_Party/FreeRTOS/Source/tasks.c **** 			{
2514:Middlewares/Third_Party/FreeRTOS/Source/tasks.c **** 				/* Fill in an TaskStatus_t structure with information on each
2515:Middlewares/Third_Party/FreeRTOS/Source/tasks.c **** 				task in the Ready state. */
2516:Middlewares/Third_Party/FreeRTOS/Source/tasks.c **** 				do
2517:Middlewares/Third_Party/FreeRTOS/Source/tasks.c **** 				{
2518:Middlewares/Third_Party/FreeRTOS/Source/tasks.c **** 					uxQueue--;
2519:Middlewares/Third_Party/FreeRTOS/Source/tasks.c **** 					uxTask += prvListTasksWithinSingleList( &( pxTaskStatusArray[ uxTask ] ), &( pxReadyTasksLists
2520:Middlewares/Third_Party/FreeRTOS/Source/tasks.c **** 
2521:Middlewares/Third_Party/FreeRTOS/Source/tasks.c **** 				} while( uxQueue > ( UBaseType_t ) tskIDLE_PRIORITY ); /*lint !e961 MISRA exception as the cast
2522:Middlewares/Third_Party/FreeRTOS/Source/tasks.c **** 
2523:Middlewares/Third_Party/FreeRTOS/Source/tasks.c **** 				/* Fill in an TaskStatus_t structure with information on each
2524:Middlewares/Third_Party/FreeRTOS/Source/tasks.c **** 				task in the Blocked state. */
ARM GAS  /tmp/cchsWuk7.s 			page 51


2525:Middlewares/Third_Party/FreeRTOS/Source/tasks.c **** 				uxTask += prvListTasksWithinSingleList( &( pxTaskStatusArray[ uxTask ] ), ( List_t * ) pxDelaye
2526:Middlewares/Third_Party/FreeRTOS/Source/tasks.c **** 				uxTask += prvListTasksWithinSingleList( &( pxTaskStatusArray[ uxTask ] ), ( List_t * ) pxOverfl
2527:Middlewares/Third_Party/FreeRTOS/Source/tasks.c **** 
2528:Middlewares/Third_Party/FreeRTOS/Source/tasks.c **** 				#if( INCLUDE_vTaskDelete == 1 )
2529:Middlewares/Third_Party/FreeRTOS/Source/tasks.c **** 				{
2530:Middlewares/Third_Party/FreeRTOS/Source/tasks.c **** 					/* Fill in an TaskStatus_t structure with information on
2531:Middlewares/Third_Party/FreeRTOS/Source/tasks.c **** 					each task that has been deleted but not yet cleaned up. */
2532:Middlewares/Third_Party/FreeRTOS/Source/tasks.c **** 					uxTask += prvListTasksWithinSingleList( &( pxTaskStatusArray[ uxTask ] ), &xTasksWaitingTermin
2533:Middlewares/Third_Party/FreeRTOS/Source/tasks.c **** 				}
2534:Middlewares/Third_Party/FreeRTOS/Source/tasks.c **** 				#endif
2535:Middlewares/Third_Party/FreeRTOS/Source/tasks.c **** 
2536:Middlewares/Third_Party/FreeRTOS/Source/tasks.c **** 				#if ( INCLUDE_vTaskSuspend == 1 )
2537:Middlewares/Third_Party/FreeRTOS/Source/tasks.c **** 				{
2538:Middlewares/Third_Party/FreeRTOS/Source/tasks.c **** 					/* Fill in an TaskStatus_t structure with information on
2539:Middlewares/Third_Party/FreeRTOS/Source/tasks.c **** 					each task in the Suspended state. */
2540:Middlewares/Third_Party/FreeRTOS/Source/tasks.c **** 					uxTask += prvListTasksWithinSingleList( &( pxTaskStatusArray[ uxTask ] ), &xSuspendedTaskList,
2541:Middlewares/Third_Party/FreeRTOS/Source/tasks.c **** 				}
2542:Middlewares/Third_Party/FreeRTOS/Source/tasks.c **** 				#endif
2543:Middlewares/Third_Party/FreeRTOS/Source/tasks.c **** 
2544:Middlewares/Third_Party/FreeRTOS/Source/tasks.c **** 				#if ( configGENERATE_RUN_TIME_STATS == 1)
2545:Middlewares/Third_Party/FreeRTOS/Source/tasks.c **** 				{
2546:Middlewares/Third_Party/FreeRTOS/Source/tasks.c **** 					if( pulTotalRunTime != NULL )
2547:Middlewares/Third_Party/FreeRTOS/Source/tasks.c **** 					{
2548:Middlewares/Third_Party/FreeRTOS/Source/tasks.c **** 						#ifdef portALT_GET_RUN_TIME_COUNTER_VALUE
2549:Middlewares/Third_Party/FreeRTOS/Source/tasks.c **** 							portALT_GET_RUN_TIME_COUNTER_VALUE( ( *pulTotalRunTime ) );
2550:Middlewares/Third_Party/FreeRTOS/Source/tasks.c **** 						#else
2551:Middlewares/Third_Party/FreeRTOS/Source/tasks.c **** 							*pulTotalRunTime = portGET_RUN_TIME_COUNTER_VALUE();
2552:Middlewares/Third_Party/FreeRTOS/Source/tasks.c **** 						#endif
2553:Middlewares/Third_Party/FreeRTOS/Source/tasks.c **** 					}
2554:Middlewares/Third_Party/FreeRTOS/Source/tasks.c **** 				}
2555:Middlewares/Third_Party/FreeRTOS/Source/tasks.c **** 				#else
2556:Middlewares/Third_Party/FreeRTOS/Source/tasks.c **** 				{
2557:Middlewares/Third_Party/FreeRTOS/Source/tasks.c **** 					if( pulTotalRunTime != NULL )
2558:Middlewares/Third_Party/FreeRTOS/Source/tasks.c **** 					{
2559:Middlewares/Third_Party/FreeRTOS/Source/tasks.c **** 						*pulTotalRunTime = 0;
2560:Middlewares/Third_Party/FreeRTOS/Source/tasks.c **** 					}
2561:Middlewares/Third_Party/FreeRTOS/Source/tasks.c **** 				}
2562:Middlewares/Third_Party/FreeRTOS/Source/tasks.c **** 				#endif
2563:Middlewares/Third_Party/FreeRTOS/Source/tasks.c **** 			}
2564:Middlewares/Third_Party/FreeRTOS/Source/tasks.c **** 			else
2565:Middlewares/Third_Party/FreeRTOS/Source/tasks.c **** 			{
2566:Middlewares/Third_Party/FreeRTOS/Source/tasks.c **** 				mtCOVERAGE_TEST_MARKER();
2567:Middlewares/Third_Party/FreeRTOS/Source/tasks.c **** 			}
2568:Middlewares/Third_Party/FreeRTOS/Source/tasks.c **** 		}
2569:Middlewares/Third_Party/FreeRTOS/Source/tasks.c **** 		( void ) xTaskResumeAll();
2570:Middlewares/Third_Party/FreeRTOS/Source/tasks.c **** 
2571:Middlewares/Third_Party/FreeRTOS/Source/tasks.c **** 		return uxTask;
2572:Middlewares/Third_Party/FreeRTOS/Source/tasks.c **** 	}
2573:Middlewares/Third_Party/FreeRTOS/Source/tasks.c **** 
2574:Middlewares/Third_Party/FreeRTOS/Source/tasks.c **** #endif /* configUSE_TRACE_FACILITY */
2575:Middlewares/Third_Party/FreeRTOS/Source/tasks.c **** /*----------------------------------------------------------*/
2576:Middlewares/Third_Party/FreeRTOS/Source/tasks.c **** 
2577:Middlewares/Third_Party/FreeRTOS/Source/tasks.c **** #if ( INCLUDE_xTaskGetIdleTaskHandle == 1 )
2578:Middlewares/Third_Party/FreeRTOS/Source/tasks.c **** 
2579:Middlewares/Third_Party/FreeRTOS/Source/tasks.c **** 	TaskHandle_t xTaskGetIdleTaskHandle( void )
2580:Middlewares/Third_Party/FreeRTOS/Source/tasks.c **** 	{
2581:Middlewares/Third_Party/FreeRTOS/Source/tasks.c **** 		/* If xTaskGetIdleTaskHandle() is called before the scheduler has been
ARM GAS  /tmp/cchsWuk7.s 			page 52


2582:Middlewares/Third_Party/FreeRTOS/Source/tasks.c **** 		started, then xIdleTaskHandle will be NULL. */
2583:Middlewares/Third_Party/FreeRTOS/Source/tasks.c **** 		configASSERT( ( xIdleTaskHandle != NULL ) );
2584:Middlewares/Third_Party/FreeRTOS/Source/tasks.c **** 		return xIdleTaskHandle;
2585:Middlewares/Third_Party/FreeRTOS/Source/tasks.c **** 	}
2586:Middlewares/Third_Party/FreeRTOS/Source/tasks.c **** 
2587:Middlewares/Third_Party/FreeRTOS/Source/tasks.c **** #endif /* INCLUDE_xTaskGetIdleTaskHandle */
2588:Middlewares/Third_Party/FreeRTOS/Source/tasks.c **** /*----------------------------------------------------------*/
2589:Middlewares/Third_Party/FreeRTOS/Source/tasks.c **** 
2590:Middlewares/Third_Party/FreeRTOS/Source/tasks.c **** /* This conditional compilation should use inequality to 0, not equality to 1.
2591:Middlewares/Third_Party/FreeRTOS/Source/tasks.c **** This is to ensure vTaskStepTick() is available when user defined low power mode
2592:Middlewares/Third_Party/FreeRTOS/Source/tasks.c **** implementations require configUSE_TICKLESS_IDLE to be set to a value other than
2593:Middlewares/Third_Party/FreeRTOS/Source/tasks.c **** 1. */
2594:Middlewares/Third_Party/FreeRTOS/Source/tasks.c **** #if ( configUSE_TICKLESS_IDLE != 0 )
2595:Middlewares/Third_Party/FreeRTOS/Source/tasks.c **** 
2596:Middlewares/Third_Party/FreeRTOS/Source/tasks.c **** 	void vTaskStepTick( const TickType_t xTicksToJump )
2597:Middlewares/Third_Party/FreeRTOS/Source/tasks.c **** 	{
2598:Middlewares/Third_Party/FreeRTOS/Source/tasks.c **** 		/* Correct the tick count value after a period during which the tick
2599:Middlewares/Third_Party/FreeRTOS/Source/tasks.c **** 		was suppressed.  Note this does *not* call the tick hook function for
2600:Middlewares/Third_Party/FreeRTOS/Source/tasks.c **** 		each stepped tick. */
2601:Middlewares/Third_Party/FreeRTOS/Source/tasks.c **** 		configASSERT( ( xTickCount + xTicksToJump ) <= xNextTaskUnblockTime );
2602:Middlewares/Third_Party/FreeRTOS/Source/tasks.c **** 		xTickCount += xTicksToJump;
2603:Middlewares/Third_Party/FreeRTOS/Source/tasks.c **** 		traceINCREASE_TICK_COUNT( xTicksToJump );
2604:Middlewares/Third_Party/FreeRTOS/Source/tasks.c **** 	}
2605:Middlewares/Third_Party/FreeRTOS/Source/tasks.c **** 
2606:Middlewares/Third_Party/FreeRTOS/Source/tasks.c **** #endif /* configUSE_TICKLESS_IDLE */
2607:Middlewares/Third_Party/FreeRTOS/Source/tasks.c **** /*----------------------------------------------------------*/
2608:Middlewares/Third_Party/FreeRTOS/Source/tasks.c **** 
2609:Middlewares/Third_Party/FreeRTOS/Source/tasks.c **** BaseType_t xTaskCatchUpTicks( TickType_t xTicksToCatchUp )
2610:Middlewares/Third_Party/FreeRTOS/Source/tasks.c **** {
2611:Middlewares/Third_Party/FreeRTOS/Source/tasks.c **** BaseType_t xYieldRequired = pdFALSE;
2612:Middlewares/Third_Party/FreeRTOS/Source/tasks.c **** 
2613:Middlewares/Third_Party/FreeRTOS/Source/tasks.c **** 	/* Must not be called with the scheduler suspended as the implementation
2614:Middlewares/Third_Party/FreeRTOS/Source/tasks.c **** 	relies on xPendedTicks being wound down to 0 in xTaskResumeAll(). */
2615:Middlewares/Third_Party/FreeRTOS/Source/tasks.c **** 	configASSERT( uxSchedulerSuspended == 0 );
2616:Middlewares/Third_Party/FreeRTOS/Source/tasks.c **** 
2617:Middlewares/Third_Party/FreeRTOS/Source/tasks.c **** 	/* Use xPendedTicks to mimic xTicksToCatchUp number of ticks occurring when
2618:Middlewares/Third_Party/FreeRTOS/Source/tasks.c **** 	the scheduler is suspended so the ticks are executed in xTaskResumeAll(). */
2619:Middlewares/Third_Party/FreeRTOS/Source/tasks.c **** 	vTaskSuspendAll();
2620:Middlewares/Third_Party/FreeRTOS/Source/tasks.c **** 	xPendedTicks += xTicksToCatchUp;
2621:Middlewares/Third_Party/FreeRTOS/Source/tasks.c **** 	xYieldRequired = xTaskResumeAll();
2622:Middlewares/Third_Party/FreeRTOS/Source/tasks.c **** 
2623:Middlewares/Third_Party/FreeRTOS/Source/tasks.c **** 	return xYieldRequired;
2624:Middlewares/Third_Party/FreeRTOS/Source/tasks.c **** }
2625:Middlewares/Third_Party/FreeRTOS/Source/tasks.c **** /*----------------------------------------------------------*/
2626:Middlewares/Third_Party/FreeRTOS/Source/tasks.c **** 
2627:Middlewares/Third_Party/FreeRTOS/Source/tasks.c **** #if ( INCLUDE_xTaskAbortDelay == 1 )
2628:Middlewares/Third_Party/FreeRTOS/Source/tasks.c **** 
2629:Middlewares/Third_Party/FreeRTOS/Source/tasks.c **** 	BaseType_t xTaskAbortDelay( TaskHandle_t xTask )
2630:Middlewares/Third_Party/FreeRTOS/Source/tasks.c **** 	{
2631:Middlewares/Third_Party/FreeRTOS/Source/tasks.c **** 	TCB_t *pxTCB = xTask;
2632:Middlewares/Third_Party/FreeRTOS/Source/tasks.c **** 	BaseType_t xReturn;
2633:Middlewares/Third_Party/FreeRTOS/Source/tasks.c **** 
2634:Middlewares/Third_Party/FreeRTOS/Source/tasks.c **** 		configASSERT( pxTCB );
2635:Middlewares/Third_Party/FreeRTOS/Source/tasks.c **** 
2636:Middlewares/Third_Party/FreeRTOS/Source/tasks.c **** 		vTaskSuspendAll();
2637:Middlewares/Third_Party/FreeRTOS/Source/tasks.c **** 		{
2638:Middlewares/Third_Party/FreeRTOS/Source/tasks.c **** 			/* A task can only be prematurely removed from the Blocked state if
ARM GAS  /tmp/cchsWuk7.s 			page 53


2639:Middlewares/Third_Party/FreeRTOS/Source/tasks.c **** 			it is actually in the Blocked state. */
2640:Middlewares/Third_Party/FreeRTOS/Source/tasks.c **** 			if( eTaskGetState( xTask ) == eBlocked )
2641:Middlewares/Third_Party/FreeRTOS/Source/tasks.c **** 			{
2642:Middlewares/Third_Party/FreeRTOS/Source/tasks.c **** 				xReturn = pdPASS;
2643:Middlewares/Third_Party/FreeRTOS/Source/tasks.c **** 
2644:Middlewares/Third_Party/FreeRTOS/Source/tasks.c **** 				/* Remove the reference to the task from the blocked list.  An
2645:Middlewares/Third_Party/FreeRTOS/Source/tasks.c **** 				interrupt won't touch the xStateListItem because the
2646:Middlewares/Third_Party/FreeRTOS/Source/tasks.c **** 				scheduler is suspended. */
2647:Middlewares/Third_Party/FreeRTOS/Source/tasks.c **** 				( void ) uxListRemove( &( pxTCB->xStateListItem ) );
2648:Middlewares/Third_Party/FreeRTOS/Source/tasks.c **** 
2649:Middlewares/Third_Party/FreeRTOS/Source/tasks.c **** 				/* Is the task waiting on an event also?  If so remove it from
2650:Middlewares/Third_Party/FreeRTOS/Source/tasks.c **** 				the event list too.  Interrupts can touch the event list item,
2651:Middlewares/Third_Party/FreeRTOS/Source/tasks.c **** 				even though the scheduler is suspended, so a critical section
2652:Middlewares/Third_Party/FreeRTOS/Source/tasks.c **** 				is used. */
2653:Middlewares/Third_Party/FreeRTOS/Source/tasks.c **** 				taskENTER_CRITICAL();
2654:Middlewares/Third_Party/FreeRTOS/Source/tasks.c **** 				{
2655:Middlewares/Third_Party/FreeRTOS/Source/tasks.c **** 					if( listLIST_ITEM_CONTAINER( &( pxTCB->xEventListItem ) ) != NULL )
2656:Middlewares/Third_Party/FreeRTOS/Source/tasks.c **** 					{
2657:Middlewares/Third_Party/FreeRTOS/Source/tasks.c **** 						( void ) uxListRemove( &( pxTCB->xEventListItem ) );
2658:Middlewares/Third_Party/FreeRTOS/Source/tasks.c **** 
2659:Middlewares/Third_Party/FreeRTOS/Source/tasks.c **** 						/* This lets the task know it was forcibly removed from the
2660:Middlewares/Third_Party/FreeRTOS/Source/tasks.c **** 						blocked state so it should not re-evaluate its block time and
2661:Middlewares/Third_Party/FreeRTOS/Source/tasks.c **** 						then block again. */
2662:Middlewares/Third_Party/FreeRTOS/Source/tasks.c **** 						pxTCB->ucDelayAborted = pdTRUE;
2663:Middlewares/Third_Party/FreeRTOS/Source/tasks.c **** 					}
2664:Middlewares/Third_Party/FreeRTOS/Source/tasks.c **** 					else
2665:Middlewares/Third_Party/FreeRTOS/Source/tasks.c **** 					{
2666:Middlewares/Third_Party/FreeRTOS/Source/tasks.c **** 						mtCOVERAGE_TEST_MARKER();
2667:Middlewares/Third_Party/FreeRTOS/Source/tasks.c **** 					}
2668:Middlewares/Third_Party/FreeRTOS/Source/tasks.c **** 				}
2669:Middlewares/Third_Party/FreeRTOS/Source/tasks.c **** 				taskEXIT_CRITICAL();
2670:Middlewares/Third_Party/FreeRTOS/Source/tasks.c **** 
2671:Middlewares/Third_Party/FreeRTOS/Source/tasks.c **** 				/* Place the unblocked task into the appropriate ready list. */
2672:Middlewares/Third_Party/FreeRTOS/Source/tasks.c **** 				prvAddTaskToReadyList( pxTCB );
2673:Middlewares/Third_Party/FreeRTOS/Source/tasks.c **** 
2674:Middlewares/Third_Party/FreeRTOS/Source/tasks.c **** 				/* A task being unblocked cannot cause an immediate context
2675:Middlewares/Third_Party/FreeRTOS/Source/tasks.c **** 				switch if preemption is turned off. */
2676:Middlewares/Third_Party/FreeRTOS/Source/tasks.c **** 				#if (  configUSE_PREEMPTION == 1 )
2677:Middlewares/Third_Party/FreeRTOS/Source/tasks.c **** 				{
2678:Middlewares/Third_Party/FreeRTOS/Source/tasks.c **** 					/* Preemption is on, but a context switch should only be
2679:Middlewares/Third_Party/FreeRTOS/Source/tasks.c **** 					performed if the unblocked task has a priority that is
2680:Middlewares/Third_Party/FreeRTOS/Source/tasks.c **** 					equal to or higher than the currently executing task. */
2681:Middlewares/Third_Party/FreeRTOS/Source/tasks.c **** 					if( pxTCB->uxPriority > pxCurrentTCB->uxPriority )
2682:Middlewares/Third_Party/FreeRTOS/Source/tasks.c **** 					{
2683:Middlewares/Third_Party/FreeRTOS/Source/tasks.c **** 						/* Pend the yield to be performed when the scheduler
2684:Middlewares/Third_Party/FreeRTOS/Source/tasks.c **** 						is unsuspended. */
2685:Middlewares/Third_Party/FreeRTOS/Source/tasks.c **** 						xYieldPending = pdTRUE;
2686:Middlewares/Third_Party/FreeRTOS/Source/tasks.c **** 					}
2687:Middlewares/Third_Party/FreeRTOS/Source/tasks.c **** 					else
2688:Middlewares/Third_Party/FreeRTOS/Source/tasks.c **** 					{
2689:Middlewares/Third_Party/FreeRTOS/Source/tasks.c **** 						mtCOVERAGE_TEST_MARKER();
2690:Middlewares/Third_Party/FreeRTOS/Source/tasks.c **** 					}
2691:Middlewares/Third_Party/FreeRTOS/Source/tasks.c **** 				}
2692:Middlewares/Third_Party/FreeRTOS/Source/tasks.c **** 				#endif /* configUSE_PREEMPTION */
2693:Middlewares/Third_Party/FreeRTOS/Source/tasks.c **** 			}
2694:Middlewares/Third_Party/FreeRTOS/Source/tasks.c **** 			else
2695:Middlewares/Third_Party/FreeRTOS/Source/tasks.c **** 			{
ARM GAS  /tmp/cchsWuk7.s 			page 54


2696:Middlewares/Third_Party/FreeRTOS/Source/tasks.c **** 				xReturn = pdFAIL;
2697:Middlewares/Third_Party/FreeRTOS/Source/tasks.c **** 			}
2698:Middlewares/Third_Party/FreeRTOS/Source/tasks.c **** 		}
2699:Middlewares/Third_Party/FreeRTOS/Source/tasks.c **** 		( void ) xTaskResumeAll();
2700:Middlewares/Third_Party/FreeRTOS/Source/tasks.c **** 
2701:Middlewares/Third_Party/FreeRTOS/Source/tasks.c **** 		return xReturn;
2702:Middlewares/Third_Party/FreeRTOS/Source/tasks.c **** 	}
2703:Middlewares/Third_Party/FreeRTOS/Source/tasks.c **** 
2704:Middlewares/Third_Party/FreeRTOS/Source/tasks.c **** #endif /* INCLUDE_xTaskAbortDelay */
2705:Middlewares/Third_Party/FreeRTOS/Source/tasks.c **** /*----------------------------------------------------------*/
2706:Middlewares/Third_Party/FreeRTOS/Source/tasks.c **** 
2707:Middlewares/Third_Party/FreeRTOS/Source/tasks.c **** BaseType_t xTaskIncrementTick( void )
2708:Middlewares/Third_Party/FreeRTOS/Source/tasks.c **** {
2709:Middlewares/Third_Party/FreeRTOS/Source/tasks.c **** TCB_t * pxTCB;
2710:Middlewares/Third_Party/FreeRTOS/Source/tasks.c **** TickType_t xItemValue;
2711:Middlewares/Third_Party/FreeRTOS/Source/tasks.c **** BaseType_t xSwitchRequired = pdFALSE;
2712:Middlewares/Third_Party/FreeRTOS/Source/tasks.c **** 
2713:Middlewares/Third_Party/FreeRTOS/Source/tasks.c **** 	/* Called by the portable layer each time a tick interrupt occurs.
2714:Middlewares/Third_Party/FreeRTOS/Source/tasks.c **** 	Increments the tick then checks to see if the new tick value will cause any
2715:Middlewares/Third_Party/FreeRTOS/Source/tasks.c **** 	tasks to be unblocked. */
2716:Middlewares/Third_Party/FreeRTOS/Source/tasks.c **** 	traceTASK_INCREMENT_TICK( xTickCount );
2717:Middlewares/Third_Party/FreeRTOS/Source/tasks.c **** 	if( uxSchedulerSuspended == ( UBaseType_t ) pdFALSE )
2718:Middlewares/Third_Party/FreeRTOS/Source/tasks.c **** 	{
2719:Middlewares/Third_Party/FreeRTOS/Source/tasks.c **** 		/* Minor optimisation.  The tick count cannot change in this
2720:Middlewares/Third_Party/FreeRTOS/Source/tasks.c **** 		block. */
2721:Middlewares/Third_Party/FreeRTOS/Source/tasks.c **** 		const TickType_t xConstTickCount = xTickCount + ( TickType_t ) 1;
2722:Middlewares/Third_Party/FreeRTOS/Source/tasks.c **** 
2723:Middlewares/Third_Party/FreeRTOS/Source/tasks.c **** 		/* Increment the RTOS tick, switching the delayed and overflowed
2724:Middlewares/Third_Party/FreeRTOS/Source/tasks.c **** 		delayed lists if it wraps to 0. */
2725:Middlewares/Third_Party/FreeRTOS/Source/tasks.c **** 		xTickCount = xConstTickCount;
2726:Middlewares/Third_Party/FreeRTOS/Source/tasks.c **** 
2727:Middlewares/Third_Party/FreeRTOS/Source/tasks.c **** 		if( xConstTickCount == ( TickType_t ) 0U ) /*lint !e774 'if' does not always evaluate to false as
2728:Middlewares/Third_Party/FreeRTOS/Source/tasks.c **** 		{
2729:Middlewares/Third_Party/FreeRTOS/Source/tasks.c **** 			taskSWITCH_DELAYED_LISTS();
2730:Middlewares/Third_Party/FreeRTOS/Source/tasks.c **** 		}
2731:Middlewares/Third_Party/FreeRTOS/Source/tasks.c **** 		else
2732:Middlewares/Third_Party/FreeRTOS/Source/tasks.c **** 		{
2733:Middlewares/Third_Party/FreeRTOS/Source/tasks.c **** 			mtCOVERAGE_TEST_MARKER();
2734:Middlewares/Third_Party/FreeRTOS/Source/tasks.c **** 		}
2735:Middlewares/Third_Party/FreeRTOS/Source/tasks.c **** 
2736:Middlewares/Third_Party/FreeRTOS/Source/tasks.c **** 		/* See if this tick has made a timeout expire.  Tasks are stored in
2737:Middlewares/Third_Party/FreeRTOS/Source/tasks.c **** 		the	queue in the order of their wake time - meaning once one task
2738:Middlewares/Third_Party/FreeRTOS/Source/tasks.c **** 		has been found whose block time has not expired there is no need to
2739:Middlewares/Third_Party/FreeRTOS/Source/tasks.c **** 		look any further down the list. */
2740:Middlewares/Third_Party/FreeRTOS/Source/tasks.c **** 		if( xConstTickCount >= xNextTaskUnblockTime )
2741:Middlewares/Third_Party/FreeRTOS/Source/tasks.c **** 		{
2742:Middlewares/Third_Party/FreeRTOS/Source/tasks.c **** 			for( ;; )
2743:Middlewares/Third_Party/FreeRTOS/Source/tasks.c **** 			{
2744:Middlewares/Third_Party/FreeRTOS/Source/tasks.c **** 				if( listLIST_IS_EMPTY( pxDelayedTaskList ) != pdFALSE )
2745:Middlewares/Third_Party/FreeRTOS/Source/tasks.c **** 				{
2746:Middlewares/Third_Party/FreeRTOS/Source/tasks.c **** 					/* The delayed list is empty.  Set xNextTaskUnblockTime
2747:Middlewares/Third_Party/FreeRTOS/Source/tasks.c **** 					to the maximum possible value so it is extremely
2748:Middlewares/Third_Party/FreeRTOS/Source/tasks.c **** 					unlikely that the
2749:Middlewares/Third_Party/FreeRTOS/Source/tasks.c **** 					if( xTickCount >= xNextTaskUnblockTime ) test will pass
2750:Middlewares/Third_Party/FreeRTOS/Source/tasks.c **** 					next time through. */
2751:Middlewares/Third_Party/FreeRTOS/Source/tasks.c **** 					xNextTaskUnblockTime = portMAX_DELAY; /*lint !e961 MISRA exception as the casts are only redun
2752:Middlewares/Third_Party/FreeRTOS/Source/tasks.c **** 					break;
ARM GAS  /tmp/cchsWuk7.s 			page 55


2753:Middlewares/Third_Party/FreeRTOS/Source/tasks.c **** 				}
2754:Middlewares/Third_Party/FreeRTOS/Source/tasks.c **** 				else
2755:Middlewares/Third_Party/FreeRTOS/Source/tasks.c **** 				{
2756:Middlewares/Third_Party/FreeRTOS/Source/tasks.c **** 					/* The delayed list is not empty, get the value of the
2757:Middlewares/Third_Party/FreeRTOS/Source/tasks.c **** 					item at the head of the delayed list.  This is the time
2758:Middlewares/Third_Party/FreeRTOS/Source/tasks.c **** 					at which the task at the head of the delayed list must
2759:Middlewares/Third_Party/FreeRTOS/Source/tasks.c **** 					be removed from the Blocked state. */
2760:Middlewares/Third_Party/FreeRTOS/Source/tasks.c **** 					pxTCB = listGET_OWNER_OF_HEAD_ENTRY( pxDelayedTaskList ); /*lint !e9079 void * is used as this
2761:Middlewares/Third_Party/FreeRTOS/Source/tasks.c **** 					xItemValue = listGET_LIST_ITEM_VALUE( &( pxTCB->xStateListItem ) );
2762:Middlewares/Third_Party/FreeRTOS/Source/tasks.c **** 
2763:Middlewares/Third_Party/FreeRTOS/Source/tasks.c **** 					if( xConstTickCount < xItemValue )
2764:Middlewares/Third_Party/FreeRTOS/Source/tasks.c **** 					{
2765:Middlewares/Third_Party/FreeRTOS/Source/tasks.c **** 						/* It is not time to unblock this item yet, but the
2766:Middlewares/Third_Party/FreeRTOS/Source/tasks.c **** 						item value is the time at which the task at the head
2767:Middlewares/Third_Party/FreeRTOS/Source/tasks.c **** 						of the blocked list must be removed from the Blocked
2768:Middlewares/Third_Party/FreeRTOS/Source/tasks.c **** 						state -	so record the item value in
2769:Middlewares/Third_Party/FreeRTOS/Source/tasks.c **** 						xNextTaskUnblockTime. */
2770:Middlewares/Third_Party/FreeRTOS/Source/tasks.c **** 						xNextTaskUnblockTime = xItemValue;
2771:Middlewares/Third_Party/FreeRTOS/Source/tasks.c **** 						break; /*lint !e9011 Code structure here is deedmed easier to understand with multiple breaks
2772:Middlewares/Third_Party/FreeRTOS/Source/tasks.c **** 					}
2773:Middlewares/Third_Party/FreeRTOS/Source/tasks.c **** 					else
2774:Middlewares/Third_Party/FreeRTOS/Source/tasks.c **** 					{
2775:Middlewares/Third_Party/FreeRTOS/Source/tasks.c **** 						mtCOVERAGE_TEST_MARKER();
2776:Middlewares/Third_Party/FreeRTOS/Source/tasks.c **** 					}
2777:Middlewares/Third_Party/FreeRTOS/Source/tasks.c **** 
2778:Middlewares/Third_Party/FreeRTOS/Source/tasks.c **** 					/* It is time to remove the item from the Blocked state. */
2779:Middlewares/Third_Party/FreeRTOS/Source/tasks.c **** 					( void ) uxListRemove( &( pxTCB->xStateListItem ) );
2780:Middlewares/Third_Party/FreeRTOS/Source/tasks.c **** 
2781:Middlewares/Third_Party/FreeRTOS/Source/tasks.c **** 					/* Is the task waiting on an event also?  If so remove
2782:Middlewares/Third_Party/FreeRTOS/Source/tasks.c **** 					it from the event list. */
2783:Middlewares/Third_Party/FreeRTOS/Source/tasks.c **** 					if( listLIST_ITEM_CONTAINER( &( pxTCB->xEventListItem ) ) != NULL )
2784:Middlewares/Third_Party/FreeRTOS/Source/tasks.c **** 					{
2785:Middlewares/Third_Party/FreeRTOS/Source/tasks.c **** 						( void ) uxListRemove( &( pxTCB->xEventListItem ) );
2786:Middlewares/Third_Party/FreeRTOS/Source/tasks.c **** 					}
2787:Middlewares/Third_Party/FreeRTOS/Source/tasks.c **** 					else
2788:Middlewares/Third_Party/FreeRTOS/Source/tasks.c **** 					{
2789:Middlewares/Third_Party/FreeRTOS/Source/tasks.c **** 						mtCOVERAGE_TEST_MARKER();
2790:Middlewares/Third_Party/FreeRTOS/Source/tasks.c **** 					}
2791:Middlewares/Third_Party/FreeRTOS/Source/tasks.c **** 
2792:Middlewares/Third_Party/FreeRTOS/Source/tasks.c **** 					/* Place the unblocked task into the appropriate ready
2793:Middlewares/Third_Party/FreeRTOS/Source/tasks.c **** 					list. */
2794:Middlewares/Third_Party/FreeRTOS/Source/tasks.c **** 					prvAddTaskToReadyList( pxTCB );
2795:Middlewares/Third_Party/FreeRTOS/Source/tasks.c **** 
2796:Middlewares/Third_Party/FreeRTOS/Source/tasks.c **** 					/* A task being unblocked cannot cause an immediate
2797:Middlewares/Third_Party/FreeRTOS/Source/tasks.c **** 					context switch if preemption is turned off. */
2798:Middlewares/Third_Party/FreeRTOS/Source/tasks.c **** 					#if (  configUSE_PREEMPTION == 1 )
2799:Middlewares/Third_Party/FreeRTOS/Source/tasks.c **** 					{
2800:Middlewares/Third_Party/FreeRTOS/Source/tasks.c **** 						/* Preemption is on, but a context switch should
2801:Middlewares/Third_Party/FreeRTOS/Source/tasks.c **** 						only be performed if the unblocked task has a
2802:Middlewares/Third_Party/FreeRTOS/Source/tasks.c **** 						priority that is equal to or higher than the
2803:Middlewares/Third_Party/FreeRTOS/Source/tasks.c **** 						currently executing task. */
2804:Middlewares/Third_Party/FreeRTOS/Source/tasks.c **** 						if( pxTCB->uxPriority >= pxCurrentTCB->uxPriority )
2805:Middlewares/Third_Party/FreeRTOS/Source/tasks.c **** 						{
2806:Middlewares/Third_Party/FreeRTOS/Source/tasks.c **** 							xSwitchRequired = pdTRUE;
2807:Middlewares/Third_Party/FreeRTOS/Source/tasks.c **** 						}
2808:Middlewares/Third_Party/FreeRTOS/Source/tasks.c **** 						else
2809:Middlewares/Third_Party/FreeRTOS/Source/tasks.c **** 						{
ARM GAS  /tmp/cchsWuk7.s 			page 56


2810:Middlewares/Third_Party/FreeRTOS/Source/tasks.c **** 							mtCOVERAGE_TEST_MARKER();
2811:Middlewares/Third_Party/FreeRTOS/Source/tasks.c **** 						}
2812:Middlewares/Third_Party/FreeRTOS/Source/tasks.c **** 					}
2813:Middlewares/Third_Party/FreeRTOS/Source/tasks.c **** 					#endif /* configUSE_PREEMPTION */
2814:Middlewares/Third_Party/FreeRTOS/Source/tasks.c **** 				}
2815:Middlewares/Third_Party/FreeRTOS/Source/tasks.c **** 			}
2816:Middlewares/Third_Party/FreeRTOS/Source/tasks.c **** 		}
2817:Middlewares/Third_Party/FreeRTOS/Source/tasks.c **** 
2818:Middlewares/Third_Party/FreeRTOS/Source/tasks.c **** 		/* Tasks of equal priority to the currently running task will share
2819:Middlewares/Third_Party/FreeRTOS/Source/tasks.c **** 		processing time (time slice) if preemption is on, and the application
2820:Middlewares/Third_Party/FreeRTOS/Source/tasks.c **** 		writer has not explicitly turned time slicing off. */
2821:Middlewares/Third_Party/FreeRTOS/Source/tasks.c **** 		#if ( ( configUSE_PREEMPTION == 1 ) && ( configUSE_TIME_SLICING == 1 ) )
2822:Middlewares/Third_Party/FreeRTOS/Source/tasks.c **** 		{
2823:Middlewares/Third_Party/FreeRTOS/Source/tasks.c **** 			if( listCURRENT_LIST_LENGTH( &( pxReadyTasksLists[ pxCurrentTCB->uxPriority ] ) ) > ( UBaseType_
2824:Middlewares/Third_Party/FreeRTOS/Source/tasks.c **** 			{
2825:Middlewares/Third_Party/FreeRTOS/Source/tasks.c **** 				xSwitchRequired = pdTRUE;
2826:Middlewares/Third_Party/FreeRTOS/Source/tasks.c **** 			}
2827:Middlewares/Third_Party/FreeRTOS/Source/tasks.c **** 			else
2828:Middlewares/Third_Party/FreeRTOS/Source/tasks.c **** 			{
2829:Middlewares/Third_Party/FreeRTOS/Source/tasks.c **** 				mtCOVERAGE_TEST_MARKER();
2830:Middlewares/Third_Party/FreeRTOS/Source/tasks.c **** 			}
2831:Middlewares/Third_Party/FreeRTOS/Source/tasks.c **** 		}
2832:Middlewares/Third_Party/FreeRTOS/Source/tasks.c **** 		#endif /* ( ( configUSE_PREEMPTION == 1 ) && ( configUSE_TIME_SLICING == 1 ) ) */
2833:Middlewares/Third_Party/FreeRTOS/Source/tasks.c **** 
2834:Middlewares/Third_Party/FreeRTOS/Source/tasks.c **** 		#if ( configUSE_TICK_HOOK == 1 )
2835:Middlewares/Third_Party/FreeRTOS/Source/tasks.c **** 		{
2836:Middlewares/Third_Party/FreeRTOS/Source/tasks.c **** 			/* Guard against the tick hook being called when the pended tick
2837:Middlewares/Third_Party/FreeRTOS/Source/tasks.c **** 			count is being unwound (when the scheduler is being unlocked). */
2838:Middlewares/Third_Party/FreeRTOS/Source/tasks.c **** 			if( xPendedTicks == ( TickType_t ) 0 )
2839:Middlewares/Third_Party/FreeRTOS/Source/tasks.c **** 			{
2840:Middlewares/Third_Party/FreeRTOS/Source/tasks.c **** 				vApplicationTickHook();
2841:Middlewares/Third_Party/FreeRTOS/Source/tasks.c **** 			}
2842:Middlewares/Third_Party/FreeRTOS/Source/tasks.c **** 			else
2843:Middlewares/Third_Party/FreeRTOS/Source/tasks.c **** 			{
2844:Middlewares/Third_Party/FreeRTOS/Source/tasks.c **** 				mtCOVERAGE_TEST_MARKER();
2845:Middlewares/Third_Party/FreeRTOS/Source/tasks.c **** 			}
2846:Middlewares/Third_Party/FreeRTOS/Source/tasks.c **** 		}
2847:Middlewares/Third_Party/FreeRTOS/Source/tasks.c **** 		#endif /* configUSE_TICK_HOOK */
2848:Middlewares/Third_Party/FreeRTOS/Source/tasks.c **** 
2849:Middlewares/Third_Party/FreeRTOS/Source/tasks.c **** 		#if ( configUSE_PREEMPTION == 1 )
2850:Middlewares/Third_Party/FreeRTOS/Source/tasks.c **** 		{
2851:Middlewares/Third_Party/FreeRTOS/Source/tasks.c **** 			if( xYieldPending != pdFALSE )
2852:Middlewares/Third_Party/FreeRTOS/Source/tasks.c **** 			{
2853:Middlewares/Third_Party/FreeRTOS/Source/tasks.c **** 				xSwitchRequired = pdTRUE;
2854:Middlewares/Third_Party/FreeRTOS/Source/tasks.c **** 			}
2855:Middlewares/Third_Party/FreeRTOS/Source/tasks.c **** 			else
2856:Middlewares/Third_Party/FreeRTOS/Source/tasks.c **** 			{
2857:Middlewares/Third_Party/FreeRTOS/Source/tasks.c **** 				mtCOVERAGE_TEST_MARKER();
2858:Middlewares/Third_Party/FreeRTOS/Source/tasks.c **** 			}
2859:Middlewares/Third_Party/FreeRTOS/Source/tasks.c **** 		}
2860:Middlewares/Third_Party/FreeRTOS/Source/tasks.c **** 		#endif /* configUSE_PREEMPTION */
2861:Middlewares/Third_Party/FreeRTOS/Source/tasks.c **** 	}
2862:Middlewares/Third_Party/FreeRTOS/Source/tasks.c **** 	else
2863:Middlewares/Third_Party/FreeRTOS/Source/tasks.c **** 	{
2864:Middlewares/Third_Party/FreeRTOS/Source/tasks.c **** 		++xPendedTicks;
2865:Middlewares/Third_Party/FreeRTOS/Source/tasks.c **** 
2866:Middlewares/Third_Party/FreeRTOS/Source/tasks.c **** 		/* The tick hook gets called at regular intervals, even if the
ARM GAS  /tmp/cchsWuk7.s 			page 57


2867:Middlewares/Third_Party/FreeRTOS/Source/tasks.c **** 		scheduler is locked. */
2868:Middlewares/Third_Party/FreeRTOS/Source/tasks.c **** 		#if ( configUSE_TICK_HOOK == 1 )
2869:Middlewares/Third_Party/FreeRTOS/Source/tasks.c **** 		{
2870:Middlewares/Third_Party/FreeRTOS/Source/tasks.c **** 			vApplicationTickHook();
2871:Middlewares/Third_Party/FreeRTOS/Source/tasks.c **** 		}
2872:Middlewares/Third_Party/FreeRTOS/Source/tasks.c **** 		#endif
2873:Middlewares/Third_Party/FreeRTOS/Source/tasks.c **** 	}
2874:Middlewares/Third_Party/FreeRTOS/Source/tasks.c **** 
2875:Middlewares/Third_Party/FreeRTOS/Source/tasks.c **** 	return xSwitchRequired;
2876:Middlewares/Third_Party/FreeRTOS/Source/tasks.c **** }
2877:Middlewares/Third_Party/FreeRTOS/Source/tasks.c **** /*-----------------------------------------------------------*/
2878:Middlewares/Third_Party/FreeRTOS/Source/tasks.c **** 
2879:Middlewares/Third_Party/FreeRTOS/Source/tasks.c **** #if ( configUSE_APPLICATION_TASK_TAG == 1 )
2880:Middlewares/Third_Party/FreeRTOS/Source/tasks.c **** 
2881:Middlewares/Third_Party/FreeRTOS/Source/tasks.c **** 	void vTaskSetApplicationTaskTag( TaskHandle_t xTask, TaskHookFunction_t pxHookFunction )
2882:Middlewares/Third_Party/FreeRTOS/Source/tasks.c **** 	{
2883:Middlewares/Third_Party/FreeRTOS/Source/tasks.c **** 	TCB_t *xTCB;
2884:Middlewares/Third_Party/FreeRTOS/Source/tasks.c **** 
2885:Middlewares/Third_Party/FreeRTOS/Source/tasks.c **** 		/* If xTask is NULL then it is the task hook of the calling task that is
2886:Middlewares/Third_Party/FreeRTOS/Source/tasks.c **** 		getting set. */
2887:Middlewares/Third_Party/FreeRTOS/Source/tasks.c **** 		if( xTask == NULL )
2888:Middlewares/Third_Party/FreeRTOS/Source/tasks.c **** 		{
2889:Middlewares/Third_Party/FreeRTOS/Source/tasks.c **** 			xTCB = ( TCB_t * ) pxCurrentTCB;
2890:Middlewares/Third_Party/FreeRTOS/Source/tasks.c **** 		}
2891:Middlewares/Third_Party/FreeRTOS/Source/tasks.c **** 		else
2892:Middlewares/Third_Party/FreeRTOS/Source/tasks.c **** 		{
2893:Middlewares/Third_Party/FreeRTOS/Source/tasks.c **** 			xTCB = xTask;
2894:Middlewares/Third_Party/FreeRTOS/Source/tasks.c **** 		}
2895:Middlewares/Third_Party/FreeRTOS/Source/tasks.c **** 
2896:Middlewares/Third_Party/FreeRTOS/Source/tasks.c **** 		/* Save the hook function in the TCB.  A critical section is required as
2897:Middlewares/Third_Party/FreeRTOS/Source/tasks.c **** 		the value can be accessed from an interrupt. */
2898:Middlewares/Third_Party/FreeRTOS/Source/tasks.c **** 		taskENTER_CRITICAL();
2899:Middlewares/Third_Party/FreeRTOS/Source/tasks.c **** 		{
2900:Middlewares/Third_Party/FreeRTOS/Source/tasks.c **** 			xTCB->pxTaskTag = pxHookFunction;
2901:Middlewares/Third_Party/FreeRTOS/Source/tasks.c **** 		}
2902:Middlewares/Third_Party/FreeRTOS/Source/tasks.c **** 		taskEXIT_CRITICAL();
2903:Middlewares/Third_Party/FreeRTOS/Source/tasks.c **** 	}
2904:Middlewares/Third_Party/FreeRTOS/Source/tasks.c **** 
2905:Middlewares/Third_Party/FreeRTOS/Source/tasks.c **** #endif /* configUSE_APPLICATION_TASK_TAG */
2906:Middlewares/Third_Party/FreeRTOS/Source/tasks.c **** /*-----------------------------------------------------------*/
2907:Middlewares/Third_Party/FreeRTOS/Source/tasks.c **** 
2908:Middlewares/Third_Party/FreeRTOS/Source/tasks.c **** #if ( configUSE_APPLICATION_TASK_TAG == 1 )
2909:Middlewares/Third_Party/FreeRTOS/Source/tasks.c **** 
2910:Middlewares/Third_Party/FreeRTOS/Source/tasks.c **** 	TaskHookFunction_t xTaskGetApplicationTaskTag( TaskHandle_t xTask )
2911:Middlewares/Third_Party/FreeRTOS/Source/tasks.c **** 	{
2912:Middlewares/Third_Party/FreeRTOS/Source/tasks.c **** 	TCB_t *pxTCB;
2913:Middlewares/Third_Party/FreeRTOS/Source/tasks.c **** 	TaskHookFunction_t xReturn;
2914:Middlewares/Third_Party/FreeRTOS/Source/tasks.c **** 
2915:Middlewares/Third_Party/FreeRTOS/Source/tasks.c **** 		/* If xTask is NULL then set the calling task's hook. */
2916:Middlewares/Third_Party/FreeRTOS/Source/tasks.c **** 		pxTCB = prvGetTCBFromHandle( xTask );
2917:Middlewares/Third_Party/FreeRTOS/Source/tasks.c **** 
2918:Middlewares/Third_Party/FreeRTOS/Source/tasks.c **** 		/* Save the hook function in the TCB.  A critical section is required as
2919:Middlewares/Third_Party/FreeRTOS/Source/tasks.c **** 		the value can be accessed from an interrupt. */
2920:Middlewares/Third_Party/FreeRTOS/Source/tasks.c **** 		taskENTER_CRITICAL();
2921:Middlewares/Third_Party/FreeRTOS/Source/tasks.c **** 		{
2922:Middlewares/Third_Party/FreeRTOS/Source/tasks.c **** 			xReturn = pxTCB->pxTaskTag;
2923:Middlewares/Third_Party/FreeRTOS/Source/tasks.c **** 		}
ARM GAS  /tmp/cchsWuk7.s 			page 58


2924:Middlewares/Third_Party/FreeRTOS/Source/tasks.c **** 		taskEXIT_CRITICAL();
2925:Middlewares/Third_Party/FreeRTOS/Source/tasks.c **** 
2926:Middlewares/Third_Party/FreeRTOS/Source/tasks.c **** 		return xReturn;
2927:Middlewares/Third_Party/FreeRTOS/Source/tasks.c **** 	}
2928:Middlewares/Third_Party/FreeRTOS/Source/tasks.c **** 
2929:Middlewares/Third_Party/FreeRTOS/Source/tasks.c **** #endif /* configUSE_APPLICATION_TASK_TAG */
2930:Middlewares/Third_Party/FreeRTOS/Source/tasks.c **** /*-----------------------------------------------------------*/
2931:Middlewares/Third_Party/FreeRTOS/Source/tasks.c **** 
2932:Middlewares/Third_Party/FreeRTOS/Source/tasks.c **** #if ( configUSE_APPLICATION_TASK_TAG == 1 )
2933:Middlewares/Third_Party/FreeRTOS/Source/tasks.c **** 
2934:Middlewares/Third_Party/FreeRTOS/Source/tasks.c **** 	TaskHookFunction_t xTaskGetApplicationTaskTagFromISR( TaskHandle_t xTask )
2935:Middlewares/Third_Party/FreeRTOS/Source/tasks.c **** 	{
2936:Middlewares/Third_Party/FreeRTOS/Source/tasks.c **** 	TCB_t *pxTCB;
2937:Middlewares/Third_Party/FreeRTOS/Source/tasks.c **** 	TaskHookFunction_t xReturn;
2938:Middlewares/Third_Party/FreeRTOS/Source/tasks.c **** 	UBaseType_t uxSavedInterruptStatus;
2939:Middlewares/Third_Party/FreeRTOS/Source/tasks.c **** 
2940:Middlewares/Third_Party/FreeRTOS/Source/tasks.c **** 		/* If xTask is NULL then set the calling task's hook. */
2941:Middlewares/Third_Party/FreeRTOS/Source/tasks.c **** 		pxTCB = prvGetTCBFromHandle( xTask );
2942:Middlewares/Third_Party/FreeRTOS/Source/tasks.c **** 
2943:Middlewares/Third_Party/FreeRTOS/Source/tasks.c **** 		/* Save the hook function in the TCB.  A critical section is required as
2944:Middlewares/Third_Party/FreeRTOS/Source/tasks.c **** 		the value can be accessed from an interrupt. */
2945:Middlewares/Third_Party/FreeRTOS/Source/tasks.c **** 		uxSavedInterruptStatus = portSET_INTERRUPT_MASK_FROM_ISR();
2946:Middlewares/Third_Party/FreeRTOS/Source/tasks.c **** 		{
2947:Middlewares/Third_Party/FreeRTOS/Source/tasks.c **** 			xReturn = pxTCB->pxTaskTag;
2948:Middlewares/Third_Party/FreeRTOS/Source/tasks.c **** 		}
2949:Middlewares/Third_Party/FreeRTOS/Source/tasks.c **** 		portCLEAR_INTERRUPT_MASK_FROM_ISR( uxSavedInterruptStatus );
2950:Middlewares/Third_Party/FreeRTOS/Source/tasks.c **** 
2951:Middlewares/Third_Party/FreeRTOS/Source/tasks.c **** 		return xReturn;
2952:Middlewares/Third_Party/FreeRTOS/Source/tasks.c **** 	}
2953:Middlewares/Third_Party/FreeRTOS/Source/tasks.c **** 
2954:Middlewares/Third_Party/FreeRTOS/Source/tasks.c **** #endif /* configUSE_APPLICATION_TASK_TAG */
2955:Middlewares/Third_Party/FreeRTOS/Source/tasks.c **** /*-----------------------------------------------------------*/
2956:Middlewares/Third_Party/FreeRTOS/Source/tasks.c **** 
2957:Middlewares/Third_Party/FreeRTOS/Source/tasks.c **** #if ( configUSE_APPLICATION_TASK_TAG == 1 )
2958:Middlewares/Third_Party/FreeRTOS/Source/tasks.c **** 
2959:Middlewares/Third_Party/FreeRTOS/Source/tasks.c **** 	BaseType_t xTaskCallApplicationTaskHook( TaskHandle_t xTask, void *pvParameter )
2960:Middlewares/Third_Party/FreeRTOS/Source/tasks.c **** 	{
2961:Middlewares/Third_Party/FreeRTOS/Source/tasks.c **** 	TCB_t *xTCB;
2962:Middlewares/Third_Party/FreeRTOS/Source/tasks.c **** 	BaseType_t xReturn;
2963:Middlewares/Third_Party/FreeRTOS/Source/tasks.c **** 
2964:Middlewares/Third_Party/FreeRTOS/Source/tasks.c **** 		/* If xTask is NULL then we are calling our own task hook. */
2965:Middlewares/Third_Party/FreeRTOS/Source/tasks.c **** 		if( xTask == NULL )
2966:Middlewares/Third_Party/FreeRTOS/Source/tasks.c **** 		{
2967:Middlewares/Third_Party/FreeRTOS/Source/tasks.c **** 			xTCB = pxCurrentTCB;
2968:Middlewares/Third_Party/FreeRTOS/Source/tasks.c **** 		}
2969:Middlewares/Third_Party/FreeRTOS/Source/tasks.c **** 		else
2970:Middlewares/Third_Party/FreeRTOS/Source/tasks.c **** 		{
2971:Middlewares/Third_Party/FreeRTOS/Source/tasks.c **** 			xTCB = xTask;
2972:Middlewares/Third_Party/FreeRTOS/Source/tasks.c **** 		}
2973:Middlewares/Third_Party/FreeRTOS/Source/tasks.c **** 
2974:Middlewares/Third_Party/FreeRTOS/Source/tasks.c **** 		if( xTCB->pxTaskTag != NULL )
2975:Middlewares/Third_Party/FreeRTOS/Source/tasks.c **** 		{
2976:Middlewares/Third_Party/FreeRTOS/Source/tasks.c **** 			xReturn = xTCB->pxTaskTag( pvParameter );
2977:Middlewares/Third_Party/FreeRTOS/Source/tasks.c **** 		}
2978:Middlewares/Third_Party/FreeRTOS/Source/tasks.c **** 		else
2979:Middlewares/Third_Party/FreeRTOS/Source/tasks.c **** 		{
2980:Middlewares/Third_Party/FreeRTOS/Source/tasks.c **** 			xReturn = pdFAIL;
ARM GAS  /tmp/cchsWuk7.s 			page 59


2981:Middlewares/Third_Party/FreeRTOS/Source/tasks.c **** 		}
2982:Middlewares/Third_Party/FreeRTOS/Source/tasks.c **** 
2983:Middlewares/Third_Party/FreeRTOS/Source/tasks.c **** 		return xReturn;
2984:Middlewares/Third_Party/FreeRTOS/Source/tasks.c **** 	}
2985:Middlewares/Third_Party/FreeRTOS/Source/tasks.c **** 
2986:Middlewares/Third_Party/FreeRTOS/Source/tasks.c **** #endif /* configUSE_APPLICATION_TASK_TAG */
2987:Middlewares/Third_Party/FreeRTOS/Source/tasks.c **** /*-----------------------------------------------------------*/
2988:Middlewares/Third_Party/FreeRTOS/Source/tasks.c **** 
2989:Middlewares/Third_Party/FreeRTOS/Source/tasks.c **** void vTaskSwitchContext( void )
2990:Middlewares/Third_Party/FreeRTOS/Source/tasks.c **** {
2991:Middlewares/Third_Party/FreeRTOS/Source/tasks.c **** 	if( uxSchedulerSuspended != ( UBaseType_t ) pdFALSE )
2992:Middlewares/Third_Party/FreeRTOS/Source/tasks.c **** 	{
2993:Middlewares/Third_Party/FreeRTOS/Source/tasks.c **** 		/* The scheduler is currently suspended - do not allow a context
2994:Middlewares/Third_Party/FreeRTOS/Source/tasks.c **** 		switch. */
2995:Middlewares/Third_Party/FreeRTOS/Source/tasks.c **** 		xYieldPending = pdTRUE;
2996:Middlewares/Third_Party/FreeRTOS/Source/tasks.c **** 	}
2997:Middlewares/Third_Party/FreeRTOS/Source/tasks.c **** 	else
2998:Middlewares/Third_Party/FreeRTOS/Source/tasks.c **** 	{
2999:Middlewares/Third_Party/FreeRTOS/Source/tasks.c **** 		xYieldPending = pdFALSE;
3000:Middlewares/Third_Party/FreeRTOS/Source/tasks.c **** 		traceTASK_SWITCHED_OUT();
3001:Middlewares/Third_Party/FreeRTOS/Source/tasks.c **** 
3002:Middlewares/Third_Party/FreeRTOS/Source/tasks.c **** 		#if ( configGENERATE_RUN_TIME_STATS == 1 )
3003:Middlewares/Third_Party/FreeRTOS/Source/tasks.c **** 		{
3004:Middlewares/Third_Party/FreeRTOS/Source/tasks.c **** 			#ifdef portALT_GET_RUN_TIME_COUNTER_VALUE
3005:Middlewares/Third_Party/FreeRTOS/Source/tasks.c **** 				portALT_GET_RUN_TIME_COUNTER_VALUE( ulTotalRunTime );
3006:Middlewares/Third_Party/FreeRTOS/Source/tasks.c **** 			#else
3007:Middlewares/Third_Party/FreeRTOS/Source/tasks.c **** 				ulTotalRunTime = portGET_RUN_TIME_COUNTER_VALUE();
3008:Middlewares/Third_Party/FreeRTOS/Source/tasks.c **** 			#endif
3009:Middlewares/Third_Party/FreeRTOS/Source/tasks.c **** 
3010:Middlewares/Third_Party/FreeRTOS/Source/tasks.c **** 			/* Add the amount of time the task has been running to the
3011:Middlewares/Third_Party/FreeRTOS/Source/tasks.c **** 			accumulated time so far.  The time the task started running was
3012:Middlewares/Third_Party/FreeRTOS/Source/tasks.c **** 			stored in ulTaskSwitchedInTime.  Note that there is no overflow
3013:Middlewares/Third_Party/FreeRTOS/Source/tasks.c **** 			protection here so count values are only valid until the timer
3014:Middlewares/Third_Party/FreeRTOS/Source/tasks.c **** 			overflows.  The guard against negative values is to protect
3015:Middlewares/Third_Party/FreeRTOS/Source/tasks.c **** 			against suspect run time stat counter implementations - which
3016:Middlewares/Third_Party/FreeRTOS/Source/tasks.c **** 			are provided by the application, not the kernel. */
3017:Middlewares/Third_Party/FreeRTOS/Source/tasks.c **** 			if( ulTotalRunTime > ulTaskSwitchedInTime )
3018:Middlewares/Third_Party/FreeRTOS/Source/tasks.c **** 			{
3019:Middlewares/Third_Party/FreeRTOS/Source/tasks.c **** 				pxCurrentTCB->ulRunTimeCounter += ( ulTotalRunTime - ulTaskSwitchedInTime );
3020:Middlewares/Third_Party/FreeRTOS/Source/tasks.c **** 			}
3021:Middlewares/Third_Party/FreeRTOS/Source/tasks.c **** 			else
3022:Middlewares/Third_Party/FreeRTOS/Source/tasks.c **** 			{
3023:Middlewares/Third_Party/FreeRTOS/Source/tasks.c **** 				mtCOVERAGE_TEST_MARKER();
3024:Middlewares/Third_Party/FreeRTOS/Source/tasks.c **** 			}
3025:Middlewares/Third_Party/FreeRTOS/Source/tasks.c **** 			ulTaskSwitchedInTime = ulTotalRunTime;
3026:Middlewares/Third_Party/FreeRTOS/Source/tasks.c **** 		}
3027:Middlewares/Third_Party/FreeRTOS/Source/tasks.c **** 		#endif /* configGENERATE_RUN_TIME_STATS */
3028:Middlewares/Third_Party/FreeRTOS/Source/tasks.c **** 
3029:Middlewares/Third_Party/FreeRTOS/Source/tasks.c **** 		/* Check for stack overflow, if configured. */
3030:Middlewares/Third_Party/FreeRTOS/Source/tasks.c **** 		taskCHECK_FOR_STACK_OVERFLOW();
3031:Middlewares/Third_Party/FreeRTOS/Source/tasks.c **** 
3032:Middlewares/Third_Party/FreeRTOS/Source/tasks.c **** 		/* Before the currently running task is switched out, save its errno. */
3033:Middlewares/Third_Party/FreeRTOS/Source/tasks.c **** 		#if( configUSE_POSIX_ERRNO == 1 )
3034:Middlewares/Third_Party/FreeRTOS/Source/tasks.c **** 		{
3035:Middlewares/Third_Party/FreeRTOS/Source/tasks.c **** 			pxCurrentTCB->iTaskErrno = FreeRTOS_errno;
3036:Middlewares/Third_Party/FreeRTOS/Source/tasks.c **** 		}
3037:Middlewares/Third_Party/FreeRTOS/Source/tasks.c **** 		#endif
ARM GAS  /tmp/cchsWuk7.s 			page 60


3038:Middlewares/Third_Party/FreeRTOS/Source/tasks.c **** 
3039:Middlewares/Third_Party/FreeRTOS/Source/tasks.c **** 		/* Select a new task to run using either the generic C or port
3040:Middlewares/Third_Party/FreeRTOS/Source/tasks.c **** 		optimised asm code. */
3041:Middlewares/Third_Party/FreeRTOS/Source/tasks.c **** 		taskSELECT_HIGHEST_PRIORITY_TASK(); /*lint !e9079 void * is used as this macro is used with timer
3042:Middlewares/Third_Party/FreeRTOS/Source/tasks.c **** 		traceTASK_SWITCHED_IN();
3043:Middlewares/Third_Party/FreeRTOS/Source/tasks.c **** 
3044:Middlewares/Third_Party/FreeRTOS/Source/tasks.c **** 		/* After the new task is switched in, update the global errno. */
3045:Middlewares/Third_Party/FreeRTOS/Source/tasks.c **** 		#if( configUSE_POSIX_ERRNO == 1 )
3046:Middlewares/Third_Party/FreeRTOS/Source/tasks.c **** 		{
3047:Middlewares/Third_Party/FreeRTOS/Source/tasks.c **** 			FreeRTOS_errno = pxCurrentTCB->iTaskErrno;
3048:Middlewares/Third_Party/FreeRTOS/Source/tasks.c **** 		}
3049:Middlewares/Third_Party/FreeRTOS/Source/tasks.c **** 		#endif
3050:Middlewares/Third_Party/FreeRTOS/Source/tasks.c **** 
3051:Middlewares/Third_Party/FreeRTOS/Source/tasks.c **** 		#if ( configUSE_NEWLIB_REENTRANT == 1 )
3052:Middlewares/Third_Party/FreeRTOS/Source/tasks.c **** 		{
3053:Middlewares/Third_Party/FreeRTOS/Source/tasks.c **** 			/* Switch Newlib's _impure_ptr variable to point to the _reent
3054:Middlewares/Third_Party/FreeRTOS/Source/tasks.c **** 			structure specific to this task.
3055:Middlewares/Third_Party/FreeRTOS/Source/tasks.c **** 			See the third party link http://www.nadler.com/embedded/newlibAndFreeRTOS.html
3056:Middlewares/Third_Party/FreeRTOS/Source/tasks.c **** 			for additional information. */
3057:Middlewares/Third_Party/FreeRTOS/Source/tasks.c **** 			_impure_ptr = &( pxCurrentTCB->xNewLib_reent );
3058:Middlewares/Third_Party/FreeRTOS/Source/tasks.c **** 		}
3059:Middlewares/Third_Party/FreeRTOS/Source/tasks.c **** 		#endif /* configUSE_NEWLIB_REENTRANT */
3060:Middlewares/Third_Party/FreeRTOS/Source/tasks.c **** 	}
3061:Middlewares/Third_Party/FreeRTOS/Source/tasks.c **** }
3062:Middlewares/Third_Party/FreeRTOS/Source/tasks.c **** /*-----------------------------------------------------------*/
3063:Middlewares/Third_Party/FreeRTOS/Source/tasks.c **** 
3064:Middlewares/Third_Party/FreeRTOS/Source/tasks.c **** void vTaskPlaceOnEventList( List_t * const pxEventList, const TickType_t xTicksToWait )
3065:Middlewares/Third_Party/FreeRTOS/Source/tasks.c **** {
3066:Middlewares/Third_Party/FreeRTOS/Source/tasks.c **** 	configASSERT( pxEventList );
3067:Middlewares/Third_Party/FreeRTOS/Source/tasks.c **** 
3068:Middlewares/Third_Party/FreeRTOS/Source/tasks.c **** 	/* THIS FUNCTION MUST BE CALLED WITH EITHER INTERRUPTS DISABLED OR THE
3069:Middlewares/Third_Party/FreeRTOS/Source/tasks.c **** 	SCHEDULER SUSPENDED AND THE QUEUE BEING ACCESSED LOCKED. */
3070:Middlewares/Third_Party/FreeRTOS/Source/tasks.c **** 
3071:Middlewares/Third_Party/FreeRTOS/Source/tasks.c **** 	/* Place the event list item of the TCB in the appropriate event list.
3072:Middlewares/Third_Party/FreeRTOS/Source/tasks.c **** 	This is placed in the list in priority order so the highest priority task
3073:Middlewares/Third_Party/FreeRTOS/Source/tasks.c **** 	is the first to be woken by the event.  The queue that contains the event
3074:Middlewares/Third_Party/FreeRTOS/Source/tasks.c **** 	list is locked, preventing simultaneous access from interrupts. */
3075:Middlewares/Third_Party/FreeRTOS/Source/tasks.c **** 	vListInsert( pxEventList, &( pxCurrentTCB->xEventListItem ) );
3076:Middlewares/Third_Party/FreeRTOS/Source/tasks.c **** 
3077:Middlewares/Third_Party/FreeRTOS/Source/tasks.c **** 	prvAddCurrentTaskToDelayedList( xTicksToWait, pdTRUE );
3078:Middlewares/Third_Party/FreeRTOS/Source/tasks.c **** }
3079:Middlewares/Third_Party/FreeRTOS/Source/tasks.c **** /*-----------------------------------------------------------*/
3080:Middlewares/Third_Party/FreeRTOS/Source/tasks.c **** 
3081:Middlewares/Third_Party/FreeRTOS/Source/tasks.c **** void vTaskPlaceOnUnorderedEventList( List_t * pxEventList, const TickType_t xItemValue, const TickT
3082:Middlewares/Third_Party/FreeRTOS/Source/tasks.c **** {
3083:Middlewares/Third_Party/FreeRTOS/Source/tasks.c **** 	configASSERT( pxEventList );
3084:Middlewares/Third_Party/FreeRTOS/Source/tasks.c **** 
3085:Middlewares/Third_Party/FreeRTOS/Source/tasks.c **** 	/* THIS FUNCTION MUST BE CALLED WITH THE SCHEDULER SUSPENDED.  It is used by
3086:Middlewares/Third_Party/FreeRTOS/Source/tasks.c **** 	the event groups implementation. */
3087:Middlewares/Third_Party/FreeRTOS/Source/tasks.c **** 	configASSERT( uxSchedulerSuspended != 0 );
3088:Middlewares/Third_Party/FreeRTOS/Source/tasks.c **** 
3089:Middlewares/Third_Party/FreeRTOS/Source/tasks.c **** 	/* Store the item value in the event list item.  It is safe to access the
3090:Middlewares/Third_Party/FreeRTOS/Source/tasks.c **** 	event list item here as interrupts won't access the event list item of a
3091:Middlewares/Third_Party/FreeRTOS/Source/tasks.c **** 	task that is not in the Blocked state. */
3092:Middlewares/Third_Party/FreeRTOS/Source/tasks.c **** 	listSET_LIST_ITEM_VALUE( &( pxCurrentTCB->xEventListItem ), xItemValue | taskEVENT_LIST_ITEM_VALUE
3093:Middlewares/Third_Party/FreeRTOS/Source/tasks.c **** 
3094:Middlewares/Third_Party/FreeRTOS/Source/tasks.c **** 	/* Place the event list item of the TCB at the end of the appropriate event
ARM GAS  /tmp/cchsWuk7.s 			page 61


3095:Middlewares/Third_Party/FreeRTOS/Source/tasks.c **** 	list.  It is safe to access the event list here because it is part of an
3096:Middlewares/Third_Party/FreeRTOS/Source/tasks.c **** 	event group implementation - and interrupts don't access event groups
3097:Middlewares/Third_Party/FreeRTOS/Source/tasks.c **** 	directly (instead they access them indirectly by pending function calls to
3098:Middlewares/Third_Party/FreeRTOS/Source/tasks.c **** 	the task level). */
3099:Middlewares/Third_Party/FreeRTOS/Source/tasks.c **** 	vListInsertEnd( pxEventList, &( pxCurrentTCB->xEventListItem ) );
3100:Middlewares/Third_Party/FreeRTOS/Source/tasks.c **** 
3101:Middlewares/Third_Party/FreeRTOS/Source/tasks.c **** 	prvAddCurrentTaskToDelayedList( xTicksToWait, pdTRUE );
3102:Middlewares/Third_Party/FreeRTOS/Source/tasks.c **** }
3103:Middlewares/Third_Party/FreeRTOS/Source/tasks.c **** /*-----------------------------------------------------------*/
3104:Middlewares/Third_Party/FreeRTOS/Source/tasks.c **** 
3105:Middlewares/Third_Party/FreeRTOS/Source/tasks.c **** #if( configUSE_TIMERS == 1 )
3106:Middlewares/Third_Party/FreeRTOS/Source/tasks.c **** 
3107:Middlewares/Third_Party/FreeRTOS/Source/tasks.c **** 	void vTaskPlaceOnEventListRestricted( List_t * const pxEventList, TickType_t xTicksToWait, const B
3108:Middlewares/Third_Party/FreeRTOS/Source/tasks.c **** 	{
3109:Middlewares/Third_Party/FreeRTOS/Source/tasks.c **** 		configASSERT( pxEventList );
3110:Middlewares/Third_Party/FreeRTOS/Source/tasks.c **** 
3111:Middlewares/Third_Party/FreeRTOS/Source/tasks.c **** 		/* This function should not be called by application code hence the
3112:Middlewares/Third_Party/FreeRTOS/Source/tasks.c **** 		'Restricted' in its name.  It is not part of the public API.  It is
3113:Middlewares/Third_Party/FreeRTOS/Source/tasks.c **** 		designed for use by kernel code, and has special calling requirements -
3114:Middlewares/Third_Party/FreeRTOS/Source/tasks.c **** 		it should be called with the scheduler suspended. */
3115:Middlewares/Third_Party/FreeRTOS/Source/tasks.c **** 
3116:Middlewares/Third_Party/FreeRTOS/Source/tasks.c **** 
3117:Middlewares/Third_Party/FreeRTOS/Source/tasks.c **** 		/* Place the event list item of the TCB in the appropriate event list.
3118:Middlewares/Third_Party/FreeRTOS/Source/tasks.c **** 		In this case it is assume that this is the only task that is going to
3119:Middlewares/Third_Party/FreeRTOS/Source/tasks.c **** 		be waiting on this event list, so the faster vListInsertEnd() function
3120:Middlewares/Third_Party/FreeRTOS/Source/tasks.c **** 		can be used in place of vListInsert. */
3121:Middlewares/Third_Party/FreeRTOS/Source/tasks.c **** 		vListInsertEnd( pxEventList, &( pxCurrentTCB->xEventListItem ) );
3122:Middlewares/Third_Party/FreeRTOS/Source/tasks.c **** 
3123:Middlewares/Third_Party/FreeRTOS/Source/tasks.c **** 		/* If the task should block indefinitely then set the block time to a
3124:Middlewares/Third_Party/FreeRTOS/Source/tasks.c **** 		value that will be recognised as an indefinite delay inside the
3125:Middlewares/Third_Party/FreeRTOS/Source/tasks.c **** 		prvAddCurrentTaskToDelayedList() function. */
3126:Middlewares/Third_Party/FreeRTOS/Source/tasks.c **** 		if( xWaitIndefinitely != pdFALSE )
3127:Middlewares/Third_Party/FreeRTOS/Source/tasks.c **** 		{
3128:Middlewares/Third_Party/FreeRTOS/Source/tasks.c **** 			xTicksToWait = portMAX_DELAY;
3129:Middlewares/Third_Party/FreeRTOS/Source/tasks.c **** 		}
3130:Middlewares/Third_Party/FreeRTOS/Source/tasks.c **** 
3131:Middlewares/Third_Party/FreeRTOS/Source/tasks.c **** 		traceTASK_DELAY_UNTIL( ( xTickCount + xTicksToWait ) );
3132:Middlewares/Third_Party/FreeRTOS/Source/tasks.c **** 		prvAddCurrentTaskToDelayedList( xTicksToWait, xWaitIndefinitely );
3133:Middlewares/Third_Party/FreeRTOS/Source/tasks.c **** 	}
3134:Middlewares/Third_Party/FreeRTOS/Source/tasks.c **** 
3135:Middlewares/Third_Party/FreeRTOS/Source/tasks.c **** #endif /* configUSE_TIMERS */
3136:Middlewares/Third_Party/FreeRTOS/Source/tasks.c **** /*-----------------------------------------------------------*/
3137:Middlewares/Third_Party/FreeRTOS/Source/tasks.c **** 
3138:Middlewares/Third_Party/FreeRTOS/Source/tasks.c **** BaseType_t xTaskRemoveFromEventList( const List_t * const pxEventList )
3139:Middlewares/Third_Party/FreeRTOS/Source/tasks.c **** {
3140:Middlewares/Third_Party/FreeRTOS/Source/tasks.c **** TCB_t *pxUnblockedTCB;
3141:Middlewares/Third_Party/FreeRTOS/Source/tasks.c **** BaseType_t xReturn;
3142:Middlewares/Third_Party/FreeRTOS/Source/tasks.c **** 
3143:Middlewares/Third_Party/FreeRTOS/Source/tasks.c **** 	/* THIS FUNCTION MUST BE CALLED FROM A CRITICAL SECTION.  It can also be
3144:Middlewares/Third_Party/FreeRTOS/Source/tasks.c **** 	called from a critical section within an ISR. */
3145:Middlewares/Third_Party/FreeRTOS/Source/tasks.c **** 
3146:Middlewares/Third_Party/FreeRTOS/Source/tasks.c **** 	/* The event list is sorted in priority order, so the first in the list can
3147:Middlewares/Third_Party/FreeRTOS/Source/tasks.c **** 	be removed as it is known to be the highest priority.  Remove the TCB from
3148:Middlewares/Third_Party/FreeRTOS/Source/tasks.c **** 	the delayed list, and add it to the ready list.
3149:Middlewares/Third_Party/FreeRTOS/Source/tasks.c **** 
3150:Middlewares/Third_Party/FreeRTOS/Source/tasks.c **** 	If an event is for a queue that is locked then this function will never
3151:Middlewares/Third_Party/FreeRTOS/Source/tasks.c **** 	get called - the lock count on the queue will get modified instead.  This
ARM GAS  /tmp/cchsWuk7.s 			page 62


3152:Middlewares/Third_Party/FreeRTOS/Source/tasks.c **** 	means exclusive access to the event list is guaranteed here.
3153:Middlewares/Third_Party/FreeRTOS/Source/tasks.c **** 
3154:Middlewares/Third_Party/FreeRTOS/Source/tasks.c **** 	This function assumes that a check has already been made to ensure that
3155:Middlewares/Third_Party/FreeRTOS/Source/tasks.c **** 	pxEventList is not empty. */
3156:Middlewares/Third_Party/FreeRTOS/Source/tasks.c **** 	pxUnblockedTCB = listGET_OWNER_OF_HEAD_ENTRY( pxEventList ); /*lint !e9079 void * is used as this 
3157:Middlewares/Third_Party/FreeRTOS/Source/tasks.c **** 	configASSERT( pxUnblockedTCB );
3158:Middlewares/Third_Party/FreeRTOS/Source/tasks.c **** 	( void ) uxListRemove( &( pxUnblockedTCB->xEventListItem ) );
3159:Middlewares/Third_Party/FreeRTOS/Source/tasks.c **** 
3160:Middlewares/Third_Party/FreeRTOS/Source/tasks.c **** 	if( uxSchedulerSuspended == ( UBaseType_t ) pdFALSE )
3161:Middlewares/Third_Party/FreeRTOS/Source/tasks.c **** 	{
3162:Middlewares/Third_Party/FreeRTOS/Source/tasks.c **** 		( void ) uxListRemove( &( pxUnblockedTCB->xStateListItem ) );
3163:Middlewares/Third_Party/FreeRTOS/Source/tasks.c **** 		prvAddTaskToReadyList( pxUnblockedTCB );
3164:Middlewares/Third_Party/FreeRTOS/Source/tasks.c **** 
3165:Middlewares/Third_Party/FreeRTOS/Source/tasks.c **** 		#if( configUSE_TICKLESS_IDLE != 0 )
3166:Middlewares/Third_Party/FreeRTOS/Source/tasks.c **** 		{
3167:Middlewares/Third_Party/FreeRTOS/Source/tasks.c **** 			/* If a task is blocked on a kernel object then xNextTaskUnblockTime
3168:Middlewares/Third_Party/FreeRTOS/Source/tasks.c **** 			might be set to the blocked task's time out time.  If the task is
3169:Middlewares/Third_Party/FreeRTOS/Source/tasks.c **** 			unblocked for a reason other than a timeout xNextTaskUnblockTime is
3170:Middlewares/Third_Party/FreeRTOS/Source/tasks.c **** 			normally left unchanged, because it is automatically reset to a new
3171:Middlewares/Third_Party/FreeRTOS/Source/tasks.c **** 			value when the tick count equals xNextTaskUnblockTime.  However if
3172:Middlewares/Third_Party/FreeRTOS/Source/tasks.c **** 			tickless idling is used it might be more important to enter sleep mode
3173:Middlewares/Third_Party/FreeRTOS/Source/tasks.c **** 			at the earliest possible time - so reset xNextTaskUnblockTime here to
3174:Middlewares/Third_Party/FreeRTOS/Source/tasks.c **** 			ensure it is updated at the earliest possible time. */
3175:Middlewares/Third_Party/FreeRTOS/Source/tasks.c **** 			prvResetNextTaskUnblockTime();
3176:Middlewares/Third_Party/FreeRTOS/Source/tasks.c **** 		}
3177:Middlewares/Third_Party/FreeRTOS/Source/tasks.c **** 		#endif
3178:Middlewares/Third_Party/FreeRTOS/Source/tasks.c **** 	}
3179:Middlewares/Third_Party/FreeRTOS/Source/tasks.c **** 	else
3180:Middlewares/Third_Party/FreeRTOS/Source/tasks.c **** 	{
3181:Middlewares/Third_Party/FreeRTOS/Source/tasks.c **** 		/* The delayed and ready lists cannot be accessed, so hold this task
3182:Middlewares/Third_Party/FreeRTOS/Source/tasks.c **** 		pending until the scheduler is resumed. */
3183:Middlewares/Third_Party/FreeRTOS/Source/tasks.c **** 		vListInsertEnd( &( xPendingReadyList ), &( pxUnblockedTCB->xEventListItem ) );
3184:Middlewares/Third_Party/FreeRTOS/Source/tasks.c **** 	}
3185:Middlewares/Third_Party/FreeRTOS/Source/tasks.c **** 
3186:Middlewares/Third_Party/FreeRTOS/Source/tasks.c **** 	if( pxUnblockedTCB->uxPriority > pxCurrentTCB->uxPriority )
3187:Middlewares/Third_Party/FreeRTOS/Source/tasks.c **** 	{
3188:Middlewares/Third_Party/FreeRTOS/Source/tasks.c **** 		/* Return true if the task removed from the event list has a higher
3189:Middlewares/Third_Party/FreeRTOS/Source/tasks.c **** 		priority than the calling task.  This allows the calling task to know if
3190:Middlewares/Third_Party/FreeRTOS/Source/tasks.c **** 		it should force a context switch now. */
3191:Middlewares/Third_Party/FreeRTOS/Source/tasks.c **** 		xReturn = pdTRUE;
3192:Middlewares/Third_Party/FreeRTOS/Source/tasks.c **** 
3193:Middlewares/Third_Party/FreeRTOS/Source/tasks.c **** 		/* Mark that a yield is pending in case the user is not using the
3194:Middlewares/Third_Party/FreeRTOS/Source/tasks.c **** 		"xHigherPriorityTaskWoken" parameter to an ISR safe FreeRTOS function. */
3195:Middlewares/Third_Party/FreeRTOS/Source/tasks.c **** 		xYieldPending = pdTRUE;
3196:Middlewares/Third_Party/FreeRTOS/Source/tasks.c **** 	}
3197:Middlewares/Third_Party/FreeRTOS/Source/tasks.c **** 	else
3198:Middlewares/Third_Party/FreeRTOS/Source/tasks.c **** 	{
3199:Middlewares/Third_Party/FreeRTOS/Source/tasks.c **** 		xReturn = pdFALSE;
3200:Middlewares/Third_Party/FreeRTOS/Source/tasks.c **** 	}
3201:Middlewares/Third_Party/FreeRTOS/Source/tasks.c **** 
3202:Middlewares/Third_Party/FreeRTOS/Source/tasks.c **** 	return xReturn;
3203:Middlewares/Third_Party/FreeRTOS/Source/tasks.c **** }
3204:Middlewares/Third_Party/FreeRTOS/Source/tasks.c **** /*-----------------------------------------------------------*/
3205:Middlewares/Third_Party/FreeRTOS/Source/tasks.c **** 
3206:Middlewares/Third_Party/FreeRTOS/Source/tasks.c **** void vTaskRemoveFromUnorderedEventList( ListItem_t * pxEventListItem, const TickType_t xItemValue )
3207:Middlewares/Third_Party/FreeRTOS/Source/tasks.c **** {
3208:Middlewares/Third_Party/FreeRTOS/Source/tasks.c **** TCB_t *pxUnblockedTCB;
ARM GAS  /tmp/cchsWuk7.s 			page 63


3209:Middlewares/Third_Party/FreeRTOS/Source/tasks.c **** 
3210:Middlewares/Third_Party/FreeRTOS/Source/tasks.c **** 	/* THIS FUNCTION MUST BE CALLED WITH THE SCHEDULER SUSPENDED.  It is used by
3211:Middlewares/Third_Party/FreeRTOS/Source/tasks.c **** 	the event flags implementation. */
3212:Middlewares/Third_Party/FreeRTOS/Source/tasks.c **** 	configASSERT( uxSchedulerSuspended != pdFALSE );
3213:Middlewares/Third_Party/FreeRTOS/Source/tasks.c **** 
3214:Middlewares/Third_Party/FreeRTOS/Source/tasks.c **** 	/* Store the new item value in the event list. */
3215:Middlewares/Third_Party/FreeRTOS/Source/tasks.c **** 	listSET_LIST_ITEM_VALUE( pxEventListItem, xItemValue | taskEVENT_LIST_ITEM_VALUE_IN_USE );
3216:Middlewares/Third_Party/FreeRTOS/Source/tasks.c **** 
3217:Middlewares/Third_Party/FreeRTOS/Source/tasks.c **** 	/* Remove the event list form the event flag.  Interrupts do not access
3218:Middlewares/Third_Party/FreeRTOS/Source/tasks.c **** 	event flags. */
3219:Middlewares/Third_Party/FreeRTOS/Source/tasks.c **** 	pxUnblockedTCB = listGET_LIST_ITEM_OWNER( pxEventListItem ); /*lint !e9079 void * is used as this 
3220:Middlewares/Third_Party/FreeRTOS/Source/tasks.c **** 	configASSERT( pxUnblockedTCB );
3221:Middlewares/Third_Party/FreeRTOS/Source/tasks.c **** 	( void ) uxListRemove( pxEventListItem );
3222:Middlewares/Third_Party/FreeRTOS/Source/tasks.c **** 
3223:Middlewares/Third_Party/FreeRTOS/Source/tasks.c **** 	#if( configUSE_TICKLESS_IDLE != 0 )
3224:Middlewares/Third_Party/FreeRTOS/Source/tasks.c **** 	{
3225:Middlewares/Third_Party/FreeRTOS/Source/tasks.c **** 		/* If a task is blocked on a kernel object then xNextTaskUnblockTime
3226:Middlewares/Third_Party/FreeRTOS/Source/tasks.c **** 		might be set to the blocked task's time out time.  If the task is
3227:Middlewares/Third_Party/FreeRTOS/Source/tasks.c **** 		unblocked for a reason other than a timeout xNextTaskUnblockTime is
3228:Middlewares/Third_Party/FreeRTOS/Source/tasks.c **** 		normally left unchanged, because it is automatically reset to a new
3229:Middlewares/Third_Party/FreeRTOS/Source/tasks.c **** 		value when the tick count equals xNextTaskUnblockTime.  However if
3230:Middlewares/Third_Party/FreeRTOS/Source/tasks.c **** 		tickless idling is used it might be more important to enter sleep mode
3231:Middlewares/Third_Party/FreeRTOS/Source/tasks.c **** 		at the earliest possible time - so reset xNextTaskUnblockTime here to
3232:Middlewares/Third_Party/FreeRTOS/Source/tasks.c **** 		ensure it is updated at the earliest possible time. */
3233:Middlewares/Third_Party/FreeRTOS/Source/tasks.c **** 		prvResetNextTaskUnblockTime();
3234:Middlewares/Third_Party/FreeRTOS/Source/tasks.c **** 	}
3235:Middlewares/Third_Party/FreeRTOS/Source/tasks.c **** 	#endif
3236:Middlewares/Third_Party/FreeRTOS/Source/tasks.c **** 
3237:Middlewares/Third_Party/FreeRTOS/Source/tasks.c **** 	/* Remove the task from the delayed list and add it to the ready list.  The
3238:Middlewares/Third_Party/FreeRTOS/Source/tasks.c **** 	scheduler is suspended so interrupts will not be accessing the ready
3239:Middlewares/Third_Party/FreeRTOS/Source/tasks.c **** 	lists. */
3240:Middlewares/Third_Party/FreeRTOS/Source/tasks.c **** 	( void ) uxListRemove( &( pxUnblockedTCB->xStateListItem ) );
3241:Middlewares/Third_Party/FreeRTOS/Source/tasks.c **** 	prvAddTaskToReadyList( pxUnblockedTCB );
3242:Middlewares/Third_Party/FreeRTOS/Source/tasks.c **** 
3243:Middlewares/Third_Party/FreeRTOS/Source/tasks.c **** 	if( pxUnblockedTCB->uxPriority > pxCurrentTCB->uxPriority )
3244:Middlewares/Third_Party/FreeRTOS/Source/tasks.c **** 	{
3245:Middlewares/Third_Party/FreeRTOS/Source/tasks.c **** 		/* The unblocked task has a priority above that of the calling task, so
3246:Middlewares/Third_Party/FreeRTOS/Source/tasks.c **** 		a context switch is required.  This function is called with the
3247:Middlewares/Third_Party/FreeRTOS/Source/tasks.c **** 		scheduler suspended so xYieldPending is set so the context switch
3248:Middlewares/Third_Party/FreeRTOS/Source/tasks.c **** 		occurs immediately that the scheduler is resumed (unsuspended). */
3249:Middlewares/Third_Party/FreeRTOS/Source/tasks.c **** 		xYieldPending = pdTRUE;
3250:Middlewares/Third_Party/FreeRTOS/Source/tasks.c **** 	}
3251:Middlewares/Third_Party/FreeRTOS/Source/tasks.c **** }
3252:Middlewares/Third_Party/FreeRTOS/Source/tasks.c **** /*-----------------------------------------------------------*/
3253:Middlewares/Third_Party/FreeRTOS/Source/tasks.c **** 
3254:Middlewares/Third_Party/FreeRTOS/Source/tasks.c **** void vTaskSetTimeOutState( TimeOut_t * const pxTimeOut )
3255:Middlewares/Third_Party/FreeRTOS/Source/tasks.c **** {
3256:Middlewares/Third_Party/FreeRTOS/Source/tasks.c **** 	configASSERT( pxTimeOut );
3257:Middlewares/Third_Party/FreeRTOS/Source/tasks.c **** 	taskENTER_CRITICAL();
3258:Middlewares/Third_Party/FreeRTOS/Source/tasks.c **** 	{
3259:Middlewares/Third_Party/FreeRTOS/Source/tasks.c **** 		pxTimeOut->xOverflowCount = xNumOfOverflows;
3260:Middlewares/Third_Party/FreeRTOS/Source/tasks.c **** 		pxTimeOut->xTimeOnEntering = xTickCount;
3261:Middlewares/Third_Party/FreeRTOS/Source/tasks.c **** 	}
3262:Middlewares/Third_Party/FreeRTOS/Source/tasks.c **** 	taskEXIT_CRITICAL();
3263:Middlewares/Third_Party/FreeRTOS/Source/tasks.c **** }
3264:Middlewares/Third_Party/FreeRTOS/Source/tasks.c **** /*-----------------------------------------------------------*/
3265:Middlewares/Third_Party/FreeRTOS/Source/tasks.c **** 
ARM GAS  /tmp/cchsWuk7.s 			page 64


3266:Middlewares/Third_Party/FreeRTOS/Source/tasks.c **** void vTaskInternalSetTimeOutState( TimeOut_t * const pxTimeOut )
3267:Middlewares/Third_Party/FreeRTOS/Source/tasks.c **** {
3268:Middlewares/Third_Party/FreeRTOS/Source/tasks.c **** 	/* For internal use only as it does not use a critical section. */
3269:Middlewares/Third_Party/FreeRTOS/Source/tasks.c **** 	pxTimeOut->xOverflowCount = xNumOfOverflows;
3270:Middlewares/Third_Party/FreeRTOS/Source/tasks.c **** 	pxTimeOut->xTimeOnEntering = xTickCount;
3271:Middlewares/Third_Party/FreeRTOS/Source/tasks.c **** }
3272:Middlewares/Third_Party/FreeRTOS/Source/tasks.c **** /*-----------------------------------------------------------*/
3273:Middlewares/Third_Party/FreeRTOS/Source/tasks.c **** 
3274:Middlewares/Third_Party/FreeRTOS/Source/tasks.c **** BaseType_t xTaskCheckForTimeOut( TimeOut_t * const pxTimeOut, TickType_t * const pxTicksToWait )
3275:Middlewares/Third_Party/FreeRTOS/Source/tasks.c **** {
3276:Middlewares/Third_Party/FreeRTOS/Source/tasks.c **** BaseType_t xReturn;
3277:Middlewares/Third_Party/FreeRTOS/Source/tasks.c **** 
3278:Middlewares/Third_Party/FreeRTOS/Source/tasks.c **** 	configASSERT( pxTimeOut );
3279:Middlewares/Third_Party/FreeRTOS/Source/tasks.c **** 	configASSERT( pxTicksToWait );
3280:Middlewares/Third_Party/FreeRTOS/Source/tasks.c **** 
3281:Middlewares/Third_Party/FreeRTOS/Source/tasks.c **** 	taskENTER_CRITICAL();
3282:Middlewares/Third_Party/FreeRTOS/Source/tasks.c **** 	{
3283:Middlewares/Third_Party/FreeRTOS/Source/tasks.c **** 		/* Minor optimisation.  The tick count cannot change in this block. */
3284:Middlewares/Third_Party/FreeRTOS/Source/tasks.c **** 		const TickType_t xConstTickCount = xTickCount;
3285:Middlewares/Third_Party/FreeRTOS/Source/tasks.c **** 		const TickType_t xElapsedTime = xConstTickCount - pxTimeOut->xTimeOnEntering;
3286:Middlewares/Third_Party/FreeRTOS/Source/tasks.c **** 
3287:Middlewares/Third_Party/FreeRTOS/Source/tasks.c **** 		#if( INCLUDE_xTaskAbortDelay == 1 )
3288:Middlewares/Third_Party/FreeRTOS/Source/tasks.c **** 			if( pxCurrentTCB->ucDelayAborted != ( uint8_t ) pdFALSE )
3289:Middlewares/Third_Party/FreeRTOS/Source/tasks.c **** 			{
3290:Middlewares/Third_Party/FreeRTOS/Source/tasks.c **** 				/* The delay was aborted, which is not the same as a time out,
3291:Middlewares/Third_Party/FreeRTOS/Source/tasks.c **** 				but has the same result. */
3292:Middlewares/Third_Party/FreeRTOS/Source/tasks.c **** 				pxCurrentTCB->ucDelayAborted = pdFALSE;
3293:Middlewares/Third_Party/FreeRTOS/Source/tasks.c **** 				xReturn = pdTRUE;
3294:Middlewares/Third_Party/FreeRTOS/Source/tasks.c **** 			}
3295:Middlewares/Third_Party/FreeRTOS/Source/tasks.c **** 			else
3296:Middlewares/Third_Party/FreeRTOS/Source/tasks.c **** 		#endif
3297:Middlewares/Third_Party/FreeRTOS/Source/tasks.c **** 
3298:Middlewares/Third_Party/FreeRTOS/Source/tasks.c **** 		#if ( INCLUDE_vTaskSuspend == 1 )
3299:Middlewares/Third_Party/FreeRTOS/Source/tasks.c **** 			if( *pxTicksToWait == portMAX_DELAY )
3300:Middlewares/Third_Party/FreeRTOS/Source/tasks.c **** 			{
3301:Middlewares/Third_Party/FreeRTOS/Source/tasks.c **** 				/* If INCLUDE_vTaskSuspend is set to 1 and the block time
3302:Middlewares/Third_Party/FreeRTOS/Source/tasks.c **** 				specified is the maximum block time then the task should block
3303:Middlewares/Third_Party/FreeRTOS/Source/tasks.c **** 				indefinitely, and therefore never time out. */
3304:Middlewares/Third_Party/FreeRTOS/Source/tasks.c **** 				xReturn = pdFALSE;
3305:Middlewares/Third_Party/FreeRTOS/Source/tasks.c **** 			}
3306:Middlewares/Third_Party/FreeRTOS/Source/tasks.c **** 			else
3307:Middlewares/Third_Party/FreeRTOS/Source/tasks.c **** 		#endif
3308:Middlewares/Third_Party/FreeRTOS/Source/tasks.c **** 
3309:Middlewares/Third_Party/FreeRTOS/Source/tasks.c **** 		if( ( xNumOfOverflows != pxTimeOut->xOverflowCount ) && ( xConstTickCount >= pxTimeOut->xTimeOnEn
3310:Middlewares/Third_Party/FreeRTOS/Source/tasks.c **** 		{
3311:Middlewares/Third_Party/FreeRTOS/Source/tasks.c **** 			/* The tick count is greater than the time at which
3312:Middlewares/Third_Party/FreeRTOS/Source/tasks.c **** 			vTaskSetTimeout() was called, but has also overflowed since
3313:Middlewares/Third_Party/FreeRTOS/Source/tasks.c **** 			vTaskSetTimeOut() was called.  It must have wrapped all the way
3314:Middlewares/Third_Party/FreeRTOS/Source/tasks.c **** 			around and gone past again. This passed since vTaskSetTimeout()
3315:Middlewares/Third_Party/FreeRTOS/Source/tasks.c **** 			was called. */
3316:Middlewares/Third_Party/FreeRTOS/Source/tasks.c **** 			xReturn = pdTRUE;
3317:Middlewares/Third_Party/FreeRTOS/Source/tasks.c **** 		}
3318:Middlewares/Third_Party/FreeRTOS/Source/tasks.c **** 		else if( xElapsedTime < *pxTicksToWait ) /*lint !e961 Explicit casting is only redundant with som
3319:Middlewares/Third_Party/FreeRTOS/Source/tasks.c **** 		{
3320:Middlewares/Third_Party/FreeRTOS/Source/tasks.c **** 			/* Not a genuine timeout. Adjust parameters for time remaining. */
3321:Middlewares/Third_Party/FreeRTOS/Source/tasks.c **** 			*pxTicksToWait -= xElapsedTime;
3322:Middlewares/Third_Party/FreeRTOS/Source/tasks.c **** 			vTaskInternalSetTimeOutState( pxTimeOut );
ARM GAS  /tmp/cchsWuk7.s 			page 65


3323:Middlewares/Third_Party/FreeRTOS/Source/tasks.c **** 			xReturn = pdFALSE;
3324:Middlewares/Third_Party/FreeRTOS/Source/tasks.c **** 		}
3325:Middlewares/Third_Party/FreeRTOS/Source/tasks.c **** 		else
3326:Middlewares/Third_Party/FreeRTOS/Source/tasks.c **** 		{
3327:Middlewares/Third_Party/FreeRTOS/Source/tasks.c **** 			*pxTicksToWait = 0;
3328:Middlewares/Third_Party/FreeRTOS/Source/tasks.c **** 			xReturn = pdTRUE;
3329:Middlewares/Third_Party/FreeRTOS/Source/tasks.c **** 		}
3330:Middlewares/Third_Party/FreeRTOS/Source/tasks.c **** 	}
3331:Middlewares/Third_Party/FreeRTOS/Source/tasks.c **** 	taskEXIT_CRITICAL();
3332:Middlewares/Third_Party/FreeRTOS/Source/tasks.c **** 
3333:Middlewares/Third_Party/FreeRTOS/Source/tasks.c **** 	return xReturn;
3334:Middlewares/Third_Party/FreeRTOS/Source/tasks.c **** }
3335:Middlewares/Third_Party/FreeRTOS/Source/tasks.c **** /*-----------------------------------------------------------*/
3336:Middlewares/Third_Party/FreeRTOS/Source/tasks.c **** 
3337:Middlewares/Third_Party/FreeRTOS/Source/tasks.c **** void vTaskMissedYield( void )
3338:Middlewares/Third_Party/FreeRTOS/Source/tasks.c **** {
3339:Middlewares/Third_Party/FreeRTOS/Source/tasks.c **** 	xYieldPending = pdTRUE;
3340:Middlewares/Third_Party/FreeRTOS/Source/tasks.c **** }
3341:Middlewares/Third_Party/FreeRTOS/Source/tasks.c **** /*-----------------------------------------------------------*/
3342:Middlewares/Third_Party/FreeRTOS/Source/tasks.c **** 
3343:Middlewares/Third_Party/FreeRTOS/Source/tasks.c **** #if ( configUSE_TRACE_FACILITY == 1 )
3344:Middlewares/Third_Party/FreeRTOS/Source/tasks.c **** 
3345:Middlewares/Third_Party/FreeRTOS/Source/tasks.c **** 	UBaseType_t uxTaskGetTaskNumber( TaskHandle_t xTask )
3346:Middlewares/Third_Party/FreeRTOS/Source/tasks.c **** 	{
3347:Middlewares/Third_Party/FreeRTOS/Source/tasks.c **** 	UBaseType_t uxReturn;
3348:Middlewares/Third_Party/FreeRTOS/Source/tasks.c **** 	TCB_t const *pxTCB;
3349:Middlewares/Third_Party/FreeRTOS/Source/tasks.c **** 
3350:Middlewares/Third_Party/FreeRTOS/Source/tasks.c **** 		if( xTask != NULL )
3351:Middlewares/Third_Party/FreeRTOS/Source/tasks.c **** 		{
3352:Middlewares/Third_Party/FreeRTOS/Source/tasks.c **** 			pxTCB = xTask;
3353:Middlewares/Third_Party/FreeRTOS/Source/tasks.c **** 			uxReturn = pxTCB->uxTaskNumber;
3354:Middlewares/Third_Party/FreeRTOS/Source/tasks.c **** 		}
3355:Middlewares/Third_Party/FreeRTOS/Source/tasks.c **** 		else
3356:Middlewares/Third_Party/FreeRTOS/Source/tasks.c **** 		{
3357:Middlewares/Third_Party/FreeRTOS/Source/tasks.c **** 			uxReturn = 0U;
3358:Middlewares/Third_Party/FreeRTOS/Source/tasks.c **** 		}
3359:Middlewares/Third_Party/FreeRTOS/Source/tasks.c **** 
3360:Middlewares/Third_Party/FreeRTOS/Source/tasks.c **** 		return uxReturn;
3361:Middlewares/Third_Party/FreeRTOS/Source/tasks.c **** 	}
3362:Middlewares/Third_Party/FreeRTOS/Source/tasks.c **** 
3363:Middlewares/Third_Party/FreeRTOS/Source/tasks.c **** #endif /* configUSE_TRACE_FACILITY */
3364:Middlewares/Third_Party/FreeRTOS/Source/tasks.c **** /*-----------------------------------------------------------*/
3365:Middlewares/Third_Party/FreeRTOS/Source/tasks.c **** 
3366:Middlewares/Third_Party/FreeRTOS/Source/tasks.c **** #if ( configUSE_TRACE_FACILITY == 1 )
3367:Middlewares/Third_Party/FreeRTOS/Source/tasks.c **** 
3368:Middlewares/Third_Party/FreeRTOS/Source/tasks.c **** 	void vTaskSetTaskNumber( TaskHandle_t xTask, const UBaseType_t uxHandle )
3369:Middlewares/Third_Party/FreeRTOS/Source/tasks.c **** 	{
3370:Middlewares/Third_Party/FreeRTOS/Source/tasks.c **** 	TCB_t * pxTCB;
3371:Middlewares/Third_Party/FreeRTOS/Source/tasks.c **** 
3372:Middlewares/Third_Party/FreeRTOS/Source/tasks.c **** 		if( xTask != NULL )
3373:Middlewares/Third_Party/FreeRTOS/Source/tasks.c **** 		{
3374:Middlewares/Third_Party/FreeRTOS/Source/tasks.c **** 			pxTCB = xTask;
3375:Middlewares/Third_Party/FreeRTOS/Source/tasks.c **** 			pxTCB->uxTaskNumber = uxHandle;
3376:Middlewares/Third_Party/FreeRTOS/Source/tasks.c **** 		}
3377:Middlewares/Third_Party/FreeRTOS/Source/tasks.c **** 	}
3378:Middlewares/Third_Party/FreeRTOS/Source/tasks.c **** 
3379:Middlewares/Third_Party/FreeRTOS/Source/tasks.c **** #endif /* configUSE_TRACE_FACILITY */
ARM GAS  /tmp/cchsWuk7.s 			page 66


3380:Middlewares/Third_Party/FreeRTOS/Source/tasks.c **** 
3381:Middlewares/Third_Party/FreeRTOS/Source/tasks.c **** /*
3382:Middlewares/Third_Party/FreeRTOS/Source/tasks.c ****  * -----------------------------------------------------------
3383:Middlewares/Third_Party/FreeRTOS/Source/tasks.c ****  * The Idle task.
3384:Middlewares/Third_Party/FreeRTOS/Source/tasks.c ****  * ----------------------------------------------------------
3385:Middlewares/Third_Party/FreeRTOS/Source/tasks.c ****  *
3386:Middlewares/Third_Party/FreeRTOS/Source/tasks.c ****  * The portTASK_FUNCTION() macro is used to allow port/compiler specific
3387:Middlewares/Third_Party/FreeRTOS/Source/tasks.c ****  * language extensions.  The equivalent prototype for this function is:
3388:Middlewares/Third_Party/FreeRTOS/Source/tasks.c ****  *
3389:Middlewares/Third_Party/FreeRTOS/Source/tasks.c ****  * void prvIdleTask( void *pvParameters );
3390:Middlewares/Third_Party/FreeRTOS/Source/tasks.c ****  *
3391:Middlewares/Third_Party/FreeRTOS/Source/tasks.c ****  */
3392:Middlewares/Third_Party/FreeRTOS/Source/tasks.c **** static portTASK_FUNCTION( prvIdleTask, pvParameters )
3393:Middlewares/Third_Party/FreeRTOS/Source/tasks.c **** {
3394:Middlewares/Third_Party/FreeRTOS/Source/tasks.c **** 	/* Stop warnings. */
3395:Middlewares/Third_Party/FreeRTOS/Source/tasks.c **** 	( void ) pvParameters;
3396:Middlewares/Third_Party/FreeRTOS/Source/tasks.c **** 
3397:Middlewares/Third_Party/FreeRTOS/Source/tasks.c **** 	/** THIS IS THE RTOS IDLE TASK - WHICH IS CREATED AUTOMATICALLY WHEN THE
3398:Middlewares/Third_Party/FreeRTOS/Source/tasks.c **** 	SCHEDULER IS STARTED. **/
3399:Middlewares/Third_Party/FreeRTOS/Source/tasks.c **** 
3400:Middlewares/Third_Party/FreeRTOS/Source/tasks.c **** 	/* In case a task that has a secure context deletes itself, in which case
3401:Middlewares/Third_Party/FreeRTOS/Source/tasks.c **** 	the idle task is responsible for deleting the task's secure context, if
3402:Middlewares/Third_Party/FreeRTOS/Source/tasks.c **** 	any. */
3403:Middlewares/Third_Party/FreeRTOS/Source/tasks.c **** 	portALLOCATE_SECURE_CONTEXT( configMINIMAL_SECURE_STACK_SIZE );
3404:Middlewares/Third_Party/FreeRTOS/Source/tasks.c **** 
3405:Middlewares/Third_Party/FreeRTOS/Source/tasks.c **** 	for( ;; )
3406:Middlewares/Third_Party/FreeRTOS/Source/tasks.c **** 	{
3407:Middlewares/Third_Party/FreeRTOS/Source/tasks.c **** 		/* See if any tasks have deleted themselves - if so then the idle task
3408:Middlewares/Third_Party/FreeRTOS/Source/tasks.c **** 		is responsible for freeing the deleted task's TCB and stack. */
3409:Middlewares/Third_Party/FreeRTOS/Source/tasks.c **** 		prvCheckTasksWaitingTermination();
3410:Middlewares/Third_Party/FreeRTOS/Source/tasks.c **** 
3411:Middlewares/Third_Party/FreeRTOS/Source/tasks.c **** 		#if ( configUSE_PREEMPTION == 0 )
3412:Middlewares/Third_Party/FreeRTOS/Source/tasks.c **** 		{
3413:Middlewares/Third_Party/FreeRTOS/Source/tasks.c **** 			/* If we are not using preemption we keep forcing a task switch to
3414:Middlewares/Third_Party/FreeRTOS/Source/tasks.c **** 			see if any other task has become available.  If we are using
3415:Middlewares/Third_Party/FreeRTOS/Source/tasks.c **** 			preemption we don't need to do this as any task becoming available
3416:Middlewares/Third_Party/FreeRTOS/Source/tasks.c **** 			will automatically get the processor anyway. */
3417:Middlewares/Third_Party/FreeRTOS/Source/tasks.c **** 			taskYIELD();
3418:Middlewares/Third_Party/FreeRTOS/Source/tasks.c **** 		}
3419:Middlewares/Third_Party/FreeRTOS/Source/tasks.c **** 		#endif /* configUSE_PREEMPTION */
3420:Middlewares/Third_Party/FreeRTOS/Source/tasks.c **** 
3421:Middlewares/Third_Party/FreeRTOS/Source/tasks.c **** 		#if ( ( configUSE_PREEMPTION == 1 ) && ( configIDLE_SHOULD_YIELD == 1 ) )
3422:Middlewares/Third_Party/FreeRTOS/Source/tasks.c **** 		{
3423:Middlewares/Third_Party/FreeRTOS/Source/tasks.c **** 			/* When using preemption tasks of equal priority will be
3424:Middlewares/Third_Party/FreeRTOS/Source/tasks.c **** 			timesliced.  If a task that is sharing the idle priority is ready
3425:Middlewares/Third_Party/FreeRTOS/Source/tasks.c **** 			to run then the idle task should yield before the end of the
3426:Middlewares/Third_Party/FreeRTOS/Source/tasks.c **** 			timeslice.
3427:Middlewares/Third_Party/FreeRTOS/Source/tasks.c **** 
3428:Middlewares/Third_Party/FreeRTOS/Source/tasks.c **** 			A critical region is not required here as we are just reading from
3429:Middlewares/Third_Party/FreeRTOS/Source/tasks.c **** 			the list, and an occasional incorrect value will not matter.  If
3430:Middlewares/Third_Party/FreeRTOS/Source/tasks.c **** 			the ready list at the idle priority contains more than one task
3431:Middlewares/Third_Party/FreeRTOS/Source/tasks.c **** 			then a task other than the idle task is ready to execute. */
3432:Middlewares/Third_Party/FreeRTOS/Source/tasks.c **** 			if( listCURRENT_LIST_LENGTH( &( pxReadyTasksLists[ tskIDLE_PRIORITY ] ) ) > ( UBaseType_t ) 1 )
3433:Middlewares/Third_Party/FreeRTOS/Source/tasks.c **** 			{
3434:Middlewares/Third_Party/FreeRTOS/Source/tasks.c **** 				taskYIELD();
3435:Middlewares/Third_Party/FreeRTOS/Source/tasks.c **** 			}
3436:Middlewares/Third_Party/FreeRTOS/Source/tasks.c **** 			else
ARM GAS  /tmp/cchsWuk7.s 			page 67


3437:Middlewares/Third_Party/FreeRTOS/Source/tasks.c **** 			{
3438:Middlewares/Third_Party/FreeRTOS/Source/tasks.c **** 				mtCOVERAGE_TEST_MARKER();
3439:Middlewares/Third_Party/FreeRTOS/Source/tasks.c **** 			}
3440:Middlewares/Third_Party/FreeRTOS/Source/tasks.c **** 		}
3441:Middlewares/Third_Party/FreeRTOS/Source/tasks.c **** 		#endif /* ( ( configUSE_PREEMPTION == 1 ) && ( configIDLE_SHOULD_YIELD == 1 ) ) */
3442:Middlewares/Third_Party/FreeRTOS/Source/tasks.c **** 
3443:Middlewares/Third_Party/FreeRTOS/Source/tasks.c **** 		#if ( configUSE_IDLE_HOOK == 1 )
3444:Middlewares/Third_Party/FreeRTOS/Source/tasks.c **** 		{
3445:Middlewares/Third_Party/FreeRTOS/Source/tasks.c **** 			extern void vApplicationIdleHook( void );
3446:Middlewares/Third_Party/FreeRTOS/Source/tasks.c **** 
3447:Middlewares/Third_Party/FreeRTOS/Source/tasks.c **** 			/* Call the user defined function from within the idle task.  This
3448:Middlewares/Third_Party/FreeRTOS/Source/tasks.c **** 			allows the application designer to add background functionality
3449:Middlewares/Third_Party/FreeRTOS/Source/tasks.c **** 			without the overhead of a separate task.
3450:Middlewares/Third_Party/FreeRTOS/Source/tasks.c **** 			NOTE: vApplicationIdleHook() MUST NOT, UNDER ANY CIRCUMSTANCES,
3451:Middlewares/Third_Party/FreeRTOS/Source/tasks.c **** 			CALL A FUNCTION THAT MIGHT BLOCK. */
3452:Middlewares/Third_Party/FreeRTOS/Source/tasks.c **** 			vApplicationIdleHook();
3453:Middlewares/Third_Party/FreeRTOS/Source/tasks.c **** 		}
3454:Middlewares/Third_Party/FreeRTOS/Source/tasks.c **** 		#endif /* configUSE_IDLE_HOOK */
3455:Middlewares/Third_Party/FreeRTOS/Source/tasks.c **** 
3456:Middlewares/Third_Party/FreeRTOS/Source/tasks.c **** 		/* This conditional compilation should use inequality to 0, not equality
3457:Middlewares/Third_Party/FreeRTOS/Source/tasks.c **** 		to 1.  This is to ensure portSUPPRESS_TICKS_AND_SLEEP() is called when
3458:Middlewares/Third_Party/FreeRTOS/Source/tasks.c **** 		user defined low power mode	implementations require
3459:Middlewares/Third_Party/FreeRTOS/Source/tasks.c **** 		configUSE_TICKLESS_IDLE to be set to a value other than 1. */
3460:Middlewares/Third_Party/FreeRTOS/Source/tasks.c **** 		#if ( configUSE_TICKLESS_IDLE != 0 )
3461:Middlewares/Third_Party/FreeRTOS/Source/tasks.c **** 		{
3462:Middlewares/Third_Party/FreeRTOS/Source/tasks.c **** 		TickType_t xExpectedIdleTime;
3463:Middlewares/Third_Party/FreeRTOS/Source/tasks.c **** 
3464:Middlewares/Third_Party/FreeRTOS/Source/tasks.c **** 			/* It is not desirable to suspend then resume the scheduler on
3465:Middlewares/Third_Party/FreeRTOS/Source/tasks.c **** 			each iteration of the idle task.  Therefore, a preliminary
3466:Middlewares/Third_Party/FreeRTOS/Source/tasks.c **** 			test of the expected idle time is performed without the
3467:Middlewares/Third_Party/FreeRTOS/Source/tasks.c **** 			scheduler suspended.  The result here is not necessarily
3468:Middlewares/Third_Party/FreeRTOS/Source/tasks.c **** 			valid. */
3469:Middlewares/Third_Party/FreeRTOS/Source/tasks.c **** 			xExpectedIdleTime = prvGetExpectedIdleTime();
3470:Middlewares/Third_Party/FreeRTOS/Source/tasks.c **** 
3471:Middlewares/Third_Party/FreeRTOS/Source/tasks.c **** 			if( xExpectedIdleTime >= configEXPECTED_IDLE_TIME_BEFORE_SLEEP )
3472:Middlewares/Third_Party/FreeRTOS/Source/tasks.c **** 			{
3473:Middlewares/Third_Party/FreeRTOS/Source/tasks.c **** 				vTaskSuspendAll();
3474:Middlewares/Third_Party/FreeRTOS/Source/tasks.c **** 				{
3475:Middlewares/Third_Party/FreeRTOS/Source/tasks.c **** 					/* Now the scheduler is suspended, the expected idle
3476:Middlewares/Third_Party/FreeRTOS/Source/tasks.c **** 					time can be sampled again, and this time its value can
3477:Middlewares/Third_Party/FreeRTOS/Source/tasks.c **** 					be used. */
3478:Middlewares/Third_Party/FreeRTOS/Source/tasks.c **** 					configASSERT( xNextTaskUnblockTime >= xTickCount );
3479:Middlewares/Third_Party/FreeRTOS/Source/tasks.c **** 					xExpectedIdleTime = prvGetExpectedIdleTime();
3480:Middlewares/Third_Party/FreeRTOS/Source/tasks.c **** 
3481:Middlewares/Third_Party/FreeRTOS/Source/tasks.c **** 					/* Define the following macro to set xExpectedIdleTime to 0
3482:Middlewares/Third_Party/FreeRTOS/Source/tasks.c **** 					if the application does not want
3483:Middlewares/Third_Party/FreeRTOS/Source/tasks.c **** 					portSUPPRESS_TICKS_AND_SLEEP() to be called. */
3484:Middlewares/Third_Party/FreeRTOS/Source/tasks.c **** 					configPRE_SUPPRESS_TICKS_AND_SLEEP_PROCESSING( xExpectedIdleTime );
3485:Middlewares/Third_Party/FreeRTOS/Source/tasks.c **** 
3486:Middlewares/Third_Party/FreeRTOS/Source/tasks.c **** 					if( xExpectedIdleTime >= configEXPECTED_IDLE_TIME_BEFORE_SLEEP )
3487:Middlewares/Third_Party/FreeRTOS/Source/tasks.c **** 					{
3488:Middlewares/Third_Party/FreeRTOS/Source/tasks.c **** 						traceLOW_POWER_IDLE_BEGIN();
3489:Middlewares/Third_Party/FreeRTOS/Source/tasks.c **** 						portSUPPRESS_TICKS_AND_SLEEP( xExpectedIdleTime );
3490:Middlewares/Third_Party/FreeRTOS/Source/tasks.c **** 						traceLOW_POWER_IDLE_END();
3491:Middlewares/Third_Party/FreeRTOS/Source/tasks.c **** 					}
3492:Middlewares/Third_Party/FreeRTOS/Source/tasks.c **** 					else
3493:Middlewares/Third_Party/FreeRTOS/Source/tasks.c **** 					{
ARM GAS  /tmp/cchsWuk7.s 			page 68


3494:Middlewares/Third_Party/FreeRTOS/Source/tasks.c **** 						mtCOVERAGE_TEST_MARKER();
3495:Middlewares/Third_Party/FreeRTOS/Source/tasks.c **** 					}
3496:Middlewares/Third_Party/FreeRTOS/Source/tasks.c **** 				}
3497:Middlewares/Third_Party/FreeRTOS/Source/tasks.c **** 				( void ) xTaskResumeAll();
3498:Middlewares/Third_Party/FreeRTOS/Source/tasks.c **** 			}
3499:Middlewares/Third_Party/FreeRTOS/Source/tasks.c **** 			else
3500:Middlewares/Third_Party/FreeRTOS/Source/tasks.c **** 			{
3501:Middlewares/Third_Party/FreeRTOS/Source/tasks.c **** 				mtCOVERAGE_TEST_MARKER();
3502:Middlewares/Third_Party/FreeRTOS/Source/tasks.c **** 			}
3503:Middlewares/Third_Party/FreeRTOS/Source/tasks.c **** 		}
3504:Middlewares/Third_Party/FreeRTOS/Source/tasks.c **** 		#endif /* configUSE_TICKLESS_IDLE */
3505:Middlewares/Third_Party/FreeRTOS/Source/tasks.c **** 	}
3506:Middlewares/Third_Party/FreeRTOS/Source/tasks.c **** }
3507:Middlewares/Third_Party/FreeRTOS/Source/tasks.c **** /*-----------------------------------------------------------*/
3508:Middlewares/Third_Party/FreeRTOS/Source/tasks.c **** 
3509:Middlewares/Third_Party/FreeRTOS/Source/tasks.c **** #if( configUSE_TICKLESS_IDLE != 0 )
3510:Middlewares/Third_Party/FreeRTOS/Source/tasks.c **** 
3511:Middlewares/Third_Party/FreeRTOS/Source/tasks.c **** 	eSleepModeStatus eTaskConfirmSleepModeStatus( void )
3512:Middlewares/Third_Party/FreeRTOS/Source/tasks.c **** 	{
3513:Middlewares/Third_Party/FreeRTOS/Source/tasks.c **** 	/* The idle task exists in addition to the application tasks. */
3514:Middlewares/Third_Party/FreeRTOS/Source/tasks.c **** 	const UBaseType_t uxNonApplicationTasks = 1;
3515:Middlewares/Third_Party/FreeRTOS/Source/tasks.c **** 	eSleepModeStatus eReturn = eStandardSleep;
3516:Middlewares/Third_Party/FreeRTOS/Source/tasks.c **** 
3517:Middlewares/Third_Party/FreeRTOS/Source/tasks.c **** 		/* This function must be called from a critical section. */
3518:Middlewares/Third_Party/FreeRTOS/Source/tasks.c **** 
3519:Middlewares/Third_Party/FreeRTOS/Source/tasks.c **** 		if( listCURRENT_LIST_LENGTH( &xPendingReadyList ) != 0 )
3520:Middlewares/Third_Party/FreeRTOS/Source/tasks.c **** 		{
3521:Middlewares/Third_Party/FreeRTOS/Source/tasks.c **** 			/* A task was made ready while the scheduler was suspended. */
3522:Middlewares/Third_Party/FreeRTOS/Source/tasks.c **** 			eReturn = eAbortSleep;
3523:Middlewares/Third_Party/FreeRTOS/Source/tasks.c **** 		}
3524:Middlewares/Third_Party/FreeRTOS/Source/tasks.c **** 		else if( xYieldPending != pdFALSE )
3525:Middlewares/Third_Party/FreeRTOS/Source/tasks.c **** 		{
3526:Middlewares/Third_Party/FreeRTOS/Source/tasks.c **** 			/* A yield was pended while the scheduler was suspended. */
3527:Middlewares/Third_Party/FreeRTOS/Source/tasks.c **** 			eReturn = eAbortSleep;
3528:Middlewares/Third_Party/FreeRTOS/Source/tasks.c **** 		}
3529:Middlewares/Third_Party/FreeRTOS/Source/tasks.c **** 		else
3530:Middlewares/Third_Party/FreeRTOS/Source/tasks.c **** 		{
3531:Middlewares/Third_Party/FreeRTOS/Source/tasks.c **** 			/* If all the tasks are in the suspended list (which might mean they
3532:Middlewares/Third_Party/FreeRTOS/Source/tasks.c **** 			have an infinite block time rather than actually being suspended)
3533:Middlewares/Third_Party/FreeRTOS/Source/tasks.c **** 			then it is safe to turn all clocks off and just wait for external
3534:Middlewares/Third_Party/FreeRTOS/Source/tasks.c **** 			interrupts. */
3535:Middlewares/Third_Party/FreeRTOS/Source/tasks.c **** 			if( listCURRENT_LIST_LENGTH( &xSuspendedTaskList ) == ( uxCurrentNumberOfTasks - uxNonApplicatio
3536:Middlewares/Third_Party/FreeRTOS/Source/tasks.c **** 			{
3537:Middlewares/Third_Party/FreeRTOS/Source/tasks.c **** 				eReturn = eNoTasksWaitingTimeout;
3538:Middlewares/Third_Party/FreeRTOS/Source/tasks.c **** 			}
3539:Middlewares/Third_Party/FreeRTOS/Source/tasks.c **** 			else
3540:Middlewares/Third_Party/FreeRTOS/Source/tasks.c **** 			{
3541:Middlewares/Third_Party/FreeRTOS/Source/tasks.c **** 				mtCOVERAGE_TEST_MARKER();
3542:Middlewares/Third_Party/FreeRTOS/Source/tasks.c **** 			}
3543:Middlewares/Third_Party/FreeRTOS/Source/tasks.c **** 		}
3544:Middlewares/Third_Party/FreeRTOS/Source/tasks.c **** 
3545:Middlewares/Third_Party/FreeRTOS/Source/tasks.c **** 		return eReturn;
3546:Middlewares/Third_Party/FreeRTOS/Source/tasks.c **** 	}
3547:Middlewares/Third_Party/FreeRTOS/Source/tasks.c **** 
3548:Middlewares/Third_Party/FreeRTOS/Source/tasks.c **** #endif /* configUSE_TICKLESS_IDLE */
3549:Middlewares/Third_Party/FreeRTOS/Source/tasks.c **** /*-----------------------------------------------------------*/
3550:Middlewares/Third_Party/FreeRTOS/Source/tasks.c **** 
ARM GAS  /tmp/cchsWuk7.s 			page 69


3551:Middlewares/Third_Party/FreeRTOS/Source/tasks.c **** #if ( configNUM_THREAD_LOCAL_STORAGE_POINTERS != 0 )
3552:Middlewares/Third_Party/FreeRTOS/Source/tasks.c **** 
3553:Middlewares/Third_Party/FreeRTOS/Source/tasks.c **** 	void vTaskSetThreadLocalStoragePointer( TaskHandle_t xTaskToSet, BaseType_t xIndex, void *pvValue 
3554:Middlewares/Third_Party/FreeRTOS/Source/tasks.c **** 	{
3555:Middlewares/Third_Party/FreeRTOS/Source/tasks.c **** 	TCB_t *pxTCB;
3556:Middlewares/Third_Party/FreeRTOS/Source/tasks.c **** 
3557:Middlewares/Third_Party/FreeRTOS/Source/tasks.c **** 		if( xIndex < configNUM_THREAD_LOCAL_STORAGE_POINTERS )
3558:Middlewares/Third_Party/FreeRTOS/Source/tasks.c **** 		{
3559:Middlewares/Third_Party/FreeRTOS/Source/tasks.c **** 			pxTCB = prvGetTCBFromHandle( xTaskToSet );
3560:Middlewares/Third_Party/FreeRTOS/Source/tasks.c **** 			configASSERT( pxTCB != NULL );
3561:Middlewares/Third_Party/FreeRTOS/Source/tasks.c **** 			pxTCB->pvThreadLocalStoragePointers[ xIndex ] = pvValue;
3562:Middlewares/Third_Party/FreeRTOS/Source/tasks.c **** 		}
3563:Middlewares/Third_Party/FreeRTOS/Source/tasks.c **** 	}
3564:Middlewares/Third_Party/FreeRTOS/Source/tasks.c **** 
3565:Middlewares/Third_Party/FreeRTOS/Source/tasks.c **** #endif /* configNUM_THREAD_LOCAL_STORAGE_POINTERS */
3566:Middlewares/Third_Party/FreeRTOS/Source/tasks.c **** /*-----------------------------------------------------------*/
3567:Middlewares/Third_Party/FreeRTOS/Source/tasks.c **** 
3568:Middlewares/Third_Party/FreeRTOS/Source/tasks.c **** #if ( configNUM_THREAD_LOCAL_STORAGE_POINTERS != 0 )
3569:Middlewares/Third_Party/FreeRTOS/Source/tasks.c **** 
3570:Middlewares/Third_Party/FreeRTOS/Source/tasks.c **** 	void *pvTaskGetThreadLocalStoragePointer( TaskHandle_t xTaskToQuery, BaseType_t xIndex )
3571:Middlewares/Third_Party/FreeRTOS/Source/tasks.c **** 	{
3572:Middlewares/Third_Party/FreeRTOS/Source/tasks.c **** 	void *pvReturn = NULL;
3573:Middlewares/Third_Party/FreeRTOS/Source/tasks.c **** 	TCB_t *pxTCB;
3574:Middlewares/Third_Party/FreeRTOS/Source/tasks.c **** 
3575:Middlewares/Third_Party/FreeRTOS/Source/tasks.c **** 		if( xIndex < configNUM_THREAD_LOCAL_STORAGE_POINTERS )
3576:Middlewares/Third_Party/FreeRTOS/Source/tasks.c **** 		{
3577:Middlewares/Third_Party/FreeRTOS/Source/tasks.c **** 			pxTCB = prvGetTCBFromHandle( xTaskToQuery );
3578:Middlewares/Third_Party/FreeRTOS/Source/tasks.c **** 			pvReturn = pxTCB->pvThreadLocalStoragePointers[ xIndex ];
3579:Middlewares/Third_Party/FreeRTOS/Source/tasks.c **** 		}
3580:Middlewares/Third_Party/FreeRTOS/Source/tasks.c **** 		else
3581:Middlewares/Third_Party/FreeRTOS/Source/tasks.c **** 		{
3582:Middlewares/Third_Party/FreeRTOS/Source/tasks.c **** 			pvReturn = NULL;
3583:Middlewares/Third_Party/FreeRTOS/Source/tasks.c **** 		}
3584:Middlewares/Third_Party/FreeRTOS/Source/tasks.c **** 
3585:Middlewares/Third_Party/FreeRTOS/Source/tasks.c **** 		return pvReturn;
3586:Middlewares/Third_Party/FreeRTOS/Source/tasks.c **** 	}
3587:Middlewares/Third_Party/FreeRTOS/Source/tasks.c **** 
3588:Middlewares/Third_Party/FreeRTOS/Source/tasks.c **** #endif /* configNUM_THREAD_LOCAL_STORAGE_POINTERS */
3589:Middlewares/Third_Party/FreeRTOS/Source/tasks.c **** /*-----------------------------------------------------------*/
3590:Middlewares/Third_Party/FreeRTOS/Source/tasks.c **** 
3591:Middlewares/Third_Party/FreeRTOS/Source/tasks.c **** #if ( portUSING_MPU_WRAPPERS == 1 )
3592:Middlewares/Third_Party/FreeRTOS/Source/tasks.c **** 
3593:Middlewares/Third_Party/FreeRTOS/Source/tasks.c **** 	void vTaskAllocateMPURegions( TaskHandle_t xTaskToModify, const MemoryRegion_t * const xRegions )
3594:Middlewares/Third_Party/FreeRTOS/Source/tasks.c **** 	{
3595:Middlewares/Third_Party/FreeRTOS/Source/tasks.c **** 	TCB_t *pxTCB;
3596:Middlewares/Third_Party/FreeRTOS/Source/tasks.c **** 
3597:Middlewares/Third_Party/FreeRTOS/Source/tasks.c **** 		/* If null is passed in here then we are modifying the MPU settings of
3598:Middlewares/Third_Party/FreeRTOS/Source/tasks.c **** 		the calling task. */
3599:Middlewares/Third_Party/FreeRTOS/Source/tasks.c **** 		pxTCB = prvGetTCBFromHandle( xTaskToModify );
3600:Middlewares/Third_Party/FreeRTOS/Source/tasks.c **** 
3601:Middlewares/Third_Party/FreeRTOS/Source/tasks.c **** 		vPortStoreTaskMPUSettings( &( pxTCB->xMPUSettings ), xRegions, NULL, 0 );
3602:Middlewares/Third_Party/FreeRTOS/Source/tasks.c **** 	}
3603:Middlewares/Third_Party/FreeRTOS/Source/tasks.c **** 
3604:Middlewares/Third_Party/FreeRTOS/Source/tasks.c **** #endif /* portUSING_MPU_WRAPPERS */
3605:Middlewares/Third_Party/FreeRTOS/Source/tasks.c **** /*-----------------------------------------------------------*/
3606:Middlewares/Third_Party/FreeRTOS/Source/tasks.c **** 
3607:Middlewares/Third_Party/FreeRTOS/Source/tasks.c **** static void prvInitialiseTaskLists( void )
ARM GAS  /tmp/cchsWuk7.s 			page 70


3608:Middlewares/Third_Party/FreeRTOS/Source/tasks.c **** {
3609:Middlewares/Third_Party/FreeRTOS/Source/tasks.c **** UBaseType_t uxPriority;
3610:Middlewares/Third_Party/FreeRTOS/Source/tasks.c **** 
3611:Middlewares/Third_Party/FreeRTOS/Source/tasks.c **** 	for( uxPriority = ( UBaseType_t ) 0U; uxPriority < ( UBaseType_t ) configMAX_PRIORITIES; uxPriorit
3612:Middlewares/Third_Party/FreeRTOS/Source/tasks.c **** 	{
3613:Middlewares/Third_Party/FreeRTOS/Source/tasks.c **** 		vListInitialise( &( pxReadyTasksLists[ uxPriority ] ) );
3614:Middlewares/Third_Party/FreeRTOS/Source/tasks.c **** 	}
3615:Middlewares/Third_Party/FreeRTOS/Source/tasks.c **** 
3616:Middlewares/Third_Party/FreeRTOS/Source/tasks.c **** 	vListInitialise( &xDelayedTaskList1 );
3617:Middlewares/Third_Party/FreeRTOS/Source/tasks.c **** 	vListInitialise( &xDelayedTaskList2 );
3618:Middlewares/Third_Party/FreeRTOS/Source/tasks.c **** 	vListInitialise( &xPendingReadyList );
3619:Middlewares/Third_Party/FreeRTOS/Source/tasks.c **** 
3620:Middlewares/Third_Party/FreeRTOS/Source/tasks.c **** 	#if ( INCLUDE_vTaskDelete == 1 )
3621:Middlewares/Third_Party/FreeRTOS/Source/tasks.c **** 	{
3622:Middlewares/Third_Party/FreeRTOS/Source/tasks.c **** 		vListInitialise( &xTasksWaitingTermination );
3623:Middlewares/Third_Party/FreeRTOS/Source/tasks.c **** 	}
3624:Middlewares/Third_Party/FreeRTOS/Source/tasks.c **** 	#endif /* INCLUDE_vTaskDelete */
3625:Middlewares/Third_Party/FreeRTOS/Source/tasks.c **** 
3626:Middlewares/Third_Party/FreeRTOS/Source/tasks.c **** 	#if ( INCLUDE_vTaskSuspend == 1 )
3627:Middlewares/Third_Party/FreeRTOS/Source/tasks.c **** 	{
3628:Middlewares/Third_Party/FreeRTOS/Source/tasks.c **** 		vListInitialise( &xSuspendedTaskList );
3629:Middlewares/Third_Party/FreeRTOS/Source/tasks.c **** 	}
3630:Middlewares/Third_Party/FreeRTOS/Source/tasks.c **** 	#endif /* INCLUDE_vTaskSuspend */
3631:Middlewares/Third_Party/FreeRTOS/Source/tasks.c **** 
3632:Middlewares/Third_Party/FreeRTOS/Source/tasks.c **** 	/* Start with pxDelayedTaskList using list1 and the pxOverflowDelayedTaskList
3633:Middlewares/Third_Party/FreeRTOS/Source/tasks.c **** 	using list2. */
3634:Middlewares/Third_Party/FreeRTOS/Source/tasks.c **** 	pxDelayedTaskList = &xDelayedTaskList1;
3635:Middlewares/Third_Party/FreeRTOS/Source/tasks.c **** 	pxOverflowDelayedTaskList = &xDelayedTaskList2;
3636:Middlewares/Third_Party/FreeRTOS/Source/tasks.c **** }
3637:Middlewares/Third_Party/FreeRTOS/Source/tasks.c **** /*-----------------------------------------------------------*/
3638:Middlewares/Third_Party/FreeRTOS/Source/tasks.c **** 
3639:Middlewares/Third_Party/FreeRTOS/Source/tasks.c **** static void prvCheckTasksWaitingTermination( void )
3640:Middlewares/Third_Party/FreeRTOS/Source/tasks.c **** {
3641:Middlewares/Third_Party/FreeRTOS/Source/tasks.c **** 
3642:Middlewares/Third_Party/FreeRTOS/Source/tasks.c **** 	/** THIS FUNCTION IS CALLED FROM THE RTOS IDLE TASK **/
3643:Middlewares/Third_Party/FreeRTOS/Source/tasks.c **** 
3644:Middlewares/Third_Party/FreeRTOS/Source/tasks.c **** 	#if ( INCLUDE_vTaskDelete == 1 )
3645:Middlewares/Third_Party/FreeRTOS/Source/tasks.c **** 	{
3646:Middlewares/Third_Party/FreeRTOS/Source/tasks.c **** 		TCB_t *pxTCB;
3647:Middlewares/Third_Party/FreeRTOS/Source/tasks.c **** 
3648:Middlewares/Third_Party/FreeRTOS/Source/tasks.c **** 		/* uxDeletedTasksWaitingCleanUp is used to prevent taskENTER_CRITICAL()
3649:Middlewares/Third_Party/FreeRTOS/Source/tasks.c **** 		being called too often in the idle task. */
3650:Middlewares/Third_Party/FreeRTOS/Source/tasks.c **** 		while( uxDeletedTasksWaitingCleanUp > ( UBaseType_t ) 0U )
3651:Middlewares/Third_Party/FreeRTOS/Source/tasks.c **** 		{
3652:Middlewares/Third_Party/FreeRTOS/Source/tasks.c **** 			taskENTER_CRITICAL();
3653:Middlewares/Third_Party/FreeRTOS/Source/tasks.c **** 			{
3654:Middlewares/Third_Party/FreeRTOS/Source/tasks.c **** 				pxTCB = listGET_OWNER_OF_HEAD_ENTRY( ( &xTasksWaitingTermination ) ); /*lint !e9079 void * is u
3655:Middlewares/Third_Party/FreeRTOS/Source/tasks.c **** 				( void ) uxListRemove( &( pxTCB->xStateListItem ) );
3656:Middlewares/Third_Party/FreeRTOS/Source/tasks.c **** 				--uxCurrentNumberOfTasks;
3657:Middlewares/Third_Party/FreeRTOS/Source/tasks.c **** 				--uxDeletedTasksWaitingCleanUp;
3658:Middlewares/Third_Party/FreeRTOS/Source/tasks.c **** 			}
3659:Middlewares/Third_Party/FreeRTOS/Source/tasks.c **** 			taskEXIT_CRITICAL();
3660:Middlewares/Third_Party/FreeRTOS/Source/tasks.c **** 
3661:Middlewares/Third_Party/FreeRTOS/Source/tasks.c **** 			prvDeleteTCB( pxTCB );
3662:Middlewares/Third_Party/FreeRTOS/Source/tasks.c **** 		}
3663:Middlewares/Third_Party/FreeRTOS/Source/tasks.c **** 	}
3664:Middlewares/Third_Party/FreeRTOS/Source/tasks.c **** 	#endif /* INCLUDE_vTaskDelete */
ARM GAS  /tmp/cchsWuk7.s 			page 71


3665:Middlewares/Third_Party/FreeRTOS/Source/tasks.c **** }
3666:Middlewares/Third_Party/FreeRTOS/Source/tasks.c **** /*-----------------------------------------------------------*/
3667:Middlewares/Third_Party/FreeRTOS/Source/tasks.c **** 
3668:Middlewares/Third_Party/FreeRTOS/Source/tasks.c **** #if( configUSE_TRACE_FACILITY == 1 )
3669:Middlewares/Third_Party/FreeRTOS/Source/tasks.c **** 
3670:Middlewares/Third_Party/FreeRTOS/Source/tasks.c **** 	void vTaskGetInfo( TaskHandle_t xTask, TaskStatus_t *pxTaskStatus, BaseType_t xGetFreeStackSpace, 
3671:Middlewares/Third_Party/FreeRTOS/Source/tasks.c **** 	{
3672:Middlewares/Third_Party/FreeRTOS/Source/tasks.c **** 	TCB_t *pxTCB;
3673:Middlewares/Third_Party/FreeRTOS/Source/tasks.c **** 
3674:Middlewares/Third_Party/FreeRTOS/Source/tasks.c **** 		/* xTask is NULL then get the state of the calling task. */
3675:Middlewares/Third_Party/FreeRTOS/Source/tasks.c **** 		pxTCB = prvGetTCBFromHandle( xTask );
3676:Middlewares/Third_Party/FreeRTOS/Source/tasks.c **** 
3677:Middlewares/Third_Party/FreeRTOS/Source/tasks.c **** 		pxTaskStatus->xHandle = ( TaskHandle_t ) pxTCB;
3678:Middlewares/Third_Party/FreeRTOS/Source/tasks.c **** 		pxTaskStatus->pcTaskName = ( const char * ) &( pxTCB->pcTaskName [ 0 ] );
3679:Middlewares/Third_Party/FreeRTOS/Source/tasks.c **** 		pxTaskStatus->uxCurrentPriority = pxTCB->uxPriority;
3680:Middlewares/Third_Party/FreeRTOS/Source/tasks.c **** 		pxTaskStatus->pxStackBase = pxTCB->pxStack;
3681:Middlewares/Third_Party/FreeRTOS/Source/tasks.c **** 		pxTaskStatus->xTaskNumber = pxTCB->uxTCBNumber;
3682:Middlewares/Third_Party/FreeRTOS/Source/tasks.c **** 
3683:Middlewares/Third_Party/FreeRTOS/Source/tasks.c **** 		#if ( configUSE_MUTEXES == 1 )
3684:Middlewares/Third_Party/FreeRTOS/Source/tasks.c **** 		{
3685:Middlewares/Third_Party/FreeRTOS/Source/tasks.c **** 			pxTaskStatus->uxBasePriority = pxTCB->uxBasePriority;
3686:Middlewares/Third_Party/FreeRTOS/Source/tasks.c **** 		}
3687:Middlewares/Third_Party/FreeRTOS/Source/tasks.c **** 		#else
3688:Middlewares/Third_Party/FreeRTOS/Source/tasks.c **** 		{
3689:Middlewares/Third_Party/FreeRTOS/Source/tasks.c **** 			pxTaskStatus->uxBasePriority = 0;
3690:Middlewares/Third_Party/FreeRTOS/Source/tasks.c **** 		}
3691:Middlewares/Third_Party/FreeRTOS/Source/tasks.c **** 		#endif
3692:Middlewares/Third_Party/FreeRTOS/Source/tasks.c **** 
3693:Middlewares/Third_Party/FreeRTOS/Source/tasks.c **** 		#if ( configGENERATE_RUN_TIME_STATS == 1 )
3694:Middlewares/Third_Party/FreeRTOS/Source/tasks.c **** 		{
3695:Middlewares/Third_Party/FreeRTOS/Source/tasks.c **** 			pxTaskStatus->ulRunTimeCounter = pxTCB->ulRunTimeCounter;
3696:Middlewares/Third_Party/FreeRTOS/Source/tasks.c **** 		}
3697:Middlewares/Third_Party/FreeRTOS/Source/tasks.c **** 		#else
3698:Middlewares/Third_Party/FreeRTOS/Source/tasks.c **** 		{
3699:Middlewares/Third_Party/FreeRTOS/Source/tasks.c **** 			pxTaskStatus->ulRunTimeCounter = 0;
3700:Middlewares/Third_Party/FreeRTOS/Source/tasks.c **** 		}
3701:Middlewares/Third_Party/FreeRTOS/Source/tasks.c **** 		#endif
3702:Middlewares/Third_Party/FreeRTOS/Source/tasks.c **** 
3703:Middlewares/Third_Party/FreeRTOS/Source/tasks.c **** 		/* Obtaining the task state is a little fiddly, so is only done if the
3704:Middlewares/Third_Party/FreeRTOS/Source/tasks.c **** 		value of eState passed into this function is eInvalid - otherwise the
3705:Middlewares/Third_Party/FreeRTOS/Source/tasks.c **** 		state is just set to whatever is passed in. */
3706:Middlewares/Third_Party/FreeRTOS/Source/tasks.c **** 		if( eState != eInvalid )
3707:Middlewares/Third_Party/FreeRTOS/Source/tasks.c **** 		{
3708:Middlewares/Third_Party/FreeRTOS/Source/tasks.c **** 			if( pxTCB == pxCurrentTCB )
3709:Middlewares/Third_Party/FreeRTOS/Source/tasks.c **** 			{
3710:Middlewares/Third_Party/FreeRTOS/Source/tasks.c **** 				pxTaskStatus->eCurrentState = eRunning;
3711:Middlewares/Third_Party/FreeRTOS/Source/tasks.c **** 			}
3712:Middlewares/Third_Party/FreeRTOS/Source/tasks.c **** 			else
3713:Middlewares/Third_Party/FreeRTOS/Source/tasks.c **** 			{
3714:Middlewares/Third_Party/FreeRTOS/Source/tasks.c **** 				pxTaskStatus->eCurrentState = eState;
3715:Middlewares/Third_Party/FreeRTOS/Source/tasks.c **** 
3716:Middlewares/Third_Party/FreeRTOS/Source/tasks.c **** 				#if ( INCLUDE_vTaskSuspend == 1 )
3717:Middlewares/Third_Party/FreeRTOS/Source/tasks.c **** 				{
3718:Middlewares/Third_Party/FreeRTOS/Source/tasks.c **** 					/* If the task is in the suspended list then there is a
3719:Middlewares/Third_Party/FreeRTOS/Source/tasks.c **** 					chance it is actually just blocked indefinitely - so really
3720:Middlewares/Third_Party/FreeRTOS/Source/tasks.c **** 					it should be reported as being in the Blocked state. */
3721:Middlewares/Third_Party/FreeRTOS/Source/tasks.c **** 					if( eState == eSuspended )
ARM GAS  /tmp/cchsWuk7.s 			page 72


3722:Middlewares/Third_Party/FreeRTOS/Source/tasks.c **** 					{
3723:Middlewares/Third_Party/FreeRTOS/Source/tasks.c **** 						vTaskSuspendAll();
3724:Middlewares/Third_Party/FreeRTOS/Source/tasks.c **** 						{
3725:Middlewares/Third_Party/FreeRTOS/Source/tasks.c **** 							if( listLIST_ITEM_CONTAINER( &( pxTCB->xEventListItem ) ) != NULL )
3726:Middlewares/Third_Party/FreeRTOS/Source/tasks.c **** 							{
3727:Middlewares/Third_Party/FreeRTOS/Source/tasks.c **** 								pxTaskStatus->eCurrentState = eBlocked;
3728:Middlewares/Third_Party/FreeRTOS/Source/tasks.c **** 							}
3729:Middlewares/Third_Party/FreeRTOS/Source/tasks.c **** 						}
3730:Middlewares/Third_Party/FreeRTOS/Source/tasks.c **** 						( void ) xTaskResumeAll();
3731:Middlewares/Third_Party/FreeRTOS/Source/tasks.c **** 					}
3732:Middlewares/Third_Party/FreeRTOS/Source/tasks.c **** 				}
3733:Middlewares/Third_Party/FreeRTOS/Source/tasks.c **** 				#endif /* INCLUDE_vTaskSuspend */
3734:Middlewares/Third_Party/FreeRTOS/Source/tasks.c **** 			}
3735:Middlewares/Third_Party/FreeRTOS/Source/tasks.c **** 		}
3736:Middlewares/Third_Party/FreeRTOS/Source/tasks.c **** 		else
3737:Middlewares/Third_Party/FreeRTOS/Source/tasks.c **** 		{
3738:Middlewares/Third_Party/FreeRTOS/Source/tasks.c **** 			pxTaskStatus->eCurrentState = eTaskGetState( pxTCB );
3739:Middlewares/Third_Party/FreeRTOS/Source/tasks.c **** 		}
3740:Middlewares/Third_Party/FreeRTOS/Source/tasks.c **** 
3741:Middlewares/Third_Party/FreeRTOS/Source/tasks.c **** 		/* Obtaining the stack space takes some time, so the xGetFreeStackSpace
3742:Middlewares/Third_Party/FreeRTOS/Source/tasks.c **** 		parameter is provided to allow it to be skipped. */
3743:Middlewares/Third_Party/FreeRTOS/Source/tasks.c **** 		if( xGetFreeStackSpace != pdFALSE )
3744:Middlewares/Third_Party/FreeRTOS/Source/tasks.c **** 		{
3745:Middlewares/Third_Party/FreeRTOS/Source/tasks.c **** 			#if ( portSTACK_GROWTH > 0 )
3746:Middlewares/Third_Party/FreeRTOS/Source/tasks.c **** 			{
3747:Middlewares/Third_Party/FreeRTOS/Source/tasks.c **** 				pxTaskStatus->usStackHighWaterMark = prvTaskCheckFreeStackSpace( ( uint8_t * ) pxTCB->pxEndOfSt
3748:Middlewares/Third_Party/FreeRTOS/Source/tasks.c **** 			}
3749:Middlewares/Third_Party/FreeRTOS/Source/tasks.c **** 			#else
3750:Middlewares/Third_Party/FreeRTOS/Source/tasks.c **** 			{
3751:Middlewares/Third_Party/FreeRTOS/Source/tasks.c **** 				pxTaskStatus->usStackHighWaterMark = prvTaskCheckFreeStackSpace( ( uint8_t * ) pxTCB->pxStack )
3752:Middlewares/Third_Party/FreeRTOS/Source/tasks.c **** 			}
3753:Middlewares/Third_Party/FreeRTOS/Source/tasks.c **** 			#endif
3754:Middlewares/Third_Party/FreeRTOS/Source/tasks.c **** 		}
3755:Middlewares/Third_Party/FreeRTOS/Source/tasks.c **** 		else
3756:Middlewares/Third_Party/FreeRTOS/Source/tasks.c **** 		{
3757:Middlewares/Third_Party/FreeRTOS/Source/tasks.c **** 			pxTaskStatus->usStackHighWaterMark = 0;
3758:Middlewares/Third_Party/FreeRTOS/Source/tasks.c **** 		}
3759:Middlewares/Third_Party/FreeRTOS/Source/tasks.c **** 	}
3760:Middlewares/Third_Party/FreeRTOS/Source/tasks.c **** 
3761:Middlewares/Third_Party/FreeRTOS/Source/tasks.c **** #endif /* configUSE_TRACE_FACILITY */
3762:Middlewares/Third_Party/FreeRTOS/Source/tasks.c **** /*-----------------------------------------------------------*/
3763:Middlewares/Third_Party/FreeRTOS/Source/tasks.c **** 
3764:Middlewares/Third_Party/FreeRTOS/Source/tasks.c **** #if ( configUSE_TRACE_FACILITY == 1 )
3765:Middlewares/Third_Party/FreeRTOS/Source/tasks.c **** 
3766:Middlewares/Third_Party/FreeRTOS/Source/tasks.c **** 	static UBaseType_t prvListTasksWithinSingleList( TaskStatus_t *pxTaskStatusArray, List_t *pxList, 
3767:Middlewares/Third_Party/FreeRTOS/Source/tasks.c **** 	{
3768:Middlewares/Third_Party/FreeRTOS/Source/tasks.c **** 	configLIST_VOLATILE TCB_t *pxNextTCB, *pxFirstTCB;
3769:Middlewares/Third_Party/FreeRTOS/Source/tasks.c **** 	UBaseType_t uxTask = 0;
3770:Middlewares/Third_Party/FreeRTOS/Source/tasks.c **** 
3771:Middlewares/Third_Party/FreeRTOS/Source/tasks.c **** 		if( listCURRENT_LIST_LENGTH( pxList ) > ( UBaseType_t ) 0 )
3772:Middlewares/Third_Party/FreeRTOS/Source/tasks.c **** 		{
3773:Middlewares/Third_Party/FreeRTOS/Source/tasks.c **** 			listGET_OWNER_OF_NEXT_ENTRY( pxFirstTCB, pxList ); /*lint !e9079 void * is used as this macro is
3774:Middlewares/Third_Party/FreeRTOS/Source/tasks.c **** 
3775:Middlewares/Third_Party/FreeRTOS/Source/tasks.c **** 			/* Populate an TaskStatus_t structure within the
3776:Middlewares/Third_Party/FreeRTOS/Source/tasks.c **** 			pxTaskStatusArray array for each task that is referenced from
3777:Middlewares/Third_Party/FreeRTOS/Source/tasks.c **** 			pxList.  See the definition of TaskStatus_t in task.h for the
3778:Middlewares/Third_Party/FreeRTOS/Source/tasks.c **** 			meaning of each TaskStatus_t structure member. */
ARM GAS  /tmp/cchsWuk7.s 			page 73


3779:Middlewares/Third_Party/FreeRTOS/Source/tasks.c **** 			do
3780:Middlewares/Third_Party/FreeRTOS/Source/tasks.c **** 			{
3781:Middlewares/Third_Party/FreeRTOS/Source/tasks.c **** 				listGET_OWNER_OF_NEXT_ENTRY( pxNextTCB, pxList ); /*lint !e9079 void * is used as this macro is
3782:Middlewares/Third_Party/FreeRTOS/Source/tasks.c **** 				vTaskGetInfo( ( TaskHandle_t ) pxNextTCB, &( pxTaskStatusArray[ uxTask ] ), pdTRUE, eState );
3783:Middlewares/Third_Party/FreeRTOS/Source/tasks.c **** 				uxTask++;
3784:Middlewares/Third_Party/FreeRTOS/Source/tasks.c **** 			} while( pxNextTCB != pxFirstTCB );
3785:Middlewares/Third_Party/FreeRTOS/Source/tasks.c **** 		}
3786:Middlewares/Third_Party/FreeRTOS/Source/tasks.c **** 		else
3787:Middlewares/Third_Party/FreeRTOS/Source/tasks.c **** 		{
3788:Middlewares/Third_Party/FreeRTOS/Source/tasks.c **** 			mtCOVERAGE_TEST_MARKER();
3789:Middlewares/Third_Party/FreeRTOS/Source/tasks.c **** 		}
3790:Middlewares/Third_Party/FreeRTOS/Source/tasks.c **** 
3791:Middlewares/Third_Party/FreeRTOS/Source/tasks.c **** 		return uxTask;
3792:Middlewares/Third_Party/FreeRTOS/Source/tasks.c **** 	}
3793:Middlewares/Third_Party/FreeRTOS/Source/tasks.c **** 
3794:Middlewares/Third_Party/FreeRTOS/Source/tasks.c **** #endif /* configUSE_TRACE_FACILITY */
3795:Middlewares/Third_Party/FreeRTOS/Source/tasks.c **** /*-----------------------------------------------------------*/
3796:Middlewares/Third_Party/FreeRTOS/Source/tasks.c **** 
3797:Middlewares/Third_Party/FreeRTOS/Source/tasks.c **** #if ( ( configUSE_TRACE_FACILITY == 1 ) || ( INCLUDE_uxTaskGetStackHighWaterMark == 1 ) || ( INCLUD
3798:Middlewares/Third_Party/FreeRTOS/Source/tasks.c **** 
3799:Middlewares/Third_Party/FreeRTOS/Source/tasks.c **** 	static configSTACK_DEPTH_TYPE prvTaskCheckFreeStackSpace( const uint8_t * pucStackByte )
3800:Middlewares/Third_Party/FreeRTOS/Source/tasks.c **** 	{
 126              		.loc 1 3800 2 is_stmt 1 view -0
 127              		.cfi_startproc
 128              		@ args = 0, pretend = 0, frame = 0
 129              		@ frame_needed = 0, uses_anonymous_args = 0
 130              		@ link register save eliminated.
3801:Middlewares/Third_Party/FreeRTOS/Source/tasks.c **** 	uint32_t ulCount = 0U;
 131              		.loc 1 3801 2 view .LVU30
3802:Middlewares/Third_Party/FreeRTOS/Source/tasks.c **** 
3803:Middlewares/Third_Party/FreeRTOS/Source/tasks.c **** 		while( *pucStackByte == ( uint8_t ) tskSTACK_FILL_BYTE )
 132              		.loc 1 3803 3 view .LVU31
3801:Middlewares/Third_Party/FreeRTOS/Source/tasks.c **** 	uint32_t ulCount = 0U;
 133              		.loc 1 3801 11 is_stmt 0 view .LVU32
 134 0000 0023     		movs	r3, #0
 135              		.loc 1 3803 8 view .LVU33
 136 0002 01E0     		b	.L13
 137              	.LVL9:
 138              	.L14:
3804:Middlewares/Third_Party/FreeRTOS/Source/tasks.c **** 		{
3805:Middlewares/Third_Party/FreeRTOS/Source/tasks.c **** 			pucStackByte -= portSTACK_GROWTH;
 139              		.loc 1 3805 4 is_stmt 1 view .LVU34
 140              		.loc 1 3805 17 is_stmt 0 view .LVU35
 141 0004 0130     		adds	r0, r0, #1
 142              	.LVL10:
3806:Middlewares/Third_Party/FreeRTOS/Source/tasks.c **** 			ulCount++;
 143              		.loc 1 3806 4 is_stmt 1 view .LVU36
 144              		.loc 1 3806 11 is_stmt 0 view .LVU37
 145 0006 0133     		adds	r3, r3, #1
 146              	.LVL11:
 147              	.L13:
3803:Middlewares/Third_Party/FreeRTOS/Source/tasks.c **** 		{
 148              		.loc 1 3803 24 is_stmt 1 view .LVU38
3803:Middlewares/Third_Party/FreeRTOS/Source/tasks.c **** 		{
 149              		.loc 1 3803 10 is_stmt 0 view .LVU39
 150 0008 0278     		ldrb	r2, [r0]	@ zero_extendqisi2
3803:Middlewares/Third_Party/FreeRTOS/Source/tasks.c **** 		{
ARM GAS  /tmp/cchsWuk7.s 			page 74


 151              		.loc 1 3803 24 view .LVU40
 152 000a A52A     		cmp	r2, #165
 153 000c FAD0     		beq	.L14
3807:Middlewares/Third_Party/FreeRTOS/Source/tasks.c **** 		}
3808:Middlewares/Third_Party/FreeRTOS/Source/tasks.c **** 
3809:Middlewares/Third_Party/FreeRTOS/Source/tasks.c **** 		ulCount /= ( uint32_t ) sizeof( StackType_t ); /*lint !e961 Casting is not redundant on smaller a
 154              		.loc 1 3809 3 is_stmt 1 view .LVU41
 155              	.LVL12:
3810:Middlewares/Third_Party/FreeRTOS/Source/tasks.c **** 
3811:Middlewares/Third_Party/FreeRTOS/Source/tasks.c **** 		return ( configSTACK_DEPTH_TYPE ) ulCount;
 156              		.loc 1 3811 3 view .LVU42
3812:Middlewares/Third_Party/FreeRTOS/Source/tasks.c **** 	}
 157              		.loc 1 3812 2 is_stmt 0 view .LVU43
 158 000e C3F38F00 		ubfx	r0, r3, #2, #16
 159              	.LVL13:
 160              		.loc 1 3812 2 view .LVU44
 161 0012 7047     		bx	lr
 162              		.cfi_endproc
 163              	.LFE47:
 165              		.section	.text.prvResetNextTaskUnblockTime,"ax",%progbits
 166              		.align	1
 167              		.syntax unified
 168              		.thumb
 169              		.thumb_func
 171              	prvResetNextTaskUnblockTime:
 172              	.LFB50:
3813:Middlewares/Third_Party/FreeRTOS/Source/tasks.c **** 
3814:Middlewares/Third_Party/FreeRTOS/Source/tasks.c **** #endif /* ( ( configUSE_TRACE_FACILITY == 1 ) || ( INCLUDE_uxTaskGetStackHighWaterMark == 1 ) || ( 
3815:Middlewares/Third_Party/FreeRTOS/Source/tasks.c **** /*-----------------------------------------------------------*/
3816:Middlewares/Third_Party/FreeRTOS/Source/tasks.c **** 
3817:Middlewares/Third_Party/FreeRTOS/Source/tasks.c **** #if ( INCLUDE_uxTaskGetStackHighWaterMark2 == 1 )
3818:Middlewares/Third_Party/FreeRTOS/Source/tasks.c **** 
3819:Middlewares/Third_Party/FreeRTOS/Source/tasks.c **** 	/* uxTaskGetStackHighWaterMark() and uxTaskGetStackHighWaterMark2() are the
3820:Middlewares/Third_Party/FreeRTOS/Source/tasks.c **** 	same except for their return type.  Using configSTACK_DEPTH_TYPE allows the
3821:Middlewares/Third_Party/FreeRTOS/Source/tasks.c **** 	user to determine the return type.  It gets around the problem of the value
3822:Middlewares/Third_Party/FreeRTOS/Source/tasks.c **** 	overflowing on 8-bit types without breaking backward compatibility for
3823:Middlewares/Third_Party/FreeRTOS/Source/tasks.c **** 	applications that expect an 8-bit return type. */
3824:Middlewares/Third_Party/FreeRTOS/Source/tasks.c **** 	configSTACK_DEPTH_TYPE uxTaskGetStackHighWaterMark2( TaskHandle_t xTask )
3825:Middlewares/Third_Party/FreeRTOS/Source/tasks.c **** 	{
3826:Middlewares/Third_Party/FreeRTOS/Source/tasks.c **** 	TCB_t *pxTCB;
3827:Middlewares/Third_Party/FreeRTOS/Source/tasks.c **** 	uint8_t *pucEndOfStack;
3828:Middlewares/Third_Party/FreeRTOS/Source/tasks.c **** 	configSTACK_DEPTH_TYPE uxReturn;
3829:Middlewares/Third_Party/FreeRTOS/Source/tasks.c **** 
3830:Middlewares/Third_Party/FreeRTOS/Source/tasks.c **** 		/* uxTaskGetStackHighWaterMark() and uxTaskGetStackHighWaterMark2() are
3831:Middlewares/Third_Party/FreeRTOS/Source/tasks.c **** 		the same except for their return type.  Using configSTACK_DEPTH_TYPE
3832:Middlewares/Third_Party/FreeRTOS/Source/tasks.c **** 		allows the user to determine the return type.  It gets around the
3833:Middlewares/Third_Party/FreeRTOS/Source/tasks.c **** 		problem of the value overflowing on 8-bit types without breaking
3834:Middlewares/Third_Party/FreeRTOS/Source/tasks.c **** 		backward compatibility for applications that expect an 8-bit return
3835:Middlewares/Third_Party/FreeRTOS/Source/tasks.c **** 		type. */
3836:Middlewares/Third_Party/FreeRTOS/Source/tasks.c **** 
3837:Middlewares/Third_Party/FreeRTOS/Source/tasks.c **** 		pxTCB = prvGetTCBFromHandle( xTask );
3838:Middlewares/Third_Party/FreeRTOS/Source/tasks.c **** 
3839:Middlewares/Third_Party/FreeRTOS/Source/tasks.c **** 		#if portSTACK_GROWTH < 0
3840:Middlewares/Third_Party/FreeRTOS/Source/tasks.c **** 		{
3841:Middlewares/Third_Party/FreeRTOS/Source/tasks.c **** 			pucEndOfStack = ( uint8_t * ) pxTCB->pxStack;
3842:Middlewares/Third_Party/FreeRTOS/Source/tasks.c **** 		}
3843:Middlewares/Third_Party/FreeRTOS/Source/tasks.c **** 		#else
ARM GAS  /tmp/cchsWuk7.s 			page 75


3844:Middlewares/Third_Party/FreeRTOS/Source/tasks.c **** 		{
3845:Middlewares/Third_Party/FreeRTOS/Source/tasks.c **** 			pucEndOfStack = ( uint8_t * ) pxTCB->pxEndOfStack;
3846:Middlewares/Third_Party/FreeRTOS/Source/tasks.c **** 		}
3847:Middlewares/Third_Party/FreeRTOS/Source/tasks.c **** 		#endif
3848:Middlewares/Third_Party/FreeRTOS/Source/tasks.c **** 
3849:Middlewares/Third_Party/FreeRTOS/Source/tasks.c **** 		uxReturn = prvTaskCheckFreeStackSpace( pucEndOfStack );
3850:Middlewares/Third_Party/FreeRTOS/Source/tasks.c **** 
3851:Middlewares/Third_Party/FreeRTOS/Source/tasks.c **** 		return uxReturn;
3852:Middlewares/Third_Party/FreeRTOS/Source/tasks.c **** 	}
3853:Middlewares/Third_Party/FreeRTOS/Source/tasks.c **** 
3854:Middlewares/Third_Party/FreeRTOS/Source/tasks.c **** #endif /* INCLUDE_uxTaskGetStackHighWaterMark2 */
3855:Middlewares/Third_Party/FreeRTOS/Source/tasks.c **** /*-----------------------------------------------------------*/
3856:Middlewares/Third_Party/FreeRTOS/Source/tasks.c **** 
3857:Middlewares/Third_Party/FreeRTOS/Source/tasks.c **** #if ( INCLUDE_uxTaskGetStackHighWaterMark == 1 )
3858:Middlewares/Third_Party/FreeRTOS/Source/tasks.c **** 
3859:Middlewares/Third_Party/FreeRTOS/Source/tasks.c **** 	UBaseType_t uxTaskGetStackHighWaterMark( TaskHandle_t xTask )
3860:Middlewares/Third_Party/FreeRTOS/Source/tasks.c **** 	{
3861:Middlewares/Third_Party/FreeRTOS/Source/tasks.c **** 	TCB_t *pxTCB;
3862:Middlewares/Third_Party/FreeRTOS/Source/tasks.c **** 	uint8_t *pucEndOfStack;
3863:Middlewares/Third_Party/FreeRTOS/Source/tasks.c **** 	UBaseType_t uxReturn;
3864:Middlewares/Third_Party/FreeRTOS/Source/tasks.c **** 
3865:Middlewares/Third_Party/FreeRTOS/Source/tasks.c **** 		pxTCB = prvGetTCBFromHandle( xTask );
3866:Middlewares/Third_Party/FreeRTOS/Source/tasks.c **** 
3867:Middlewares/Third_Party/FreeRTOS/Source/tasks.c **** 		#if portSTACK_GROWTH < 0
3868:Middlewares/Third_Party/FreeRTOS/Source/tasks.c **** 		{
3869:Middlewares/Third_Party/FreeRTOS/Source/tasks.c **** 			pucEndOfStack = ( uint8_t * ) pxTCB->pxStack;
3870:Middlewares/Third_Party/FreeRTOS/Source/tasks.c **** 		}
3871:Middlewares/Third_Party/FreeRTOS/Source/tasks.c **** 		#else
3872:Middlewares/Third_Party/FreeRTOS/Source/tasks.c **** 		{
3873:Middlewares/Third_Party/FreeRTOS/Source/tasks.c **** 			pucEndOfStack = ( uint8_t * ) pxTCB->pxEndOfStack;
3874:Middlewares/Third_Party/FreeRTOS/Source/tasks.c **** 		}
3875:Middlewares/Third_Party/FreeRTOS/Source/tasks.c **** 		#endif
3876:Middlewares/Third_Party/FreeRTOS/Source/tasks.c **** 
3877:Middlewares/Third_Party/FreeRTOS/Source/tasks.c **** 		uxReturn = ( UBaseType_t ) prvTaskCheckFreeStackSpace( pucEndOfStack );
3878:Middlewares/Third_Party/FreeRTOS/Source/tasks.c **** 
3879:Middlewares/Third_Party/FreeRTOS/Source/tasks.c **** 		return uxReturn;
3880:Middlewares/Third_Party/FreeRTOS/Source/tasks.c **** 	}
3881:Middlewares/Third_Party/FreeRTOS/Source/tasks.c **** 
3882:Middlewares/Third_Party/FreeRTOS/Source/tasks.c **** #endif /* INCLUDE_uxTaskGetStackHighWaterMark */
3883:Middlewares/Third_Party/FreeRTOS/Source/tasks.c **** /*-----------------------------------------------------------*/
3884:Middlewares/Third_Party/FreeRTOS/Source/tasks.c **** 
3885:Middlewares/Third_Party/FreeRTOS/Source/tasks.c **** #if ( INCLUDE_vTaskDelete == 1 )
3886:Middlewares/Third_Party/FreeRTOS/Source/tasks.c **** 
3887:Middlewares/Third_Party/FreeRTOS/Source/tasks.c **** 	static void prvDeleteTCB( TCB_t *pxTCB )
3888:Middlewares/Third_Party/FreeRTOS/Source/tasks.c **** 	{
3889:Middlewares/Third_Party/FreeRTOS/Source/tasks.c **** 		/* This call is required specifically for the TriCore port.  It must be
3890:Middlewares/Third_Party/FreeRTOS/Source/tasks.c **** 		above the vPortFree() calls.  The call is also used by ports/demos that
3891:Middlewares/Third_Party/FreeRTOS/Source/tasks.c **** 		want to allocate and clean RAM statically. */
3892:Middlewares/Third_Party/FreeRTOS/Source/tasks.c **** 		portCLEAN_UP_TCB( pxTCB );
3893:Middlewares/Third_Party/FreeRTOS/Source/tasks.c **** 
3894:Middlewares/Third_Party/FreeRTOS/Source/tasks.c **** 		/* Free up the memory allocated by the scheduler for the task.  It is up
3895:Middlewares/Third_Party/FreeRTOS/Source/tasks.c **** 		to the task to free any memory allocated at the application level.
3896:Middlewares/Third_Party/FreeRTOS/Source/tasks.c **** 		See the third party link http://www.nadler.com/embedded/newlibAndFreeRTOS.html
3897:Middlewares/Third_Party/FreeRTOS/Source/tasks.c **** 		for additional information. */
3898:Middlewares/Third_Party/FreeRTOS/Source/tasks.c **** 		#if ( configUSE_NEWLIB_REENTRANT == 1 )
3899:Middlewares/Third_Party/FreeRTOS/Source/tasks.c **** 		{
3900:Middlewares/Third_Party/FreeRTOS/Source/tasks.c **** 			_reclaim_reent( &( pxTCB->xNewLib_reent ) );
ARM GAS  /tmp/cchsWuk7.s 			page 76


3901:Middlewares/Third_Party/FreeRTOS/Source/tasks.c **** 		}
3902:Middlewares/Third_Party/FreeRTOS/Source/tasks.c **** 		#endif /* configUSE_NEWLIB_REENTRANT */
3903:Middlewares/Third_Party/FreeRTOS/Source/tasks.c **** 
3904:Middlewares/Third_Party/FreeRTOS/Source/tasks.c **** 		#if( ( configSUPPORT_DYNAMIC_ALLOCATION == 1 ) && ( configSUPPORT_STATIC_ALLOCATION == 0 ) && ( p
3905:Middlewares/Third_Party/FreeRTOS/Source/tasks.c **** 		{
3906:Middlewares/Third_Party/FreeRTOS/Source/tasks.c **** 			/* The task can only have been allocated dynamically - free both
3907:Middlewares/Third_Party/FreeRTOS/Source/tasks.c **** 			the stack and TCB. */
3908:Middlewares/Third_Party/FreeRTOS/Source/tasks.c **** 			vPortFree( pxTCB->pxStack );
3909:Middlewares/Third_Party/FreeRTOS/Source/tasks.c **** 			vPortFree( pxTCB );
3910:Middlewares/Third_Party/FreeRTOS/Source/tasks.c **** 		}
3911:Middlewares/Third_Party/FreeRTOS/Source/tasks.c **** 		#elif( tskSTATIC_AND_DYNAMIC_ALLOCATION_POSSIBLE != 0 ) /*lint !e731 !e9029 Macro has been consol
3912:Middlewares/Third_Party/FreeRTOS/Source/tasks.c **** 		{
3913:Middlewares/Third_Party/FreeRTOS/Source/tasks.c **** 			/* The task could have been allocated statically or dynamically, so
3914:Middlewares/Third_Party/FreeRTOS/Source/tasks.c **** 			check what was statically allocated before trying to free the
3915:Middlewares/Third_Party/FreeRTOS/Source/tasks.c **** 			memory. */
3916:Middlewares/Third_Party/FreeRTOS/Source/tasks.c **** 			if( pxTCB->ucStaticallyAllocated == tskDYNAMICALLY_ALLOCATED_STACK_AND_TCB )
3917:Middlewares/Third_Party/FreeRTOS/Source/tasks.c **** 			{
3918:Middlewares/Third_Party/FreeRTOS/Source/tasks.c **** 				/* Both the stack and TCB were allocated dynamically, so both
3919:Middlewares/Third_Party/FreeRTOS/Source/tasks.c **** 				must be freed. */
3920:Middlewares/Third_Party/FreeRTOS/Source/tasks.c **** 				vPortFree( pxTCB->pxStack );
3921:Middlewares/Third_Party/FreeRTOS/Source/tasks.c **** 				vPortFree( pxTCB );
3922:Middlewares/Third_Party/FreeRTOS/Source/tasks.c **** 			}
3923:Middlewares/Third_Party/FreeRTOS/Source/tasks.c **** 			else if( pxTCB->ucStaticallyAllocated == tskSTATICALLY_ALLOCATED_STACK_ONLY )
3924:Middlewares/Third_Party/FreeRTOS/Source/tasks.c **** 			{
3925:Middlewares/Third_Party/FreeRTOS/Source/tasks.c **** 				/* Only the stack was statically allocated, so the TCB is the
3926:Middlewares/Third_Party/FreeRTOS/Source/tasks.c **** 				only memory that must be freed. */
3927:Middlewares/Third_Party/FreeRTOS/Source/tasks.c **** 				vPortFree( pxTCB );
3928:Middlewares/Third_Party/FreeRTOS/Source/tasks.c **** 			}
3929:Middlewares/Third_Party/FreeRTOS/Source/tasks.c **** 			else
3930:Middlewares/Third_Party/FreeRTOS/Source/tasks.c **** 			{
3931:Middlewares/Third_Party/FreeRTOS/Source/tasks.c **** 				/* Neither the stack nor the TCB were allocated dynamically, so
3932:Middlewares/Third_Party/FreeRTOS/Source/tasks.c **** 				nothing needs to be freed. */
3933:Middlewares/Third_Party/FreeRTOS/Source/tasks.c **** 				configASSERT( pxTCB->ucStaticallyAllocated == tskSTATICALLY_ALLOCATED_STACK_AND_TCB	);
3934:Middlewares/Third_Party/FreeRTOS/Source/tasks.c **** 				mtCOVERAGE_TEST_MARKER();
3935:Middlewares/Third_Party/FreeRTOS/Source/tasks.c **** 			}
3936:Middlewares/Third_Party/FreeRTOS/Source/tasks.c **** 		}
3937:Middlewares/Third_Party/FreeRTOS/Source/tasks.c **** 		#endif /* configSUPPORT_DYNAMIC_ALLOCATION */
3938:Middlewares/Third_Party/FreeRTOS/Source/tasks.c **** 	}
3939:Middlewares/Third_Party/FreeRTOS/Source/tasks.c **** 
3940:Middlewares/Third_Party/FreeRTOS/Source/tasks.c **** #endif /* INCLUDE_vTaskDelete */
3941:Middlewares/Third_Party/FreeRTOS/Source/tasks.c **** /*-----------------------------------------------------------*/
3942:Middlewares/Third_Party/FreeRTOS/Source/tasks.c **** 
3943:Middlewares/Third_Party/FreeRTOS/Source/tasks.c **** static void prvResetNextTaskUnblockTime( void )
3944:Middlewares/Third_Party/FreeRTOS/Source/tasks.c **** {
 173              		.loc 1 3944 1 is_stmt 1 view -0
 174              		.cfi_startproc
 175              		@ args = 0, pretend = 0, frame = 0
 176              		@ frame_needed = 0, uses_anonymous_args = 0
 177              		@ link register save eliminated.
3945:Middlewares/Third_Party/FreeRTOS/Source/tasks.c **** TCB_t *pxTCB;
 178              		.loc 1 3945 1 view .LVU46
3946:Middlewares/Third_Party/FreeRTOS/Source/tasks.c **** 
3947:Middlewares/Third_Party/FreeRTOS/Source/tasks.c **** 	if( listLIST_IS_EMPTY( pxDelayedTaskList ) != pdFALSE )
 179              		.loc 1 3947 2 view .LVU47
 180              		.loc 1 3947 6 is_stmt 0 view .LVU48
 181 0000 084B     		ldr	r3, .L18
 182 0002 1B68     		ldr	r3, [r3]
ARM GAS  /tmp/cchsWuk7.s 			page 77


 183 0004 1B68     		ldr	r3, [r3]
 184              		.loc 1 3947 4 view .LVU49
 185 0006 23B9     		cbnz	r3, .L16
3948:Middlewares/Third_Party/FreeRTOS/Source/tasks.c **** 	{
3949:Middlewares/Third_Party/FreeRTOS/Source/tasks.c **** 		/* The new current delayed list is empty.  Set xNextTaskUnblockTime to
3950:Middlewares/Third_Party/FreeRTOS/Source/tasks.c **** 		the maximum possible value so it is	extremely unlikely that the
3951:Middlewares/Third_Party/FreeRTOS/Source/tasks.c **** 		if( xTickCount >= xNextTaskUnblockTime ) test will pass until
3952:Middlewares/Third_Party/FreeRTOS/Source/tasks.c **** 		there is an item in the delayed list. */
3953:Middlewares/Third_Party/FreeRTOS/Source/tasks.c **** 		xNextTaskUnblockTime = portMAX_DELAY;
 186              		.loc 1 3953 3 is_stmt 1 view .LVU50
 187              		.loc 1 3953 24 is_stmt 0 view .LVU51
 188 0008 074B     		ldr	r3, .L18+4
 189 000a 4FF0FF32 		mov	r2, #-1
 190 000e 1A60     		str	r2, [r3]
 191 0010 7047     		bx	lr
 192              	.L16:
3954:Middlewares/Third_Party/FreeRTOS/Source/tasks.c **** 	}
3955:Middlewares/Third_Party/FreeRTOS/Source/tasks.c **** 	else
3956:Middlewares/Third_Party/FreeRTOS/Source/tasks.c **** 	{
3957:Middlewares/Third_Party/FreeRTOS/Source/tasks.c **** 		/* The new current delayed list is not empty, get the value of
3958:Middlewares/Third_Party/FreeRTOS/Source/tasks.c **** 		the item at the head of the delayed list.  This is the time at
3959:Middlewares/Third_Party/FreeRTOS/Source/tasks.c **** 		which the task at the head of the delayed list should be removed
3960:Middlewares/Third_Party/FreeRTOS/Source/tasks.c **** 		from the Blocked state. */
3961:Middlewares/Third_Party/FreeRTOS/Source/tasks.c **** 		( pxTCB ) = listGET_OWNER_OF_HEAD_ENTRY( pxDelayedTaskList ); /*lint !e9079 void * is used as thi
 193              		.loc 1 3961 3 is_stmt 1 view .LVU52
 194              		.loc 1 3961 15 is_stmt 0 view .LVU53
 195 0012 044B     		ldr	r3, .L18
 196 0014 1B68     		ldr	r3, [r3]
 197 0016 DB68     		ldr	r3, [r3, #12]
 198              		.loc 1 3961 13 view .LVU54
 199 0018 DB68     		ldr	r3, [r3, #12]
 200              	.LVL14:
3962:Middlewares/Third_Party/FreeRTOS/Source/tasks.c **** 		xNextTaskUnblockTime = listGET_LIST_ITEM_VALUE( &( ( pxTCB )->xStateListItem ) );
 201              		.loc 1 3962 3 is_stmt 1 view .LVU55
 202              		.loc 1 3962 26 is_stmt 0 view .LVU56
 203 001a 5A68     		ldr	r2, [r3, #4]
 204              		.loc 1 3962 24 view .LVU57
 205 001c 024B     		ldr	r3, .L18+4
 206              	.LVL15:
 207              		.loc 1 3962 24 view .LVU58
 208 001e 1A60     		str	r2, [r3]
3963:Middlewares/Third_Party/FreeRTOS/Source/tasks.c **** 	}
3964:Middlewares/Third_Party/FreeRTOS/Source/tasks.c **** }
 209              		.loc 1 3964 1 view .LVU59
 210 0020 7047     		bx	lr
 211              	.L19:
 212 0022 00BF     		.align	2
 213              	.L18:
 214 0024 00000000 		.word	pxDelayedTaskList
 215 0028 00000000 		.word	xNextTaskUnblockTime
 216              		.cfi_endproc
 217              	.LFE50:
 219              		.section	.text.prvInitialiseNewTask,"ax",%progbits
 220              		.align	1
 221              		.syntax unified
 222              		.thumb
 223              		.thumb_func
ARM GAS  /tmp/cchsWuk7.s 			page 78


 225              	prvInitialiseNewTask:
 226              	.LVL16:
 227              	.LFB6:
 832:Middlewares/Third_Party/FreeRTOS/Source/tasks.c **** StackType_t *pxTopOfStack;
 228              		.loc 1 832 1 is_stmt 1 view -0
 229              		.cfi_startproc
 230              		@ args = 16, pretend = 0, frame = 0
 231              		@ frame_needed = 0, uses_anonymous_args = 0
 832:Middlewares/Third_Party/FreeRTOS/Source/tasks.c **** StackType_t *pxTopOfStack;
 232              		.loc 1 832 1 is_stmt 0 view .LVU61
 233 0000 2DE9F047 		push	{r4, r5, r6, r7, r8, r9, r10, lr}
 234              	.LCFI0:
 235              		.cfi_def_cfa_offset 32
 236              		.cfi_offset 4, -32
 237              		.cfi_offset 5, -28
 238              		.cfi_offset 6, -24
 239              		.cfi_offset 7, -20
 240              		.cfi_offset 8, -16
 241              		.cfi_offset 9, -12
 242              		.cfi_offset 10, -8
 243              		.cfi_offset 14, -4
 244 0004 8046     		mov	r8, r0
 245 0006 0D46     		mov	r5, r1
 246 0008 1746     		mov	r7, r2
 247 000a 9946     		mov	r9, r3
 248 000c 089E     		ldr	r6, [sp, #32]
 249 000e DDF824A0 		ldr	r10, [sp, #36]
 250 0012 0A9C     		ldr	r4, [sp, #40]
 833:Middlewares/Third_Party/FreeRTOS/Source/tasks.c **** UBaseType_t x;
 251              		.loc 1 833 1 is_stmt 1 view .LVU62
 834:Middlewares/Third_Party/FreeRTOS/Source/tasks.c **** 
 252              		.loc 1 834 1 view .LVU63
 854:Middlewares/Third_Party/FreeRTOS/Source/tasks.c **** 	}
 253              		.loc 1 854 3 view .LVU64
 854:Middlewares/Third_Party/FreeRTOS/Source/tasks.c **** 	}
 254              		.loc 1 854 12 is_stmt 0 view .LVU65
 255 0014 9200     		lsls	r2, r2, #2
 256              	.LVL17:
 854:Middlewares/Third_Party/FreeRTOS/Source/tasks.c **** 	}
 257              		.loc 1 854 12 view .LVU66
 258 0016 A521     		movs	r1, #165
 259              	.LVL18:
 854:Middlewares/Third_Party/FreeRTOS/Source/tasks.c **** 	}
 260              		.loc 1 854 12 view .LVU67
 261 0018 206B     		ldr	r0, [r4, #48]
 262              	.LVL19:
 854:Middlewares/Third_Party/FreeRTOS/Source/tasks.c **** 	}
 263              		.loc 1 854 12 view .LVU68
 264 001a FFF7FEFF 		bl	memset
 265              	.LVL20:
 864:Middlewares/Third_Party/FreeRTOS/Source/tasks.c **** 		pxTopOfStack = ( StackType_t * ) ( ( ( portPOINTER_SIZE_TYPE ) pxTopOfStack ) & ( ~( ( portPOINTE
 266              		.loc 1 864 3 is_stmt 1 view .LVU69
 864:Middlewares/Third_Party/FreeRTOS/Source/tasks.c **** 		pxTopOfStack = ( StackType_t * ) ( ( ( portPOINTER_SIZE_TYPE ) pxTopOfStack ) & ( ~( ( portPOINTE
 267              		.loc 1 864 29 is_stmt 0 view .LVU70
 268 001e 236B     		ldr	r3, [r4, #48]
 864:Middlewares/Third_Party/FreeRTOS/Source/tasks.c **** 		pxTopOfStack = ( StackType_t * ) ( ( ( portPOINTER_SIZE_TYPE ) pxTopOfStack ) & ( ~( ( portPOINTE
 269              		.loc 1 864 38 view .LVU71
ARM GAS  /tmp/cchsWuk7.s 			page 79


 270 0020 07F18042 		add	r2, r7, #1073741824
 271 0024 013A     		subs	r2, r2, #1
 864:Middlewares/Third_Party/FreeRTOS/Source/tasks.c **** 		pxTopOfStack = ( StackType_t * ) ( ( ( portPOINTER_SIZE_TYPE ) pxTopOfStack ) & ( ~( ( portPOINTE
 272              		.loc 1 864 16 view .LVU72
 273 0026 03EB8207 		add	r7, r3, r2, lsl #2
 274              	.LVL21:
 865:Middlewares/Third_Party/FreeRTOS/Source/tasks.c **** 
 275              		.loc 1 865 3 is_stmt 1 view .LVU73
 865:Middlewares/Third_Party/FreeRTOS/Source/tasks.c **** 
 276              		.loc 1 865 81 is_stmt 0 view .LVU74
 277 002a 27F00707 		bic	r7, r7, #7
 278              	.LVL22:
 868:Middlewares/Third_Party/FreeRTOS/Source/tasks.c **** 
 279              		.loc 1 868 3 is_stmt 1 view .LVU75
 868:Middlewares/Third_Party/FreeRTOS/Source/tasks.c **** 
 280              		.loc 1 868 124 discriminator 2 view .LVU76
 892:Middlewares/Third_Party/FreeRTOS/Source/tasks.c **** 	{
 281              		.loc 1 892 2 view .LVU77
 892:Middlewares/Third_Party/FreeRTOS/Source/tasks.c **** 	{
 282              		.loc 1 892 4 is_stmt 0 view .LVU78
 283 002e A5B3     		cbz	r5, .L32
 894:Middlewares/Third_Party/FreeRTOS/Source/tasks.c **** 		{
 284              		.loc 1 894 10 view .LVU79
 285 0030 4FF0000C 		mov	ip, #0
 286              	.LVL23:
 287              	.L21:
 894:Middlewares/Third_Party/FreeRTOS/Source/tasks.c **** 		{
 288              		.loc 1 894 33 is_stmt 1 discriminator 1 view .LVU80
 289 0034 BCF10F0F 		cmp	ip, #15
 290 0038 09D8     		bhi	.L23
 896:Middlewares/Third_Party/FreeRTOS/Source/tasks.c **** 
 291              		.loc 1 896 4 view .LVU81
 896:Middlewares/Third_Party/FreeRTOS/Source/tasks.c **** 
 292              		.loc 1 896 38 is_stmt 0 view .LVU82
 293 003a 15F80C30 		ldrb	r3, [r5, ip]	@ zero_extendqisi2
 896:Middlewares/Third_Party/FreeRTOS/Source/tasks.c **** 
 294              		.loc 1 896 30 view .LVU83
 295 003e 04EB0C02 		add	r2, r4, ip
 296 0042 82F83430 		strb	r3, [r2, #52]
 901:Middlewares/Third_Party/FreeRTOS/Source/tasks.c **** 			{
 297              		.loc 1 901 4 is_stmt 1 view .LVU84
 901:Middlewares/Third_Party/FreeRTOS/Source/tasks.c **** 			{
 298              		.loc 1 901 6 is_stmt 0 view .LVU85
 299 0046 13B1     		cbz	r3, .L23
 907:Middlewares/Third_Party/FreeRTOS/Source/tasks.c **** 			}
 300              		.loc 1 907 29 is_stmt 1 view .LVU86
 894:Middlewares/Third_Party/FreeRTOS/Source/tasks.c **** 		{
 301              		.loc 1 894 77 discriminator 2 view .LVU87
 302 0048 0CF1010C 		add	ip, ip, #1
 303              	.LVL24:
 894:Middlewares/Third_Party/FreeRTOS/Source/tasks.c **** 		{
 304              		.loc 1 894 77 is_stmt 0 discriminator 2 view .LVU88
 305 004c F2E7     		b	.L21
 306              	.L23:
 913:Middlewares/Third_Party/FreeRTOS/Source/tasks.c **** 	}
 307              		.loc 1 913 3 is_stmt 1 view .LVU89
 913:Middlewares/Third_Party/FreeRTOS/Source/tasks.c **** 	}
ARM GAS  /tmp/cchsWuk7.s 			page 80


 308              		.loc 1 913 55 is_stmt 0 view .LVU90
 309 004e 0023     		movs	r3, #0
 310 0050 84F84330 		strb	r3, [r4, #67]
 311              	.LVL25:
 312              	.L25:
 924:Middlewares/Third_Party/FreeRTOS/Source/tasks.c **** 	{
 313              		.loc 1 924 2 is_stmt 1 view .LVU91
 924:Middlewares/Third_Party/FreeRTOS/Source/tasks.c **** 	{
 314              		.loc 1 924 4 is_stmt 0 view .LVU92
 315 0054 372E     		cmp	r6, #55
 316 0056 00D9     		bls	.L26
 926:Middlewares/Third_Party/FreeRTOS/Source/tasks.c **** 	}
 317              		.loc 1 926 14 view .LVU93
 318 0058 3726     		movs	r6, #55
 319              	.L26:
 320              	.LVL26:
 930:Middlewares/Third_Party/FreeRTOS/Source/tasks.c **** 	}
 321              		.loc 1 930 27 is_stmt 1 view .LVU94
 933:Middlewares/Third_Party/FreeRTOS/Source/tasks.c **** 	#if ( configUSE_MUTEXES == 1 )
 322              		.loc 1 933 2 view .LVU95
 933:Middlewares/Third_Party/FreeRTOS/Source/tasks.c **** 	#if ( configUSE_MUTEXES == 1 )
 323              		.loc 1 933 23 is_stmt 0 view .LVU96
 324 005a E662     		str	r6, [r4, #44]
 936:Middlewares/Third_Party/FreeRTOS/Source/tasks.c **** 		pxNewTCB->uxMutexesHeld = 0;
 325              		.loc 1 936 3 is_stmt 1 view .LVU97
 936:Middlewares/Third_Party/FreeRTOS/Source/tasks.c **** 		pxNewTCB->uxMutexesHeld = 0;
 326              		.loc 1 936 28 is_stmt 0 view .LVU98
 327 005c E664     		str	r6, [r4, #76]
 937:Middlewares/Third_Party/FreeRTOS/Source/tasks.c **** 	}
 328              		.loc 1 937 3 is_stmt 1 view .LVU99
 937:Middlewares/Third_Party/FreeRTOS/Source/tasks.c **** 	}
 329              		.loc 1 937 27 is_stmt 0 view .LVU100
 330 005e 0025     		movs	r5, #0
 331              	.LVL27:
 937:Middlewares/Third_Party/FreeRTOS/Source/tasks.c **** 	}
 332              		.loc 1 937 27 view .LVU101
 333 0060 2565     		str	r5, [r4, #80]
 941:Middlewares/Third_Party/FreeRTOS/Source/tasks.c **** 	vListInitialiseItem( &( pxNewTCB->xEventListItem ) );
 334              		.loc 1 941 2 is_stmt 1 view .LVU102
 335 0062 201D     		adds	r0, r4, #4
 336 0064 FFF7FEFF 		bl	vListInitialiseItem
 337              	.LVL28:
 942:Middlewares/Third_Party/FreeRTOS/Source/tasks.c **** 
 338              		.loc 1 942 2 view .LVU103
 339 0068 04F11800 		add	r0, r4, #24
 340 006c FFF7FEFF 		bl	vListInitialiseItem
 341              	.LVL29:
 946:Middlewares/Third_Party/FreeRTOS/Source/tasks.c **** 
 342              		.loc 1 946 2 view .LVU104
 343 0070 2461     		str	r4, [r4, #16]
 949:Middlewares/Third_Party/FreeRTOS/Source/tasks.c **** 	listSET_LIST_ITEM_OWNER( &( pxNewTCB->xEventListItem ), pxNewTCB );
 344              		.loc 1 949 2 view .LVU105
 345 0072 C6F13806 		rsb	r6, r6, #56
 346              	.LVL30:
 949:Middlewares/Third_Party/FreeRTOS/Source/tasks.c **** 	listSET_LIST_ITEM_OWNER( &( pxNewTCB->xEventListItem ), pxNewTCB );
 347              		.loc 1 949 2 is_stmt 0 view .LVU106
 348 0076 A661     		str	r6, [r4, #24]
ARM GAS  /tmp/cchsWuk7.s 			page 81


 950:Middlewares/Third_Party/FreeRTOS/Source/tasks.c **** 
 349              		.loc 1 950 2 is_stmt 1 view .LVU107
 350 0078 6462     		str	r4, [r4, #36]
 977:Middlewares/Third_Party/FreeRTOS/Source/tasks.c **** 	}
 351              		.loc 1 977 3 view .LVU108
 992:Middlewares/Third_Party/FreeRTOS/Source/tasks.c **** 		pxNewTCB->ucNotifyState = taskNOT_WAITING_NOTIFICATION;
 352              		.loc 1 992 3 view .LVU109
 992:Middlewares/Third_Party/FreeRTOS/Source/tasks.c **** 		pxNewTCB->ucNotifyState = taskNOT_WAITING_NOTIFICATION;
 353              		.loc 1 992 29 is_stmt 0 view .LVU110
 354 007a 6565     		str	r5, [r4, #84]
 993:Middlewares/Third_Party/FreeRTOS/Source/tasks.c **** 	}
 355              		.loc 1 993 3 is_stmt 1 view .LVU111
 993:Middlewares/Third_Party/FreeRTOS/Source/tasks.c **** 	}
 356              		.loc 1 993 27 is_stmt 0 view .LVU112
 357 007c 84F85850 		strb	r5, [r4, #88]
1058:Middlewares/Third_Party/FreeRTOS/Source/tasks.c **** 		}
 358              		.loc 1 1058 4 is_stmt 1 view .LVU113
1058:Middlewares/Third_Party/FreeRTOS/Source/tasks.c **** 		}
 359              		.loc 1 1058 29 is_stmt 0 view .LVU114
 360 0080 4A46     		mov	r2, r9
 361 0082 4146     		mov	r1, r8
 362 0084 3846     		mov	r0, r7
 363 0086 FFF7FEFF 		bl	pxPortInitialiseStack
 364              	.LVL31:
1058:Middlewares/Third_Party/FreeRTOS/Source/tasks.c **** 		}
 365              		.loc 1 1058 27 discriminator 1 view .LVU115
 366 008a 2060     		str	r0, [r4]
1064:Middlewares/Third_Party/FreeRTOS/Source/tasks.c **** 	{
 367              		.loc 1 1064 2 is_stmt 1 view .LVU116
1064:Middlewares/Third_Party/FreeRTOS/Source/tasks.c **** 	{
 368              		.loc 1 1064 4 is_stmt 0 view .LVU117
 369 008c BAF1000F 		cmp	r10, #0
 370 0090 01D0     		beq	.L20
1068:Middlewares/Third_Party/FreeRTOS/Source/tasks.c **** 	}
 371              		.loc 1 1068 3 is_stmt 1 view .LVU118
1068:Middlewares/Third_Party/FreeRTOS/Source/tasks.c **** 	}
 372              		.loc 1 1068 18 is_stmt 0 view .LVU119
 373 0092 CAF80040 		str	r4, [r10]
1072:Middlewares/Third_Party/FreeRTOS/Source/tasks.c **** 	}
 374              		.loc 1 1072 27 is_stmt 1 view .LVU120
 375              	.L20:
1074:Middlewares/Third_Party/FreeRTOS/Source/tasks.c **** /*-----------------------------------------------------------*/
 376              		.loc 1 1074 1 is_stmt 0 view .LVU121
 377 0096 BDE8F087 		pop	{r4, r5, r6, r7, r8, r9, r10, pc}
 378              	.LVL32:
 379              	.L32:
 919:Middlewares/Third_Party/FreeRTOS/Source/tasks.c **** 	}
 380              		.loc 1 919 3 is_stmt 1 view .LVU122
 919:Middlewares/Third_Party/FreeRTOS/Source/tasks.c **** 	}
 381              		.loc 1 919 29 is_stmt 0 view .LVU123
 382 009a 0023     		movs	r3, #0
 383 009c 84F83430 		strb	r3, [r4, #52]
 384 00a0 D8E7     		b	.L25
 385              		.cfi_endproc
 386              	.LFE6:
 388              		.section	.text.prvInitialiseTaskLists,"ax",%progbits
 389              		.align	1
ARM GAS  /tmp/cchsWuk7.s 			page 82


 390              		.syntax unified
 391              		.thumb
 392              		.thumb_func
 394              	prvInitialiseTaskLists:
 395              	.LFB43:
3608:Middlewares/Third_Party/FreeRTOS/Source/tasks.c **** UBaseType_t uxPriority;
 396              		.loc 1 3608 1 is_stmt 1 view -0
 397              		.cfi_startproc
 398              		@ args = 0, pretend = 0, frame = 0
 399              		@ frame_needed = 0, uses_anonymous_args = 0
 400 0000 38B5     		push	{r3, r4, r5, lr}
 401              	.LCFI1:
 402              		.cfi_def_cfa_offset 16
 403              		.cfi_offset 3, -16
 404              		.cfi_offset 4, -12
 405              		.cfi_offset 5, -8
 406              		.cfi_offset 14, -4
3609:Middlewares/Third_Party/FreeRTOS/Source/tasks.c **** 
 407              		.loc 1 3609 1 view .LVU125
3611:Middlewares/Third_Party/FreeRTOS/Source/tasks.c **** 	{
 408              		.loc 1 3611 2 view .LVU126
 409              	.LVL33:
3611:Middlewares/Third_Party/FreeRTOS/Source/tasks.c **** 	{
 410              		.loc 1 3611 18 is_stmt 0 view .LVU127
 411 0002 0024     		movs	r4, #0
3611:Middlewares/Third_Party/FreeRTOS/Source/tasks.c **** 	{
 412              		.loc 1 3611 2 view .LVU128
 413 0004 07E0     		b	.L34
 414              	.LVL34:
 415              	.L35:
3613:Middlewares/Third_Party/FreeRTOS/Source/tasks.c **** 	}
 416              		.loc 1 3613 3 is_stmt 1 view .LVU129
 417 0006 04EB8402 		add	r2, r4, r4, lsl #2
 418 000a 9300     		lsls	r3, r2, #2
 419 000c 0E48     		ldr	r0, .L37
 420 000e 1844     		add	r0, r0, r3
 421 0010 FFF7FEFF 		bl	vListInitialise
 422              	.LVL35:
3611:Middlewares/Third_Party/FreeRTOS/Source/tasks.c **** 	{
 423              		.loc 1 3611 101 discriminator 3 view .LVU130
 424 0014 0134     		adds	r4, r4, #1
 425              	.LVL36:
 426              	.L34:
3611:Middlewares/Third_Party/FreeRTOS/Source/tasks.c **** 	{
 427              		.loc 1 3611 51 discriminator 1 view .LVU131
 428 0016 372C     		cmp	r4, #55
 429 0018 F5D9     		bls	.L35
3616:Middlewares/Third_Party/FreeRTOS/Source/tasks.c **** 	vListInitialise( &xDelayedTaskList2 );
 430              		.loc 1 3616 2 view .LVU132
 431 001a 0C4D     		ldr	r5, .L37+4
 432 001c 2846     		mov	r0, r5
 433 001e FFF7FEFF 		bl	vListInitialise
 434              	.LVL37:
3617:Middlewares/Third_Party/FreeRTOS/Source/tasks.c **** 	vListInitialise( &xPendingReadyList );
 435              		.loc 1 3617 2 view .LVU133
 436 0022 0B4C     		ldr	r4, .L37+8
 437              	.LVL38:
ARM GAS  /tmp/cchsWuk7.s 			page 83


3617:Middlewares/Third_Party/FreeRTOS/Source/tasks.c **** 	vListInitialise( &xPendingReadyList );
 438              		.loc 1 3617 2 is_stmt 0 view .LVU134
 439 0024 2046     		mov	r0, r4
 440 0026 FFF7FEFF 		bl	vListInitialise
 441              	.LVL39:
3618:Middlewares/Third_Party/FreeRTOS/Source/tasks.c **** 
 442              		.loc 1 3618 2 is_stmt 1 view .LVU135
 443 002a 0A48     		ldr	r0, .L37+12
 444 002c FFF7FEFF 		bl	vListInitialise
 445              	.LVL40:
3622:Middlewares/Third_Party/FreeRTOS/Source/tasks.c **** 	}
 446              		.loc 1 3622 3 view .LVU136
 447 0030 0948     		ldr	r0, .L37+16
 448 0032 FFF7FEFF 		bl	vListInitialise
 449              	.LVL41:
3628:Middlewares/Third_Party/FreeRTOS/Source/tasks.c **** 	}
 450              		.loc 1 3628 3 view .LVU137
 451 0036 0948     		ldr	r0, .L37+20
 452 0038 FFF7FEFF 		bl	vListInitialise
 453              	.LVL42:
3634:Middlewares/Third_Party/FreeRTOS/Source/tasks.c **** 	pxOverflowDelayedTaskList = &xDelayedTaskList2;
 454              		.loc 1 3634 2 view .LVU138
3634:Middlewares/Third_Party/FreeRTOS/Source/tasks.c **** 	pxOverflowDelayedTaskList = &xDelayedTaskList2;
 455              		.loc 1 3634 20 is_stmt 0 view .LVU139
 456 003c 084B     		ldr	r3, .L37+24
 457 003e 1D60     		str	r5, [r3]
3635:Middlewares/Third_Party/FreeRTOS/Source/tasks.c **** }
 458              		.loc 1 3635 2 is_stmt 1 view .LVU140
3635:Middlewares/Third_Party/FreeRTOS/Source/tasks.c **** }
 459              		.loc 1 3635 28 is_stmt 0 view .LVU141
 460 0040 084B     		ldr	r3, .L37+28
 461 0042 1C60     		str	r4, [r3]
3636:Middlewares/Third_Party/FreeRTOS/Source/tasks.c **** /*-----------------------------------------------------------*/
 462              		.loc 1 3636 1 view .LVU142
 463 0044 38BD     		pop	{r3, r4, r5, pc}
 464              	.L38:
 465 0046 00BF     		.align	2
 466              	.L37:
 467 0048 00000000 		.word	pxReadyTasksLists
 468 004c 00000000 		.word	xDelayedTaskList1
 469 0050 00000000 		.word	xDelayedTaskList2
 470 0054 00000000 		.word	xPendingReadyList
 471 0058 00000000 		.word	xTasksWaitingTermination
 472 005c 00000000 		.word	xSuspendedTaskList
 473 0060 00000000 		.word	pxDelayedTaskList
 474 0064 00000000 		.word	pxOverflowDelayedTaskList
 475              		.cfi_endproc
 476              	.LFE43:
 478              		.section	.text.prvAddNewTaskToReadyList,"ax",%progbits
 479              		.align	1
 480              		.syntax unified
 481              		.thumb
 482              		.thumb_func
 484              	prvAddNewTaskToReadyList:
 485              	.LVL43:
 486              	.LFB7:
1078:Middlewares/Third_Party/FreeRTOS/Source/tasks.c **** 	/* Ensure interrupts don't access the task lists while the lists are being
ARM GAS  /tmp/cchsWuk7.s 			page 84


 487              		.loc 1 1078 1 is_stmt 1 view -0
 488              		.cfi_startproc
 489              		@ args = 0, pretend = 0, frame = 0
 490              		@ frame_needed = 0, uses_anonymous_args = 0
1078:Middlewares/Third_Party/FreeRTOS/Source/tasks.c **** 	/* Ensure interrupts don't access the task lists while the lists are being
 491              		.loc 1 1078 1 is_stmt 0 view .LVU144
 492 0000 10B5     		push	{r4, lr}
 493              	.LCFI2:
 494              		.cfi_def_cfa_offset 8
 495              		.cfi_offset 4, -8
 496              		.cfi_offset 14, -4
 497 0002 0446     		mov	r4, r0
1081:Middlewares/Third_Party/FreeRTOS/Source/tasks.c **** 	{
 498              		.loc 1 1081 2 is_stmt 1 view .LVU145
 499 0004 FFF7FEFF 		bl	vPortEnterCritical
 500              	.LVL44:
1083:Middlewares/Third_Party/FreeRTOS/Source/tasks.c **** 		if( pxCurrentTCB == NULL )
 501              		.loc 1 1083 3 view .LVU146
1083:Middlewares/Third_Party/FreeRTOS/Source/tasks.c **** 		if( pxCurrentTCB == NULL )
 502              		.loc 1 1083 25 is_stmt 0 view .LVU147
 503 0008 224A     		ldr	r2, .L47
 504 000a 1368     		ldr	r3, [r2]
 505 000c 0133     		adds	r3, r3, #1
 506 000e 1360     		str	r3, [r2]
1084:Middlewares/Third_Party/FreeRTOS/Source/tasks.c **** 		{
 507              		.loc 1 1084 3 is_stmt 1 view .LVU148
1084:Middlewares/Third_Party/FreeRTOS/Source/tasks.c **** 		{
 508              		.loc 1 1084 20 is_stmt 0 view .LVU149
 509 0010 214B     		ldr	r3, .L47+4
 510 0012 1B68     		ldr	r3, [r3]
1084:Middlewares/Third_Party/FreeRTOS/Source/tasks.c **** 		{
 511              		.loc 1 1084 5 view .LVU150
 512 0014 5BB1     		cbz	r3, .L45
1107:Middlewares/Third_Party/FreeRTOS/Source/tasks.c **** 			{
 513              		.loc 1 1107 4 is_stmt 1 view .LVU151
1107:Middlewares/Third_Party/FreeRTOS/Source/tasks.c **** 			{
 514              		.loc 1 1107 26 is_stmt 0 view .LVU152
 515 0016 214B     		ldr	r3, .L47+8
 516 0018 1B68     		ldr	r3, [r3]
1107:Middlewares/Third_Party/FreeRTOS/Source/tasks.c **** 			{
 517              		.loc 1 1107 6 view .LVU153
 518 001a 6BB9     		cbnz	r3, .L41
1109:Middlewares/Third_Party/FreeRTOS/Source/tasks.c **** 				{
 519              		.loc 1 1109 5 is_stmt 1 view .LVU154
1109:Middlewares/Third_Party/FreeRTOS/Source/tasks.c **** 				{
 520              		.loc 1 1109 21 is_stmt 0 view .LVU155
 521 001c 1E4B     		ldr	r3, .L47+4
 522 001e 1B68     		ldr	r3, [r3]
 523 0020 DA6A     		ldr	r2, [r3, #44]
1109:Middlewares/Third_Party/FreeRTOS/Source/tasks.c **** 				{
 524              		.loc 1 1109 45 view .LVU156
 525 0022 E36A     		ldr	r3, [r4, #44]
1109:Middlewares/Third_Party/FreeRTOS/Source/tasks.c **** 				{
 526              		.loc 1 1109 7 view .LVU157
 527 0024 9A42     		cmp	r2, r3
 528 0026 07D8     		bhi	.L41
1111:Middlewares/Third_Party/FreeRTOS/Source/tasks.c **** 				}
ARM GAS  /tmp/cchsWuk7.s 			page 85


 529              		.loc 1 1111 6 is_stmt 1 view .LVU158
1111:Middlewares/Third_Party/FreeRTOS/Source/tasks.c **** 				}
 530              		.loc 1 1111 19 is_stmt 0 view .LVU159
 531 0028 1B4B     		ldr	r3, .L47+4
 532 002a 1C60     		str	r4, [r3]
 533 002c 04E0     		b	.L41
 534              	.L45:
1088:Middlewares/Third_Party/FreeRTOS/Source/tasks.c **** 
 535              		.loc 1 1088 4 is_stmt 1 view .LVU160
1088:Middlewares/Third_Party/FreeRTOS/Source/tasks.c **** 
 536              		.loc 1 1088 17 is_stmt 0 view .LVU161
 537 002e 1A4B     		ldr	r3, .L47+4
 538 0030 1C60     		str	r4, [r3]
1090:Middlewares/Third_Party/FreeRTOS/Source/tasks.c **** 			{
 539              		.loc 1 1090 4 is_stmt 1 view .LVU162
1090:Middlewares/Third_Party/FreeRTOS/Source/tasks.c **** 			{
 540              		.loc 1 1090 31 is_stmt 0 view .LVU163
 541 0032 1368     		ldr	r3, [r2]
1090:Middlewares/Third_Party/FreeRTOS/Source/tasks.c **** 			{
 542              		.loc 1 1090 6 view .LVU164
 543 0034 012B     		cmp	r3, #1
 544 0036 29D0     		beq	.L46
 545              	.L41:
1120:Middlewares/Third_Party/FreeRTOS/Source/tasks.c **** 			}
 546              		.loc 1 1120 29 is_stmt 1 view .LVU165
1124:Middlewares/Third_Party/FreeRTOS/Source/tasks.c **** 
 547              		.loc 1 1124 3 view .LVU166
1124:Middlewares/Third_Party/FreeRTOS/Source/tasks.c **** 
 548              		.loc 1 1124 15 is_stmt 0 view .LVU167
 549 0038 194A     		ldr	r2, .L47+12
 550 003a 1368     		ldr	r3, [r2]
 551 003c 0133     		adds	r3, r3, #1
 552 003e 1360     		str	r3, [r2]
1129:Middlewares/Third_Party/FreeRTOS/Source/tasks.c **** 		}
 553              		.loc 1 1129 4 is_stmt 1 view .LVU168
1129:Middlewares/Third_Party/FreeRTOS/Source/tasks.c **** 		}
 554              		.loc 1 1129 26 is_stmt 0 view .LVU169
 555 0040 6364     		str	r3, [r4, #68]
1132:Middlewares/Third_Party/FreeRTOS/Source/tasks.c **** 
 556              		.loc 1 1132 31 is_stmt 1 view .LVU170
1134:Middlewares/Third_Party/FreeRTOS/Source/tasks.c **** 
 557              		.loc 1 1134 3 view .LVU171
1134:Middlewares/Third_Party/FreeRTOS/Source/tasks.c **** 
 558              		.loc 1 1134 3 view .LVU172
 559 0042 E06A     		ldr	r0, [r4, #44]
 560 0044 174B     		ldr	r3, .L47+16
 561 0046 1B68     		ldr	r3, [r3]
 562 0048 9842     		cmp	r0, r3
 563 004a 01D9     		bls	.L42
1134:Middlewares/Third_Party/FreeRTOS/Source/tasks.c **** 
 564              		.loc 1 1134 3 discriminator 1 view .LVU173
 565 004c 154B     		ldr	r3, .L47+16
 566 004e 1860     		str	r0, [r3]
 567              	.L42:
1134:Middlewares/Third_Party/FreeRTOS/Source/tasks.c **** 
 568              		.loc 1 1134 3 discriminator 3 view .LVU174
1134:Middlewares/Third_Party/FreeRTOS/Source/tasks.c **** 
ARM GAS  /tmp/cchsWuk7.s 			page 86


 569              		.loc 1 1134 3 discriminator 3 view .LVU175
 570 0050 00EB8000 		add	r0, r0, r0, lsl #2
 571 0054 211D     		adds	r1, r4, #4
 572 0056 144B     		ldr	r3, .L47+20
 573 0058 03EB8000 		add	r0, r3, r0, lsl #2
 574 005c FFF7FEFF 		bl	vListInsertEnd
 575              	.LVL45:
1134:Middlewares/Third_Party/FreeRTOS/Source/tasks.c **** 
 576              		.loc 1 1134 36 discriminator 1 view .LVU176
1136:Middlewares/Third_Party/FreeRTOS/Source/tasks.c **** 	}
 577              		.loc 1 1136 3 view .LVU177
1138:Middlewares/Third_Party/FreeRTOS/Source/tasks.c **** 
 578              		.loc 1 1138 2 view .LVU178
 579 0060 FFF7FEFF 		bl	vPortExitCritical
 580              	.LVL46:
1140:Middlewares/Third_Party/FreeRTOS/Source/tasks.c **** 	{
 581              		.loc 1 1140 2 view .LVU179
1140:Middlewares/Third_Party/FreeRTOS/Source/tasks.c **** 	{
 582              		.loc 1 1140 24 is_stmt 0 view .LVU180
 583 0064 0D4B     		ldr	r3, .L47+8
 584 0066 1B68     		ldr	r3, [r3]
1140:Middlewares/Third_Party/FreeRTOS/Source/tasks.c **** 	{
 585              		.loc 1 1140 4 view .LVU181
 586 0068 7BB1     		cbz	r3, .L39
1144:Middlewares/Third_Party/FreeRTOS/Source/tasks.c **** 		{
 587              		.loc 1 1144 3 is_stmt 1 view .LVU182
1144:Middlewares/Third_Party/FreeRTOS/Source/tasks.c **** 		{
 588              		.loc 1 1144 19 is_stmt 0 view .LVU183
 589 006a 0B4B     		ldr	r3, .L47+4
 590 006c 1B68     		ldr	r3, [r3]
 591 006e DA6A     		ldr	r2, [r3, #44]
1144:Middlewares/Third_Party/FreeRTOS/Source/tasks.c **** 		{
 592              		.loc 1 1144 42 view .LVU184
 593 0070 E36A     		ldr	r3, [r4, #44]
1144:Middlewares/Third_Party/FreeRTOS/Source/tasks.c **** 		{
 594              		.loc 1 1144 5 view .LVU185
 595 0072 9A42     		cmp	r2, r3
 596 0074 09D2     		bcs	.L39
1146:Middlewares/Third_Party/FreeRTOS/Source/tasks.c **** 		}
 597              		.loc 1 1146 4 is_stmt 1 view .LVU186
 598 0076 4FF0E023 		mov	r3, #-536813568
 599 007a 4FF08052 		mov	r2, #268435456
 600 007e C3F8042D 		str	r2, [r3, #3332]
1146:Middlewares/Third_Party/FreeRTOS/Source/tasks.c **** 		}
 601              		.loc 1 1146 4 view .LVU187
 602              		.syntax unified
 603              	@ 1146 "Middlewares/Third_Party/FreeRTOS/Source/tasks.c" 1
 604 0082 BFF34F8F 		dsb
 605              	@ 0 "" 2
1146:Middlewares/Third_Party/FreeRTOS/Source/tasks.c **** 		}
 606              		.loc 1 1146 4 view .LVU188
 607              	@ 1146 "Middlewares/Third_Party/FreeRTOS/Source/tasks.c" 1
 608 0086 BFF36F8F 		isb
 609              	@ 0 "" 2
1146:Middlewares/Third_Party/FreeRTOS/Source/tasks.c **** 		}
 610              		.loc 1 1146 35 view .LVU189
1155:Middlewares/Third_Party/FreeRTOS/Source/tasks.c **** 	}
ARM GAS  /tmp/cchsWuk7.s 			page 87


 611              		.loc 1 1155 27 view .LVU190
 612              		.thumb
 613              		.syntax unified
 614              	.L39:
1157:Middlewares/Third_Party/FreeRTOS/Source/tasks.c **** /*-----------------------------------------------------------*/
 615              		.loc 1 1157 1 is_stmt 0 view .LVU191
 616 008a 10BD     		pop	{r4, pc}
 617              	.LVL47:
 618              	.L46:
1095:Middlewares/Third_Party/FreeRTOS/Source/tasks.c **** 			}
 619              		.loc 1 1095 5 is_stmt 1 view .LVU192
 620 008c FFF7FEFF 		bl	prvInitialiseTaskLists
 621              	.LVL48:
 622 0090 D2E7     		b	.L41
 623              	.L48:
 624 0092 00BF     		.align	2
 625              	.L47:
 626 0094 00000000 		.word	uxCurrentNumberOfTasks
 627 0098 00000000 		.word	pxCurrentTCB
 628 009c 00000000 		.word	xSchedulerRunning
 629 00a0 00000000 		.word	uxTaskNumber
 630 00a4 00000000 		.word	uxTopReadyPriority
 631 00a8 00000000 		.word	pxReadyTasksLists
 632              		.cfi_endproc
 633              	.LFE7:
 635              		.section	.text.prvDeleteTCB,"ax",%progbits
 636              		.align	1
 637              		.syntax unified
 638              		.thumb
 639              		.thumb_func
 641              	prvDeleteTCB:
 642              	.LVL49:
 643              	.LFB49:
3888:Middlewares/Third_Party/FreeRTOS/Source/tasks.c **** 		/* This call is required specifically for the TriCore port.  It must be
 644              		.loc 1 3888 2 view -0
 645              		.cfi_startproc
 646              		@ args = 0, pretend = 0, frame = 0
 647              		@ frame_needed = 0, uses_anonymous_args = 0
3888:Middlewares/Third_Party/FreeRTOS/Source/tasks.c **** 		/* This call is required specifically for the TriCore port.  It must be
 648              		.loc 1 3888 2 is_stmt 0 view .LVU194
 649 0000 10B5     		push	{r4, lr}
 650              	.LCFI3:
 651              		.cfi_def_cfa_offset 8
 652              		.cfi_offset 4, -8
 653              		.cfi_offset 14, -4
 654 0002 0446     		mov	r4, r0
3892:Middlewares/Third_Party/FreeRTOS/Source/tasks.c **** 
 655              		.loc 1 3892 3 is_stmt 1 view .LVU195
3916:Middlewares/Third_Party/FreeRTOS/Source/tasks.c **** 			{
 656              		.loc 1 3916 4 view .LVU196
3916:Middlewares/Third_Party/FreeRTOS/Source/tasks.c **** 			{
 657              		.loc 1 3916 13 is_stmt 0 view .LVU197
 658 0004 90F85930 		ldrb	r3, [r0, #89]	@ zero_extendqisi2
3916:Middlewares/Third_Party/FreeRTOS/Source/tasks.c **** 			{
 659              		.loc 1 3916 6 view .LVU198
 660 0008 63B1     		cbz	r3, .L55
3923:Middlewares/Third_Party/FreeRTOS/Source/tasks.c **** 			{
ARM GAS  /tmp/cchsWuk7.s 			page 88


 661              		.loc 1 3923 9 is_stmt 1 view .LVU199
3923:Middlewares/Third_Party/FreeRTOS/Source/tasks.c **** 			{
 662              		.loc 1 3923 11 is_stmt 0 view .LVU200
 663 000a 012B     		cmp	r3, #1
 664 000c 11D0     		beq	.L56
3933:Middlewares/Third_Party/FreeRTOS/Source/tasks.c **** 				mtCOVERAGE_TEST_MARKER();
 665              		.loc 1 3933 5 is_stmt 1 view .LVU201
 666 000e 022B     		cmp	r3, #2
 667 0010 0ED0     		beq	.L49
3933:Middlewares/Third_Party/FreeRTOS/Source/tasks.c **** 				mtCOVERAGE_TEST_MARKER();
 668              		.loc 1 3933 5 discriminator 1 view .LVU202
 669              	.LBB122:
 670              	.LBI122:
 191:Middlewares/Third_Party/FreeRTOS/Source/portable/GCC/ARM_CM4F/portmacro.h **** {
 671              		.loc 2 191 30 view .LVU203
 672              	.LBB123:
 193:Middlewares/Third_Party/FreeRTOS/Source/portable/GCC/ARM_CM4F/portmacro.h **** 
 673              		.loc 2 193 1 view .LVU204
 674              		.loc 2 195 2 view .LVU205
 675              		.syntax unified
 676              	@ 195 "Middlewares/Third_Party/FreeRTOS/Source/portable/GCC/ARM_CM4F/portmacro.h" 1
 677 0012 4FF05003 			mov r3, #80												
 678 0016 83F31188 		msr basepri, r3											
 679 001a BFF36F8F 		isb														
 680 001e BFF34F8F 		dsb														
 681              	
 682              	@ 0 "" 2
 683              		.thumb
 684              		.syntax unified
 685              	.L53:
 686              	.LBE123:
 687              	.LBE122:
3933:Middlewares/Third_Party/FreeRTOS/Source/tasks.c **** 				mtCOVERAGE_TEST_MARKER();
 688              		.loc 1 3933 5 discriminator 3 view .LVU206
3933:Middlewares/Third_Party/FreeRTOS/Source/tasks.c **** 				mtCOVERAGE_TEST_MARKER();
 689              		.loc 1 3933 5 discriminator 3 view .LVU207
 690 0022 FEE7     		b	.L53
 691              	.L55:
3920:Middlewares/Third_Party/FreeRTOS/Source/tasks.c **** 				vPortFree( pxTCB );
 692              		.loc 1 3920 5 view .LVU208
 693 0024 006B     		ldr	r0, [r0, #48]
 694              	.LVL50:
3920:Middlewares/Third_Party/FreeRTOS/Source/tasks.c **** 				vPortFree( pxTCB );
 695              		.loc 1 3920 5 is_stmt 0 view .LVU209
 696 0026 FFF7FEFF 		bl	vPortFree
 697              	.LVL51:
3921:Middlewares/Third_Party/FreeRTOS/Source/tasks.c **** 			}
 698              		.loc 1 3921 5 is_stmt 1 view .LVU210
 699 002a 2046     		mov	r0, r4
 700 002c FFF7FEFF 		bl	vPortFree
 701              	.LVL52:
 702              	.L49:
3938:Middlewares/Third_Party/FreeRTOS/Source/tasks.c **** 
 703              		.loc 1 3938 2 is_stmt 0 view .LVU211
 704 0030 10BD     		pop	{r4, pc}
 705              	.LVL53:
 706              	.L56:
ARM GAS  /tmp/cchsWuk7.s 			page 89


3927:Middlewares/Third_Party/FreeRTOS/Source/tasks.c **** 			}
 707              		.loc 1 3927 5 is_stmt 1 view .LVU212
 708 0032 FFF7FEFF 		bl	vPortFree
 709              	.LVL54:
3927:Middlewares/Third_Party/FreeRTOS/Source/tasks.c **** 			}
 710              		.loc 1 3927 5 is_stmt 0 view .LVU213
 711 0036 FBE7     		b	.L49
 712              		.cfi_endproc
 713              	.LFE49:
 715              		.section	.text.prvCheckTasksWaitingTermination,"ax",%progbits
 716              		.align	1
 717              		.syntax unified
 718              		.thumb
 719              		.thumb_func
 721              	prvCheckTasksWaitingTermination:
 722              	.LFB44:
3640:Middlewares/Third_Party/FreeRTOS/Source/tasks.c **** 
 723              		.loc 1 3640 1 is_stmt 1 view -0
 724              		.cfi_startproc
 725              		@ args = 0, pretend = 0, frame = 0
 726              		@ frame_needed = 0, uses_anonymous_args = 0
 727              	.LBB124:
3646:Middlewares/Third_Party/FreeRTOS/Source/tasks.c **** 
 728              		.loc 1 3646 3 view .LVU215
3650:Middlewares/Third_Party/FreeRTOS/Source/tasks.c **** 		{
 729              		.loc 1 3650 3 view .LVU216
3650:Middlewares/Third_Party/FreeRTOS/Source/tasks.c **** 		{
 730              		.loc 1 3650 39 view .LVU217
 731 0000 0F4B     		ldr	r3, .L64
 732 0002 1B68     		ldr	r3, [r3]
 733 0004 D3B1     		cbz	r3, .L63
 734              	.LBE124:
3640:Middlewares/Third_Party/FreeRTOS/Source/tasks.c **** 
 735              		.loc 1 3640 1 is_stmt 0 view .LVU218
 736 0006 10B5     		push	{r4, lr}
 737              	.LCFI4:
 738              		.cfi_def_cfa_offset 8
 739              		.cfi_offset 4, -8
 740              		.cfi_offset 14, -4
 741              	.L59:
 742              	.LBB125:
3652:Middlewares/Third_Party/FreeRTOS/Source/tasks.c **** 			{
 743              		.loc 1 3652 4 is_stmt 1 view .LVU219
 744 0008 FFF7FEFF 		bl	vPortEnterCritical
 745              	.LVL55:
3654:Middlewares/Third_Party/FreeRTOS/Source/tasks.c **** 				( void ) uxListRemove( &( pxTCB->xStateListItem ) );
 746              		.loc 1 3654 5 view .LVU220
3654:Middlewares/Third_Party/FreeRTOS/Source/tasks.c **** 				( void ) uxListRemove( &( pxTCB->xStateListItem ) );
 747              		.loc 1 3654 13 is_stmt 0 view .LVU221
 748 000c 0D4B     		ldr	r3, .L64+4
 749 000e DB68     		ldr	r3, [r3, #12]
3654:Middlewares/Third_Party/FreeRTOS/Source/tasks.c **** 				( void ) uxListRemove( &( pxTCB->xStateListItem ) );
 750              		.loc 1 3654 11 view .LVU222
 751 0010 DC68     		ldr	r4, [r3, #12]
 752              	.LVL56:
3655:Middlewares/Third_Party/FreeRTOS/Source/tasks.c **** 				--uxCurrentNumberOfTasks;
 753              		.loc 1 3655 5 is_stmt 1 view .LVU223
ARM GAS  /tmp/cchsWuk7.s 			page 90


3655:Middlewares/Third_Party/FreeRTOS/Source/tasks.c **** 				--uxCurrentNumberOfTasks;
 754              		.loc 1 3655 14 is_stmt 0 view .LVU224
 755 0012 201D     		adds	r0, r4, #4
 756 0014 FFF7FEFF 		bl	uxListRemove
 757              	.LVL57:
3656:Middlewares/Third_Party/FreeRTOS/Source/tasks.c **** 				--uxDeletedTasksWaitingCleanUp;
 758              		.loc 1 3656 5 is_stmt 1 view .LVU225
 759 0018 0B4A     		ldr	r2, .L64+8
 760 001a 1368     		ldr	r3, [r2]
 761 001c 013B     		subs	r3, r3, #1
 762 001e 1360     		str	r3, [r2]
3657:Middlewares/Third_Party/FreeRTOS/Source/tasks.c **** 			}
 763              		.loc 1 3657 5 view .LVU226
 764 0020 074A     		ldr	r2, .L64
 765 0022 1368     		ldr	r3, [r2]
 766 0024 013B     		subs	r3, r3, #1
 767 0026 1360     		str	r3, [r2]
3659:Middlewares/Third_Party/FreeRTOS/Source/tasks.c **** 
 768              		.loc 1 3659 4 view .LVU227
 769 0028 FFF7FEFF 		bl	vPortExitCritical
 770              	.LVL58:
3661:Middlewares/Third_Party/FreeRTOS/Source/tasks.c **** 		}
 771              		.loc 1 3661 4 view .LVU228
 772 002c 2046     		mov	r0, r4
 773 002e FFF7FEFF 		bl	prvDeleteTCB
 774              	.LVL59:
3650:Middlewares/Third_Party/FreeRTOS/Source/tasks.c **** 		{
 775              		.loc 1 3650 39 view .LVU229
 776 0032 034B     		ldr	r3, .L64
 777 0034 1B68     		ldr	r3, [r3]
 778 0036 002B     		cmp	r3, #0
 779 0038 E6D1     		bne	.L59
 780              	.LBE125:
3665:Middlewares/Third_Party/FreeRTOS/Source/tasks.c **** /*-----------------------------------------------------------*/
 781              		.loc 1 3665 1 is_stmt 0 view .LVU230
 782 003a 10BD     		pop	{r4, pc}
 783              	.LVL60:
 784              	.L63:
 785              	.LCFI5:
 786              		.cfi_def_cfa_offset 0
 787              		.cfi_restore 4
 788              		.cfi_restore 14
3665:Middlewares/Third_Party/FreeRTOS/Source/tasks.c **** /*-----------------------------------------------------------*/
 789              		.loc 1 3665 1 view .LVU231
 790 003c 7047     		bx	lr
 791              	.L65:
 792 003e 00BF     		.align	2
 793              	.L64:
 794 0040 00000000 		.word	uxDeletedTasksWaitingCleanUp
 795 0044 00000000 		.word	xTasksWaitingTermination
 796 0048 00000000 		.word	uxCurrentNumberOfTasks
 797              		.cfi_endproc
 798              	.LFE44:
 800              		.section	.text.prvIdleTask,"ax",%progbits
 801              		.align	1
 802              		.syntax unified
 803              		.thumb
ARM GAS  /tmp/cchsWuk7.s 			page 91


 804              		.thumb_func
 806              	prvIdleTask:
 807              	.LFB42:
3393:Middlewares/Third_Party/FreeRTOS/Source/tasks.c **** 	/* Stop warnings. */
 808              		.loc 1 3393 1 is_stmt 1 view -0
 809              		.cfi_startproc
 810              		@ Volatile: function does not return.
 811              		@ args = 0, pretend = 0, frame = 0
 812              		@ frame_needed = 0, uses_anonymous_args = 0
 813              	.LVL61:
3393:Middlewares/Third_Party/FreeRTOS/Source/tasks.c **** 	/* Stop warnings. */
 814              		.loc 1 3393 1 is_stmt 0 view .LVU233
 815 0000 08B5     		push	{r3, lr}
 816              	.LCFI6:
 817              		.cfi_def_cfa_offset 8
 818              		.cfi_offset 3, -8
 819              		.cfi_offset 14, -4
 820              	.LVL62:
 821              	.L67:
3395:Middlewares/Third_Party/FreeRTOS/Source/tasks.c **** 
 822              		.loc 1 3395 2 is_stmt 1 view .LVU234
3403:Middlewares/Third_Party/FreeRTOS/Source/tasks.c **** 
 823              		.loc 1 3403 64 view .LVU235
3405:Middlewares/Third_Party/FreeRTOS/Source/tasks.c **** 	{
 824              		.loc 1 3405 2 view .LVU236
3409:Middlewares/Third_Party/FreeRTOS/Source/tasks.c **** 
 825              		.loc 1 3409 3 view .LVU237
 826 0002 FFF7FEFF 		bl	prvCheckTasksWaitingTermination
 827              	.LVL63:
3432:Middlewares/Third_Party/FreeRTOS/Source/tasks.c **** 			{
 828              		.loc 1 3432 4 view .LVU238
3432:Middlewares/Third_Party/FreeRTOS/Source/tasks.c **** 			{
 829              		.loc 1 3432 8 is_stmt 0 view .LVU239
 830 0006 074B     		ldr	r3, .L70
 831 0008 1B68     		ldr	r3, [r3]
3432:Middlewares/Third_Party/FreeRTOS/Source/tasks.c **** 			{
 832              		.loc 1 3432 6 view .LVU240
 833 000a 012B     		cmp	r3, #1
 834 000c F9D9     		bls	.L67
3434:Middlewares/Third_Party/FreeRTOS/Source/tasks.c **** 			}
 835              		.loc 1 3434 5 is_stmt 1 view .LVU241
 836 000e 4FF0E023 		mov	r3, #-536813568
 837 0012 4FF08052 		mov	r2, #268435456
 838 0016 C3F8042D 		str	r2, [r3, #3332]
3434:Middlewares/Third_Party/FreeRTOS/Source/tasks.c **** 			}
 839              		.loc 1 3434 5 view .LVU242
 840              		.syntax unified
 841              	@ 3434 "Middlewares/Third_Party/FreeRTOS/Source/tasks.c" 1
 842 001a BFF34F8F 		dsb
 843              	@ 0 "" 2
3434:Middlewares/Third_Party/FreeRTOS/Source/tasks.c **** 			}
 844              		.loc 1 3434 5 view .LVU243
 845              	@ 3434 "Middlewares/Third_Party/FreeRTOS/Source/tasks.c" 1
 846 001e BFF36F8F 		isb
 847              	@ 0 "" 2
3434:Middlewares/Third_Party/FreeRTOS/Source/tasks.c **** 			}
 848              		.loc 1 3434 16 view .LVU244
ARM GAS  /tmp/cchsWuk7.s 			page 92


 849              		.thumb
 850              		.syntax unified
 851 0022 EEE7     		b	.L67
 852              	.L71:
 853              		.align	2
 854              	.L70:
 855 0024 00000000 		.word	pxReadyTasksLists
 856              		.cfi_endproc
 857              	.LFE42:
 859              		.section	.text.prvAddCurrentTaskToDelayedList,"ax",%progbits
 860              		.align	1
 861              		.syntax unified
 862              		.thumb
 863              		.thumb_func
 865              	prvAddCurrentTaskToDelayedList:
 866              	.LVL64:
 867              	.LFB65:
3965:Middlewares/Third_Party/FreeRTOS/Source/tasks.c **** /*-----------------------------------------------------------*/
3966:Middlewares/Third_Party/FreeRTOS/Source/tasks.c **** 
3967:Middlewares/Third_Party/FreeRTOS/Source/tasks.c **** #if ( ( INCLUDE_xTaskGetCurrentTaskHandle == 1 ) || ( configUSE_MUTEXES == 1 ) )
3968:Middlewares/Third_Party/FreeRTOS/Source/tasks.c **** 
3969:Middlewares/Third_Party/FreeRTOS/Source/tasks.c **** 	TaskHandle_t xTaskGetCurrentTaskHandle( void )
3970:Middlewares/Third_Party/FreeRTOS/Source/tasks.c **** 	{
3971:Middlewares/Third_Party/FreeRTOS/Source/tasks.c **** 	TaskHandle_t xReturn;
3972:Middlewares/Third_Party/FreeRTOS/Source/tasks.c **** 
3973:Middlewares/Third_Party/FreeRTOS/Source/tasks.c **** 		/* A critical section is not required as this is not called from
3974:Middlewares/Third_Party/FreeRTOS/Source/tasks.c **** 		an interrupt and the current TCB will always be the same for any
3975:Middlewares/Third_Party/FreeRTOS/Source/tasks.c **** 		individual execution thread. */
3976:Middlewares/Third_Party/FreeRTOS/Source/tasks.c **** 		xReturn = pxCurrentTCB;
3977:Middlewares/Third_Party/FreeRTOS/Source/tasks.c **** 
3978:Middlewares/Third_Party/FreeRTOS/Source/tasks.c **** 		return xReturn;
3979:Middlewares/Third_Party/FreeRTOS/Source/tasks.c **** 	}
3980:Middlewares/Third_Party/FreeRTOS/Source/tasks.c **** 
3981:Middlewares/Third_Party/FreeRTOS/Source/tasks.c **** #endif /* ( ( INCLUDE_xTaskGetCurrentTaskHandle == 1 ) || ( configUSE_MUTEXES == 1 ) ) */
3982:Middlewares/Third_Party/FreeRTOS/Source/tasks.c **** /*-----------------------------------------------------------*/
3983:Middlewares/Third_Party/FreeRTOS/Source/tasks.c **** 
3984:Middlewares/Third_Party/FreeRTOS/Source/tasks.c **** #if ( ( INCLUDE_xTaskGetSchedulerState == 1 ) || ( configUSE_TIMERS == 1 ) )
3985:Middlewares/Third_Party/FreeRTOS/Source/tasks.c **** 
3986:Middlewares/Third_Party/FreeRTOS/Source/tasks.c **** 	BaseType_t xTaskGetSchedulerState( void )
3987:Middlewares/Third_Party/FreeRTOS/Source/tasks.c **** 	{
3988:Middlewares/Third_Party/FreeRTOS/Source/tasks.c **** 	BaseType_t xReturn;
3989:Middlewares/Third_Party/FreeRTOS/Source/tasks.c **** 
3990:Middlewares/Third_Party/FreeRTOS/Source/tasks.c **** 		if( xSchedulerRunning == pdFALSE )
3991:Middlewares/Third_Party/FreeRTOS/Source/tasks.c **** 		{
3992:Middlewares/Third_Party/FreeRTOS/Source/tasks.c **** 			xReturn = taskSCHEDULER_NOT_STARTED;
3993:Middlewares/Third_Party/FreeRTOS/Source/tasks.c **** 		}
3994:Middlewares/Third_Party/FreeRTOS/Source/tasks.c **** 		else
3995:Middlewares/Third_Party/FreeRTOS/Source/tasks.c **** 		{
3996:Middlewares/Third_Party/FreeRTOS/Source/tasks.c **** 			if( uxSchedulerSuspended == ( UBaseType_t ) pdFALSE )
3997:Middlewares/Third_Party/FreeRTOS/Source/tasks.c **** 			{
3998:Middlewares/Third_Party/FreeRTOS/Source/tasks.c **** 				xReturn = taskSCHEDULER_RUNNING;
3999:Middlewares/Third_Party/FreeRTOS/Source/tasks.c **** 			}
4000:Middlewares/Third_Party/FreeRTOS/Source/tasks.c **** 			else
4001:Middlewares/Third_Party/FreeRTOS/Source/tasks.c **** 			{
4002:Middlewares/Third_Party/FreeRTOS/Source/tasks.c **** 				xReturn = taskSCHEDULER_SUSPENDED;
4003:Middlewares/Third_Party/FreeRTOS/Source/tasks.c **** 			}
4004:Middlewares/Third_Party/FreeRTOS/Source/tasks.c **** 		}
ARM GAS  /tmp/cchsWuk7.s 			page 93


4005:Middlewares/Third_Party/FreeRTOS/Source/tasks.c **** 
4006:Middlewares/Third_Party/FreeRTOS/Source/tasks.c **** 		return xReturn;
4007:Middlewares/Third_Party/FreeRTOS/Source/tasks.c **** 	}
4008:Middlewares/Third_Party/FreeRTOS/Source/tasks.c **** 
4009:Middlewares/Third_Party/FreeRTOS/Source/tasks.c **** #endif /* ( ( INCLUDE_xTaskGetSchedulerState == 1 ) || ( configUSE_TIMERS == 1 ) ) */
4010:Middlewares/Third_Party/FreeRTOS/Source/tasks.c **** /*-----------------------------------------------------------*/
4011:Middlewares/Third_Party/FreeRTOS/Source/tasks.c **** 
4012:Middlewares/Third_Party/FreeRTOS/Source/tasks.c **** #if ( configUSE_MUTEXES == 1 )
4013:Middlewares/Third_Party/FreeRTOS/Source/tasks.c **** 
4014:Middlewares/Third_Party/FreeRTOS/Source/tasks.c **** 	BaseType_t xTaskPriorityInherit( TaskHandle_t const pxMutexHolder )
4015:Middlewares/Third_Party/FreeRTOS/Source/tasks.c **** 	{
4016:Middlewares/Third_Party/FreeRTOS/Source/tasks.c **** 	TCB_t * const pxMutexHolderTCB = pxMutexHolder;
4017:Middlewares/Third_Party/FreeRTOS/Source/tasks.c **** 	BaseType_t xReturn = pdFALSE;
4018:Middlewares/Third_Party/FreeRTOS/Source/tasks.c **** 
4019:Middlewares/Third_Party/FreeRTOS/Source/tasks.c **** 		/* If the mutex was given back by an interrupt while the queue was
4020:Middlewares/Third_Party/FreeRTOS/Source/tasks.c **** 		locked then the mutex holder might now be NULL.  _RB_ Is this still
4021:Middlewares/Third_Party/FreeRTOS/Source/tasks.c **** 		needed as interrupts can no longer use mutexes? */
4022:Middlewares/Third_Party/FreeRTOS/Source/tasks.c **** 		if( pxMutexHolder != NULL )
4023:Middlewares/Third_Party/FreeRTOS/Source/tasks.c **** 		{
4024:Middlewares/Third_Party/FreeRTOS/Source/tasks.c **** 			/* If the holder of the mutex has a priority below the priority of
4025:Middlewares/Third_Party/FreeRTOS/Source/tasks.c **** 			the task attempting to obtain the mutex then it will temporarily
4026:Middlewares/Third_Party/FreeRTOS/Source/tasks.c **** 			inherit the priority of the task attempting to obtain the mutex. */
4027:Middlewares/Third_Party/FreeRTOS/Source/tasks.c **** 			if( pxMutexHolderTCB->uxPriority < pxCurrentTCB->uxPriority )
4028:Middlewares/Third_Party/FreeRTOS/Source/tasks.c **** 			{
4029:Middlewares/Third_Party/FreeRTOS/Source/tasks.c **** 				/* Adjust the mutex holder state to account for its new
4030:Middlewares/Third_Party/FreeRTOS/Source/tasks.c **** 				priority.  Only reset the event list item value if the value is
4031:Middlewares/Third_Party/FreeRTOS/Source/tasks.c **** 				not being used for anything else. */
4032:Middlewares/Third_Party/FreeRTOS/Source/tasks.c **** 				if( ( listGET_LIST_ITEM_VALUE( &( pxMutexHolderTCB->xEventListItem ) ) & taskEVENT_LIST_ITEM_VA
4033:Middlewares/Third_Party/FreeRTOS/Source/tasks.c **** 				{
4034:Middlewares/Third_Party/FreeRTOS/Source/tasks.c **** 					listSET_LIST_ITEM_VALUE( &( pxMutexHolderTCB->xEventListItem ), ( TickType_t ) configMAX_PRIOR
4035:Middlewares/Third_Party/FreeRTOS/Source/tasks.c **** 				}
4036:Middlewares/Third_Party/FreeRTOS/Source/tasks.c **** 				else
4037:Middlewares/Third_Party/FreeRTOS/Source/tasks.c **** 				{
4038:Middlewares/Third_Party/FreeRTOS/Source/tasks.c **** 					mtCOVERAGE_TEST_MARKER();
4039:Middlewares/Third_Party/FreeRTOS/Source/tasks.c **** 				}
4040:Middlewares/Third_Party/FreeRTOS/Source/tasks.c **** 
4041:Middlewares/Third_Party/FreeRTOS/Source/tasks.c **** 				/* If the task being modified is in the ready state it will need
4042:Middlewares/Third_Party/FreeRTOS/Source/tasks.c **** 				to be moved into a new list. */
4043:Middlewares/Third_Party/FreeRTOS/Source/tasks.c **** 				if( listIS_CONTAINED_WITHIN( &( pxReadyTasksLists[ pxMutexHolderTCB->uxPriority ] ), &( pxMutex
4044:Middlewares/Third_Party/FreeRTOS/Source/tasks.c **** 				{
4045:Middlewares/Third_Party/FreeRTOS/Source/tasks.c **** 					if( uxListRemove( &( pxMutexHolderTCB->xStateListItem ) ) == ( UBaseType_t ) 0 )
4046:Middlewares/Third_Party/FreeRTOS/Source/tasks.c **** 					{
4047:Middlewares/Third_Party/FreeRTOS/Source/tasks.c **** 						/* It is known that the task is in its ready list so
4048:Middlewares/Third_Party/FreeRTOS/Source/tasks.c **** 						there is no need to check again and the port level
4049:Middlewares/Third_Party/FreeRTOS/Source/tasks.c **** 						reset macro can be called directly. */
4050:Middlewares/Third_Party/FreeRTOS/Source/tasks.c **** 						portRESET_READY_PRIORITY( pxMutexHolderTCB->uxPriority, uxTopReadyPriority );
4051:Middlewares/Third_Party/FreeRTOS/Source/tasks.c **** 					}
4052:Middlewares/Third_Party/FreeRTOS/Source/tasks.c **** 					else
4053:Middlewares/Third_Party/FreeRTOS/Source/tasks.c **** 					{
4054:Middlewares/Third_Party/FreeRTOS/Source/tasks.c **** 						mtCOVERAGE_TEST_MARKER();
4055:Middlewares/Third_Party/FreeRTOS/Source/tasks.c **** 					}
4056:Middlewares/Third_Party/FreeRTOS/Source/tasks.c **** 
4057:Middlewares/Third_Party/FreeRTOS/Source/tasks.c **** 					/* Inherit the priority before being moved into the new list. */
4058:Middlewares/Third_Party/FreeRTOS/Source/tasks.c **** 					pxMutexHolderTCB->uxPriority = pxCurrentTCB->uxPriority;
4059:Middlewares/Third_Party/FreeRTOS/Source/tasks.c **** 					prvAddTaskToReadyList( pxMutexHolderTCB );
4060:Middlewares/Third_Party/FreeRTOS/Source/tasks.c **** 				}
4061:Middlewares/Third_Party/FreeRTOS/Source/tasks.c **** 				else
ARM GAS  /tmp/cchsWuk7.s 			page 94


4062:Middlewares/Third_Party/FreeRTOS/Source/tasks.c **** 				{
4063:Middlewares/Third_Party/FreeRTOS/Source/tasks.c **** 					/* Just inherit the priority. */
4064:Middlewares/Third_Party/FreeRTOS/Source/tasks.c **** 					pxMutexHolderTCB->uxPriority = pxCurrentTCB->uxPriority;
4065:Middlewares/Third_Party/FreeRTOS/Source/tasks.c **** 				}
4066:Middlewares/Third_Party/FreeRTOS/Source/tasks.c **** 
4067:Middlewares/Third_Party/FreeRTOS/Source/tasks.c **** 				traceTASK_PRIORITY_INHERIT( pxMutexHolderTCB, pxCurrentTCB->uxPriority );
4068:Middlewares/Third_Party/FreeRTOS/Source/tasks.c **** 
4069:Middlewares/Third_Party/FreeRTOS/Source/tasks.c **** 				/* Inheritance occurred. */
4070:Middlewares/Third_Party/FreeRTOS/Source/tasks.c **** 				xReturn = pdTRUE;
4071:Middlewares/Third_Party/FreeRTOS/Source/tasks.c **** 			}
4072:Middlewares/Third_Party/FreeRTOS/Source/tasks.c **** 			else
4073:Middlewares/Third_Party/FreeRTOS/Source/tasks.c **** 			{
4074:Middlewares/Third_Party/FreeRTOS/Source/tasks.c **** 				if( pxMutexHolderTCB->uxBasePriority < pxCurrentTCB->uxPriority )
4075:Middlewares/Third_Party/FreeRTOS/Source/tasks.c **** 				{
4076:Middlewares/Third_Party/FreeRTOS/Source/tasks.c **** 					/* The base priority of the mutex holder is lower than the
4077:Middlewares/Third_Party/FreeRTOS/Source/tasks.c **** 					priority of the task attempting to take the mutex, but the
4078:Middlewares/Third_Party/FreeRTOS/Source/tasks.c **** 					current priority of the mutex holder is not lower than the
4079:Middlewares/Third_Party/FreeRTOS/Source/tasks.c **** 					priority of the task attempting to take the mutex.
4080:Middlewares/Third_Party/FreeRTOS/Source/tasks.c **** 					Therefore the mutex holder must have already inherited a
4081:Middlewares/Third_Party/FreeRTOS/Source/tasks.c **** 					priority, but inheritance would have occurred if that had
4082:Middlewares/Third_Party/FreeRTOS/Source/tasks.c **** 					not been the case. */
4083:Middlewares/Third_Party/FreeRTOS/Source/tasks.c **** 					xReturn = pdTRUE;
4084:Middlewares/Third_Party/FreeRTOS/Source/tasks.c **** 				}
4085:Middlewares/Third_Party/FreeRTOS/Source/tasks.c **** 				else
4086:Middlewares/Third_Party/FreeRTOS/Source/tasks.c **** 				{
4087:Middlewares/Third_Party/FreeRTOS/Source/tasks.c **** 					mtCOVERAGE_TEST_MARKER();
4088:Middlewares/Third_Party/FreeRTOS/Source/tasks.c **** 				}
4089:Middlewares/Third_Party/FreeRTOS/Source/tasks.c **** 			}
4090:Middlewares/Third_Party/FreeRTOS/Source/tasks.c **** 		}
4091:Middlewares/Third_Party/FreeRTOS/Source/tasks.c **** 		else
4092:Middlewares/Third_Party/FreeRTOS/Source/tasks.c **** 		{
4093:Middlewares/Third_Party/FreeRTOS/Source/tasks.c **** 			mtCOVERAGE_TEST_MARKER();
4094:Middlewares/Third_Party/FreeRTOS/Source/tasks.c **** 		}
4095:Middlewares/Third_Party/FreeRTOS/Source/tasks.c **** 
4096:Middlewares/Third_Party/FreeRTOS/Source/tasks.c **** 		return xReturn;
4097:Middlewares/Third_Party/FreeRTOS/Source/tasks.c **** 	}
4098:Middlewares/Third_Party/FreeRTOS/Source/tasks.c **** 
4099:Middlewares/Third_Party/FreeRTOS/Source/tasks.c **** #endif /* configUSE_MUTEXES */
4100:Middlewares/Third_Party/FreeRTOS/Source/tasks.c **** /*-----------------------------------------------------------*/
4101:Middlewares/Third_Party/FreeRTOS/Source/tasks.c **** 
4102:Middlewares/Third_Party/FreeRTOS/Source/tasks.c **** #if ( configUSE_MUTEXES == 1 )
4103:Middlewares/Third_Party/FreeRTOS/Source/tasks.c **** 
4104:Middlewares/Third_Party/FreeRTOS/Source/tasks.c **** 	BaseType_t xTaskPriorityDisinherit( TaskHandle_t const pxMutexHolder )
4105:Middlewares/Third_Party/FreeRTOS/Source/tasks.c **** 	{
4106:Middlewares/Third_Party/FreeRTOS/Source/tasks.c **** 	TCB_t * const pxTCB = pxMutexHolder;
4107:Middlewares/Third_Party/FreeRTOS/Source/tasks.c **** 	BaseType_t xReturn = pdFALSE;
4108:Middlewares/Third_Party/FreeRTOS/Source/tasks.c **** 
4109:Middlewares/Third_Party/FreeRTOS/Source/tasks.c **** 		if( pxMutexHolder != NULL )
4110:Middlewares/Third_Party/FreeRTOS/Source/tasks.c **** 		{
4111:Middlewares/Third_Party/FreeRTOS/Source/tasks.c **** 			/* A task can only have an inherited priority if it holds the mutex.
4112:Middlewares/Third_Party/FreeRTOS/Source/tasks.c **** 			If the mutex is held by a task then it cannot be given from an
4113:Middlewares/Third_Party/FreeRTOS/Source/tasks.c **** 			interrupt, and if a mutex is given by the holding task then it must
4114:Middlewares/Third_Party/FreeRTOS/Source/tasks.c **** 			be the running state task. */
4115:Middlewares/Third_Party/FreeRTOS/Source/tasks.c **** 			configASSERT( pxTCB == pxCurrentTCB );
4116:Middlewares/Third_Party/FreeRTOS/Source/tasks.c **** 			configASSERT( pxTCB->uxMutexesHeld );
4117:Middlewares/Third_Party/FreeRTOS/Source/tasks.c **** 			( pxTCB->uxMutexesHeld )--;
4118:Middlewares/Third_Party/FreeRTOS/Source/tasks.c **** 
ARM GAS  /tmp/cchsWuk7.s 			page 95


4119:Middlewares/Third_Party/FreeRTOS/Source/tasks.c **** 			/* Has the holder of the mutex inherited the priority of another
4120:Middlewares/Third_Party/FreeRTOS/Source/tasks.c **** 			task? */
4121:Middlewares/Third_Party/FreeRTOS/Source/tasks.c **** 			if( pxTCB->uxPriority != pxTCB->uxBasePriority )
4122:Middlewares/Third_Party/FreeRTOS/Source/tasks.c **** 			{
4123:Middlewares/Third_Party/FreeRTOS/Source/tasks.c **** 				/* Only disinherit if no other mutexes are held. */
4124:Middlewares/Third_Party/FreeRTOS/Source/tasks.c **** 				if( pxTCB->uxMutexesHeld == ( UBaseType_t ) 0 )
4125:Middlewares/Third_Party/FreeRTOS/Source/tasks.c **** 				{
4126:Middlewares/Third_Party/FreeRTOS/Source/tasks.c **** 					/* A task can only have an inherited priority if it holds
4127:Middlewares/Third_Party/FreeRTOS/Source/tasks.c **** 					the mutex.  If the mutex is held by a task then it cannot be
4128:Middlewares/Third_Party/FreeRTOS/Source/tasks.c **** 					given from an interrupt, and if a mutex is given by the
4129:Middlewares/Third_Party/FreeRTOS/Source/tasks.c **** 					holding task then it must be the running state task.  Remove
4130:Middlewares/Third_Party/FreeRTOS/Source/tasks.c **** 					the holding task from the ready/delayed list. */
4131:Middlewares/Third_Party/FreeRTOS/Source/tasks.c **** 					if( uxListRemove( &( pxTCB->xStateListItem ) ) == ( UBaseType_t ) 0 )
4132:Middlewares/Third_Party/FreeRTOS/Source/tasks.c **** 					{
4133:Middlewares/Third_Party/FreeRTOS/Source/tasks.c **** 						taskRESET_READY_PRIORITY( pxTCB->uxPriority );
4134:Middlewares/Third_Party/FreeRTOS/Source/tasks.c **** 					}
4135:Middlewares/Third_Party/FreeRTOS/Source/tasks.c **** 					else
4136:Middlewares/Third_Party/FreeRTOS/Source/tasks.c **** 					{
4137:Middlewares/Third_Party/FreeRTOS/Source/tasks.c **** 						mtCOVERAGE_TEST_MARKER();
4138:Middlewares/Third_Party/FreeRTOS/Source/tasks.c **** 					}
4139:Middlewares/Third_Party/FreeRTOS/Source/tasks.c **** 
4140:Middlewares/Third_Party/FreeRTOS/Source/tasks.c **** 					/* Disinherit the priority before adding the task into the
4141:Middlewares/Third_Party/FreeRTOS/Source/tasks.c **** 					new	ready list. */
4142:Middlewares/Third_Party/FreeRTOS/Source/tasks.c **** 					traceTASK_PRIORITY_DISINHERIT( pxTCB, pxTCB->uxBasePriority );
4143:Middlewares/Third_Party/FreeRTOS/Source/tasks.c **** 					pxTCB->uxPriority = pxTCB->uxBasePriority;
4144:Middlewares/Third_Party/FreeRTOS/Source/tasks.c **** 
4145:Middlewares/Third_Party/FreeRTOS/Source/tasks.c **** 					/* Reset the event list item value.  It cannot be in use for
4146:Middlewares/Third_Party/FreeRTOS/Source/tasks.c **** 					any other purpose if this task is running, and it must be
4147:Middlewares/Third_Party/FreeRTOS/Source/tasks.c **** 					running to give back the mutex. */
4148:Middlewares/Third_Party/FreeRTOS/Source/tasks.c **** 					listSET_LIST_ITEM_VALUE( &( pxTCB->xEventListItem ), ( TickType_t ) configMAX_PRIORITIES - ( T
4149:Middlewares/Third_Party/FreeRTOS/Source/tasks.c **** 					prvAddTaskToReadyList( pxTCB );
4150:Middlewares/Third_Party/FreeRTOS/Source/tasks.c **** 
4151:Middlewares/Third_Party/FreeRTOS/Source/tasks.c **** 					/* Return true to indicate that a context switch is required.
4152:Middlewares/Third_Party/FreeRTOS/Source/tasks.c **** 					This is only actually required in the corner case whereby
4153:Middlewares/Third_Party/FreeRTOS/Source/tasks.c **** 					multiple mutexes were held and the mutexes were given back
4154:Middlewares/Third_Party/FreeRTOS/Source/tasks.c **** 					in an order different to that in which they were taken.
4155:Middlewares/Third_Party/FreeRTOS/Source/tasks.c **** 					If a context switch did not occur when the first mutex was
4156:Middlewares/Third_Party/FreeRTOS/Source/tasks.c **** 					returned, even if a task was waiting on it, then a context
4157:Middlewares/Third_Party/FreeRTOS/Source/tasks.c **** 					switch should occur when the last mutex is returned whether
4158:Middlewares/Third_Party/FreeRTOS/Source/tasks.c **** 					a task is waiting on it or not. */
4159:Middlewares/Third_Party/FreeRTOS/Source/tasks.c **** 					xReturn = pdTRUE;
4160:Middlewares/Third_Party/FreeRTOS/Source/tasks.c **** 				}
4161:Middlewares/Third_Party/FreeRTOS/Source/tasks.c **** 				else
4162:Middlewares/Third_Party/FreeRTOS/Source/tasks.c **** 				{
4163:Middlewares/Third_Party/FreeRTOS/Source/tasks.c **** 					mtCOVERAGE_TEST_MARKER();
4164:Middlewares/Third_Party/FreeRTOS/Source/tasks.c **** 				}
4165:Middlewares/Third_Party/FreeRTOS/Source/tasks.c **** 			}
4166:Middlewares/Third_Party/FreeRTOS/Source/tasks.c **** 			else
4167:Middlewares/Third_Party/FreeRTOS/Source/tasks.c **** 			{
4168:Middlewares/Third_Party/FreeRTOS/Source/tasks.c **** 				mtCOVERAGE_TEST_MARKER();
4169:Middlewares/Third_Party/FreeRTOS/Source/tasks.c **** 			}
4170:Middlewares/Third_Party/FreeRTOS/Source/tasks.c **** 		}
4171:Middlewares/Third_Party/FreeRTOS/Source/tasks.c **** 		else
4172:Middlewares/Third_Party/FreeRTOS/Source/tasks.c **** 		{
4173:Middlewares/Third_Party/FreeRTOS/Source/tasks.c **** 			mtCOVERAGE_TEST_MARKER();
4174:Middlewares/Third_Party/FreeRTOS/Source/tasks.c **** 		}
4175:Middlewares/Third_Party/FreeRTOS/Source/tasks.c **** 
ARM GAS  /tmp/cchsWuk7.s 			page 96


4176:Middlewares/Third_Party/FreeRTOS/Source/tasks.c **** 		return xReturn;
4177:Middlewares/Third_Party/FreeRTOS/Source/tasks.c **** 	}
4178:Middlewares/Third_Party/FreeRTOS/Source/tasks.c **** 
4179:Middlewares/Third_Party/FreeRTOS/Source/tasks.c **** #endif /* configUSE_MUTEXES */
4180:Middlewares/Third_Party/FreeRTOS/Source/tasks.c **** /*-----------------------------------------------------------*/
4181:Middlewares/Third_Party/FreeRTOS/Source/tasks.c **** 
4182:Middlewares/Third_Party/FreeRTOS/Source/tasks.c **** #if ( configUSE_MUTEXES == 1 )
4183:Middlewares/Third_Party/FreeRTOS/Source/tasks.c **** 
4184:Middlewares/Third_Party/FreeRTOS/Source/tasks.c **** 	void vTaskPriorityDisinheritAfterTimeout( TaskHandle_t const pxMutexHolder, UBaseType_t uxHighestP
4185:Middlewares/Third_Party/FreeRTOS/Source/tasks.c **** 	{
4186:Middlewares/Third_Party/FreeRTOS/Source/tasks.c **** 	TCB_t * const pxTCB = pxMutexHolder;
4187:Middlewares/Third_Party/FreeRTOS/Source/tasks.c **** 	UBaseType_t uxPriorityUsedOnEntry, uxPriorityToUse;
4188:Middlewares/Third_Party/FreeRTOS/Source/tasks.c **** 	const UBaseType_t uxOnlyOneMutexHeld = ( UBaseType_t ) 1;
4189:Middlewares/Third_Party/FreeRTOS/Source/tasks.c **** 
4190:Middlewares/Third_Party/FreeRTOS/Source/tasks.c **** 		if( pxMutexHolder != NULL )
4191:Middlewares/Third_Party/FreeRTOS/Source/tasks.c **** 		{
4192:Middlewares/Third_Party/FreeRTOS/Source/tasks.c **** 			/* If pxMutexHolder is not NULL then the holder must hold at least
4193:Middlewares/Third_Party/FreeRTOS/Source/tasks.c **** 			one mutex. */
4194:Middlewares/Third_Party/FreeRTOS/Source/tasks.c **** 			configASSERT( pxTCB->uxMutexesHeld );
4195:Middlewares/Third_Party/FreeRTOS/Source/tasks.c **** 
4196:Middlewares/Third_Party/FreeRTOS/Source/tasks.c **** 			/* Determine the priority to which the priority of the task that
4197:Middlewares/Third_Party/FreeRTOS/Source/tasks.c **** 			holds the mutex should be set.  This will be the greater of the
4198:Middlewares/Third_Party/FreeRTOS/Source/tasks.c **** 			holding task's base priority and the priority of the highest
4199:Middlewares/Third_Party/FreeRTOS/Source/tasks.c **** 			priority task that is waiting to obtain the mutex. */
4200:Middlewares/Third_Party/FreeRTOS/Source/tasks.c **** 			if( pxTCB->uxBasePriority < uxHighestPriorityWaitingTask )
4201:Middlewares/Third_Party/FreeRTOS/Source/tasks.c **** 			{
4202:Middlewares/Third_Party/FreeRTOS/Source/tasks.c **** 				uxPriorityToUse = uxHighestPriorityWaitingTask;
4203:Middlewares/Third_Party/FreeRTOS/Source/tasks.c **** 			}
4204:Middlewares/Third_Party/FreeRTOS/Source/tasks.c **** 			else
4205:Middlewares/Third_Party/FreeRTOS/Source/tasks.c **** 			{
4206:Middlewares/Third_Party/FreeRTOS/Source/tasks.c **** 				uxPriorityToUse = pxTCB->uxBasePriority;
4207:Middlewares/Third_Party/FreeRTOS/Source/tasks.c **** 			}
4208:Middlewares/Third_Party/FreeRTOS/Source/tasks.c **** 
4209:Middlewares/Third_Party/FreeRTOS/Source/tasks.c **** 			/* Does the priority need to change? */
4210:Middlewares/Third_Party/FreeRTOS/Source/tasks.c **** 			if( pxTCB->uxPriority != uxPriorityToUse )
4211:Middlewares/Third_Party/FreeRTOS/Source/tasks.c **** 			{
4212:Middlewares/Third_Party/FreeRTOS/Source/tasks.c **** 				/* Only disinherit if no other mutexes are held.  This is a
4213:Middlewares/Third_Party/FreeRTOS/Source/tasks.c **** 				simplification in the priority inheritance implementation.  If
4214:Middlewares/Third_Party/FreeRTOS/Source/tasks.c **** 				the task that holds the mutex is also holding other mutexes then
4215:Middlewares/Third_Party/FreeRTOS/Source/tasks.c **** 				the other mutexes may have caused the priority inheritance. */
4216:Middlewares/Third_Party/FreeRTOS/Source/tasks.c **** 				if( pxTCB->uxMutexesHeld == uxOnlyOneMutexHeld )
4217:Middlewares/Third_Party/FreeRTOS/Source/tasks.c **** 				{
4218:Middlewares/Third_Party/FreeRTOS/Source/tasks.c **** 					/* If a task has timed out because it already holds the
4219:Middlewares/Third_Party/FreeRTOS/Source/tasks.c **** 					mutex it was trying to obtain then it cannot of inherited
4220:Middlewares/Third_Party/FreeRTOS/Source/tasks.c **** 					its own priority. */
4221:Middlewares/Third_Party/FreeRTOS/Source/tasks.c **** 					configASSERT( pxTCB != pxCurrentTCB );
4222:Middlewares/Third_Party/FreeRTOS/Source/tasks.c **** 
4223:Middlewares/Third_Party/FreeRTOS/Source/tasks.c **** 					/* Disinherit the priority, remembering the previous
4224:Middlewares/Third_Party/FreeRTOS/Source/tasks.c **** 					priority to facilitate determining the subject task's
4225:Middlewares/Third_Party/FreeRTOS/Source/tasks.c **** 					state. */
4226:Middlewares/Third_Party/FreeRTOS/Source/tasks.c **** 					traceTASK_PRIORITY_DISINHERIT( pxTCB, pxTCB->uxBasePriority );
4227:Middlewares/Third_Party/FreeRTOS/Source/tasks.c **** 					uxPriorityUsedOnEntry = pxTCB->uxPriority;
4228:Middlewares/Third_Party/FreeRTOS/Source/tasks.c **** 					pxTCB->uxPriority = uxPriorityToUse;
4229:Middlewares/Third_Party/FreeRTOS/Source/tasks.c **** 
4230:Middlewares/Third_Party/FreeRTOS/Source/tasks.c **** 					/* Only reset the event list item value if the value is not
4231:Middlewares/Third_Party/FreeRTOS/Source/tasks.c **** 					being used for anything else. */
4232:Middlewares/Third_Party/FreeRTOS/Source/tasks.c **** 					if( ( listGET_LIST_ITEM_VALUE( &( pxTCB->xEventListItem ) ) & taskEVENT_LIST_ITEM_VALUE_IN_USE
ARM GAS  /tmp/cchsWuk7.s 			page 97


4233:Middlewares/Third_Party/FreeRTOS/Source/tasks.c **** 					{
4234:Middlewares/Third_Party/FreeRTOS/Source/tasks.c **** 						listSET_LIST_ITEM_VALUE( &( pxTCB->xEventListItem ), ( TickType_t ) configMAX_PRIORITIES - ( 
4235:Middlewares/Third_Party/FreeRTOS/Source/tasks.c **** 					}
4236:Middlewares/Third_Party/FreeRTOS/Source/tasks.c **** 					else
4237:Middlewares/Third_Party/FreeRTOS/Source/tasks.c **** 					{
4238:Middlewares/Third_Party/FreeRTOS/Source/tasks.c **** 						mtCOVERAGE_TEST_MARKER();
4239:Middlewares/Third_Party/FreeRTOS/Source/tasks.c **** 					}
4240:Middlewares/Third_Party/FreeRTOS/Source/tasks.c **** 
4241:Middlewares/Third_Party/FreeRTOS/Source/tasks.c **** 					/* If the running task is not the task that holds the mutex
4242:Middlewares/Third_Party/FreeRTOS/Source/tasks.c **** 					then the task that holds the mutex could be in either the
4243:Middlewares/Third_Party/FreeRTOS/Source/tasks.c **** 					Ready, Blocked or Suspended states.  Only remove the task
4244:Middlewares/Third_Party/FreeRTOS/Source/tasks.c **** 					from its current state list if it is in the Ready state as
4245:Middlewares/Third_Party/FreeRTOS/Source/tasks.c **** 					the task's priority is going to change and there is one
4246:Middlewares/Third_Party/FreeRTOS/Source/tasks.c **** 					Ready list per priority. */
4247:Middlewares/Third_Party/FreeRTOS/Source/tasks.c **** 					if( listIS_CONTAINED_WITHIN( &( pxReadyTasksLists[ uxPriorityUsedOnEntry ] ), &( pxTCB->xState
4248:Middlewares/Third_Party/FreeRTOS/Source/tasks.c **** 					{
4249:Middlewares/Third_Party/FreeRTOS/Source/tasks.c **** 						if( uxListRemove( &( pxTCB->xStateListItem ) ) == ( UBaseType_t ) 0 )
4250:Middlewares/Third_Party/FreeRTOS/Source/tasks.c **** 						{
4251:Middlewares/Third_Party/FreeRTOS/Source/tasks.c **** 							/* It is known that the task is in its ready list so
4252:Middlewares/Third_Party/FreeRTOS/Source/tasks.c **** 							there is no need to check again and the port level
4253:Middlewares/Third_Party/FreeRTOS/Source/tasks.c **** 							reset macro can be called directly. */
4254:Middlewares/Third_Party/FreeRTOS/Source/tasks.c **** 							portRESET_READY_PRIORITY( pxTCB->uxPriority, uxTopReadyPriority );
4255:Middlewares/Third_Party/FreeRTOS/Source/tasks.c **** 						}
4256:Middlewares/Third_Party/FreeRTOS/Source/tasks.c **** 						else
4257:Middlewares/Third_Party/FreeRTOS/Source/tasks.c **** 						{
4258:Middlewares/Third_Party/FreeRTOS/Source/tasks.c **** 							mtCOVERAGE_TEST_MARKER();
4259:Middlewares/Third_Party/FreeRTOS/Source/tasks.c **** 						}
4260:Middlewares/Third_Party/FreeRTOS/Source/tasks.c **** 
4261:Middlewares/Third_Party/FreeRTOS/Source/tasks.c **** 						prvAddTaskToReadyList( pxTCB );
4262:Middlewares/Third_Party/FreeRTOS/Source/tasks.c **** 					}
4263:Middlewares/Third_Party/FreeRTOS/Source/tasks.c **** 					else
4264:Middlewares/Third_Party/FreeRTOS/Source/tasks.c **** 					{
4265:Middlewares/Third_Party/FreeRTOS/Source/tasks.c **** 						mtCOVERAGE_TEST_MARKER();
4266:Middlewares/Third_Party/FreeRTOS/Source/tasks.c **** 					}
4267:Middlewares/Third_Party/FreeRTOS/Source/tasks.c **** 				}
4268:Middlewares/Third_Party/FreeRTOS/Source/tasks.c **** 				else
4269:Middlewares/Third_Party/FreeRTOS/Source/tasks.c **** 				{
4270:Middlewares/Third_Party/FreeRTOS/Source/tasks.c **** 					mtCOVERAGE_TEST_MARKER();
4271:Middlewares/Third_Party/FreeRTOS/Source/tasks.c **** 				}
4272:Middlewares/Third_Party/FreeRTOS/Source/tasks.c **** 			}
4273:Middlewares/Third_Party/FreeRTOS/Source/tasks.c **** 			else
4274:Middlewares/Third_Party/FreeRTOS/Source/tasks.c **** 			{
4275:Middlewares/Third_Party/FreeRTOS/Source/tasks.c **** 				mtCOVERAGE_TEST_MARKER();
4276:Middlewares/Third_Party/FreeRTOS/Source/tasks.c **** 			}
4277:Middlewares/Third_Party/FreeRTOS/Source/tasks.c **** 		}
4278:Middlewares/Third_Party/FreeRTOS/Source/tasks.c **** 		else
4279:Middlewares/Third_Party/FreeRTOS/Source/tasks.c **** 		{
4280:Middlewares/Third_Party/FreeRTOS/Source/tasks.c **** 			mtCOVERAGE_TEST_MARKER();
4281:Middlewares/Third_Party/FreeRTOS/Source/tasks.c **** 		}
4282:Middlewares/Third_Party/FreeRTOS/Source/tasks.c **** 	}
4283:Middlewares/Third_Party/FreeRTOS/Source/tasks.c **** 
4284:Middlewares/Third_Party/FreeRTOS/Source/tasks.c **** #endif /* configUSE_MUTEXES */
4285:Middlewares/Third_Party/FreeRTOS/Source/tasks.c **** /*-----------------------------------------------------------*/
4286:Middlewares/Third_Party/FreeRTOS/Source/tasks.c **** 
4287:Middlewares/Third_Party/FreeRTOS/Source/tasks.c **** #if ( portCRITICAL_NESTING_IN_TCB == 1 )
4288:Middlewares/Third_Party/FreeRTOS/Source/tasks.c **** 
4289:Middlewares/Third_Party/FreeRTOS/Source/tasks.c **** 	void vTaskEnterCritical( void )
ARM GAS  /tmp/cchsWuk7.s 			page 98


4290:Middlewares/Third_Party/FreeRTOS/Source/tasks.c **** 	{
4291:Middlewares/Third_Party/FreeRTOS/Source/tasks.c **** 		portDISABLE_INTERRUPTS();
4292:Middlewares/Third_Party/FreeRTOS/Source/tasks.c **** 
4293:Middlewares/Third_Party/FreeRTOS/Source/tasks.c **** 		if( xSchedulerRunning != pdFALSE )
4294:Middlewares/Third_Party/FreeRTOS/Source/tasks.c **** 		{
4295:Middlewares/Third_Party/FreeRTOS/Source/tasks.c **** 			( pxCurrentTCB->uxCriticalNesting )++;
4296:Middlewares/Third_Party/FreeRTOS/Source/tasks.c **** 
4297:Middlewares/Third_Party/FreeRTOS/Source/tasks.c **** 			/* This is not the interrupt safe version of the enter critical
4298:Middlewares/Third_Party/FreeRTOS/Source/tasks.c **** 			function so	assert() if it is being called from an interrupt
4299:Middlewares/Third_Party/FreeRTOS/Source/tasks.c **** 			context.  Only API functions that end in "FromISR" can be used in an
4300:Middlewares/Third_Party/FreeRTOS/Source/tasks.c **** 			interrupt.  Only assert if the critical nesting count is 1 to
4301:Middlewares/Third_Party/FreeRTOS/Source/tasks.c **** 			protect against recursive calls if the assert function also uses a
4302:Middlewares/Third_Party/FreeRTOS/Source/tasks.c **** 			critical section. */
4303:Middlewares/Third_Party/FreeRTOS/Source/tasks.c **** 			if( pxCurrentTCB->uxCriticalNesting == 1 )
4304:Middlewares/Third_Party/FreeRTOS/Source/tasks.c **** 			{
4305:Middlewares/Third_Party/FreeRTOS/Source/tasks.c **** 				portASSERT_IF_IN_ISR();
4306:Middlewares/Third_Party/FreeRTOS/Source/tasks.c **** 			}
4307:Middlewares/Third_Party/FreeRTOS/Source/tasks.c **** 		}
4308:Middlewares/Third_Party/FreeRTOS/Source/tasks.c **** 		else
4309:Middlewares/Third_Party/FreeRTOS/Source/tasks.c **** 		{
4310:Middlewares/Third_Party/FreeRTOS/Source/tasks.c **** 			mtCOVERAGE_TEST_MARKER();
4311:Middlewares/Third_Party/FreeRTOS/Source/tasks.c **** 		}
4312:Middlewares/Third_Party/FreeRTOS/Source/tasks.c **** 	}
4313:Middlewares/Third_Party/FreeRTOS/Source/tasks.c **** 
4314:Middlewares/Third_Party/FreeRTOS/Source/tasks.c **** #endif /* portCRITICAL_NESTING_IN_TCB */
4315:Middlewares/Third_Party/FreeRTOS/Source/tasks.c **** /*-----------------------------------------------------------*/
4316:Middlewares/Third_Party/FreeRTOS/Source/tasks.c **** 
4317:Middlewares/Third_Party/FreeRTOS/Source/tasks.c **** #if ( portCRITICAL_NESTING_IN_TCB == 1 )
4318:Middlewares/Third_Party/FreeRTOS/Source/tasks.c **** 
4319:Middlewares/Third_Party/FreeRTOS/Source/tasks.c **** 	void vTaskExitCritical( void )
4320:Middlewares/Third_Party/FreeRTOS/Source/tasks.c **** 	{
4321:Middlewares/Third_Party/FreeRTOS/Source/tasks.c **** 		if( xSchedulerRunning != pdFALSE )
4322:Middlewares/Third_Party/FreeRTOS/Source/tasks.c **** 		{
4323:Middlewares/Third_Party/FreeRTOS/Source/tasks.c **** 			if( pxCurrentTCB->uxCriticalNesting > 0U )
4324:Middlewares/Third_Party/FreeRTOS/Source/tasks.c **** 			{
4325:Middlewares/Third_Party/FreeRTOS/Source/tasks.c **** 				( pxCurrentTCB->uxCriticalNesting )--;
4326:Middlewares/Third_Party/FreeRTOS/Source/tasks.c **** 
4327:Middlewares/Third_Party/FreeRTOS/Source/tasks.c **** 				if( pxCurrentTCB->uxCriticalNesting == 0U )
4328:Middlewares/Third_Party/FreeRTOS/Source/tasks.c **** 				{
4329:Middlewares/Third_Party/FreeRTOS/Source/tasks.c **** 					portENABLE_INTERRUPTS();
4330:Middlewares/Third_Party/FreeRTOS/Source/tasks.c **** 				}
4331:Middlewares/Third_Party/FreeRTOS/Source/tasks.c **** 				else
4332:Middlewares/Third_Party/FreeRTOS/Source/tasks.c **** 				{
4333:Middlewares/Third_Party/FreeRTOS/Source/tasks.c **** 					mtCOVERAGE_TEST_MARKER();
4334:Middlewares/Third_Party/FreeRTOS/Source/tasks.c **** 				}
4335:Middlewares/Third_Party/FreeRTOS/Source/tasks.c **** 			}
4336:Middlewares/Third_Party/FreeRTOS/Source/tasks.c **** 			else
4337:Middlewares/Third_Party/FreeRTOS/Source/tasks.c **** 			{
4338:Middlewares/Third_Party/FreeRTOS/Source/tasks.c **** 				mtCOVERAGE_TEST_MARKER();
4339:Middlewares/Third_Party/FreeRTOS/Source/tasks.c **** 			}
4340:Middlewares/Third_Party/FreeRTOS/Source/tasks.c **** 		}
4341:Middlewares/Third_Party/FreeRTOS/Source/tasks.c **** 		else
4342:Middlewares/Third_Party/FreeRTOS/Source/tasks.c **** 		{
4343:Middlewares/Third_Party/FreeRTOS/Source/tasks.c **** 			mtCOVERAGE_TEST_MARKER();
4344:Middlewares/Third_Party/FreeRTOS/Source/tasks.c **** 		}
4345:Middlewares/Third_Party/FreeRTOS/Source/tasks.c **** 	}
4346:Middlewares/Third_Party/FreeRTOS/Source/tasks.c **** 
ARM GAS  /tmp/cchsWuk7.s 			page 99


4347:Middlewares/Third_Party/FreeRTOS/Source/tasks.c **** #endif /* portCRITICAL_NESTING_IN_TCB */
4348:Middlewares/Third_Party/FreeRTOS/Source/tasks.c **** /*-----------------------------------------------------------*/
4349:Middlewares/Third_Party/FreeRTOS/Source/tasks.c **** 
4350:Middlewares/Third_Party/FreeRTOS/Source/tasks.c **** #if ( ( configUSE_TRACE_FACILITY == 1 ) && ( configUSE_STATS_FORMATTING_FUNCTIONS > 0 ) )
4351:Middlewares/Third_Party/FreeRTOS/Source/tasks.c **** 
4352:Middlewares/Third_Party/FreeRTOS/Source/tasks.c **** 	static char *prvWriteNameToBuffer( char *pcBuffer, const char *pcTaskName )
4353:Middlewares/Third_Party/FreeRTOS/Source/tasks.c **** 	{
4354:Middlewares/Third_Party/FreeRTOS/Source/tasks.c **** 	size_t x;
4355:Middlewares/Third_Party/FreeRTOS/Source/tasks.c **** 
4356:Middlewares/Third_Party/FreeRTOS/Source/tasks.c **** 		/* Start by copying the entire string. */
4357:Middlewares/Third_Party/FreeRTOS/Source/tasks.c **** 		strcpy( pcBuffer, pcTaskName );
4358:Middlewares/Third_Party/FreeRTOS/Source/tasks.c **** 
4359:Middlewares/Third_Party/FreeRTOS/Source/tasks.c **** 		/* Pad the end of the string with spaces to ensure columns line up when
4360:Middlewares/Third_Party/FreeRTOS/Source/tasks.c **** 		printed out. */
4361:Middlewares/Third_Party/FreeRTOS/Source/tasks.c **** 		for( x = strlen( pcBuffer ); x < ( size_t ) ( configMAX_TASK_NAME_LEN - 1 ); x++ )
4362:Middlewares/Third_Party/FreeRTOS/Source/tasks.c **** 		{
4363:Middlewares/Third_Party/FreeRTOS/Source/tasks.c **** 			pcBuffer[ x ] = ' ';
4364:Middlewares/Third_Party/FreeRTOS/Source/tasks.c **** 		}
4365:Middlewares/Third_Party/FreeRTOS/Source/tasks.c **** 
4366:Middlewares/Third_Party/FreeRTOS/Source/tasks.c **** 		/* Terminate. */
4367:Middlewares/Third_Party/FreeRTOS/Source/tasks.c **** 		pcBuffer[ x ] = ( char ) 0x00;
4368:Middlewares/Third_Party/FreeRTOS/Source/tasks.c **** 
4369:Middlewares/Third_Party/FreeRTOS/Source/tasks.c **** 		/* Return the new end of string. */
4370:Middlewares/Third_Party/FreeRTOS/Source/tasks.c **** 		return &( pcBuffer[ x ] );
4371:Middlewares/Third_Party/FreeRTOS/Source/tasks.c **** 	}
4372:Middlewares/Third_Party/FreeRTOS/Source/tasks.c **** 
4373:Middlewares/Third_Party/FreeRTOS/Source/tasks.c **** #endif /* ( configUSE_TRACE_FACILITY == 1 ) && ( configUSE_STATS_FORMATTING_FUNCTIONS > 0 ) */
4374:Middlewares/Third_Party/FreeRTOS/Source/tasks.c **** /*-----------------------------------------------------------*/
4375:Middlewares/Third_Party/FreeRTOS/Source/tasks.c **** 
4376:Middlewares/Third_Party/FreeRTOS/Source/tasks.c **** #if ( ( configUSE_TRACE_FACILITY == 1 ) && ( configUSE_STATS_FORMATTING_FUNCTIONS > 0 ) && ( config
4377:Middlewares/Third_Party/FreeRTOS/Source/tasks.c **** 
4378:Middlewares/Third_Party/FreeRTOS/Source/tasks.c **** 	void vTaskList( char * pcWriteBuffer )
4379:Middlewares/Third_Party/FreeRTOS/Source/tasks.c **** 	{
4380:Middlewares/Third_Party/FreeRTOS/Source/tasks.c **** 	TaskStatus_t *pxTaskStatusArray;
4381:Middlewares/Third_Party/FreeRTOS/Source/tasks.c **** 	UBaseType_t uxArraySize, x;
4382:Middlewares/Third_Party/FreeRTOS/Source/tasks.c **** 	char cStatus;
4383:Middlewares/Third_Party/FreeRTOS/Source/tasks.c **** 
4384:Middlewares/Third_Party/FreeRTOS/Source/tasks.c **** 		/*
4385:Middlewares/Third_Party/FreeRTOS/Source/tasks.c **** 		 * PLEASE NOTE:
4386:Middlewares/Third_Party/FreeRTOS/Source/tasks.c **** 		 *
4387:Middlewares/Third_Party/FreeRTOS/Source/tasks.c **** 		 * This function is provided for convenience only, and is used by many
4388:Middlewares/Third_Party/FreeRTOS/Source/tasks.c **** 		 * of the demo applications.  Do not consider it to be part of the
4389:Middlewares/Third_Party/FreeRTOS/Source/tasks.c **** 		 * scheduler.
4390:Middlewares/Third_Party/FreeRTOS/Source/tasks.c **** 		 *
4391:Middlewares/Third_Party/FreeRTOS/Source/tasks.c **** 		 * vTaskList() calls uxTaskGetSystemState(), then formats part of the
4392:Middlewares/Third_Party/FreeRTOS/Source/tasks.c **** 		 * uxTaskGetSystemState() output into a human readable table that
4393:Middlewares/Third_Party/FreeRTOS/Source/tasks.c **** 		 * displays task names, states and stack usage.
4394:Middlewares/Third_Party/FreeRTOS/Source/tasks.c **** 		 *
4395:Middlewares/Third_Party/FreeRTOS/Source/tasks.c **** 		 * vTaskList() has a dependency on the sprintf() C library function that
4396:Middlewares/Third_Party/FreeRTOS/Source/tasks.c **** 		 * might bloat the code size, use a lot of stack, and provide different
4397:Middlewares/Third_Party/FreeRTOS/Source/tasks.c **** 		 * results on different platforms.  An alternative, tiny, third party,
4398:Middlewares/Third_Party/FreeRTOS/Source/tasks.c **** 		 * and limited functionality implementation of sprintf() is provided in
4399:Middlewares/Third_Party/FreeRTOS/Source/tasks.c **** 		 * many of the FreeRTOS/Demo sub-directories in a file called
4400:Middlewares/Third_Party/FreeRTOS/Source/tasks.c **** 		 * printf-stdarg.c (note printf-stdarg.c does not provide a full
4401:Middlewares/Third_Party/FreeRTOS/Source/tasks.c **** 		 * snprintf() implementation!).
4402:Middlewares/Third_Party/FreeRTOS/Source/tasks.c **** 		 *
4403:Middlewares/Third_Party/FreeRTOS/Source/tasks.c **** 		 * It is recommended that production systems call uxTaskGetSystemState()
ARM GAS  /tmp/cchsWuk7.s 			page 100


4404:Middlewares/Third_Party/FreeRTOS/Source/tasks.c **** 		 * directly to get access to raw stats data, rather than indirectly
4405:Middlewares/Third_Party/FreeRTOS/Source/tasks.c **** 		 * through a call to vTaskList().
4406:Middlewares/Third_Party/FreeRTOS/Source/tasks.c **** 		 */
4407:Middlewares/Third_Party/FreeRTOS/Source/tasks.c **** 
4408:Middlewares/Third_Party/FreeRTOS/Source/tasks.c **** 
4409:Middlewares/Third_Party/FreeRTOS/Source/tasks.c **** 		/* Make sure the write buffer does not contain a string. */
4410:Middlewares/Third_Party/FreeRTOS/Source/tasks.c **** 		*pcWriteBuffer = ( char ) 0x00;
4411:Middlewares/Third_Party/FreeRTOS/Source/tasks.c **** 
4412:Middlewares/Third_Party/FreeRTOS/Source/tasks.c **** 		/* Take a snapshot of the number of tasks in case it changes while this
4413:Middlewares/Third_Party/FreeRTOS/Source/tasks.c **** 		function is executing. */
4414:Middlewares/Third_Party/FreeRTOS/Source/tasks.c **** 		uxArraySize = uxCurrentNumberOfTasks;
4415:Middlewares/Third_Party/FreeRTOS/Source/tasks.c **** 
4416:Middlewares/Third_Party/FreeRTOS/Source/tasks.c **** 		/* Allocate an array index for each task.  NOTE!  if
4417:Middlewares/Third_Party/FreeRTOS/Source/tasks.c **** 		configSUPPORT_DYNAMIC_ALLOCATION is set to 0 then pvPortMalloc() will
4418:Middlewares/Third_Party/FreeRTOS/Source/tasks.c **** 		equate to NULL. */
4419:Middlewares/Third_Party/FreeRTOS/Source/tasks.c **** 		pxTaskStatusArray = pvPortMalloc( uxCurrentNumberOfTasks * sizeof( TaskStatus_t ) ); /*lint !e907
4420:Middlewares/Third_Party/FreeRTOS/Source/tasks.c **** 
4421:Middlewares/Third_Party/FreeRTOS/Source/tasks.c **** 		if( pxTaskStatusArray != NULL )
4422:Middlewares/Third_Party/FreeRTOS/Source/tasks.c **** 		{
4423:Middlewares/Third_Party/FreeRTOS/Source/tasks.c **** 			/* Generate the (binary) data. */
4424:Middlewares/Third_Party/FreeRTOS/Source/tasks.c **** 			uxArraySize = uxTaskGetSystemState( pxTaskStatusArray, uxArraySize, NULL );
4425:Middlewares/Third_Party/FreeRTOS/Source/tasks.c **** 
4426:Middlewares/Third_Party/FreeRTOS/Source/tasks.c **** 			/* Create a human readable table from the binary data. */
4427:Middlewares/Third_Party/FreeRTOS/Source/tasks.c **** 			for( x = 0; x < uxArraySize; x++ )
4428:Middlewares/Third_Party/FreeRTOS/Source/tasks.c **** 			{
4429:Middlewares/Third_Party/FreeRTOS/Source/tasks.c **** 				switch( pxTaskStatusArray[ x ].eCurrentState )
4430:Middlewares/Third_Party/FreeRTOS/Source/tasks.c **** 				{
4431:Middlewares/Third_Party/FreeRTOS/Source/tasks.c **** 					case eRunning:		cStatus = tskRUNNING_CHAR;
4432:Middlewares/Third_Party/FreeRTOS/Source/tasks.c **** 										break;
4433:Middlewares/Third_Party/FreeRTOS/Source/tasks.c **** 
4434:Middlewares/Third_Party/FreeRTOS/Source/tasks.c **** 					case eReady:		cStatus = tskREADY_CHAR;
4435:Middlewares/Third_Party/FreeRTOS/Source/tasks.c **** 										break;
4436:Middlewares/Third_Party/FreeRTOS/Source/tasks.c **** 
4437:Middlewares/Third_Party/FreeRTOS/Source/tasks.c **** 					case eBlocked:		cStatus = tskBLOCKED_CHAR;
4438:Middlewares/Third_Party/FreeRTOS/Source/tasks.c **** 										break;
4439:Middlewares/Third_Party/FreeRTOS/Source/tasks.c **** 
4440:Middlewares/Third_Party/FreeRTOS/Source/tasks.c **** 					case eSuspended:	cStatus = tskSUSPENDED_CHAR;
4441:Middlewares/Third_Party/FreeRTOS/Source/tasks.c **** 										break;
4442:Middlewares/Third_Party/FreeRTOS/Source/tasks.c **** 
4443:Middlewares/Third_Party/FreeRTOS/Source/tasks.c **** 					case eDeleted:		cStatus = tskDELETED_CHAR;
4444:Middlewares/Third_Party/FreeRTOS/Source/tasks.c **** 										break;
4445:Middlewares/Third_Party/FreeRTOS/Source/tasks.c **** 
4446:Middlewares/Third_Party/FreeRTOS/Source/tasks.c **** 					case eInvalid:		/* Fall through. */
4447:Middlewares/Third_Party/FreeRTOS/Source/tasks.c **** 					default:			/* Should not get here, but it is included
4448:Middlewares/Third_Party/FreeRTOS/Source/tasks.c **** 										to prevent static checking errors. */
4449:Middlewares/Third_Party/FreeRTOS/Source/tasks.c **** 										cStatus = ( char ) 0x00;
4450:Middlewares/Third_Party/FreeRTOS/Source/tasks.c **** 										break;
4451:Middlewares/Third_Party/FreeRTOS/Source/tasks.c **** 				}
4452:Middlewares/Third_Party/FreeRTOS/Source/tasks.c **** 
4453:Middlewares/Third_Party/FreeRTOS/Source/tasks.c **** 				/* Write the task name to the string, padding with spaces so it
4454:Middlewares/Third_Party/FreeRTOS/Source/tasks.c **** 				can be printed in tabular form more easily. */
4455:Middlewares/Third_Party/FreeRTOS/Source/tasks.c **** 				pcWriteBuffer = prvWriteNameToBuffer( pcWriteBuffer, pxTaskStatusArray[ x ].pcTaskName );
4456:Middlewares/Third_Party/FreeRTOS/Source/tasks.c **** 
4457:Middlewares/Third_Party/FreeRTOS/Source/tasks.c **** 				/* Write the rest of the string. */
4458:Middlewares/Third_Party/FreeRTOS/Source/tasks.c **** 				sprintf( pcWriteBuffer, "\t%c\t%u\t%u\t%u\r\n", cStatus, ( unsigned int ) pxTaskStatusArray[ x 
4459:Middlewares/Third_Party/FreeRTOS/Source/tasks.c **** 				pcWriteBuffer += strlen( pcWriteBuffer ); /*lint !e9016 Pointer arithmetic ok on char pointers 
4460:Middlewares/Third_Party/FreeRTOS/Source/tasks.c **** 			}
ARM GAS  /tmp/cchsWuk7.s 			page 101


4461:Middlewares/Third_Party/FreeRTOS/Source/tasks.c **** 
4462:Middlewares/Third_Party/FreeRTOS/Source/tasks.c **** 			/* Free the array again.  NOTE!  If configSUPPORT_DYNAMIC_ALLOCATION
4463:Middlewares/Third_Party/FreeRTOS/Source/tasks.c **** 			is 0 then vPortFree() will be #defined to nothing. */
4464:Middlewares/Third_Party/FreeRTOS/Source/tasks.c **** 			vPortFree( pxTaskStatusArray );
4465:Middlewares/Third_Party/FreeRTOS/Source/tasks.c **** 		}
4466:Middlewares/Third_Party/FreeRTOS/Source/tasks.c **** 		else
4467:Middlewares/Third_Party/FreeRTOS/Source/tasks.c **** 		{
4468:Middlewares/Third_Party/FreeRTOS/Source/tasks.c **** 			mtCOVERAGE_TEST_MARKER();
4469:Middlewares/Third_Party/FreeRTOS/Source/tasks.c **** 		}
4470:Middlewares/Third_Party/FreeRTOS/Source/tasks.c **** 	}
4471:Middlewares/Third_Party/FreeRTOS/Source/tasks.c **** 
4472:Middlewares/Third_Party/FreeRTOS/Source/tasks.c **** #endif /* ( ( configUSE_TRACE_FACILITY == 1 ) && ( configUSE_STATS_FORMATTING_FUNCTIONS > 0 ) && ( 
4473:Middlewares/Third_Party/FreeRTOS/Source/tasks.c **** /*----------------------------------------------------------*/
4474:Middlewares/Third_Party/FreeRTOS/Source/tasks.c **** 
4475:Middlewares/Third_Party/FreeRTOS/Source/tasks.c **** #if ( ( configGENERATE_RUN_TIME_STATS == 1 ) && ( configUSE_STATS_FORMATTING_FUNCTIONS > 0 ) && ( c
4476:Middlewares/Third_Party/FreeRTOS/Source/tasks.c **** 
4477:Middlewares/Third_Party/FreeRTOS/Source/tasks.c **** 	void vTaskGetRunTimeStats( char *pcWriteBuffer )
4478:Middlewares/Third_Party/FreeRTOS/Source/tasks.c **** 	{
4479:Middlewares/Third_Party/FreeRTOS/Source/tasks.c **** 	TaskStatus_t *pxTaskStatusArray;
4480:Middlewares/Third_Party/FreeRTOS/Source/tasks.c **** 	UBaseType_t uxArraySize, x;
4481:Middlewares/Third_Party/FreeRTOS/Source/tasks.c **** 	uint32_t ulTotalTime, ulStatsAsPercentage;
4482:Middlewares/Third_Party/FreeRTOS/Source/tasks.c **** 
4483:Middlewares/Third_Party/FreeRTOS/Source/tasks.c **** 		#if( configUSE_TRACE_FACILITY != 1 )
4484:Middlewares/Third_Party/FreeRTOS/Source/tasks.c **** 		{
4485:Middlewares/Third_Party/FreeRTOS/Source/tasks.c **** 			#error configUSE_TRACE_FACILITY must also be set to 1 in FreeRTOSConfig.h to use vTaskGetRunTime
4486:Middlewares/Third_Party/FreeRTOS/Source/tasks.c **** 		}
4487:Middlewares/Third_Party/FreeRTOS/Source/tasks.c **** 		#endif
4488:Middlewares/Third_Party/FreeRTOS/Source/tasks.c **** 
4489:Middlewares/Third_Party/FreeRTOS/Source/tasks.c **** 		/*
4490:Middlewares/Third_Party/FreeRTOS/Source/tasks.c **** 		 * PLEASE NOTE:
4491:Middlewares/Third_Party/FreeRTOS/Source/tasks.c **** 		 *
4492:Middlewares/Third_Party/FreeRTOS/Source/tasks.c **** 		 * This function is provided for convenience only, and is used by many
4493:Middlewares/Third_Party/FreeRTOS/Source/tasks.c **** 		 * of the demo applications.  Do not consider it to be part of the
4494:Middlewares/Third_Party/FreeRTOS/Source/tasks.c **** 		 * scheduler.
4495:Middlewares/Third_Party/FreeRTOS/Source/tasks.c **** 		 *
4496:Middlewares/Third_Party/FreeRTOS/Source/tasks.c **** 		 * vTaskGetRunTimeStats() calls uxTaskGetSystemState(), then formats part
4497:Middlewares/Third_Party/FreeRTOS/Source/tasks.c **** 		 * of the uxTaskGetSystemState() output into a human readable table that
4498:Middlewares/Third_Party/FreeRTOS/Source/tasks.c **** 		 * displays the amount of time each task has spent in the Running state
4499:Middlewares/Third_Party/FreeRTOS/Source/tasks.c **** 		 * in both absolute and percentage terms.
4500:Middlewares/Third_Party/FreeRTOS/Source/tasks.c **** 		 *
4501:Middlewares/Third_Party/FreeRTOS/Source/tasks.c **** 		 * vTaskGetRunTimeStats() has a dependency on the sprintf() C library
4502:Middlewares/Third_Party/FreeRTOS/Source/tasks.c **** 		 * function that might bloat the code size, use a lot of stack, and
4503:Middlewares/Third_Party/FreeRTOS/Source/tasks.c **** 		 * provide different results on different platforms.  An alternative,
4504:Middlewares/Third_Party/FreeRTOS/Source/tasks.c **** 		 * tiny, third party, and limited functionality implementation of
4505:Middlewares/Third_Party/FreeRTOS/Source/tasks.c **** 		 * sprintf() is provided in many of the FreeRTOS/Demo sub-directories in
4506:Middlewares/Third_Party/FreeRTOS/Source/tasks.c **** 		 * a file called printf-stdarg.c (note printf-stdarg.c does not provide
4507:Middlewares/Third_Party/FreeRTOS/Source/tasks.c **** 		 * a full snprintf() implementation!).
4508:Middlewares/Third_Party/FreeRTOS/Source/tasks.c **** 		 *
4509:Middlewares/Third_Party/FreeRTOS/Source/tasks.c **** 		 * It is recommended that production systems call uxTaskGetSystemState()
4510:Middlewares/Third_Party/FreeRTOS/Source/tasks.c **** 		 * directly to get access to raw stats data, rather than indirectly
4511:Middlewares/Third_Party/FreeRTOS/Source/tasks.c **** 		 * through a call to vTaskGetRunTimeStats().
4512:Middlewares/Third_Party/FreeRTOS/Source/tasks.c **** 		 */
4513:Middlewares/Third_Party/FreeRTOS/Source/tasks.c **** 
4514:Middlewares/Third_Party/FreeRTOS/Source/tasks.c **** 		/* Make sure the write buffer does not contain a string. */
4515:Middlewares/Third_Party/FreeRTOS/Source/tasks.c **** 		*pcWriteBuffer = ( char ) 0x00;
4516:Middlewares/Third_Party/FreeRTOS/Source/tasks.c **** 
4517:Middlewares/Third_Party/FreeRTOS/Source/tasks.c **** 		/* Take a snapshot of the number of tasks in case it changes while this
ARM GAS  /tmp/cchsWuk7.s 			page 102


4518:Middlewares/Third_Party/FreeRTOS/Source/tasks.c **** 		function is executing. */
4519:Middlewares/Third_Party/FreeRTOS/Source/tasks.c **** 		uxArraySize = uxCurrentNumberOfTasks;
4520:Middlewares/Third_Party/FreeRTOS/Source/tasks.c **** 
4521:Middlewares/Third_Party/FreeRTOS/Source/tasks.c **** 		/* Allocate an array index for each task.  NOTE!  If
4522:Middlewares/Third_Party/FreeRTOS/Source/tasks.c **** 		configSUPPORT_DYNAMIC_ALLOCATION is set to 0 then pvPortMalloc() will
4523:Middlewares/Third_Party/FreeRTOS/Source/tasks.c **** 		equate to NULL. */
4524:Middlewares/Third_Party/FreeRTOS/Source/tasks.c **** 		pxTaskStatusArray = pvPortMalloc( uxCurrentNumberOfTasks * sizeof( TaskStatus_t ) ); /*lint !e907
4525:Middlewares/Third_Party/FreeRTOS/Source/tasks.c **** 
4526:Middlewares/Third_Party/FreeRTOS/Source/tasks.c **** 		if( pxTaskStatusArray != NULL )
4527:Middlewares/Third_Party/FreeRTOS/Source/tasks.c **** 		{
4528:Middlewares/Third_Party/FreeRTOS/Source/tasks.c **** 			/* Generate the (binary) data. */
4529:Middlewares/Third_Party/FreeRTOS/Source/tasks.c **** 			uxArraySize = uxTaskGetSystemState( pxTaskStatusArray, uxArraySize, &ulTotalTime );
4530:Middlewares/Third_Party/FreeRTOS/Source/tasks.c **** 
4531:Middlewares/Third_Party/FreeRTOS/Source/tasks.c **** 			/* For percentage calculations. */
4532:Middlewares/Third_Party/FreeRTOS/Source/tasks.c **** 			ulTotalTime /= 100UL;
4533:Middlewares/Third_Party/FreeRTOS/Source/tasks.c **** 
4534:Middlewares/Third_Party/FreeRTOS/Source/tasks.c **** 			/* Avoid divide by zero errors. */
4535:Middlewares/Third_Party/FreeRTOS/Source/tasks.c **** 			if( ulTotalTime > 0UL )
4536:Middlewares/Third_Party/FreeRTOS/Source/tasks.c **** 			{
4537:Middlewares/Third_Party/FreeRTOS/Source/tasks.c **** 				/* Create a human readable table from the binary data. */
4538:Middlewares/Third_Party/FreeRTOS/Source/tasks.c **** 				for( x = 0; x < uxArraySize; x++ )
4539:Middlewares/Third_Party/FreeRTOS/Source/tasks.c **** 				{
4540:Middlewares/Third_Party/FreeRTOS/Source/tasks.c **** 					/* What percentage of the total run time has the task used?
4541:Middlewares/Third_Party/FreeRTOS/Source/tasks.c **** 					This will always be rounded down to the nearest integer.
4542:Middlewares/Third_Party/FreeRTOS/Source/tasks.c **** 					ulTotalRunTimeDiv100 has already been divided by 100. */
4543:Middlewares/Third_Party/FreeRTOS/Source/tasks.c **** 					ulStatsAsPercentage = pxTaskStatusArray[ x ].ulRunTimeCounter / ulTotalTime;
4544:Middlewares/Third_Party/FreeRTOS/Source/tasks.c **** 
4545:Middlewares/Third_Party/FreeRTOS/Source/tasks.c **** 					/* Write the task name to the string, padding with
4546:Middlewares/Third_Party/FreeRTOS/Source/tasks.c **** 					spaces so it can be printed in tabular form more
4547:Middlewares/Third_Party/FreeRTOS/Source/tasks.c **** 					easily. */
4548:Middlewares/Third_Party/FreeRTOS/Source/tasks.c **** 					pcWriteBuffer = prvWriteNameToBuffer( pcWriteBuffer, pxTaskStatusArray[ x ].pcTaskName );
4549:Middlewares/Third_Party/FreeRTOS/Source/tasks.c **** 
4550:Middlewares/Third_Party/FreeRTOS/Source/tasks.c **** 					if( ulStatsAsPercentage > 0UL )
4551:Middlewares/Third_Party/FreeRTOS/Source/tasks.c **** 					{
4552:Middlewares/Third_Party/FreeRTOS/Source/tasks.c **** 						#ifdef portLU_PRINTF_SPECIFIER_REQUIRED
4553:Middlewares/Third_Party/FreeRTOS/Source/tasks.c **** 						{
4554:Middlewares/Third_Party/FreeRTOS/Source/tasks.c **** 							sprintf( pcWriteBuffer, "\t%lu\t\t%lu%%\r\n", pxTaskStatusArray[ x ].ulRunTimeCounter, ulSta
4555:Middlewares/Third_Party/FreeRTOS/Source/tasks.c **** 						}
4556:Middlewares/Third_Party/FreeRTOS/Source/tasks.c **** 						#else
4557:Middlewares/Third_Party/FreeRTOS/Source/tasks.c **** 						{
4558:Middlewares/Third_Party/FreeRTOS/Source/tasks.c **** 							/* sizeof( int ) == sizeof( long ) so a smaller
4559:Middlewares/Third_Party/FreeRTOS/Source/tasks.c **** 							printf() library can be used. */
4560:Middlewares/Third_Party/FreeRTOS/Source/tasks.c **** 							sprintf( pcWriteBuffer, "\t%u\t\t%u%%\r\n", ( unsigned int ) pxTaskStatusArray[ x ].ulRunTim
4561:Middlewares/Third_Party/FreeRTOS/Source/tasks.c **** 						}
4562:Middlewares/Third_Party/FreeRTOS/Source/tasks.c **** 						#endif
4563:Middlewares/Third_Party/FreeRTOS/Source/tasks.c **** 					}
4564:Middlewares/Third_Party/FreeRTOS/Source/tasks.c **** 					else
4565:Middlewares/Third_Party/FreeRTOS/Source/tasks.c **** 					{
4566:Middlewares/Third_Party/FreeRTOS/Source/tasks.c **** 						/* If the percentage is zero here then the task has
4567:Middlewares/Third_Party/FreeRTOS/Source/tasks.c **** 						consumed less than 1% of the total run time. */
4568:Middlewares/Third_Party/FreeRTOS/Source/tasks.c **** 						#ifdef portLU_PRINTF_SPECIFIER_REQUIRED
4569:Middlewares/Third_Party/FreeRTOS/Source/tasks.c **** 						{
4570:Middlewares/Third_Party/FreeRTOS/Source/tasks.c **** 							sprintf( pcWriteBuffer, "\t%lu\t\t<1%%\r\n", pxTaskStatusArray[ x ].ulRunTimeCounter );
4571:Middlewares/Third_Party/FreeRTOS/Source/tasks.c **** 						}
4572:Middlewares/Third_Party/FreeRTOS/Source/tasks.c **** 						#else
4573:Middlewares/Third_Party/FreeRTOS/Source/tasks.c **** 						{
4574:Middlewares/Third_Party/FreeRTOS/Source/tasks.c **** 							/* sizeof( int ) == sizeof( long ) so a smaller
ARM GAS  /tmp/cchsWuk7.s 			page 103


4575:Middlewares/Third_Party/FreeRTOS/Source/tasks.c **** 							printf() library can be used. */
4576:Middlewares/Third_Party/FreeRTOS/Source/tasks.c **** 							sprintf( pcWriteBuffer, "\t%u\t\t<1%%\r\n", ( unsigned int ) pxTaskStatusArray[ x ].ulRunTim
4577:Middlewares/Third_Party/FreeRTOS/Source/tasks.c **** 						}
4578:Middlewares/Third_Party/FreeRTOS/Source/tasks.c **** 						#endif
4579:Middlewares/Third_Party/FreeRTOS/Source/tasks.c **** 					}
4580:Middlewares/Third_Party/FreeRTOS/Source/tasks.c **** 
4581:Middlewares/Third_Party/FreeRTOS/Source/tasks.c **** 					pcWriteBuffer += strlen( pcWriteBuffer ); /*lint !e9016 Pointer arithmetic ok on char pointers
4582:Middlewares/Third_Party/FreeRTOS/Source/tasks.c **** 				}
4583:Middlewares/Third_Party/FreeRTOS/Source/tasks.c **** 			}
4584:Middlewares/Third_Party/FreeRTOS/Source/tasks.c **** 			else
4585:Middlewares/Third_Party/FreeRTOS/Source/tasks.c **** 			{
4586:Middlewares/Third_Party/FreeRTOS/Source/tasks.c **** 				mtCOVERAGE_TEST_MARKER();
4587:Middlewares/Third_Party/FreeRTOS/Source/tasks.c **** 			}
4588:Middlewares/Third_Party/FreeRTOS/Source/tasks.c **** 
4589:Middlewares/Third_Party/FreeRTOS/Source/tasks.c **** 			/* Free the array again.  NOTE!  If configSUPPORT_DYNAMIC_ALLOCATION
4590:Middlewares/Third_Party/FreeRTOS/Source/tasks.c **** 			is 0 then vPortFree() will be #defined to nothing. */
4591:Middlewares/Third_Party/FreeRTOS/Source/tasks.c **** 			vPortFree( pxTaskStatusArray );
4592:Middlewares/Third_Party/FreeRTOS/Source/tasks.c **** 		}
4593:Middlewares/Third_Party/FreeRTOS/Source/tasks.c **** 		else
4594:Middlewares/Third_Party/FreeRTOS/Source/tasks.c **** 		{
4595:Middlewares/Third_Party/FreeRTOS/Source/tasks.c **** 			mtCOVERAGE_TEST_MARKER();
4596:Middlewares/Third_Party/FreeRTOS/Source/tasks.c **** 		}
4597:Middlewares/Third_Party/FreeRTOS/Source/tasks.c **** 	}
4598:Middlewares/Third_Party/FreeRTOS/Source/tasks.c **** 
4599:Middlewares/Third_Party/FreeRTOS/Source/tasks.c **** #endif /* ( ( configGENERATE_RUN_TIME_STATS == 1 ) && ( configUSE_STATS_FORMATTING_FUNCTIONS > 0 ) 
4600:Middlewares/Third_Party/FreeRTOS/Source/tasks.c **** /*-----------------------------------------------------------*/
4601:Middlewares/Third_Party/FreeRTOS/Source/tasks.c **** 
4602:Middlewares/Third_Party/FreeRTOS/Source/tasks.c **** TickType_t uxTaskResetEventItemValue( void )
4603:Middlewares/Third_Party/FreeRTOS/Source/tasks.c **** {
4604:Middlewares/Third_Party/FreeRTOS/Source/tasks.c **** TickType_t uxReturn;
4605:Middlewares/Third_Party/FreeRTOS/Source/tasks.c **** 
4606:Middlewares/Third_Party/FreeRTOS/Source/tasks.c **** 	uxReturn = listGET_LIST_ITEM_VALUE( &( pxCurrentTCB->xEventListItem ) );
4607:Middlewares/Third_Party/FreeRTOS/Source/tasks.c **** 
4608:Middlewares/Third_Party/FreeRTOS/Source/tasks.c **** 	/* Reset the event list item to its normal value - so it can be used with
4609:Middlewares/Third_Party/FreeRTOS/Source/tasks.c **** 	queues and semaphores. */
4610:Middlewares/Third_Party/FreeRTOS/Source/tasks.c **** 	listSET_LIST_ITEM_VALUE( &( pxCurrentTCB->xEventListItem ), ( ( TickType_t ) configMAX_PRIORITIES 
4611:Middlewares/Third_Party/FreeRTOS/Source/tasks.c **** 
4612:Middlewares/Third_Party/FreeRTOS/Source/tasks.c **** 	return uxReturn;
4613:Middlewares/Third_Party/FreeRTOS/Source/tasks.c **** }
4614:Middlewares/Third_Party/FreeRTOS/Source/tasks.c **** /*-----------------------------------------------------------*/
4615:Middlewares/Third_Party/FreeRTOS/Source/tasks.c **** 
4616:Middlewares/Third_Party/FreeRTOS/Source/tasks.c **** #if ( configUSE_MUTEXES == 1 )
4617:Middlewares/Third_Party/FreeRTOS/Source/tasks.c **** 
4618:Middlewares/Third_Party/FreeRTOS/Source/tasks.c **** 	TaskHandle_t pvTaskIncrementMutexHeldCount( void )
4619:Middlewares/Third_Party/FreeRTOS/Source/tasks.c **** 	{
4620:Middlewares/Third_Party/FreeRTOS/Source/tasks.c **** 		/* If xSemaphoreCreateMutex() is called before any tasks have been created
4621:Middlewares/Third_Party/FreeRTOS/Source/tasks.c **** 		then pxCurrentTCB will be NULL. */
4622:Middlewares/Third_Party/FreeRTOS/Source/tasks.c **** 		if( pxCurrentTCB != NULL )
4623:Middlewares/Third_Party/FreeRTOS/Source/tasks.c **** 		{
4624:Middlewares/Third_Party/FreeRTOS/Source/tasks.c **** 			( pxCurrentTCB->uxMutexesHeld )++;
4625:Middlewares/Third_Party/FreeRTOS/Source/tasks.c **** 		}
4626:Middlewares/Third_Party/FreeRTOS/Source/tasks.c **** 
4627:Middlewares/Third_Party/FreeRTOS/Source/tasks.c **** 		return pxCurrentTCB;
4628:Middlewares/Third_Party/FreeRTOS/Source/tasks.c **** 	}
4629:Middlewares/Third_Party/FreeRTOS/Source/tasks.c **** 
4630:Middlewares/Third_Party/FreeRTOS/Source/tasks.c **** #endif /* configUSE_MUTEXES */
4631:Middlewares/Third_Party/FreeRTOS/Source/tasks.c **** /*-----------------------------------------------------------*/
ARM GAS  /tmp/cchsWuk7.s 			page 104


4632:Middlewares/Third_Party/FreeRTOS/Source/tasks.c **** 
4633:Middlewares/Third_Party/FreeRTOS/Source/tasks.c **** #if( configUSE_TASK_NOTIFICATIONS == 1 )
4634:Middlewares/Third_Party/FreeRTOS/Source/tasks.c **** 
4635:Middlewares/Third_Party/FreeRTOS/Source/tasks.c **** 	uint32_t ulTaskNotifyTake( BaseType_t xClearCountOnExit, TickType_t xTicksToWait )
4636:Middlewares/Third_Party/FreeRTOS/Source/tasks.c **** 	{
4637:Middlewares/Third_Party/FreeRTOS/Source/tasks.c **** 	uint32_t ulReturn;
4638:Middlewares/Third_Party/FreeRTOS/Source/tasks.c **** 
4639:Middlewares/Third_Party/FreeRTOS/Source/tasks.c **** 		taskENTER_CRITICAL();
4640:Middlewares/Third_Party/FreeRTOS/Source/tasks.c **** 		{
4641:Middlewares/Third_Party/FreeRTOS/Source/tasks.c **** 			/* Only block if the notification count is not already non-zero. */
4642:Middlewares/Third_Party/FreeRTOS/Source/tasks.c **** 			if( pxCurrentTCB->ulNotifiedValue == 0UL )
4643:Middlewares/Third_Party/FreeRTOS/Source/tasks.c **** 			{
4644:Middlewares/Third_Party/FreeRTOS/Source/tasks.c **** 				/* Mark this task as waiting for a notification. */
4645:Middlewares/Third_Party/FreeRTOS/Source/tasks.c **** 				pxCurrentTCB->ucNotifyState = taskWAITING_NOTIFICATION;
4646:Middlewares/Third_Party/FreeRTOS/Source/tasks.c **** 
4647:Middlewares/Third_Party/FreeRTOS/Source/tasks.c **** 				if( xTicksToWait > ( TickType_t ) 0 )
4648:Middlewares/Third_Party/FreeRTOS/Source/tasks.c **** 				{
4649:Middlewares/Third_Party/FreeRTOS/Source/tasks.c **** 					prvAddCurrentTaskToDelayedList( xTicksToWait, pdTRUE );
4650:Middlewares/Third_Party/FreeRTOS/Source/tasks.c **** 					traceTASK_NOTIFY_TAKE_BLOCK();
4651:Middlewares/Third_Party/FreeRTOS/Source/tasks.c **** 
4652:Middlewares/Third_Party/FreeRTOS/Source/tasks.c **** 					/* All ports are written to allow a yield in a critical
4653:Middlewares/Third_Party/FreeRTOS/Source/tasks.c **** 					section (some will yield immediately, others wait until the
4654:Middlewares/Third_Party/FreeRTOS/Source/tasks.c **** 					critical section exits) - but it is not something that
4655:Middlewares/Third_Party/FreeRTOS/Source/tasks.c **** 					application code should ever do. */
4656:Middlewares/Third_Party/FreeRTOS/Source/tasks.c **** 					portYIELD_WITHIN_API();
4657:Middlewares/Third_Party/FreeRTOS/Source/tasks.c **** 				}
4658:Middlewares/Third_Party/FreeRTOS/Source/tasks.c **** 				else
4659:Middlewares/Third_Party/FreeRTOS/Source/tasks.c **** 				{
4660:Middlewares/Third_Party/FreeRTOS/Source/tasks.c **** 					mtCOVERAGE_TEST_MARKER();
4661:Middlewares/Third_Party/FreeRTOS/Source/tasks.c **** 				}
4662:Middlewares/Third_Party/FreeRTOS/Source/tasks.c **** 			}
4663:Middlewares/Third_Party/FreeRTOS/Source/tasks.c **** 			else
4664:Middlewares/Third_Party/FreeRTOS/Source/tasks.c **** 			{
4665:Middlewares/Third_Party/FreeRTOS/Source/tasks.c **** 				mtCOVERAGE_TEST_MARKER();
4666:Middlewares/Third_Party/FreeRTOS/Source/tasks.c **** 			}
4667:Middlewares/Third_Party/FreeRTOS/Source/tasks.c **** 		}
4668:Middlewares/Third_Party/FreeRTOS/Source/tasks.c **** 		taskEXIT_CRITICAL();
4669:Middlewares/Third_Party/FreeRTOS/Source/tasks.c **** 
4670:Middlewares/Third_Party/FreeRTOS/Source/tasks.c **** 		taskENTER_CRITICAL();
4671:Middlewares/Third_Party/FreeRTOS/Source/tasks.c **** 		{
4672:Middlewares/Third_Party/FreeRTOS/Source/tasks.c **** 			traceTASK_NOTIFY_TAKE();
4673:Middlewares/Third_Party/FreeRTOS/Source/tasks.c **** 			ulReturn = pxCurrentTCB->ulNotifiedValue;
4674:Middlewares/Third_Party/FreeRTOS/Source/tasks.c **** 
4675:Middlewares/Third_Party/FreeRTOS/Source/tasks.c **** 			if( ulReturn != 0UL )
4676:Middlewares/Third_Party/FreeRTOS/Source/tasks.c **** 			{
4677:Middlewares/Third_Party/FreeRTOS/Source/tasks.c **** 				if( xClearCountOnExit != pdFALSE )
4678:Middlewares/Third_Party/FreeRTOS/Source/tasks.c **** 				{
4679:Middlewares/Third_Party/FreeRTOS/Source/tasks.c **** 					pxCurrentTCB->ulNotifiedValue = 0UL;
4680:Middlewares/Third_Party/FreeRTOS/Source/tasks.c **** 				}
4681:Middlewares/Third_Party/FreeRTOS/Source/tasks.c **** 				else
4682:Middlewares/Third_Party/FreeRTOS/Source/tasks.c **** 				{
4683:Middlewares/Third_Party/FreeRTOS/Source/tasks.c **** 					pxCurrentTCB->ulNotifiedValue = ulReturn - ( uint32_t ) 1;
4684:Middlewares/Third_Party/FreeRTOS/Source/tasks.c **** 				}
4685:Middlewares/Third_Party/FreeRTOS/Source/tasks.c **** 			}
4686:Middlewares/Third_Party/FreeRTOS/Source/tasks.c **** 			else
4687:Middlewares/Third_Party/FreeRTOS/Source/tasks.c **** 			{
4688:Middlewares/Third_Party/FreeRTOS/Source/tasks.c **** 				mtCOVERAGE_TEST_MARKER();
ARM GAS  /tmp/cchsWuk7.s 			page 105


4689:Middlewares/Third_Party/FreeRTOS/Source/tasks.c **** 			}
4690:Middlewares/Third_Party/FreeRTOS/Source/tasks.c **** 
4691:Middlewares/Third_Party/FreeRTOS/Source/tasks.c **** 			pxCurrentTCB->ucNotifyState = taskNOT_WAITING_NOTIFICATION;
4692:Middlewares/Third_Party/FreeRTOS/Source/tasks.c **** 		}
4693:Middlewares/Third_Party/FreeRTOS/Source/tasks.c **** 		taskEXIT_CRITICAL();
4694:Middlewares/Third_Party/FreeRTOS/Source/tasks.c **** 
4695:Middlewares/Third_Party/FreeRTOS/Source/tasks.c **** 		return ulReturn;
4696:Middlewares/Third_Party/FreeRTOS/Source/tasks.c **** 	}
4697:Middlewares/Third_Party/FreeRTOS/Source/tasks.c **** 
4698:Middlewares/Third_Party/FreeRTOS/Source/tasks.c **** #endif /* configUSE_TASK_NOTIFICATIONS */
4699:Middlewares/Third_Party/FreeRTOS/Source/tasks.c **** /*-----------------------------------------------------------*/
4700:Middlewares/Third_Party/FreeRTOS/Source/tasks.c **** 
4701:Middlewares/Third_Party/FreeRTOS/Source/tasks.c **** #if( configUSE_TASK_NOTIFICATIONS == 1 )
4702:Middlewares/Third_Party/FreeRTOS/Source/tasks.c **** 
4703:Middlewares/Third_Party/FreeRTOS/Source/tasks.c **** 	BaseType_t xTaskNotifyWait( uint32_t ulBitsToClearOnEntry, uint32_t ulBitsToClearOnExit, uint32_t 
4704:Middlewares/Third_Party/FreeRTOS/Source/tasks.c **** 	{
4705:Middlewares/Third_Party/FreeRTOS/Source/tasks.c **** 	BaseType_t xReturn;
4706:Middlewares/Third_Party/FreeRTOS/Source/tasks.c **** 
4707:Middlewares/Third_Party/FreeRTOS/Source/tasks.c **** 		taskENTER_CRITICAL();
4708:Middlewares/Third_Party/FreeRTOS/Source/tasks.c **** 		{
4709:Middlewares/Third_Party/FreeRTOS/Source/tasks.c **** 			/* Only block if a notification is not already pending. */
4710:Middlewares/Third_Party/FreeRTOS/Source/tasks.c **** 			if( pxCurrentTCB->ucNotifyState != taskNOTIFICATION_RECEIVED )
4711:Middlewares/Third_Party/FreeRTOS/Source/tasks.c **** 			{
4712:Middlewares/Third_Party/FreeRTOS/Source/tasks.c **** 				/* Clear bits in the task's notification value as bits may get
4713:Middlewares/Third_Party/FreeRTOS/Source/tasks.c **** 				set	by the notifying task or interrupt.  This can be used to
4714:Middlewares/Third_Party/FreeRTOS/Source/tasks.c **** 				clear the value to zero. */
4715:Middlewares/Third_Party/FreeRTOS/Source/tasks.c **** 				pxCurrentTCB->ulNotifiedValue &= ~ulBitsToClearOnEntry;
4716:Middlewares/Third_Party/FreeRTOS/Source/tasks.c **** 
4717:Middlewares/Third_Party/FreeRTOS/Source/tasks.c **** 				/* Mark this task as waiting for a notification. */
4718:Middlewares/Third_Party/FreeRTOS/Source/tasks.c **** 				pxCurrentTCB->ucNotifyState = taskWAITING_NOTIFICATION;
4719:Middlewares/Third_Party/FreeRTOS/Source/tasks.c **** 
4720:Middlewares/Third_Party/FreeRTOS/Source/tasks.c **** 				if( xTicksToWait > ( TickType_t ) 0 )
4721:Middlewares/Third_Party/FreeRTOS/Source/tasks.c **** 				{
4722:Middlewares/Third_Party/FreeRTOS/Source/tasks.c **** 					prvAddCurrentTaskToDelayedList( xTicksToWait, pdTRUE );
4723:Middlewares/Third_Party/FreeRTOS/Source/tasks.c **** 					traceTASK_NOTIFY_WAIT_BLOCK();
4724:Middlewares/Third_Party/FreeRTOS/Source/tasks.c **** 
4725:Middlewares/Third_Party/FreeRTOS/Source/tasks.c **** 					/* All ports are written to allow a yield in a critical
4726:Middlewares/Third_Party/FreeRTOS/Source/tasks.c **** 					section (some will yield immediately, others wait until the
4727:Middlewares/Third_Party/FreeRTOS/Source/tasks.c **** 					critical section exits) - but it is not something that
4728:Middlewares/Third_Party/FreeRTOS/Source/tasks.c **** 					application code should ever do. */
4729:Middlewares/Third_Party/FreeRTOS/Source/tasks.c **** 					portYIELD_WITHIN_API();
4730:Middlewares/Third_Party/FreeRTOS/Source/tasks.c **** 				}
4731:Middlewares/Third_Party/FreeRTOS/Source/tasks.c **** 				else
4732:Middlewares/Third_Party/FreeRTOS/Source/tasks.c **** 				{
4733:Middlewares/Third_Party/FreeRTOS/Source/tasks.c **** 					mtCOVERAGE_TEST_MARKER();
4734:Middlewares/Third_Party/FreeRTOS/Source/tasks.c **** 				}
4735:Middlewares/Third_Party/FreeRTOS/Source/tasks.c **** 			}
4736:Middlewares/Third_Party/FreeRTOS/Source/tasks.c **** 			else
4737:Middlewares/Third_Party/FreeRTOS/Source/tasks.c **** 			{
4738:Middlewares/Third_Party/FreeRTOS/Source/tasks.c **** 				mtCOVERAGE_TEST_MARKER();
4739:Middlewares/Third_Party/FreeRTOS/Source/tasks.c **** 			}
4740:Middlewares/Third_Party/FreeRTOS/Source/tasks.c **** 		}
4741:Middlewares/Third_Party/FreeRTOS/Source/tasks.c **** 		taskEXIT_CRITICAL();
4742:Middlewares/Third_Party/FreeRTOS/Source/tasks.c **** 
4743:Middlewares/Third_Party/FreeRTOS/Source/tasks.c **** 		taskENTER_CRITICAL();
4744:Middlewares/Third_Party/FreeRTOS/Source/tasks.c **** 		{
4745:Middlewares/Third_Party/FreeRTOS/Source/tasks.c **** 			traceTASK_NOTIFY_WAIT();
ARM GAS  /tmp/cchsWuk7.s 			page 106


4746:Middlewares/Third_Party/FreeRTOS/Source/tasks.c **** 
4747:Middlewares/Third_Party/FreeRTOS/Source/tasks.c **** 			if( pulNotificationValue != NULL )
4748:Middlewares/Third_Party/FreeRTOS/Source/tasks.c **** 			{
4749:Middlewares/Third_Party/FreeRTOS/Source/tasks.c **** 				/* Output the current notification value, which may or may not
4750:Middlewares/Third_Party/FreeRTOS/Source/tasks.c **** 				have changed. */
4751:Middlewares/Third_Party/FreeRTOS/Source/tasks.c **** 				*pulNotificationValue = pxCurrentTCB->ulNotifiedValue;
4752:Middlewares/Third_Party/FreeRTOS/Source/tasks.c **** 			}
4753:Middlewares/Third_Party/FreeRTOS/Source/tasks.c **** 
4754:Middlewares/Third_Party/FreeRTOS/Source/tasks.c **** 			/* If ucNotifyValue is set then either the task never entered the
4755:Middlewares/Third_Party/FreeRTOS/Source/tasks.c **** 			blocked state (because a notification was already pending) or the
4756:Middlewares/Third_Party/FreeRTOS/Source/tasks.c **** 			task unblocked because of a notification.  Otherwise the task
4757:Middlewares/Third_Party/FreeRTOS/Source/tasks.c **** 			unblocked because of a timeout. */
4758:Middlewares/Third_Party/FreeRTOS/Source/tasks.c **** 			if( pxCurrentTCB->ucNotifyState != taskNOTIFICATION_RECEIVED )
4759:Middlewares/Third_Party/FreeRTOS/Source/tasks.c **** 			{
4760:Middlewares/Third_Party/FreeRTOS/Source/tasks.c **** 				/* A notification was not received. */
4761:Middlewares/Third_Party/FreeRTOS/Source/tasks.c **** 				xReturn = pdFALSE;
4762:Middlewares/Third_Party/FreeRTOS/Source/tasks.c **** 			}
4763:Middlewares/Third_Party/FreeRTOS/Source/tasks.c **** 			else
4764:Middlewares/Third_Party/FreeRTOS/Source/tasks.c **** 			{
4765:Middlewares/Third_Party/FreeRTOS/Source/tasks.c **** 				/* A notification was already pending or a notification was
4766:Middlewares/Third_Party/FreeRTOS/Source/tasks.c **** 				received while the task was waiting. */
4767:Middlewares/Third_Party/FreeRTOS/Source/tasks.c **** 				pxCurrentTCB->ulNotifiedValue &= ~ulBitsToClearOnExit;
4768:Middlewares/Third_Party/FreeRTOS/Source/tasks.c **** 				xReturn = pdTRUE;
4769:Middlewares/Third_Party/FreeRTOS/Source/tasks.c **** 			}
4770:Middlewares/Third_Party/FreeRTOS/Source/tasks.c **** 
4771:Middlewares/Third_Party/FreeRTOS/Source/tasks.c **** 			pxCurrentTCB->ucNotifyState = taskNOT_WAITING_NOTIFICATION;
4772:Middlewares/Third_Party/FreeRTOS/Source/tasks.c **** 		}
4773:Middlewares/Third_Party/FreeRTOS/Source/tasks.c **** 		taskEXIT_CRITICAL();
4774:Middlewares/Third_Party/FreeRTOS/Source/tasks.c **** 
4775:Middlewares/Third_Party/FreeRTOS/Source/tasks.c **** 		return xReturn;
4776:Middlewares/Third_Party/FreeRTOS/Source/tasks.c **** 	}
4777:Middlewares/Third_Party/FreeRTOS/Source/tasks.c **** 
4778:Middlewares/Third_Party/FreeRTOS/Source/tasks.c **** #endif /* configUSE_TASK_NOTIFICATIONS */
4779:Middlewares/Third_Party/FreeRTOS/Source/tasks.c **** /*-----------------------------------------------------------*/
4780:Middlewares/Third_Party/FreeRTOS/Source/tasks.c **** 
4781:Middlewares/Third_Party/FreeRTOS/Source/tasks.c **** #if( configUSE_TASK_NOTIFICATIONS == 1 )
4782:Middlewares/Third_Party/FreeRTOS/Source/tasks.c **** 
4783:Middlewares/Third_Party/FreeRTOS/Source/tasks.c **** 	BaseType_t xTaskGenericNotify( TaskHandle_t xTaskToNotify, uint32_t ulValue, eNotifyAction eAction
4784:Middlewares/Third_Party/FreeRTOS/Source/tasks.c **** 	{
4785:Middlewares/Third_Party/FreeRTOS/Source/tasks.c **** 	TCB_t * pxTCB;
4786:Middlewares/Third_Party/FreeRTOS/Source/tasks.c **** 	BaseType_t xReturn = pdPASS;
4787:Middlewares/Third_Party/FreeRTOS/Source/tasks.c **** 	uint8_t ucOriginalNotifyState;
4788:Middlewares/Third_Party/FreeRTOS/Source/tasks.c **** 
4789:Middlewares/Third_Party/FreeRTOS/Source/tasks.c **** 		configASSERT( xTaskToNotify );
4790:Middlewares/Third_Party/FreeRTOS/Source/tasks.c **** 		pxTCB = xTaskToNotify;
4791:Middlewares/Third_Party/FreeRTOS/Source/tasks.c **** 
4792:Middlewares/Third_Party/FreeRTOS/Source/tasks.c **** 		taskENTER_CRITICAL();
4793:Middlewares/Third_Party/FreeRTOS/Source/tasks.c **** 		{
4794:Middlewares/Third_Party/FreeRTOS/Source/tasks.c **** 			if( pulPreviousNotificationValue != NULL )
4795:Middlewares/Third_Party/FreeRTOS/Source/tasks.c **** 			{
4796:Middlewares/Third_Party/FreeRTOS/Source/tasks.c **** 				*pulPreviousNotificationValue = pxTCB->ulNotifiedValue;
4797:Middlewares/Third_Party/FreeRTOS/Source/tasks.c **** 			}
4798:Middlewares/Third_Party/FreeRTOS/Source/tasks.c **** 
4799:Middlewares/Third_Party/FreeRTOS/Source/tasks.c **** 			ucOriginalNotifyState = pxTCB->ucNotifyState;
4800:Middlewares/Third_Party/FreeRTOS/Source/tasks.c **** 
4801:Middlewares/Third_Party/FreeRTOS/Source/tasks.c **** 			pxTCB->ucNotifyState = taskNOTIFICATION_RECEIVED;
4802:Middlewares/Third_Party/FreeRTOS/Source/tasks.c **** 
ARM GAS  /tmp/cchsWuk7.s 			page 107


4803:Middlewares/Third_Party/FreeRTOS/Source/tasks.c **** 			switch( eAction )
4804:Middlewares/Third_Party/FreeRTOS/Source/tasks.c **** 			{
4805:Middlewares/Third_Party/FreeRTOS/Source/tasks.c **** 				case eSetBits	:
4806:Middlewares/Third_Party/FreeRTOS/Source/tasks.c **** 					pxTCB->ulNotifiedValue |= ulValue;
4807:Middlewares/Third_Party/FreeRTOS/Source/tasks.c **** 					break;
4808:Middlewares/Third_Party/FreeRTOS/Source/tasks.c **** 
4809:Middlewares/Third_Party/FreeRTOS/Source/tasks.c **** 				case eIncrement	:
4810:Middlewares/Third_Party/FreeRTOS/Source/tasks.c **** 					( pxTCB->ulNotifiedValue )++;
4811:Middlewares/Third_Party/FreeRTOS/Source/tasks.c **** 					break;
4812:Middlewares/Third_Party/FreeRTOS/Source/tasks.c **** 
4813:Middlewares/Third_Party/FreeRTOS/Source/tasks.c **** 				case eSetValueWithOverwrite	:
4814:Middlewares/Third_Party/FreeRTOS/Source/tasks.c **** 					pxTCB->ulNotifiedValue = ulValue;
4815:Middlewares/Third_Party/FreeRTOS/Source/tasks.c **** 					break;
4816:Middlewares/Third_Party/FreeRTOS/Source/tasks.c **** 
4817:Middlewares/Third_Party/FreeRTOS/Source/tasks.c **** 				case eSetValueWithoutOverwrite :
4818:Middlewares/Third_Party/FreeRTOS/Source/tasks.c **** 					if( ucOriginalNotifyState != taskNOTIFICATION_RECEIVED )
4819:Middlewares/Third_Party/FreeRTOS/Source/tasks.c **** 					{
4820:Middlewares/Third_Party/FreeRTOS/Source/tasks.c **** 						pxTCB->ulNotifiedValue = ulValue;
4821:Middlewares/Third_Party/FreeRTOS/Source/tasks.c **** 					}
4822:Middlewares/Third_Party/FreeRTOS/Source/tasks.c **** 					else
4823:Middlewares/Third_Party/FreeRTOS/Source/tasks.c **** 					{
4824:Middlewares/Third_Party/FreeRTOS/Source/tasks.c **** 						/* The value could not be written to the task. */
4825:Middlewares/Third_Party/FreeRTOS/Source/tasks.c **** 						xReturn = pdFAIL;
4826:Middlewares/Third_Party/FreeRTOS/Source/tasks.c **** 					}
4827:Middlewares/Third_Party/FreeRTOS/Source/tasks.c **** 					break;
4828:Middlewares/Third_Party/FreeRTOS/Source/tasks.c **** 
4829:Middlewares/Third_Party/FreeRTOS/Source/tasks.c **** 				case eNoAction:
4830:Middlewares/Third_Party/FreeRTOS/Source/tasks.c **** 					/* The task is being notified without its notify value being
4831:Middlewares/Third_Party/FreeRTOS/Source/tasks.c **** 					updated. */
4832:Middlewares/Third_Party/FreeRTOS/Source/tasks.c **** 					break;
4833:Middlewares/Third_Party/FreeRTOS/Source/tasks.c **** 
4834:Middlewares/Third_Party/FreeRTOS/Source/tasks.c **** 				default:
4835:Middlewares/Third_Party/FreeRTOS/Source/tasks.c **** 					/* Should not get here if all enums are handled.
4836:Middlewares/Third_Party/FreeRTOS/Source/tasks.c **** 					Artificially force an assert by testing a value the
4837:Middlewares/Third_Party/FreeRTOS/Source/tasks.c **** 					compiler can't assume is const. */
4838:Middlewares/Third_Party/FreeRTOS/Source/tasks.c **** 					configASSERT( pxTCB->ulNotifiedValue == ~0UL );
4839:Middlewares/Third_Party/FreeRTOS/Source/tasks.c **** 
4840:Middlewares/Third_Party/FreeRTOS/Source/tasks.c **** 					break;
4841:Middlewares/Third_Party/FreeRTOS/Source/tasks.c **** 			}
4842:Middlewares/Third_Party/FreeRTOS/Source/tasks.c **** 
4843:Middlewares/Third_Party/FreeRTOS/Source/tasks.c **** 			traceTASK_NOTIFY();
4844:Middlewares/Third_Party/FreeRTOS/Source/tasks.c **** 
4845:Middlewares/Third_Party/FreeRTOS/Source/tasks.c **** 			/* If the task is in the blocked state specifically to wait for a
4846:Middlewares/Third_Party/FreeRTOS/Source/tasks.c **** 			notification then unblock it now. */
4847:Middlewares/Third_Party/FreeRTOS/Source/tasks.c **** 			if( ucOriginalNotifyState == taskWAITING_NOTIFICATION )
4848:Middlewares/Third_Party/FreeRTOS/Source/tasks.c **** 			{
4849:Middlewares/Third_Party/FreeRTOS/Source/tasks.c **** 				( void ) uxListRemove( &( pxTCB->xStateListItem ) );
4850:Middlewares/Third_Party/FreeRTOS/Source/tasks.c **** 				prvAddTaskToReadyList( pxTCB );
4851:Middlewares/Third_Party/FreeRTOS/Source/tasks.c **** 
4852:Middlewares/Third_Party/FreeRTOS/Source/tasks.c **** 				/* The task should not have been on an event list. */
4853:Middlewares/Third_Party/FreeRTOS/Source/tasks.c **** 				configASSERT( listLIST_ITEM_CONTAINER( &( pxTCB->xEventListItem ) ) == NULL );
4854:Middlewares/Third_Party/FreeRTOS/Source/tasks.c **** 
4855:Middlewares/Third_Party/FreeRTOS/Source/tasks.c **** 				#if( configUSE_TICKLESS_IDLE != 0 )
4856:Middlewares/Third_Party/FreeRTOS/Source/tasks.c **** 				{
4857:Middlewares/Third_Party/FreeRTOS/Source/tasks.c **** 					/* If a task is blocked waiting for a notification then
4858:Middlewares/Third_Party/FreeRTOS/Source/tasks.c **** 					xNextTaskUnblockTime might be set to the blocked task's time
4859:Middlewares/Third_Party/FreeRTOS/Source/tasks.c **** 					out time.  If the task is unblocked for a reason other than
ARM GAS  /tmp/cchsWuk7.s 			page 108


4860:Middlewares/Third_Party/FreeRTOS/Source/tasks.c **** 					a timeout xNextTaskUnblockTime is normally left unchanged,
4861:Middlewares/Third_Party/FreeRTOS/Source/tasks.c **** 					because it will automatically get reset to a new value when
4862:Middlewares/Third_Party/FreeRTOS/Source/tasks.c **** 					the tick count equals xNextTaskUnblockTime.  However if
4863:Middlewares/Third_Party/FreeRTOS/Source/tasks.c **** 					tickless idling is used it might be more important to enter
4864:Middlewares/Third_Party/FreeRTOS/Source/tasks.c **** 					sleep mode at the earliest possible time - so reset
4865:Middlewares/Third_Party/FreeRTOS/Source/tasks.c **** 					xNextTaskUnblockTime here to ensure it is updated at the
4866:Middlewares/Third_Party/FreeRTOS/Source/tasks.c **** 					earliest possible time. */
4867:Middlewares/Third_Party/FreeRTOS/Source/tasks.c **** 					prvResetNextTaskUnblockTime();
4868:Middlewares/Third_Party/FreeRTOS/Source/tasks.c **** 				}
4869:Middlewares/Third_Party/FreeRTOS/Source/tasks.c **** 				#endif
4870:Middlewares/Third_Party/FreeRTOS/Source/tasks.c **** 
4871:Middlewares/Third_Party/FreeRTOS/Source/tasks.c **** 				if( pxTCB->uxPriority > pxCurrentTCB->uxPriority )
4872:Middlewares/Third_Party/FreeRTOS/Source/tasks.c **** 				{
4873:Middlewares/Third_Party/FreeRTOS/Source/tasks.c **** 					/* The notified task has a priority above the currently
4874:Middlewares/Third_Party/FreeRTOS/Source/tasks.c **** 					executing task so a yield is required. */
4875:Middlewares/Third_Party/FreeRTOS/Source/tasks.c **** 					taskYIELD_IF_USING_PREEMPTION();
4876:Middlewares/Third_Party/FreeRTOS/Source/tasks.c **** 				}
4877:Middlewares/Third_Party/FreeRTOS/Source/tasks.c **** 				else
4878:Middlewares/Third_Party/FreeRTOS/Source/tasks.c **** 				{
4879:Middlewares/Third_Party/FreeRTOS/Source/tasks.c **** 					mtCOVERAGE_TEST_MARKER();
4880:Middlewares/Third_Party/FreeRTOS/Source/tasks.c **** 				}
4881:Middlewares/Third_Party/FreeRTOS/Source/tasks.c **** 			}
4882:Middlewares/Third_Party/FreeRTOS/Source/tasks.c **** 			else
4883:Middlewares/Third_Party/FreeRTOS/Source/tasks.c **** 			{
4884:Middlewares/Third_Party/FreeRTOS/Source/tasks.c **** 				mtCOVERAGE_TEST_MARKER();
4885:Middlewares/Third_Party/FreeRTOS/Source/tasks.c **** 			}
4886:Middlewares/Third_Party/FreeRTOS/Source/tasks.c **** 		}
4887:Middlewares/Third_Party/FreeRTOS/Source/tasks.c **** 		taskEXIT_CRITICAL();
4888:Middlewares/Third_Party/FreeRTOS/Source/tasks.c **** 
4889:Middlewares/Third_Party/FreeRTOS/Source/tasks.c **** 		return xReturn;
4890:Middlewares/Third_Party/FreeRTOS/Source/tasks.c **** 	}
4891:Middlewares/Third_Party/FreeRTOS/Source/tasks.c **** 
4892:Middlewares/Third_Party/FreeRTOS/Source/tasks.c **** #endif /* configUSE_TASK_NOTIFICATIONS */
4893:Middlewares/Third_Party/FreeRTOS/Source/tasks.c **** /*-----------------------------------------------------------*/
4894:Middlewares/Third_Party/FreeRTOS/Source/tasks.c **** 
4895:Middlewares/Third_Party/FreeRTOS/Source/tasks.c **** #if( configUSE_TASK_NOTIFICATIONS == 1 )
4896:Middlewares/Third_Party/FreeRTOS/Source/tasks.c **** 
4897:Middlewares/Third_Party/FreeRTOS/Source/tasks.c **** 	BaseType_t xTaskGenericNotifyFromISR( TaskHandle_t xTaskToNotify, uint32_t ulValue, eNotifyAction 
4898:Middlewares/Third_Party/FreeRTOS/Source/tasks.c **** 	{
4899:Middlewares/Third_Party/FreeRTOS/Source/tasks.c **** 	TCB_t * pxTCB;
4900:Middlewares/Third_Party/FreeRTOS/Source/tasks.c **** 	uint8_t ucOriginalNotifyState;
4901:Middlewares/Third_Party/FreeRTOS/Source/tasks.c **** 	BaseType_t xReturn = pdPASS;
4902:Middlewares/Third_Party/FreeRTOS/Source/tasks.c **** 	UBaseType_t uxSavedInterruptStatus;
4903:Middlewares/Third_Party/FreeRTOS/Source/tasks.c **** 
4904:Middlewares/Third_Party/FreeRTOS/Source/tasks.c **** 		configASSERT( xTaskToNotify );
4905:Middlewares/Third_Party/FreeRTOS/Source/tasks.c **** 
4906:Middlewares/Third_Party/FreeRTOS/Source/tasks.c **** 		/* RTOS ports that support interrupt nesting have the concept of a
4907:Middlewares/Third_Party/FreeRTOS/Source/tasks.c **** 		maximum	system call (or maximum API call) interrupt priority.
4908:Middlewares/Third_Party/FreeRTOS/Source/tasks.c **** 		Interrupts that are	above the maximum system call priority are keep
4909:Middlewares/Third_Party/FreeRTOS/Source/tasks.c **** 		permanently enabled, even when the RTOS kernel is in a critical section,
4910:Middlewares/Third_Party/FreeRTOS/Source/tasks.c **** 		but cannot make any calls to FreeRTOS API functions.  If configASSERT()
4911:Middlewares/Third_Party/FreeRTOS/Source/tasks.c **** 		is defined in FreeRTOSConfig.h then
4912:Middlewares/Third_Party/FreeRTOS/Source/tasks.c **** 		portASSERT_IF_INTERRUPT_PRIORITY_INVALID() will result in an assertion
4913:Middlewares/Third_Party/FreeRTOS/Source/tasks.c **** 		failure if a FreeRTOS API function is called from an interrupt that has
4914:Middlewares/Third_Party/FreeRTOS/Source/tasks.c **** 		been assigned a priority above the configured maximum system call
4915:Middlewares/Third_Party/FreeRTOS/Source/tasks.c **** 		priority.  Only FreeRTOS functions that end in FromISR can be called
4916:Middlewares/Third_Party/FreeRTOS/Source/tasks.c **** 		from interrupts	that have been assigned a priority at or (logically)
ARM GAS  /tmp/cchsWuk7.s 			page 109


4917:Middlewares/Third_Party/FreeRTOS/Source/tasks.c **** 		below the maximum system call interrupt priority.  FreeRTOS maintains a
4918:Middlewares/Third_Party/FreeRTOS/Source/tasks.c **** 		separate interrupt safe API to ensure interrupt entry is as fast and as
4919:Middlewares/Third_Party/FreeRTOS/Source/tasks.c **** 		simple as possible.  More information (albeit Cortex-M specific) is
4920:Middlewares/Third_Party/FreeRTOS/Source/tasks.c **** 		provided on the following link:
4921:Middlewares/Third_Party/FreeRTOS/Source/tasks.c **** 		http://www.freertos.org/RTOS-Cortex-M3-M4.html */
4922:Middlewares/Third_Party/FreeRTOS/Source/tasks.c **** 		portASSERT_IF_INTERRUPT_PRIORITY_INVALID();
4923:Middlewares/Third_Party/FreeRTOS/Source/tasks.c **** 
4924:Middlewares/Third_Party/FreeRTOS/Source/tasks.c **** 		pxTCB = xTaskToNotify;
4925:Middlewares/Third_Party/FreeRTOS/Source/tasks.c **** 
4926:Middlewares/Third_Party/FreeRTOS/Source/tasks.c **** 		uxSavedInterruptStatus = portSET_INTERRUPT_MASK_FROM_ISR();
4927:Middlewares/Third_Party/FreeRTOS/Source/tasks.c **** 		{
4928:Middlewares/Third_Party/FreeRTOS/Source/tasks.c **** 			if( pulPreviousNotificationValue != NULL )
4929:Middlewares/Third_Party/FreeRTOS/Source/tasks.c **** 			{
4930:Middlewares/Third_Party/FreeRTOS/Source/tasks.c **** 				*pulPreviousNotificationValue = pxTCB->ulNotifiedValue;
4931:Middlewares/Third_Party/FreeRTOS/Source/tasks.c **** 			}
4932:Middlewares/Third_Party/FreeRTOS/Source/tasks.c **** 
4933:Middlewares/Third_Party/FreeRTOS/Source/tasks.c **** 			ucOriginalNotifyState = pxTCB->ucNotifyState;
4934:Middlewares/Third_Party/FreeRTOS/Source/tasks.c **** 			pxTCB->ucNotifyState = taskNOTIFICATION_RECEIVED;
4935:Middlewares/Third_Party/FreeRTOS/Source/tasks.c **** 
4936:Middlewares/Third_Party/FreeRTOS/Source/tasks.c **** 			switch( eAction )
4937:Middlewares/Third_Party/FreeRTOS/Source/tasks.c **** 			{
4938:Middlewares/Third_Party/FreeRTOS/Source/tasks.c **** 				case eSetBits	:
4939:Middlewares/Third_Party/FreeRTOS/Source/tasks.c **** 					pxTCB->ulNotifiedValue |= ulValue;
4940:Middlewares/Third_Party/FreeRTOS/Source/tasks.c **** 					break;
4941:Middlewares/Third_Party/FreeRTOS/Source/tasks.c **** 
4942:Middlewares/Third_Party/FreeRTOS/Source/tasks.c **** 				case eIncrement	:
4943:Middlewares/Third_Party/FreeRTOS/Source/tasks.c **** 					( pxTCB->ulNotifiedValue )++;
4944:Middlewares/Third_Party/FreeRTOS/Source/tasks.c **** 					break;
4945:Middlewares/Third_Party/FreeRTOS/Source/tasks.c **** 
4946:Middlewares/Third_Party/FreeRTOS/Source/tasks.c **** 				case eSetValueWithOverwrite	:
4947:Middlewares/Third_Party/FreeRTOS/Source/tasks.c **** 					pxTCB->ulNotifiedValue = ulValue;
4948:Middlewares/Third_Party/FreeRTOS/Source/tasks.c **** 					break;
4949:Middlewares/Third_Party/FreeRTOS/Source/tasks.c **** 
4950:Middlewares/Third_Party/FreeRTOS/Source/tasks.c **** 				case eSetValueWithoutOverwrite :
4951:Middlewares/Third_Party/FreeRTOS/Source/tasks.c **** 					if( ucOriginalNotifyState != taskNOTIFICATION_RECEIVED )
4952:Middlewares/Third_Party/FreeRTOS/Source/tasks.c **** 					{
4953:Middlewares/Third_Party/FreeRTOS/Source/tasks.c **** 						pxTCB->ulNotifiedValue = ulValue;
4954:Middlewares/Third_Party/FreeRTOS/Source/tasks.c **** 					}
4955:Middlewares/Third_Party/FreeRTOS/Source/tasks.c **** 					else
4956:Middlewares/Third_Party/FreeRTOS/Source/tasks.c **** 					{
4957:Middlewares/Third_Party/FreeRTOS/Source/tasks.c **** 						/* The value could not be written to the task. */
4958:Middlewares/Third_Party/FreeRTOS/Source/tasks.c **** 						xReturn = pdFAIL;
4959:Middlewares/Third_Party/FreeRTOS/Source/tasks.c **** 					}
4960:Middlewares/Third_Party/FreeRTOS/Source/tasks.c **** 					break;
4961:Middlewares/Third_Party/FreeRTOS/Source/tasks.c **** 
4962:Middlewares/Third_Party/FreeRTOS/Source/tasks.c **** 				case eNoAction :
4963:Middlewares/Third_Party/FreeRTOS/Source/tasks.c **** 					/* The task is being notified without its notify value being
4964:Middlewares/Third_Party/FreeRTOS/Source/tasks.c **** 					updated. */
4965:Middlewares/Third_Party/FreeRTOS/Source/tasks.c **** 					break;
4966:Middlewares/Third_Party/FreeRTOS/Source/tasks.c **** 
4967:Middlewares/Third_Party/FreeRTOS/Source/tasks.c **** 				default:
4968:Middlewares/Third_Party/FreeRTOS/Source/tasks.c **** 					/* Should not get here if all enums are handled.
4969:Middlewares/Third_Party/FreeRTOS/Source/tasks.c **** 					Artificially force an assert by testing a value the
4970:Middlewares/Third_Party/FreeRTOS/Source/tasks.c **** 					compiler can't assume is const. */
4971:Middlewares/Third_Party/FreeRTOS/Source/tasks.c **** 					configASSERT( pxTCB->ulNotifiedValue == ~0UL );
4972:Middlewares/Third_Party/FreeRTOS/Source/tasks.c **** 					break;
4973:Middlewares/Third_Party/FreeRTOS/Source/tasks.c **** 			}
ARM GAS  /tmp/cchsWuk7.s 			page 110


4974:Middlewares/Third_Party/FreeRTOS/Source/tasks.c **** 
4975:Middlewares/Third_Party/FreeRTOS/Source/tasks.c **** 			traceTASK_NOTIFY_FROM_ISR();
4976:Middlewares/Third_Party/FreeRTOS/Source/tasks.c **** 
4977:Middlewares/Third_Party/FreeRTOS/Source/tasks.c **** 			/* If the task is in the blocked state specifically to wait for a
4978:Middlewares/Third_Party/FreeRTOS/Source/tasks.c **** 			notification then unblock it now. */
4979:Middlewares/Third_Party/FreeRTOS/Source/tasks.c **** 			if( ucOriginalNotifyState == taskWAITING_NOTIFICATION )
4980:Middlewares/Third_Party/FreeRTOS/Source/tasks.c **** 			{
4981:Middlewares/Third_Party/FreeRTOS/Source/tasks.c **** 				/* The task should not have been on an event list. */
4982:Middlewares/Third_Party/FreeRTOS/Source/tasks.c **** 				configASSERT( listLIST_ITEM_CONTAINER( &( pxTCB->xEventListItem ) ) == NULL );
4983:Middlewares/Third_Party/FreeRTOS/Source/tasks.c **** 
4984:Middlewares/Third_Party/FreeRTOS/Source/tasks.c **** 				if( uxSchedulerSuspended == ( UBaseType_t ) pdFALSE )
4985:Middlewares/Third_Party/FreeRTOS/Source/tasks.c **** 				{
4986:Middlewares/Third_Party/FreeRTOS/Source/tasks.c **** 					( void ) uxListRemove( &( pxTCB->xStateListItem ) );
4987:Middlewares/Third_Party/FreeRTOS/Source/tasks.c **** 					prvAddTaskToReadyList( pxTCB );
4988:Middlewares/Third_Party/FreeRTOS/Source/tasks.c **** 				}
4989:Middlewares/Third_Party/FreeRTOS/Source/tasks.c **** 				else
4990:Middlewares/Third_Party/FreeRTOS/Source/tasks.c **** 				{
4991:Middlewares/Third_Party/FreeRTOS/Source/tasks.c **** 					/* The delayed and ready lists cannot be accessed, so hold
4992:Middlewares/Third_Party/FreeRTOS/Source/tasks.c **** 					this task pending until the scheduler is resumed. */
4993:Middlewares/Third_Party/FreeRTOS/Source/tasks.c **** 					vListInsertEnd( &( xPendingReadyList ), &( pxTCB->xEventListItem ) );
4994:Middlewares/Third_Party/FreeRTOS/Source/tasks.c **** 				}
4995:Middlewares/Third_Party/FreeRTOS/Source/tasks.c **** 
4996:Middlewares/Third_Party/FreeRTOS/Source/tasks.c **** 				if( pxTCB->uxPriority > pxCurrentTCB->uxPriority )
4997:Middlewares/Third_Party/FreeRTOS/Source/tasks.c **** 				{
4998:Middlewares/Third_Party/FreeRTOS/Source/tasks.c **** 					/* The notified task has a priority above the currently
4999:Middlewares/Third_Party/FreeRTOS/Source/tasks.c **** 					executing task so a yield is required. */
5000:Middlewares/Third_Party/FreeRTOS/Source/tasks.c **** 					if( pxHigherPriorityTaskWoken != NULL )
5001:Middlewares/Third_Party/FreeRTOS/Source/tasks.c **** 					{
5002:Middlewares/Third_Party/FreeRTOS/Source/tasks.c **** 						*pxHigherPriorityTaskWoken = pdTRUE;
5003:Middlewares/Third_Party/FreeRTOS/Source/tasks.c **** 					}
5004:Middlewares/Third_Party/FreeRTOS/Source/tasks.c **** 
5005:Middlewares/Third_Party/FreeRTOS/Source/tasks.c **** 					/* Mark that a yield is pending in case the user is not
5006:Middlewares/Third_Party/FreeRTOS/Source/tasks.c **** 					using the "xHigherPriorityTaskWoken" parameter to an ISR
5007:Middlewares/Third_Party/FreeRTOS/Source/tasks.c **** 					safe FreeRTOS function. */
5008:Middlewares/Third_Party/FreeRTOS/Source/tasks.c **** 					xYieldPending = pdTRUE;
5009:Middlewares/Third_Party/FreeRTOS/Source/tasks.c **** 				}
5010:Middlewares/Third_Party/FreeRTOS/Source/tasks.c **** 				else
5011:Middlewares/Third_Party/FreeRTOS/Source/tasks.c **** 				{
5012:Middlewares/Third_Party/FreeRTOS/Source/tasks.c **** 					mtCOVERAGE_TEST_MARKER();
5013:Middlewares/Third_Party/FreeRTOS/Source/tasks.c **** 				}
5014:Middlewares/Third_Party/FreeRTOS/Source/tasks.c **** 			}
5015:Middlewares/Third_Party/FreeRTOS/Source/tasks.c **** 		}
5016:Middlewares/Third_Party/FreeRTOS/Source/tasks.c **** 		portCLEAR_INTERRUPT_MASK_FROM_ISR( uxSavedInterruptStatus );
5017:Middlewares/Third_Party/FreeRTOS/Source/tasks.c **** 
5018:Middlewares/Third_Party/FreeRTOS/Source/tasks.c **** 		return xReturn;
5019:Middlewares/Third_Party/FreeRTOS/Source/tasks.c **** 	}
5020:Middlewares/Third_Party/FreeRTOS/Source/tasks.c **** 
5021:Middlewares/Third_Party/FreeRTOS/Source/tasks.c **** #endif /* configUSE_TASK_NOTIFICATIONS */
5022:Middlewares/Third_Party/FreeRTOS/Source/tasks.c **** /*-----------------------------------------------------------*/
5023:Middlewares/Third_Party/FreeRTOS/Source/tasks.c **** 
5024:Middlewares/Third_Party/FreeRTOS/Source/tasks.c **** #if( configUSE_TASK_NOTIFICATIONS == 1 )
5025:Middlewares/Third_Party/FreeRTOS/Source/tasks.c **** 
5026:Middlewares/Third_Party/FreeRTOS/Source/tasks.c **** 	void vTaskNotifyGiveFromISR( TaskHandle_t xTaskToNotify, BaseType_t *pxHigherPriorityTaskWoken )
5027:Middlewares/Third_Party/FreeRTOS/Source/tasks.c **** 	{
5028:Middlewares/Third_Party/FreeRTOS/Source/tasks.c **** 	TCB_t * pxTCB;
5029:Middlewares/Third_Party/FreeRTOS/Source/tasks.c **** 	uint8_t ucOriginalNotifyState;
5030:Middlewares/Third_Party/FreeRTOS/Source/tasks.c **** 	UBaseType_t uxSavedInterruptStatus;
ARM GAS  /tmp/cchsWuk7.s 			page 111


5031:Middlewares/Third_Party/FreeRTOS/Source/tasks.c **** 
5032:Middlewares/Third_Party/FreeRTOS/Source/tasks.c **** 		configASSERT( xTaskToNotify );
5033:Middlewares/Third_Party/FreeRTOS/Source/tasks.c **** 
5034:Middlewares/Third_Party/FreeRTOS/Source/tasks.c **** 		/* RTOS ports that support interrupt nesting have the concept of a
5035:Middlewares/Third_Party/FreeRTOS/Source/tasks.c **** 		maximum	system call (or maximum API call) interrupt priority.
5036:Middlewares/Third_Party/FreeRTOS/Source/tasks.c **** 		Interrupts that are	above the maximum system call priority are keep
5037:Middlewares/Third_Party/FreeRTOS/Source/tasks.c **** 		permanently enabled, even when the RTOS kernel is in a critical section,
5038:Middlewares/Third_Party/FreeRTOS/Source/tasks.c **** 		but cannot make any calls to FreeRTOS API functions.  If configASSERT()
5039:Middlewares/Third_Party/FreeRTOS/Source/tasks.c **** 		is defined in FreeRTOSConfig.h then
5040:Middlewares/Third_Party/FreeRTOS/Source/tasks.c **** 		portASSERT_IF_INTERRUPT_PRIORITY_INVALID() will result in an assertion
5041:Middlewares/Third_Party/FreeRTOS/Source/tasks.c **** 		failure if a FreeRTOS API function is called from an interrupt that has
5042:Middlewares/Third_Party/FreeRTOS/Source/tasks.c **** 		been assigned a priority above the configured maximum system call
5043:Middlewares/Third_Party/FreeRTOS/Source/tasks.c **** 		priority.  Only FreeRTOS functions that end in FromISR can be called
5044:Middlewares/Third_Party/FreeRTOS/Source/tasks.c **** 		from interrupts	that have been assigned a priority at or (logically)
5045:Middlewares/Third_Party/FreeRTOS/Source/tasks.c **** 		below the maximum system call interrupt priority.  FreeRTOS maintains a
5046:Middlewares/Third_Party/FreeRTOS/Source/tasks.c **** 		separate interrupt safe API to ensure interrupt entry is as fast and as
5047:Middlewares/Third_Party/FreeRTOS/Source/tasks.c **** 		simple as possible.  More information (albeit Cortex-M specific) is
5048:Middlewares/Third_Party/FreeRTOS/Source/tasks.c **** 		provided on the following link:
5049:Middlewares/Third_Party/FreeRTOS/Source/tasks.c **** 		http://www.freertos.org/RTOS-Cortex-M3-M4.html */
5050:Middlewares/Third_Party/FreeRTOS/Source/tasks.c **** 		portASSERT_IF_INTERRUPT_PRIORITY_INVALID();
5051:Middlewares/Third_Party/FreeRTOS/Source/tasks.c **** 
5052:Middlewares/Third_Party/FreeRTOS/Source/tasks.c **** 		pxTCB = xTaskToNotify;
5053:Middlewares/Third_Party/FreeRTOS/Source/tasks.c **** 
5054:Middlewares/Third_Party/FreeRTOS/Source/tasks.c **** 		uxSavedInterruptStatus = portSET_INTERRUPT_MASK_FROM_ISR();
5055:Middlewares/Third_Party/FreeRTOS/Source/tasks.c **** 		{
5056:Middlewares/Third_Party/FreeRTOS/Source/tasks.c **** 			ucOriginalNotifyState = pxTCB->ucNotifyState;
5057:Middlewares/Third_Party/FreeRTOS/Source/tasks.c **** 			pxTCB->ucNotifyState = taskNOTIFICATION_RECEIVED;
5058:Middlewares/Third_Party/FreeRTOS/Source/tasks.c **** 
5059:Middlewares/Third_Party/FreeRTOS/Source/tasks.c **** 			/* 'Giving' is equivalent to incrementing a count in a counting
5060:Middlewares/Third_Party/FreeRTOS/Source/tasks.c **** 			semaphore. */
5061:Middlewares/Third_Party/FreeRTOS/Source/tasks.c **** 			( pxTCB->ulNotifiedValue )++;
5062:Middlewares/Third_Party/FreeRTOS/Source/tasks.c **** 
5063:Middlewares/Third_Party/FreeRTOS/Source/tasks.c **** 			traceTASK_NOTIFY_GIVE_FROM_ISR();
5064:Middlewares/Third_Party/FreeRTOS/Source/tasks.c **** 
5065:Middlewares/Third_Party/FreeRTOS/Source/tasks.c **** 			/* If the task is in the blocked state specifically to wait for a
5066:Middlewares/Third_Party/FreeRTOS/Source/tasks.c **** 			notification then unblock it now. */
5067:Middlewares/Third_Party/FreeRTOS/Source/tasks.c **** 			if( ucOriginalNotifyState == taskWAITING_NOTIFICATION )
5068:Middlewares/Third_Party/FreeRTOS/Source/tasks.c **** 			{
5069:Middlewares/Third_Party/FreeRTOS/Source/tasks.c **** 				/* The task should not have been on an event list. */
5070:Middlewares/Third_Party/FreeRTOS/Source/tasks.c **** 				configASSERT( listLIST_ITEM_CONTAINER( &( pxTCB->xEventListItem ) ) == NULL );
5071:Middlewares/Third_Party/FreeRTOS/Source/tasks.c **** 
5072:Middlewares/Third_Party/FreeRTOS/Source/tasks.c **** 				if( uxSchedulerSuspended == ( UBaseType_t ) pdFALSE )
5073:Middlewares/Third_Party/FreeRTOS/Source/tasks.c **** 				{
5074:Middlewares/Third_Party/FreeRTOS/Source/tasks.c **** 					( void ) uxListRemove( &( pxTCB->xStateListItem ) );
5075:Middlewares/Third_Party/FreeRTOS/Source/tasks.c **** 					prvAddTaskToReadyList( pxTCB );
5076:Middlewares/Third_Party/FreeRTOS/Source/tasks.c **** 				}
5077:Middlewares/Third_Party/FreeRTOS/Source/tasks.c **** 				else
5078:Middlewares/Third_Party/FreeRTOS/Source/tasks.c **** 				{
5079:Middlewares/Third_Party/FreeRTOS/Source/tasks.c **** 					/* The delayed and ready lists cannot be accessed, so hold
5080:Middlewares/Third_Party/FreeRTOS/Source/tasks.c **** 					this task pending until the scheduler is resumed. */
5081:Middlewares/Third_Party/FreeRTOS/Source/tasks.c **** 					vListInsertEnd( &( xPendingReadyList ), &( pxTCB->xEventListItem ) );
5082:Middlewares/Third_Party/FreeRTOS/Source/tasks.c **** 				}
5083:Middlewares/Third_Party/FreeRTOS/Source/tasks.c **** 
5084:Middlewares/Third_Party/FreeRTOS/Source/tasks.c **** 				if( pxTCB->uxPriority > pxCurrentTCB->uxPriority )
5085:Middlewares/Third_Party/FreeRTOS/Source/tasks.c **** 				{
5086:Middlewares/Third_Party/FreeRTOS/Source/tasks.c **** 					/* The notified task has a priority above the currently
5087:Middlewares/Third_Party/FreeRTOS/Source/tasks.c **** 					executing task so a yield is required. */
ARM GAS  /tmp/cchsWuk7.s 			page 112


5088:Middlewares/Third_Party/FreeRTOS/Source/tasks.c **** 					if( pxHigherPriorityTaskWoken != NULL )
5089:Middlewares/Third_Party/FreeRTOS/Source/tasks.c **** 					{
5090:Middlewares/Third_Party/FreeRTOS/Source/tasks.c **** 						*pxHigherPriorityTaskWoken = pdTRUE;
5091:Middlewares/Third_Party/FreeRTOS/Source/tasks.c **** 					}
5092:Middlewares/Third_Party/FreeRTOS/Source/tasks.c **** 
5093:Middlewares/Third_Party/FreeRTOS/Source/tasks.c **** 					/* Mark that a yield is pending in case the user is not
5094:Middlewares/Third_Party/FreeRTOS/Source/tasks.c **** 					using the "xHigherPriorityTaskWoken" parameter in an ISR
5095:Middlewares/Third_Party/FreeRTOS/Source/tasks.c **** 					safe FreeRTOS function. */
5096:Middlewares/Third_Party/FreeRTOS/Source/tasks.c **** 					xYieldPending = pdTRUE;
5097:Middlewares/Third_Party/FreeRTOS/Source/tasks.c **** 				}
5098:Middlewares/Third_Party/FreeRTOS/Source/tasks.c **** 				else
5099:Middlewares/Third_Party/FreeRTOS/Source/tasks.c **** 				{
5100:Middlewares/Third_Party/FreeRTOS/Source/tasks.c **** 					mtCOVERAGE_TEST_MARKER();
5101:Middlewares/Third_Party/FreeRTOS/Source/tasks.c **** 				}
5102:Middlewares/Third_Party/FreeRTOS/Source/tasks.c **** 			}
5103:Middlewares/Third_Party/FreeRTOS/Source/tasks.c **** 		}
5104:Middlewares/Third_Party/FreeRTOS/Source/tasks.c **** 		portCLEAR_INTERRUPT_MASK_FROM_ISR( uxSavedInterruptStatus );
5105:Middlewares/Third_Party/FreeRTOS/Source/tasks.c **** 	}
5106:Middlewares/Third_Party/FreeRTOS/Source/tasks.c **** 
5107:Middlewares/Third_Party/FreeRTOS/Source/tasks.c **** #endif /* configUSE_TASK_NOTIFICATIONS */
5108:Middlewares/Third_Party/FreeRTOS/Source/tasks.c **** /*-----------------------------------------------------------*/
5109:Middlewares/Third_Party/FreeRTOS/Source/tasks.c **** 
5110:Middlewares/Third_Party/FreeRTOS/Source/tasks.c **** #if( configUSE_TASK_NOTIFICATIONS == 1 )
5111:Middlewares/Third_Party/FreeRTOS/Source/tasks.c **** 
5112:Middlewares/Third_Party/FreeRTOS/Source/tasks.c **** 	BaseType_t xTaskNotifyStateClear( TaskHandle_t xTask )
5113:Middlewares/Third_Party/FreeRTOS/Source/tasks.c **** 	{
5114:Middlewares/Third_Party/FreeRTOS/Source/tasks.c **** 	TCB_t *pxTCB;
5115:Middlewares/Third_Party/FreeRTOS/Source/tasks.c **** 	BaseType_t xReturn;
5116:Middlewares/Third_Party/FreeRTOS/Source/tasks.c **** 
5117:Middlewares/Third_Party/FreeRTOS/Source/tasks.c **** 		/* If null is passed in here then it is the calling task that is having
5118:Middlewares/Third_Party/FreeRTOS/Source/tasks.c **** 		its notification state cleared. */
5119:Middlewares/Third_Party/FreeRTOS/Source/tasks.c **** 		pxTCB = prvGetTCBFromHandle( xTask );
5120:Middlewares/Third_Party/FreeRTOS/Source/tasks.c **** 
5121:Middlewares/Third_Party/FreeRTOS/Source/tasks.c **** 		taskENTER_CRITICAL();
5122:Middlewares/Third_Party/FreeRTOS/Source/tasks.c **** 		{
5123:Middlewares/Third_Party/FreeRTOS/Source/tasks.c **** 			if( pxTCB->ucNotifyState == taskNOTIFICATION_RECEIVED )
5124:Middlewares/Third_Party/FreeRTOS/Source/tasks.c **** 			{
5125:Middlewares/Third_Party/FreeRTOS/Source/tasks.c **** 				pxTCB->ucNotifyState = taskNOT_WAITING_NOTIFICATION;
5126:Middlewares/Third_Party/FreeRTOS/Source/tasks.c **** 				xReturn = pdPASS;
5127:Middlewares/Third_Party/FreeRTOS/Source/tasks.c **** 			}
5128:Middlewares/Third_Party/FreeRTOS/Source/tasks.c **** 			else
5129:Middlewares/Third_Party/FreeRTOS/Source/tasks.c **** 			{
5130:Middlewares/Third_Party/FreeRTOS/Source/tasks.c **** 				xReturn = pdFAIL;
5131:Middlewares/Third_Party/FreeRTOS/Source/tasks.c **** 			}
5132:Middlewares/Third_Party/FreeRTOS/Source/tasks.c **** 		}
5133:Middlewares/Third_Party/FreeRTOS/Source/tasks.c **** 		taskEXIT_CRITICAL();
5134:Middlewares/Third_Party/FreeRTOS/Source/tasks.c **** 
5135:Middlewares/Third_Party/FreeRTOS/Source/tasks.c **** 		return xReturn;
5136:Middlewares/Third_Party/FreeRTOS/Source/tasks.c **** 	}
5137:Middlewares/Third_Party/FreeRTOS/Source/tasks.c **** 
5138:Middlewares/Third_Party/FreeRTOS/Source/tasks.c **** #endif /* configUSE_TASK_NOTIFICATIONS */
5139:Middlewares/Third_Party/FreeRTOS/Source/tasks.c **** /*-----------------------------------------------------------*/
5140:Middlewares/Third_Party/FreeRTOS/Source/tasks.c **** 
5141:Middlewares/Third_Party/FreeRTOS/Source/tasks.c **** #if( configUSE_TASK_NOTIFICATIONS == 1 )
5142:Middlewares/Third_Party/FreeRTOS/Source/tasks.c **** 
5143:Middlewares/Third_Party/FreeRTOS/Source/tasks.c **** 	uint32_t ulTaskNotifyValueClear( TaskHandle_t xTask, uint32_t ulBitsToClear )
5144:Middlewares/Third_Party/FreeRTOS/Source/tasks.c **** 	{
ARM GAS  /tmp/cchsWuk7.s 			page 113


5145:Middlewares/Third_Party/FreeRTOS/Source/tasks.c **** 	TCB_t *pxTCB;
5146:Middlewares/Third_Party/FreeRTOS/Source/tasks.c **** 	uint32_t ulReturn;
5147:Middlewares/Third_Party/FreeRTOS/Source/tasks.c **** 
5148:Middlewares/Third_Party/FreeRTOS/Source/tasks.c **** 		/* If null is passed in here then it is the calling task that is having
5149:Middlewares/Third_Party/FreeRTOS/Source/tasks.c **** 		its notification state cleared. */
5150:Middlewares/Third_Party/FreeRTOS/Source/tasks.c **** 		pxTCB = prvGetTCBFromHandle( xTask );
5151:Middlewares/Third_Party/FreeRTOS/Source/tasks.c **** 
5152:Middlewares/Third_Party/FreeRTOS/Source/tasks.c **** 		taskENTER_CRITICAL();
5153:Middlewares/Third_Party/FreeRTOS/Source/tasks.c **** 		{
5154:Middlewares/Third_Party/FreeRTOS/Source/tasks.c **** 			/* Return the notification as it was before the bits were cleared,
5155:Middlewares/Third_Party/FreeRTOS/Source/tasks.c **** 			then clear the bit mask. */
5156:Middlewares/Third_Party/FreeRTOS/Source/tasks.c **** 			ulReturn = pxCurrentTCB->ulNotifiedValue;
5157:Middlewares/Third_Party/FreeRTOS/Source/tasks.c **** 			pxTCB->ulNotifiedValue &= ~ulBitsToClear;
5158:Middlewares/Third_Party/FreeRTOS/Source/tasks.c **** 		}
5159:Middlewares/Third_Party/FreeRTOS/Source/tasks.c **** 		taskEXIT_CRITICAL();
5160:Middlewares/Third_Party/FreeRTOS/Source/tasks.c **** 
5161:Middlewares/Third_Party/FreeRTOS/Source/tasks.c **** 		return ulReturn;
5162:Middlewares/Third_Party/FreeRTOS/Source/tasks.c **** 	}
5163:Middlewares/Third_Party/FreeRTOS/Source/tasks.c **** 
5164:Middlewares/Third_Party/FreeRTOS/Source/tasks.c **** #endif /* configUSE_TASK_NOTIFICATIONS */
5165:Middlewares/Third_Party/FreeRTOS/Source/tasks.c **** /*-----------------------------------------------------------*/
5166:Middlewares/Third_Party/FreeRTOS/Source/tasks.c **** 
5167:Middlewares/Third_Party/FreeRTOS/Source/tasks.c **** #if( ( configGENERATE_RUN_TIME_STATS == 1 ) && ( INCLUDE_xTaskGetIdleTaskHandle == 1 ) )
5168:Middlewares/Third_Party/FreeRTOS/Source/tasks.c **** 
5169:Middlewares/Third_Party/FreeRTOS/Source/tasks.c **** 	uint32_t ulTaskGetIdleRunTimeCounter( void )
5170:Middlewares/Third_Party/FreeRTOS/Source/tasks.c **** 	{
5171:Middlewares/Third_Party/FreeRTOS/Source/tasks.c **** 		return xIdleTaskHandle->ulRunTimeCounter;
5172:Middlewares/Third_Party/FreeRTOS/Source/tasks.c **** 	}
5173:Middlewares/Third_Party/FreeRTOS/Source/tasks.c **** 
5174:Middlewares/Third_Party/FreeRTOS/Source/tasks.c **** #endif
5175:Middlewares/Third_Party/FreeRTOS/Source/tasks.c **** /*-----------------------------------------------------------*/
5176:Middlewares/Third_Party/FreeRTOS/Source/tasks.c **** 
5177:Middlewares/Third_Party/FreeRTOS/Source/tasks.c **** static void prvAddCurrentTaskToDelayedList( TickType_t xTicksToWait, const BaseType_t xCanBlockInde
5178:Middlewares/Third_Party/FreeRTOS/Source/tasks.c **** {
 868              		.loc 1 5178 1 view -0
 869              		.cfi_startproc
 870              		@ args = 0, pretend = 0, frame = 0
 871              		@ frame_needed = 0, uses_anonymous_args = 0
 872              		.loc 1 5178 1 is_stmt 0 view .LVU246
 873 0000 70B5     		push	{r4, r5, r6, lr}
 874              	.LCFI7:
 875              		.cfi_def_cfa_offset 16
 876              		.cfi_offset 4, -16
 877              		.cfi_offset 5, -12
 878              		.cfi_offset 6, -8
 879              		.cfi_offset 14, -4
 880 0002 0446     		mov	r4, r0
 881 0004 0D46     		mov	r5, r1
5179:Middlewares/Third_Party/FreeRTOS/Source/tasks.c **** TickType_t xTimeToWake;
 882              		.loc 1 5179 1 is_stmt 1 view .LVU247
5180:Middlewares/Third_Party/FreeRTOS/Source/tasks.c **** const TickType_t xConstTickCount = xTickCount;
 883              		.loc 1 5180 1 view .LVU248
 884              		.loc 1 5180 18 is_stmt 0 view .LVU249
 885 0006 174B     		ldr	r3, .L78
 886 0008 1E68     		ldr	r6, [r3]
 887              	.LVL65:
5181:Middlewares/Third_Party/FreeRTOS/Source/tasks.c **** 
ARM GAS  /tmp/cchsWuk7.s 			page 114


5182:Middlewares/Third_Party/FreeRTOS/Source/tasks.c **** 	#if( INCLUDE_xTaskAbortDelay == 1 )
5183:Middlewares/Third_Party/FreeRTOS/Source/tasks.c **** 	{
5184:Middlewares/Third_Party/FreeRTOS/Source/tasks.c **** 		/* About to enter a delayed list, so ensure the ucDelayAborted flag is
5185:Middlewares/Third_Party/FreeRTOS/Source/tasks.c **** 		reset to pdFALSE so it can be detected as having been set to pdTRUE
5186:Middlewares/Third_Party/FreeRTOS/Source/tasks.c **** 		when the task leaves the Blocked state. */
5187:Middlewares/Third_Party/FreeRTOS/Source/tasks.c **** 		pxCurrentTCB->ucDelayAborted = pdFALSE;
5188:Middlewares/Third_Party/FreeRTOS/Source/tasks.c **** 	}
5189:Middlewares/Third_Party/FreeRTOS/Source/tasks.c **** 	#endif
5190:Middlewares/Third_Party/FreeRTOS/Source/tasks.c **** 
5191:Middlewares/Third_Party/FreeRTOS/Source/tasks.c **** 	/* Remove the task from the ready list before adding it to the blocked list
5192:Middlewares/Third_Party/FreeRTOS/Source/tasks.c **** 	as the same list item is used for both lists. */
5193:Middlewares/Third_Party/FreeRTOS/Source/tasks.c **** 	if( uxListRemove( &( pxCurrentTCB->xStateListItem ) ) == ( UBaseType_t ) 0 )
 888              		.loc 1 5193 2 is_stmt 1 view .LVU250
 889              		.loc 1 5193 35 is_stmt 0 view .LVU251
 890 000a 174B     		ldr	r3, .L78+4
 891 000c 1868     		ldr	r0, [r3]
 892              	.LVL66:
 893              		.loc 1 5193 6 view .LVU252
 894 000e 0430     		adds	r0, r0, #4
 895 0010 FFF7FEFF 		bl	uxListRemove
 896              	.LVL67:
5194:Middlewares/Third_Party/FreeRTOS/Source/tasks.c **** 	{
5195:Middlewares/Third_Party/FreeRTOS/Source/tasks.c **** 		/* The current task must be in a ready list, so there is no need to
5196:Middlewares/Third_Party/FreeRTOS/Source/tasks.c **** 		check, and the port reset macro can be called directly. */
5197:Middlewares/Third_Party/FreeRTOS/Source/tasks.c **** 		portRESET_READY_PRIORITY( pxCurrentTCB->uxPriority, uxTopReadyPriority ); /*lint !e931 pxCurrentT
 897              		.loc 1 5197 75 is_stmt 1 view .LVU253
5198:Middlewares/Third_Party/FreeRTOS/Source/tasks.c **** 	}
5199:Middlewares/Third_Party/FreeRTOS/Source/tasks.c **** 	else
5200:Middlewares/Third_Party/FreeRTOS/Source/tasks.c **** 	{
5201:Middlewares/Third_Party/FreeRTOS/Source/tasks.c **** 		mtCOVERAGE_TEST_MARKER();
 898              		.loc 1 5201 27 view .LVU254
5202:Middlewares/Third_Party/FreeRTOS/Source/tasks.c **** 	}
5203:Middlewares/Third_Party/FreeRTOS/Source/tasks.c **** 
5204:Middlewares/Third_Party/FreeRTOS/Source/tasks.c **** 	#if ( INCLUDE_vTaskSuspend == 1 )
5205:Middlewares/Third_Party/FreeRTOS/Source/tasks.c **** 	{
5206:Middlewares/Third_Party/FreeRTOS/Source/tasks.c **** 		if( ( xTicksToWait == portMAX_DELAY ) && ( xCanBlockIndefinitely != pdFALSE ) )
 899              		.loc 1 5206 3 view .LVU255
 900              		.loc 1 5206 5 is_stmt 0 view .LVU256
 901 0014 B4F1FF3F 		cmp	r4, #-1
 902 0018 0DD0     		beq	.L77
 903              	.L73:
5207:Middlewares/Third_Party/FreeRTOS/Source/tasks.c **** 		{
5208:Middlewares/Third_Party/FreeRTOS/Source/tasks.c **** 			/* Add the task to the suspended task list instead of a delayed task
5209:Middlewares/Third_Party/FreeRTOS/Source/tasks.c **** 			list to ensure it is not woken by a timing event.  It will block
5210:Middlewares/Third_Party/FreeRTOS/Source/tasks.c **** 			indefinitely. */
5211:Middlewares/Third_Party/FreeRTOS/Source/tasks.c **** 			vListInsertEnd( &xSuspendedTaskList, &( pxCurrentTCB->xStateListItem ) );
5212:Middlewares/Third_Party/FreeRTOS/Source/tasks.c **** 		}
5213:Middlewares/Third_Party/FreeRTOS/Source/tasks.c **** 		else
5214:Middlewares/Third_Party/FreeRTOS/Source/tasks.c **** 		{
5215:Middlewares/Third_Party/FreeRTOS/Source/tasks.c **** 			/* Calculate the time at which the task should be woken if the event
5216:Middlewares/Third_Party/FreeRTOS/Source/tasks.c **** 			does not occur.  This may overflow but this doesn't matter, the
5217:Middlewares/Third_Party/FreeRTOS/Source/tasks.c **** 			kernel will manage it correctly. */
5218:Middlewares/Third_Party/FreeRTOS/Source/tasks.c **** 			xTimeToWake = xConstTickCount + xTicksToWait;
 904              		.loc 1 5218 4 is_stmt 1 view .LVU257
 905              		.loc 1 5218 16 is_stmt 0 view .LVU258
 906 001a 3444     		add	r4, r4, r6
 907              	.LVL68:
ARM GAS  /tmp/cchsWuk7.s 			page 115


5219:Middlewares/Third_Party/FreeRTOS/Source/tasks.c **** 
5220:Middlewares/Third_Party/FreeRTOS/Source/tasks.c **** 			/* The list item will be inserted in wake time order. */
5221:Middlewares/Third_Party/FreeRTOS/Source/tasks.c **** 			listSET_LIST_ITEM_VALUE( &( pxCurrentTCB->xStateListItem ), xTimeToWake );
 908              		.loc 1 5221 4 is_stmt 1 view .LVU259
 909 001c 124B     		ldr	r3, .L78+4
 910 001e 1B68     		ldr	r3, [r3]
 911 0020 5C60     		str	r4, [r3, #4]
5222:Middlewares/Third_Party/FreeRTOS/Source/tasks.c **** 
5223:Middlewares/Third_Party/FreeRTOS/Source/tasks.c **** 			if( xTimeToWake < xConstTickCount )
 912              		.loc 1 5223 4 view .LVU260
 913              		.loc 1 5223 6 is_stmt 0 view .LVU261
 914 0022 A642     		cmp	r6, r4
 915 0024 10D9     		bls	.L75
5224:Middlewares/Third_Party/FreeRTOS/Source/tasks.c **** 			{
5225:Middlewares/Third_Party/FreeRTOS/Source/tasks.c **** 				/* Wake time has overflowed.  Place this item in the overflow
5226:Middlewares/Third_Party/FreeRTOS/Source/tasks.c **** 				list. */
5227:Middlewares/Third_Party/FreeRTOS/Source/tasks.c **** 				vListInsert( pxOverflowDelayedTaskList, &( pxCurrentTCB->xStateListItem ) );
 916              		.loc 1 5227 5 is_stmt 1 view .LVU262
 917 0026 114B     		ldr	r3, .L78+8
 918 0028 1868     		ldr	r0, [r3]
 919              		.loc 1 5227 60 is_stmt 0 view .LVU263
 920 002a 0F4B     		ldr	r3, .L78+4
 921 002c 1968     		ldr	r1, [r3]
 922              		.loc 1 5227 5 view .LVU264
 923 002e 0431     		adds	r1, r1, #4
 924 0030 FFF7FEFF 		bl	vListInsert
 925              	.LVL69:
 926              	.L72:
5228:Middlewares/Third_Party/FreeRTOS/Source/tasks.c **** 			}
5229:Middlewares/Third_Party/FreeRTOS/Source/tasks.c **** 			else
5230:Middlewares/Third_Party/FreeRTOS/Source/tasks.c **** 			{
5231:Middlewares/Third_Party/FreeRTOS/Source/tasks.c **** 				/* The wake time has not overflowed, so the current block list
5232:Middlewares/Third_Party/FreeRTOS/Source/tasks.c **** 				is used. */
5233:Middlewares/Third_Party/FreeRTOS/Source/tasks.c **** 				vListInsert( pxDelayedTaskList, &( pxCurrentTCB->xStateListItem ) );
5234:Middlewares/Third_Party/FreeRTOS/Source/tasks.c **** 
5235:Middlewares/Third_Party/FreeRTOS/Source/tasks.c **** 				/* If the task entering the blocked state was placed at the
5236:Middlewares/Third_Party/FreeRTOS/Source/tasks.c **** 				head of the list of blocked tasks then xNextTaskUnblockTime
5237:Middlewares/Third_Party/FreeRTOS/Source/tasks.c **** 				needs to be updated too. */
5238:Middlewares/Third_Party/FreeRTOS/Source/tasks.c **** 				if( xTimeToWake < xNextTaskUnblockTime )
5239:Middlewares/Third_Party/FreeRTOS/Source/tasks.c **** 				{
5240:Middlewares/Third_Party/FreeRTOS/Source/tasks.c **** 					xNextTaskUnblockTime = xTimeToWake;
5241:Middlewares/Third_Party/FreeRTOS/Source/tasks.c **** 				}
5242:Middlewares/Third_Party/FreeRTOS/Source/tasks.c **** 				else
5243:Middlewares/Third_Party/FreeRTOS/Source/tasks.c **** 				{
5244:Middlewares/Third_Party/FreeRTOS/Source/tasks.c **** 					mtCOVERAGE_TEST_MARKER();
5245:Middlewares/Third_Party/FreeRTOS/Source/tasks.c **** 				}
5246:Middlewares/Third_Party/FreeRTOS/Source/tasks.c **** 			}
5247:Middlewares/Third_Party/FreeRTOS/Source/tasks.c **** 		}
5248:Middlewares/Third_Party/FreeRTOS/Source/tasks.c **** 	}
5249:Middlewares/Third_Party/FreeRTOS/Source/tasks.c **** 	#else /* INCLUDE_vTaskSuspend */
5250:Middlewares/Third_Party/FreeRTOS/Source/tasks.c **** 	{
5251:Middlewares/Third_Party/FreeRTOS/Source/tasks.c **** 		/* Calculate the time at which the task should be woken if the event
5252:Middlewares/Third_Party/FreeRTOS/Source/tasks.c **** 		does not occur.  This may overflow but this doesn't matter, the kernel
5253:Middlewares/Third_Party/FreeRTOS/Source/tasks.c **** 		will manage it correctly. */
5254:Middlewares/Third_Party/FreeRTOS/Source/tasks.c **** 		xTimeToWake = xConstTickCount + xTicksToWait;
5255:Middlewares/Third_Party/FreeRTOS/Source/tasks.c **** 
5256:Middlewares/Third_Party/FreeRTOS/Source/tasks.c **** 		/* The list item will be inserted in wake time order. */
ARM GAS  /tmp/cchsWuk7.s 			page 116


5257:Middlewares/Third_Party/FreeRTOS/Source/tasks.c **** 		listSET_LIST_ITEM_VALUE( &( pxCurrentTCB->xStateListItem ), xTimeToWake );
5258:Middlewares/Third_Party/FreeRTOS/Source/tasks.c **** 
5259:Middlewares/Third_Party/FreeRTOS/Source/tasks.c **** 		if( xTimeToWake < xConstTickCount )
5260:Middlewares/Third_Party/FreeRTOS/Source/tasks.c **** 		{
5261:Middlewares/Third_Party/FreeRTOS/Source/tasks.c **** 			/* Wake time has overflowed.  Place this item in the overflow list. */
5262:Middlewares/Third_Party/FreeRTOS/Source/tasks.c **** 			vListInsert( pxOverflowDelayedTaskList, &( pxCurrentTCB->xStateListItem ) );
5263:Middlewares/Third_Party/FreeRTOS/Source/tasks.c **** 		}
5264:Middlewares/Third_Party/FreeRTOS/Source/tasks.c **** 		else
5265:Middlewares/Third_Party/FreeRTOS/Source/tasks.c **** 		{
5266:Middlewares/Third_Party/FreeRTOS/Source/tasks.c **** 			/* The wake time has not overflowed, so the current block list is used. */
5267:Middlewares/Third_Party/FreeRTOS/Source/tasks.c **** 			vListInsert( pxDelayedTaskList, &( pxCurrentTCB->xStateListItem ) );
5268:Middlewares/Third_Party/FreeRTOS/Source/tasks.c **** 
5269:Middlewares/Third_Party/FreeRTOS/Source/tasks.c **** 			/* If the task entering the blocked state was placed at the head of the
5270:Middlewares/Third_Party/FreeRTOS/Source/tasks.c **** 			list of blocked tasks then xNextTaskUnblockTime needs to be updated
5271:Middlewares/Third_Party/FreeRTOS/Source/tasks.c **** 			too. */
5272:Middlewares/Third_Party/FreeRTOS/Source/tasks.c **** 			if( xTimeToWake < xNextTaskUnblockTime )
5273:Middlewares/Third_Party/FreeRTOS/Source/tasks.c **** 			{
5274:Middlewares/Third_Party/FreeRTOS/Source/tasks.c **** 				xNextTaskUnblockTime = xTimeToWake;
5275:Middlewares/Third_Party/FreeRTOS/Source/tasks.c **** 			}
5276:Middlewares/Third_Party/FreeRTOS/Source/tasks.c **** 			else
5277:Middlewares/Third_Party/FreeRTOS/Source/tasks.c **** 			{
5278:Middlewares/Third_Party/FreeRTOS/Source/tasks.c **** 				mtCOVERAGE_TEST_MARKER();
5279:Middlewares/Third_Party/FreeRTOS/Source/tasks.c **** 			}
5280:Middlewares/Third_Party/FreeRTOS/Source/tasks.c **** 		}
5281:Middlewares/Third_Party/FreeRTOS/Source/tasks.c **** 
5282:Middlewares/Third_Party/FreeRTOS/Source/tasks.c **** 		/* Avoid compiler warning when INCLUDE_vTaskSuspend is not 1. */
5283:Middlewares/Third_Party/FreeRTOS/Source/tasks.c **** 		( void ) xCanBlockIndefinitely;
5284:Middlewares/Third_Party/FreeRTOS/Source/tasks.c **** 	}
5285:Middlewares/Third_Party/FreeRTOS/Source/tasks.c **** 	#endif /* INCLUDE_vTaskSuspend */
5286:Middlewares/Third_Party/FreeRTOS/Source/tasks.c **** }
 927              		.loc 1 5286 1 view .LVU265
 928 0034 70BD     		pop	{r4, r5, r6, pc}
 929              	.LVL70:
 930              	.L77:
5206:Middlewares/Third_Party/FreeRTOS/Source/tasks.c **** 		{
 931              		.loc 1 5206 41 discriminator 1 view .LVU266
 932 0036 002D     		cmp	r5, #0
 933 0038 EFD0     		beq	.L73
5211:Middlewares/Third_Party/FreeRTOS/Source/tasks.c **** 		}
 934              		.loc 1 5211 4 is_stmt 1 view .LVU267
5211:Middlewares/Third_Party/FreeRTOS/Source/tasks.c **** 		}
 935              		.loc 1 5211 56 is_stmt 0 view .LVU268
 936 003a 0B4B     		ldr	r3, .L78+4
 937 003c 1968     		ldr	r1, [r3]
5211:Middlewares/Third_Party/FreeRTOS/Source/tasks.c **** 		}
 938              		.loc 1 5211 4 view .LVU269
 939 003e 0431     		adds	r1, r1, #4
 940 0040 0B48     		ldr	r0, .L78+12
 941 0042 FFF7FEFF 		bl	vListInsertEnd
 942              	.LVL71:
 943 0046 F5E7     		b	.L72
 944              	.LVL72:
 945              	.L75:
5233:Middlewares/Third_Party/FreeRTOS/Source/tasks.c **** 
 946              		.loc 1 5233 5 is_stmt 1 view .LVU270
 947 0048 0A4B     		ldr	r3, .L78+16
 948 004a 1868     		ldr	r0, [r3]
ARM GAS  /tmp/cchsWuk7.s 			page 117


5233:Middlewares/Third_Party/FreeRTOS/Source/tasks.c **** 
 949              		.loc 1 5233 52 is_stmt 0 view .LVU271
 950 004c 064B     		ldr	r3, .L78+4
 951 004e 1968     		ldr	r1, [r3]
5233:Middlewares/Third_Party/FreeRTOS/Source/tasks.c **** 
 952              		.loc 1 5233 5 view .LVU272
 953 0050 0431     		adds	r1, r1, #4
 954 0052 FFF7FEFF 		bl	vListInsert
 955              	.LVL73:
5238:Middlewares/Third_Party/FreeRTOS/Source/tasks.c **** 				{
 956              		.loc 1 5238 5 is_stmt 1 view .LVU273
5238:Middlewares/Third_Party/FreeRTOS/Source/tasks.c **** 				{
 957              		.loc 1 5238 21 is_stmt 0 view .LVU274
 958 0056 084B     		ldr	r3, .L78+20
 959 0058 1B68     		ldr	r3, [r3]
5238:Middlewares/Third_Party/FreeRTOS/Source/tasks.c **** 				{
 960              		.loc 1 5238 7 view .LVU275
 961 005a A342     		cmp	r3, r4
 962 005c EAD9     		bls	.L72
5240:Middlewares/Third_Party/FreeRTOS/Source/tasks.c **** 				}
 963              		.loc 1 5240 6 is_stmt 1 view .LVU276
5240:Middlewares/Third_Party/FreeRTOS/Source/tasks.c **** 				}
 964              		.loc 1 5240 27 is_stmt 0 view .LVU277
 965 005e 064B     		ldr	r3, .L78+20
 966 0060 1C60     		str	r4, [r3]
5244:Middlewares/Third_Party/FreeRTOS/Source/tasks.c **** 				}
 967              		.loc 1 5244 30 is_stmt 1 view .LVU278
 968              		.loc 1 5286 1 is_stmt 0 view .LVU279
 969 0062 E7E7     		b	.L72
 970              	.L79:
 971              		.align	2
 972              	.L78:
 973 0064 00000000 		.word	xTickCount
 974 0068 00000000 		.word	pxCurrentTCB
 975 006c 00000000 		.word	pxOverflowDelayedTaskList
 976 0070 00000000 		.word	xSuspendedTaskList
 977 0074 00000000 		.word	pxDelayedTaskList
 978 0078 00000000 		.word	xNextTaskUnblockTime
 979              		.cfi_endproc
 980              	.LFE65:
 982              		.section	.text.xTaskCreateStatic,"ax",%progbits
 983              		.align	1
 984              		.global	xTaskCreateStatic
 985              		.syntax unified
 986              		.thumb
 987              		.thumb_func
 989              	xTaskCreateStatic:
 990              	.LVL74:
 991              	.LFB4:
 588:Middlewares/Third_Party/FreeRTOS/Source/tasks.c **** 	TCB_t *pxNewTCB;
 992              		.loc 1 588 2 is_stmt 1 view -0
 993              		.cfi_startproc
 994              		@ args = 12, pretend = 0, frame = 8
 995              		@ frame_needed = 0, uses_anonymous_args = 0
 588:Middlewares/Third_Party/FreeRTOS/Source/tasks.c **** 	TCB_t *pxNewTCB;
 996              		.loc 1 588 2 is_stmt 0 view .LVU281
 997 0000 30B5     		push	{r4, r5, lr}
ARM GAS  /tmp/cchsWuk7.s 			page 118


 998              	.LCFI8:
 999              		.cfi_def_cfa_offset 12
 1000              		.cfi_offset 4, -12
 1001              		.cfi_offset 5, -8
 1002              		.cfi_offset 14, -4
 1003 0002 87B0     		sub	sp, sp, #28
 1004              	.LCFI9:
 1005              		.cfi_def_cfa_offset 40
 1006 0004 0B9C     		ldr	r4, [sp, #44]
 589:Middlewares/Third_Party/FreeRTOS/Source/tasks.c **** 	TaskHandle_t xReturn;
 1007              		.loc 1 589 2 is_stmt 1 view .LVU282
 590:Middlewares/Third_Party/FreeRTOS/Source/tasks.c **** 
 1008              		.loc 1 590 2 view .LVU283
 592:Middlewares/Third_Party/FreeRTOS/Source/tasks.c **** 		configASSERT( pxTaskBuffer != NULL );
 1009              		.loc 1 592 3 view .LVU284
 1010 0006 7CB1     		cbz	r4, .L88
 592:Middlewares/Third_Party/FreeRTOS/Source/tasks.c **** 		configASSERT( pxTaskBuffer != NULL );
 1011              		.loc 1 592 41 discriminator 2 view .LVU285
 593:Middlewares/Third_Party/FreeRTOS/Source/tasks.c **** 
 1012              		.loc 1 593 3 view .LVU286
 1013 0008 0C9D     		ldr	r5, [sp, #48]
 1014 000a B5B1     		cbz	r5, .L89
 593:Middlewares/Third_Party/FreeRTOS/Source/tasks.c **** 
 1015              		.loc 1 593 39 discriminator 2 view .LVU287
 1016              	.LBB126:
 600:Middlewares/Third_Party/FreeRTOS/Source/tasks.c **** 			configASSERT( xSize == sizeof( TCB_t ) );
 1017              		.loc 1 600 4 view .LVU288
 600:Middlewares/Third_Party/FreeRTOS/Source/tasks.c **** 			configASSERT( xSize == sizeof( TCB_t ) );
 1018              		.loc 1 600 20 is_stmt 0 view .LVU289
 1019 000c 5C25     		movs	r5, #92
 1020 000e 0495     		str	r5, [sp, #16]
 601:Middlewares/Third_Party/FreeRTOS/Source/tasks.c **** 			( void ) xSize; /* Prevent lint warning when configASSERT() is not used. */
 1021              		.loc 1 601 4 is_stmt 1 view .LVU290
 1022 0010 049D     		ldr	r5, [sp, #16]
 1023 0012 5C2D     		cmp	r5, #92
 1024 0014 1AD0     		beq	.L85
 601:Middlewares/Third_Party/FreeRTOS/Source/tasks.c **** 			( void ) xSize; /* Prevent lint warning when configASSERT() is not used. */
 1025              		.loc 1 601 4 discriminator 1 view .LVU291
 1026              	.LBB127:
 1027              	.LBI127:
 191:Middlewares/Third_Party/FreeRTOS/Source/portable/GCC/ARM_CM4F/portmacro.h **** {
 1028              		.loc 2 191 30 view .LVU292
 1029              	.LBB128:
 193:Middlewares/Third_Party/FreeRTOS/Source/portable/GCC/ARM_CM4F/portmacro.h **** 
 1030              		.loc 2 193 1 view .LVU293
 1031              		.loc 2 195 2 view .LVU294
 1032              		.syntax unified
 1033              	@ 195 "Middlewares/Third_Party/FreeRTOS/Source/portable/GCC/ARM_CM4F/portmacro.h" 1
 1034 0016 4FF05003 			mov r3, #80												
 1035 001a 83F31188 		msr basepri, r3											
 1036 001e BFF36F8F 		isb														
 1037 0022 BFF34F8F 		dsb														
 1038              	
 1039              	@ 0 "" 2
 1040              	.LVL75:
 1041              		.thumb
 1042              		.syntax unified
ARM GAS  /tmp/cchsWuk7.s 			page 119


 1043              	.L86:
 1044              		.loc 2 195 2 is_stmt 0 view .LVU295
 1045              	.LBE128:
 1046              	.LBE127:
 601:Middlewares/Third_Party/FreeRTOS/Source/tasks.c **** 			( void ) xSize; /* Prevent lint warning when configASSERT() is not used. */
 1047              		.loc 1 601 4 is_stmt 1 discriminator 3 view .LVU296
 601:Middlewares/Third_Party/FreeRTOS/Source/tasks.c **** 			( void ) xSize; /* Prevent lint warning when configASSERT() is not used. */
 1048              		.loc 1 601 4 discriminator 3 view .LVU297
 1049 0026 FEE7     		b	.L86
 1050              	.LVL76:
 1051              	.L88:
 601:Middlewares/Third_Party/FreeRTOS/Source/tasks.c **** 			( void ) xSize; /* Prevent lint warning when configASSERT() is not used. */
 1052              		.loc 1 601 4 is_stmt 0 discriminator 3 view .LVU298
 1053              	.LBE126:
 592:Middlewares/Third_Party/FreeRTOS/Source/tasks.c **** 		configASSERT( pxTaskBuffer != NULL );
 1054              		.loc 1 592 3 is_stmt 1 discriminator 1 view .LVU299
 1055              	.LBB129:
 1056              	.LBI129:
 191:Middlewares/Third_Party/FreeRTOS/Source/portable/GCC/ARM_CM4F/portmacro.h **** {
 1057              		.loc 2 191 30 view .LVU300
 1058              	.LBB130:
 193:Middlewares/Third_Party/FreeRTOS/Source/portable/GCC/ARM_CM4F/portmacro.h **** 
 1059              		.loc 2 193 1 view .LVU301
 1060              		.loc 2 195 2 view .LVU302
 1061              		.syntax unified
 1062              	@ 195 "Middlewares/Third_Party/FreeRTOS/Source/portable/GCC/ARM_CM4F/portmacro.h" 1
 1063 0028 4FF05003 			mov r3, #80												
 1064 002c 83F31188 		msr basepri, r3											
 1065 0030 BFF36F8F 		isb														
 1066 0034 BFF34F8F 		dsb														
 1067              	
 1068              	@ 0 "" 2
 1069              	.LVL77:
 1070              		.thumb
 1071              		.syntax unified
 1072              	.L82:
 1073              		.loc 2 195 2 is_stmt 0 view .LVU303
 1074              	.LBE130:
 1075              	.LBE129:
 592:Middlewares/Third_Party/FreeRTOS/Source/tasks.c **** 		configASSERT( pxTaskBuffer != NULL );
 1076              		.loc 1 592 3 is_stmt 1 discriminator 3 view .LVU304
 592:Middlewares/Third_Party/FreeRTOS/Source/tasks.c **** 		configASSERT( pxTaskBuffer != NULL );
 1077              		.loc 1 592 3 discriminator 3 view .LVU305
 1078 0038 FEE7     		b	.L82
 1079              	.LVL78:
 1080              	.L89:
 593:Middlewares/Third_Party/FreeRTOS/Source/tasks.c **** 
 1081              		.loc 1 593 3 discriminator 1 view .LVU306
 1082              	.LBB131:
 1083              	.LBI131:
 191:Middlewares/Third_Party/FreeRTOS/Source/portable/GCC/ARM_CM4F/portmacro.h **** {
 1084              		.loc 2 191 30 view .LVU307
 1085              	.LBB132:
 193:Middlewares/Third_Party/FreeRTOS/Source/portable/GCC/ARM_CM4F/portmacro.h **** 
 1086              		.loc 2 193 1 view .LVU308
 1087              		.loc 2 195 2 view .LVU309
 1088              		.syntax unified
ARM GAS  /tmp/cchsWuk7.s 			page 120


 1089              	@ 195 "Middlewares/Third_Party/FreeRTOS/Source/portable/GCC/ARM_CM4F/portmacro.h" 1
 1090 003a 4FF05003 			mov r3, #80												
 1091 003e 83F31188 		msr basepri, r3											
 1092 0042 BFF36F8F 		isb														
 1093 0046 BFF34F8F 		dsb														
 1094              	
 1095              	@ 0 "" 2
 1096              	.LVL79:
 1097              		.thumb
 1098              		.syntax unified
 1099              	.L84:
 1100              		.loc 2 195 2 is_stmt 0 view .LVU310
 1101              	.LBE132:
 1102              	.LBE131:
 593:Middlewares/Third_Party/FreeRTOS/Source/tasks.c **** 
 1103              		.loc 1 593 3 is_stmt 1 discriminator 3 view .LVU311
 593:Middlewares/Third_Party/FreeRTOS/Source/tasks.c **** 
 1104              		.loc 1 593 3 discriminator 3 view .LVU312
 1105 004a FEE7     		b	.L84
 1106              	.LVL80:
 1107              	.L85:
 1108              	.LBB133:
 601:Middlewares/Third_Party/FreeRTOS/Source/tasks.c **** 			( void ) xSize; /* Prevent lint warning when configASSERT() is not used. */
 1109              		.loc 1 601 44 discriminator 2 view .LVU313
 602:Middlewares/Third_Party/FreeRTOS/Source/tasks.c **** 		}
 1110              		.loc 1 602 4 view .LVU314
 1111 004c 049D     		ldr	r5, [sp, #16]
 1112              	.LBE133:
 607:Middlewares/Third_Party/FreeRTOS/Source/tasks.c **** 		{
 1113              		.loc 1 607 3 view .LVU315
 611:Middlewares/Third_Party/FreeRTOS/Source/tasks.c **** 			pxNewTCB->pxStack = ( StackType_t * ) puxStackBuffer;
 1114              		.loc 1 611 4 view .LVU316
 1115              	.LVL81:
 612:Middlewares/Third_Party/FreeRTOS/Source/tasks.c **** 
 1116              		.loc 1 612 4 view .LVU317
 612:Middlewares/Third_Party/FreeRTOS/Source/tasks.c **** 
 1117              		.loc 1 612 22 is_stmt 0 view .LVU318
 1118 004e 0C9D     		ldr	r5, [sp, #48]
 1119 0050 2C63     		str	r4, [r5, #48]
 618:Middlewares/Third_Party/FreeRTOS/Source/tasks.c **** 			}
 1120              		.loc 1 618 5 is_stmt 1 view .LVU319
 618:Middlewares/Third_Party/FreeRTOS/Source/tasks.c **** 			}
 1121              		.loc 1 618 37 is_stmt 0 view .LVU320
 1122 0052 0224     		movs	r4, #2
 1123 0054 85F85940 		strb	r4, [r5, #89]
 622:Middlewares/Third_Party/FreeRTOS/Source/tasks.c **** 			prvAddNewTaskToReadyList( pxNewTCB );
 1124              		.loc 1 622 4 is_stmt 1 view .LVU321
 1125 0058 0024     		movs	r4, #0
 1126 005a 0394     		str	r4, [sp, #12]
 1127 005c 0295     		str	r5, [sp, #8]
 1128 005e 05AC     		add	r4, sp, #20
 1129 0060 0194     		str	r4, [sp, #4]
 1130 0062 0A9C     		ldr	r4, [sp, #40]
 1131 0064 0094     		str	r4, [sp]
 1132 0066 FFF7FEFF 		bl	prvInitialiseNewTask
 1133              	.LVL82:
 623:Middlewares/Third_Party/FreeRTOS/Source/tasks.c **** 		}
ARM GAS  /tmp/cchsWuk7.s 			page 121


 1134              		.loc 1 623 4 view .LVU322
 1135 006a 0C98     		ldr	r0, [sp, #48]
 1136 006c FFF7FEFF 		bl	prvAddNewTaskToReadyList
 1137              	.LVL83:
 630:Middlewares/Third_Party/FreeRTOS/Source/tasks.c **** 	}
 1138              		.loc 1 630 3 view .LVU323
 631:Middlewares/Third_Party/FreeRTOS/Source/tasks.c **** 
 1139              		.loc 1 631 2 is_stmt 0 view .LVU324
 1140 0070 0598     		ldr	r0, [sp, #20]
 1141 0072 07B0     		add	sp, sp, #28
 1142              	.LCFI10:
 1143              		.cfi_def_cfa_offset 12
 1144              		@ sp needed
 1145 0074 30BD     		pop	{r4, r5, pc}
 631:Middlewares/Third_Party/FreeRTOS/Source/tasks.c **** 
 1146              		.loc 1 631 2 view .LVU325
 1147              		.cfi_endproc
 1148              	.LFE4:
 1150              		.section	.text.xTaskCreate,"ax",%progbits
 1151              		.align	1
 1152              		.global	xTaskCreate
 1153              		.syntax unified
 1154              		.thumb
 1155              		.thumb_func
 1157              	xTaskCreate:
 1158              	.LVL84:
 1159              	.LFB5:
 739:Middlewares/Third_Party/FreeRTOS/Source/tasks.c **** 	TCB_t *pxNewTCB;
 1160              		.loc 1 739 2 is_stmt 1 view -0
 1161              		.cfi_startproc
 1162              		@ args = 8, pretend = 0, frame = 0
 1163              		@ frame_needed = 0, uses_anonymous_args = 0
 739:Middlewares/Third_Party/FreeRTOS/Source/tasks.c **** 	TCB_t *pxNewTCB;
 1164              		.loc 1 739 2 is_stmt 0 view .LVU327
 1165 0000 2DE9F043 		push	{r4, r5, r6, r7, r8, r9, lr}
 1166              	.LCFI11:
 1167              		.cfi_def_cfa_offset 28
 1168              		.cfi_offset 4, -28
 1169              		.cfi_offset 5, -24
 1170              		.cfi_offset 6, -20
 1171              		.cfi_offset 7, -16
 1172              		.cfi_offset 8, -12
 1173              		.cfi_offset 9, -8
 1174              		.cfi_offset 14, -4
 1175 0004 85B0     		sub	sp, sp, #20
 1176              	.LCFI12:
 1177              		.cfi_def_cfa_offset 48
 1178 0006 0746     		mov	r7, r0
 1179 0008 8846     		mov	r8, r1
 1180 000a 1446     		mov	r4, r2
 1181 000c 1E46     		mov	r6, r3
 740:Middlewares/Third_Party/FreeRTOS/Source/tasks.c **** 	BaseType_t xReturn;
 1182              		.loc 1 740 2 is_stmt 1 view .LVU328
 741:Middlewares/Third_Party/FreeRTOS/Source/tasks.c **** 
 1183              		.loc 1 741 2 view .LVU329
 1184              	.LBB134:
 770:Middlewares/Third_Party/FreeRTOS/Source/tasks.c **** 
ARM GAS  /tmp/cchsWuk7.s 			page 122


 1185              		.loc 1 770 3 view .LVU330
 773:Middlewares/Third_Party/FreeRTOS/Source/tasks.c **** 
 1186              		.loc 1 773 4 view .LVU331
 773:Middlewares/Third_Party/FreeRTOS/Source/tasks.c **** 
 1187              		.loc 1 773 14 is_stmt 0 view .LVU332
 1188 000e 9000     		lsls	r0, r2, #2
 1189              	.LVL85:
 773:Middlewares/Third_Party/FreeRTOS/Source/tasks.c **** 
 1190              		.loc 1 773 14 view .LVU333
 1191 0010 FFF7FEFF 		bl	pvPortMalloc
 1192              	.LVL86:
 775:Middlewares/Third_Party/FreeRTOS/Source/tasks.c **** 			{
 1193              		.loc 1 775 4 is_stmt 1 view .LVU334
 775:Middlewares/Third_Party/FreeRTOS/Source/tasks.c **** 			{
 1194              		.loc 1 775 6 is_stmt 0 view .LVU335
 1195 0014 08B3     		cbz	r0, .L93
 1196 0016 8146     		mov	r9, r0
 778:Middlewares/Third_Party/FreeRTOS/Source/tasks.c **** 
 1197              		.loc 1 778 5 is_stmt 1 view .LVU336
 778:Middlewares/Third_Party/FreeRTOS/Source/tasks.c **** 
 1198              		.loc 1 778 28 is_stmt 0 view .LVU337
 1199 0018 5C20     		movs	r0, #92
 1200              	.LVL87:
 778:Middlewares/Third_Party/FreeRTOS/Source/tasks.c **** 
 1201              		.loc 1 778 28 view .LVU338
 1202 001a FFF7FEFF 		bl	pvPortMalloc
 1203              	.LVL88:
 780:Middlewares/Third_Party/FreeRTOS/Source/tasks.c **** 				{
 1204              		.loc 1 780 5 is_stmt 1 view .LVU339
 780:Middlewares/Third_Party/FreeRTOS/Source/tasks.c **** 				{
 1205              		.loc 1 780 7 is_stmt 0 view .LVU340
 1206 001e 0546     		mov	r5, r0
 1207 0020 A8B1     		cbz	r0, .L92
 783:Middlewares/Third_Party/FreeRTOS/Source/tasks.c **** 				}
 1208              		.loc 1 783 6 is_stmt 1 view .LVU341
 783:Middlewares/Third_Party/FreeRTOS/Source/tasks.c **** 				}
 1209              		.loc 1 783 24 is_stmt 0 view .LVU342
 1210 0022 C0F83090 		str	r9, [r0, #48]
 783:Middlewares/Third_Party/FreeRTOS/Source/tasks.c **** 				}
 1211              		.loc 1 783 24 view .LVU343
 1212              	.LBE134:
 799:Middlewares/Third_Party/FreeRTOS/Source/tasks.c **** 		{
 1213              		.loc 1 799 3 is_stmt 1 view .LVU344
 805:Middlewares/Third_Party/FreeRTOS/Source/tasks.c **** 			}
 1214              		.loc 1 805 5 view .LVU345
 805:Middlewares/Third_Party/FreeRTOS/Source/tasks.c **** 			}
 1215              		.loc 1 805 37 is_stmt 0 view .LVU346
 1216 0026 0023     		movs	r3, #0
 1217 0028 80F85930 		strb	r3, [r0, #89]
 809:Middlewares/Third_Party/FreeRTOS/Source/tasks.c **** 			prvAddNewTaskToReadyList( pxNewTCB );
 1218              		.loc 1 809 4 is_stmt 1 view .LVU347
 1219 002c 0393     		str	r3, [sp, #12]
 1220 002e 0290     		str	r0, [sp, #8]
 1221 0030 0D9B     		ldr	r3, [sp, #52]
 1222 0032 0193     		str	r3, [sp, #4]
 1223 0034 0C9B     		ldr	r3, [sp, #48]
 1224 0036 0093     		str	r3, [sp]
ARM GAS  /tmp/cchsWuk7.s 			page 123


 1225 0038 3346     		mov	r3, r6
 1226 003a 2246     		mov	r2, r4
 1227 003c 4146     		mov	r1, r8
 1228 003e 3846     		mov	r0, r7
 1229              	.LVL89:
 809:Middlewares/Third_Party/FreeRTOS/Source/tasks.c **** 			prvAddNewTaskToReadyList( pxNewTCB );
 1230              		.loc 1 809 4 is_stmt 0 view .LVU348
 1231 0040 FFF7FEFF 		bl	prvInitialiseNewTask
 1232              	.LVL90:
 810:Middlewares/Third_Party/FreeRTOS/Source/tasks.c **** 			xReturn = pdPASS;
 1233              		.loc 1 810 4 is_stmt 1 view .LVU349
 1234 0044 2846     		mov	r0, r5
 1235 0046 FFF7FEFF 		bl	prvAddNewTaskToReadyList
 1236              	.LVL91:
 811:Middlewares/Third_Party/FreeRTOS/Source/tasks.c **** 		}
 1237              		.loc 1 811 4 view .LVU350
 811:Middlewares/Third_Party/FreeRTOS/Source/tasks.c **** 		}
 1238              		.loc 1 811 12 is_stmt 0 view .LVU351
 1239 004a 0120     		movs	r0, #1
 1240 004c 07E0     		b	.L90
 1241              	.LVL92:
 1242              	.L92:
 1243              	.LBB135:
 789:Middlewares/Third_Party/FreeRTOS/Source/tasks.c **** 				}
 1244              		.loc 1 789 6 is_stmt 1 view .LVU352
 1245 004e 4846     		mov	r0, r9
 1246              	.LVL93:
 789:Middlewares/Third_Party/FreeRTOS/Source/tasks.c **** 				}
 1247              		.loc 1 789 6 is_stmt 0 view .LVU353
 1248 0050 FFF7FEFF 		bl	vPortFree
 1249              	.LVL94:
 789:Middlewares/Third_Party/FreeRTOS/Source/tasks.c **** 				}
 1250              		.loc 1 789 6 view .LVU354
 1251              	.LBE135:
 799:Middlewares/Third_Party/FreeRTOS/Source/tasks.c **** 		{
 1252              		.loc 1 799 3 is_stmt 1 view .LVU355
 815:Middlewares/Third_Party/FreeRTOS/Source/tasks.c **** 		}
 1253              		.loc 1 815 12 is_stmt 0 view .LVU356
 1254 0054 4FF0FF30 		mov	r0, #-1
 1255 0058 01E0     		b	.L90
 1256              	.LVL95:
 1257              	.L93:
 815:Middlewares/Third_Party/FreeRTOS/Source/tasks.c **** 		}
 1258              		.loc 1 815 12 view .LVU357
 1259 005a 4FF0FF30 		mov	r0, #-1
 1260              	.LVL96:
 818:Middlewares/Third_Party/FreeRTOS/Source/tasks.c **** 	}
 1261              		.loc 1 818 3 is_stmt 1 view .LVU358
 1262              	.L90:
 819:Middlewares/Third_Party/FreeRTOS/Source/tasks.c **** 
 1263              		.loc 1 819 2 is_stmt 0 view .LVU359
 1264 005e 05B0     		add	sp, sp, #20
 1265              	.LCFI13:
 1266              		.cfi_def_cfa_offset 28
 1267              		@ sp needed
 1268 0060 BDE8F083 		pop	{r4, r5, r6, r7, r8, r9, pc}
 819:Middlewares/Third_Party/FreeRTOS/Source/tasks.c **** 
ARM GAS  /tmp/cchsWuk7.s 			page 124


 1269              		.loc 1 819 2 view .LVU360
 1270              		.cfi_endproc
 1271              	.LFE5:
 1273              		.section	.text.vTaskDelete,"ax",%progbits
 1274              		.align	1
 1275              		.global	vTaskDelete
 1276              		.syntax unified
 1277              		.thumb
 1278              		.thumb_func
 1280              	vTaskDelete:
 1281              	.LVL97:
 1282              	.LFB8:
1163:Middlewares/Third_Party/FreeRTOS/Source/tasks.c **** 	TCB_t *pxTCB;
 1283              		.loc 1 1163 2 is_stmt 1 view -0
 1284              		.cfi_startproc
 1285              		@ args = 0, pretend = 0, frame = 0
 1286              		@ frame_needed = 0, uses_anonymous_args = 0
1163:Middlewares/Third_Party/FreeRTOS/Source/tasks.c **** 	TCB_t *pxTCB;
 1287              		.loc 1 1163 2 is_stmt 0 view .LVU362
 1288 0000 38B5     		push	{r3, r4, r5, lr}
 1289              	.LCFI14:
 1290              		.cfi_def_cfa_offset 16
 1291              		.cfi_offset 3, -16
 1292              		.cfi_offset 4, -12
 1293              		.cfi_offset 5, -8
 1294              		.cfi_offset 14, -4
 1295 0002 0446     		mov	r4, r0
1164:Middlewares/Third_Party/FreeRTOS/Source/tasks.c **** 
 1296              		.loc 1 1164 2 is_stmt 1 view .LVU363
1166:Middlewares/Third_Party/FreeRTOS/Source/tasks.c **** 		{
 1297              		.loc 1 1166 3 view .LVU364
 1298 0004 FFF7FEFF 		bl	vPortEnterCritical
 1299              	.LVL98:
1170:Middlewares/Third_Party/FreeRTOS/Source/tasks.c **** 
 1300              		.loc 1 1170 4 view .LVU365
1170:Middlewares/Third_Party/FreeRTOS/Source/tasks.c **** 
 1301              		.loc 1 1170 12 is_stmt 0 view .LVU366
 1302 0008 24B3     		cbz	r4, .L104
 1303              	.LVL99:
 1304              	.L96:
1173:Middlewares/Third_Party/FreeRTOS/Source/tasks.c **** 			{
 1305              		.loc 1 1173 4 is_stmt 1 view .LVU367
1173:Middlewares/Third_Party/FreeRTOS/Source/tasks.c **** 			{
 1306              		.loc 1 1173 8 is_stmt 0 view .LVU368
 1307 000a 251D     		adds	r5, r4, #4
 1308 000c 2846     		mov	r0, r5
 1309 000e FFF7FEFF 		bl	uxListRemove
 1310              	.LVL100:
1175:Middlewares/Third_Party/FreeRTOS/Source/tasks.c **** 			}
 1311              		.loc 1 1175 50 is_stmt 1 view .LVU369
1179:Middlewares/Third_Party/FreeRTOS/Source/tasks.c **** 			}
 1312              		.loc 1 1179 29 view .LVU370
1183:Middlewares/Third_Party/FreeRTOS/Source/tasks.c **** 			{
 1313              		.loc 1 1183 4 view .LVU371
1183:Middlewares/Third_Party/FreeRTOS/Source/tasks.c **** 			{
 1314              		.loc 1 1183 8 is_stmt 0 view .LVU372
 1315 0012 A36A     		ldr	r3, [r4, #40]
ARM GAS  /tmp/cchsWuk7.s 			page 125


1183:Middlewares/Third_Party/FreeRTOS/Source/tasks.c **** 			{
 1316              		.loc 1 1183 6 view .LVU373
 1317 0014 1BB1     		cbz	r3, .L97
1185:Middlewares/Third_Party/FreeRTOS/Source/tasks.c **** 			}
 1318              		.loc 1 1185 5 is_stmt 1 view .LVU374
1185:Middlewares/Third_Party/FreeRTOS/Source/tasks.c **** 			}
 1319              		.loc 1 1185 14 is_stmt 0 view .LVU375
 1320 0016 04F11800 		add	r0, r4, #24
 1321 001a FFF7FEFF 		bl	uxListRemove
 1322              	.LVL101:
 1323              	.L97:
1189:Middlewares/Third_Party/FreeRTOS/Source/tasks.c **** 			}
 1324              		.loc 1 1189 29 is_stmt 1 view .LVU376
1196:Middlewares/Third_Party/FreeRTOS/Source/tasks.c **** 
 1325              		.loc 1 1196 4 view .LVU377
1196:Middlewares/Third_Party/FreeRTOS/Source/tasks.c **** 
 1326              		.loc 1 1196 16 is_stmt 0 view .LVU378
 1327 001e 1F4A     		ldr	r2, .L107
 1328 0020 1368     		ldr	r3, [r2]
 1329 0022 0133     		adds	r3, r3, #1
 1330 0024 1360     		str	r3, [r2]
1198:Middlewares/Third_Party/FreeRTOS/Source/tasks.c **** 			{
 1331              		.loc 1 1198 4 is_stmt 1 view .LVU379
1198:Middlewares/Third_Party/FreeRTOS/Source/tasks.c **** 			{
 1332              		.loc 1 1198 14 is_stmt 0 view .LVU380
 1333 0026 1E4B     		ldr	r3, .L107+4
 1334 0028 1B68     		ldr	r3, [r3]
1198:Middlewares/Third_Party/FreeRTOS/Source/tasks.c **** 			{
 1335              		.loc 1 1198 6 view .LVU381
 1336 002a A342     		cmp	r3, r4
 1337 002c 15D0     		beq	.L105
1225:Middlewares/Third_Party/FreeRTOS/Source/tasks.c **** 				traceTASK_DELETE( pxTCB );
 1338              		.loc 1 1225 5 is_stmt 1 view .LVU382
 1339 002e 1D4A     		ldr	r2, .L107+8
 1340 0030 1368     		ldr	r3, [r2]
 1341 0032 013B     		subs	r3, r3, #1
 1342 0034 1360     		str	r3, [r2]
1226:Middlewares/Third_Party/FreeRTOS/Source/tasks.c **** 				prvDeleteTCB( pxTCB );
 1343              		.loc 1 1226 30 view .LVU383
1227:Middlewares/Third_Party/FreeRTOS/Source/tasks.c **** 
 1344              		.loc 1 1227 5 view .LVU384
 1345 0036 2046     		mov	r0, r4
 1346 0038 FFF7FEFF 		bl	prvDeleteTCB
 1347              	.LVL102:
1231:Middlewares/Third_Party/FreeRTOS/Source/tasks.c **** 			}
 1348              		.loc 1 1231 5 view .LVU385
 1349 003c FFF7FEFF 		bl	prvResetNextTaskUnblockTime
 1350              	.LVL103:
 1351              	.L99:
1234:Middlewares/Third_Party/FreeRTOS/Source/tasks.c **** 
 1352              		.loc 1 1234 3 view .LVU386
 1353 0040 FFF7FEFF 		bl	vPortExitCritical
 1354              	.LVL104:
1238:Middlewares/Third_Party/FreeRTOS/Source/tasks.c **** 		{
 1355              		.loc 1 1238 3 view .LVU387
1238:Middlewares/Third_Party/FreeRTOS/Source/tasks.c **** 		{
 1356              		.loc 1 1238 25 is_stmt 0 view .LVU388
ARM GAS  /tmp/cchsWuk7.s 			page 126


 1357 0044 184B     		ldr	r3, .L107+12
 1358 0046 1B68     		ldr	r3, [r3]
1238:Middlewares/Third_Party/FreeRTOS/Source/tasks.c **** 		{
 1359              		.loc 1 1238 5 view .LVU389
 1360 0048 1BB1     		cbz	r3, .L95
1240:Middlewares/Third_Party/FreeRTOS/Source/tasks.c **** 			{
 1361              		.loc 1 1240 4 is_stmt 1 view .LVU390
1240:Middlewares/Third_Party/FreeRTOS/Source/tasks.c **** 			{
 1362              		.loc 1 1240 14 is_stmt 0 view .LVU391
 1363 004a 154B     		ldr	r3, .L107+4
 1364 004c 1B68     		ldr	r3, [r3]
1240:Middlewares/Third_Party/FreeRTOS/Source/tasks.c **** 			{
 1365              		.loc 1 1240 6 view .LVU392
 1366 004e A342     		cmp	r3, r4
 1367 0050 0CD0     		beq	.L106
 1368              	.L95:
1250:Middlewares/Third_Party/FreeRTOS/Source/tasks.c **** 
 1369              		.loc 1 1250 2 view .LVU393
 1370 0052 38BD     		pop	{r3, r4, r5, pc}
 1371              	.LVL105:
 1372              	.L104:
1170:Middlewares/Third_Party/FreeRTOS/Source/tasks.c **** 
 1373              		.loc 1 1170 12 discriminator 1 view .LVU394
 1374 0054 124B     		ldr	r3, .L107+4
 1375 0056 1C68     		ldr	r4, [r3]
 1376              	.LVL106:
1170:Middlewares/Third_Party/FreeRTOS/Source/tasks.c **** 
 1377              		.loc 1 1170 12 discriminator 1 view .LVU395
 1378 0058 D7E7     		b	.L96
 1379              	.LVL107:
 1380              	.L105:
1205:Middlewares/Third_Party/FreeRTOS/Source/tasks.c **** 
 1381              		.loc 1 1205 5 is_stmt 1 view .LVU396
 1382 005a 2946     		mov	r1, r5
 1383 005c 1348     		ldr	r0, .L107+16
 1384 005e FFF7FEFF 		bl	vListInsertEnd
 1385              	.LVL108:
1210:Middlewares/Third_Party/FreeRTOS/Source/tasks.c **** 
 1386              		.loc 1 1210 5 view .LVU397
 1387 0062 134A     		ldr	r2, .L107+20
 1388 0064 1368     		ldr	r3, [r2]
 1389 0066 0133     		adds	r3, r3, #1
 1390 0068 1360     		str	r3, [r2]
1214:Middlewares/Third_Party/FreeRTOS/Source/tasks.c **** 
 1391              		.loc 1 1214 30 view .LVU398
1221:Middlewares/Third_Party/FreeRTOS/Source/tasks.c **** 			}
 1392              		.loc 1 1221 54 view .LVU399
 1393 006a E9E7     		b	.L99
 1394              	.L106:
1242:Middlewares/Third_Party/FreeRTOS/Source/tasks.c **** 				portYIELD_WITHIN_API();
 1395              		.loc 1 1242 5 view .LVU400
 1396 006c 114B     		ldr	r3, .L107+24
 1397 006e 1B68     		ldr	r3, [r3]
 1398 0070 43B1     		cbz	r3, .L101
1242:Middlewares/Third_Party/FreeRTOS/Source/tasks.c **** 				portYIELD_WITHIN_API();
 1399              		.loc 1 1242 5 discriminator 1 view .LVU401
 1400              	.LBB136:
ARM GAS  /tmp/cchsWuk7.s 			page 127


 1401              	.LBI136:
 191:Middlewares/Third_Party/FreeRTOS/Source/portable/GCC/ARM_CM4F/portmacro.h **** {
 1402              		.loc 2 191 30 view .LVU402
 1403              	.LBB137:
 193:Middlewares/Third_Party/FreeRTOS/Source/portable/GCC/ARM_CM4F/portmacro.h **** 
 1404              		.loc 2 193 1 view .LVU403
 1405              		.loc 2 195 2 view .LVU404
 1406              		.syntax unified
 1407              	@ 195 "Middlewares/Third_Party/FreeRTOS/Source/portable/GCC/ARM_CM4F/portmacro.h" 1
 1408 0072 4FF05003 			mov r3, #80												
 1409 0076 83F31188 		msr basepri, r3											
 1410 007a BFF36F8F 		isb														
 1411 007e BFF34F8F 		dsb														
 1412              	
 1413              	@ 0 "" 2
 1414              		.thumb
 1415              		.syntax unified
 1416              	.L102:
 1417              	.LBE137:
 1418              	.LBE136:
1242:Middlewares/Third_Party/FreeRTOS/Source/tasks.c **** 				portYIELD_WITHIN_API();
 1419              		.loc 1 1242 5 discriminator 3 view .LVU405
1242:Middlewares/Third_Party/FreeRTOS/Source/tasks.c **** 				portYIELD_WITHIN_API();
 1420              		.loc 1 1242 5 discriminator 3 view .LVU406
 1421 0082 FEE7     		b	.L102
 1422              	.L101:
1242:Middlewares/Third_Party/FreeRTOS/Source/tasks.c **** 				portYIELD_WITHIN_API();
 1423              		.loc 1 1242 46 discriminator 2 view .LVU407
1243:Middlewares/Third_Party/FreeRTOS/Source/tasks.c **** 			}
 1424              		.loc 1 1243 5 view .LVU408
 1425 0084 4FF0E023 		mov	r3, #-536813568
 1426 0088 4FF08052 		mov	r2, #268435456
 1427 008c C3F8042D 		str	r2, [r3, #3332]
1243:Middlewares/Third_Party/FreeRTOS/Source/tasks.c **** 			}
 1428              		.loc 1 1243 5 view .LVU409
 1429              		.syntax unified
 1430              	@ 1243 "Middlewares/Third_Party/FreeRTOS/Source/tasks.c" 1
 1431 0090 BFF34F8F 		dsb
 1432              	@ 0 "" 2
1243:Middlewares/Third_Party/FreeRTOS/Source/tasks.c **** 			}
 1433              		.loc 1 1243 5 view .LVU410
 1434              	@ 1243 "Middlewares/Third_Party/FreeRTOS/Source/tasks.c" 1
 1435 0094 BFF36F8F 		isb
 1436              	@ 0 "" 2
1243:Middlewares/Third_Party/FreeRTOS/Source/tasks.c **** 			}
 1437              		.loc 1 1243 27 view .LVU411
1247:Middlewares/Third_Party/FreeRTOS/Source/tasks.c **** 			}
 1438              		.loc 1 1247 29 view .LVU412
1250:Middlewares/Third_Party/FreeRTOS/Source/tasks.c **** 
 1439              		.loc 1 1250 2 is_stmt 0 view .LVU413
 1440              		.thumb
 1441              		.syntax unified
 1442 0098 DBE7     		b	.L95
 1443              	.L108:
 1444 009a 00BF     		.align	2
 1445              	.L107:
 1446 009c 00000000 		.word	uxTaskNumber
ARM GAS  /tmp/cchsWuk7.s 			page 128


 1447 00a0 00000000 		.word	pxCurrentTCB
 1448 00a4 00000000 		.word	uxCurrentNumberOfTasks
 1449 00a8 00000000 		.word	xSchedulerRunning
 1450 00ac 00000000 		.word	xTasksWaitingTermination
 1451 00b0 00000000 		.word	uxDeletedTasksWaitingCleanUp
 1452 00b4 00000000 		.word	uxSchedulerSuspended
 1453              		.cfi_endproc
 1454              	.LFE8:
 1456              		.section	.text.eTaskGetState,"ax",%progbits
 1457              		.align	1
 1458              		.global	eTaskGetState
 1459              		.syntax unified
 1460              		.thumb
 1461              		.thumb_func
 1463              	eTaskGetState:
 1464              	.LVL109:
 1465              	.LFB11:
1387:Middlewares/Third_Party/FreeRTOS/Source/tasks.c **** 	eTaskState eReturn;
 1466              		.loc 1 1387 2 is_stmt 1 view -0
 1467              		.cfi_startproc
 1468              		@ args = 0, pretend = 0, frame = 0
 1469              		@ frame_needed = 0, uses_anonymous_args = 0
1387:Middlewares/Third_Party/FreeRTOS/Source/tasks.c **** 	eTaskState eReturn;
 1470              		.loc 1 1387 2 is_stmt 0 view .LVU415
 1471 0000 F8B5     		push	{r3, r4, r5, r6, r7, lr}
 1472              	.LCFI15:
 1473              		.cfi_def_cfa_offset 24
 1474              		.cfi_offset 3, -24
 1475              		.cfi_offset 4, -20
 1476              		.cfi_offset 5, -16
 1477              		.cfi_offset 6, -12
 1478              		.cfi_offset 7, -8
 1479              		.cfi_offset 14, -4
1388:Middlewares/Third_Party/FreeRTOS/Source/tasks.c **** 	List_t const * pxStateList, *pxDelayedList, *pxOverflowedDelayedList;
 1480              		.loc 1 1388 2 is_stmt 1 view .LVU416
1389:Middlewares/Third_Party/FreeRTOS/Source/tasks.c **** 	const TCB_t * const pxTCB = xTask;
 1481              		.loc 1 1389 2 view .LVU417
1390:Middlewares/Third_Party/FreeRTOS/Source/tasks.c **** 
 1482              		.loc 1 1390 2 view .LVU418
 1483              	.LVL110:
1392:Middlewares/Third_Party/FreeRTOS/Source/tasks.c **** 
 1484              		.loc 1 1392 3 view .LVU419
 1485 0002 D0B1     		cbz	r0, .L122
 1486 0004 0446     		mov	r4, r0
1392:Middlewares/Third_Party/FreeRTOS/Source/tasks.c **** 
 1487              		.loc 1 1392 24 discriminator 2 view .LVU420
1394:Middlewares/Third_Party/FreeRTOS/Source/tasks.c **** 		{
 1488              		.loc 1 1394 3 view .LVU421
1394:Middlewares/Third_Party/FreeRTOS/Source/tasks.c **** 		{
 1489              		.loc 1 1394 13 is_stmt 0 view .LVU422
 1490 0006 1C4B     		ldr	r3, .L127
 1491 0008 1B68     		ldr	r3, [r3]
1394:Middlewares/Third_Party/FreeRTOS/Source/tasks.c **** 		{
 1492              		.loc 1 1394 5 view .LVU423
 1493 000a 8342     		cmp	r3, r0
 1494 000c 2CD0     		beq	.L114
1401:Middlewares/Third_Party/FreeRTOS/Source/tasks.c **** 			{
ARM GAS  /tmp/cchsWuk7.s 			page 129


 1495              		.loc 1 1401 4 is_stmt 1 view .LVU424
 1496 000e FFF7FEFF 		bl	vPortEnterCritical
 1497              	.LVL111:
1403:Middlewares/Third_Party/FreeRTOS/Source/tasks.c **** 				pxDelayedList = pxDelayedTaskList;
 1498              		.loc 1 1403 5 view .LVU425
1403:Middlewares/Third_Party/FreeRTOS/Source/tasks.c **** 				pxDelayedList = pxDelayedTaskList;
 1499              		.loc 1 1403 17 is_stmt 0 view .LVU426
 1500 0012 6569     		ldr	r5, [r4, #20]
 1501              	.LVL112:
1404:Middlewares/Third_Party/FreeRTOS/Source/tasks.c **** 				pxOverflowedDelayedList = pxOverflowDelayedTaskList;
 1502              		.loc 1 1404 5 is_stmt 1 view .LVU427
1404:Middlewares/Third_Party/FreeRTOS/Source/tasks.c **** 				pxOverflowedDelayedList = pxOverflowDelayedTaskList;
 1503              		.loc 1 1404 19 is_stmt 0 view .LVU428
 1504 0014 194B     		ldr	r3, .L127+4
 1505 0016 1E68     		ldr	r6, [r3]
 1506              	.LVL113:
1405:Middlewares/Third_Party/FreeRTOS/Source/tasks.c **** 			}
 1507              		.loc 1 1405 5 is_stmt 1 view .LVU429
1405:Middlewares/Third_Party/FreeRTOS/Source/tasks.c **** 			}
 1508              		.loc 1 1405 29 is_stmt 0 view .LVU430
 1509 0018 194B     		ldr	r3, .L127+8
 1510 001a 1F68     		ldr	r7, [r3]
 1511              	.LVL114:
1407:Middlewares/Third_Party/FreeRTOS/Source/tasks.c **** 
 1512              		.loc 1 1407 4 is_stmt 1 view .LVU431
 1513 001c FFF7FEFF 		bl	vPortExitCritical
 1514              	.LVL115:
1409:Middlewares/Third_Party/FreeRTOS/Source/tasks.c **** 			{
 1515              		.loc 1 1409 4 view .LVU432
1409:Middlewares/Third_Party/FreeRTOS/Source/tasks.c **** 			{
 1516              		.loc 1 1409 6 is_stmt 0 view .LVU433
 1517 0020 B542     		cmp	r5, r6
 1518 0022 23D0     		beq	.L115
1409:Middlewares/Third_Party/FreeRTOS/Source/tasks.c **** 			{
 1519              		.loc 1 1409 41 discriminator 1 view .LVU434
 1520 0024 BD42     		cmp	r5, r7
 1521 0026 23D0     		beq	.L116
1417:Middlewares/Third_Party/FreeRTOS/Source/tasks.c **** 				{
 1522              		.loc 1 1417 10 is_stmt 1 view .LVU435
1417:Middlewares/Third_Party/FreeRTOS/Source/tasks.c **** 				{
 1523              		.loc 1 1417 12 is_stmt 0 view .LVU436
 1524 0028 164B     		ldr	r3, .L127+12
 1525 002a 9D42     		cmp	r5, r3
 1526 002c 0ED0     		beq	.L123
1453:Middlewares/Third_Party/FreeRTOS/Source/tasks.c **** 				{
 1527              		.loc 1 1453 10 is_stmt 1 view .LVU437
1453:Middlewares/Third_Party/FreeRTOS/Source/tasks.c **** 				{
 1528              		.loc 1 1453 12 is_stmt 0 view .LVU438
 1529 002e 164B     		ldr	r3, .L127+16
 1530 0030 9D42     		cmp	r5, r3
 1531 0032 1FD0     		beq	.L119
1453:Middlewares/Third_Party/FreeRTOS/Source/tasks.c **** 				{
 1532              		.loc 1 1453 59 discriminator 1 view .LVU439
 1533 0034 B5B1     		cbz	r5, .L124
1466:Middlewares/Third_Party/FreeRTOS/Source/tasks.c **** 			}
 1534              		.loc 1 1466 13 view .LVU440
 1535 0036 0120     		movs	r0, #1
ARM GAS  /tmp/cchsWuk7.s 			page 130


 1536 0038 17E0     		b	.L112
 1537              	.LVL116:
 1538              	.L122:
1392:Middlewares/Third_Party/FreeRTOS/Source/tasks.c **** 
 1539              		.loc 1 1392 3 is_stmt 1 discriminator 1 view .LVU441
 1540              	.LBB138:
 1541              	.LBI138:
 191:Middlewares/Third_Party/FreeRTOS/Source/portable/GCC/ARM_CM4F/portmacro.h **** {
 1542              		.loc 2 191 30 view .LVU442
 1543              	.LBB139:
 193:Middlewares/Third_Party/FreeRTOS/Source/portable/GCC/ARM_CM4F/portmacro.h **** 
 1544              		.loc 2 193 1 view .LVU443
 1545              		.loc 2 195 2 view .LVU444
 1546              		.syntax unified
 1547              	@ 195 "Middlewares/Third_Party/FreeRTOS/Source/portable/GCC/ARM_CM4F/portmacro.h" 1
 1548 003a 4FF05003 			mov r3, #80												
 1549 003e 83F31188 		msr basepri, r3											
 1550 0042 BFF36F8F 		isb														
 1551 0046 BFF34F8F 		dsb														
 1552              	
 1553              	@ 0 "" 2
 1554              		.thumb
 1555              		.syntax unified
 1556              	.L111:
 1557              	.LBE139:
 1558              	.LBE138:
1392:Middlewares/Third_Party/FreeRTOS/Source/tasks.c **** 
 1559              		.loc 1 1392 3 discriminator 3 view .LVU445
1392:Middlewares/Third_Party/FreeRTOS/Source/tasks.c **** 
 1560              		.loc 1 1392 3 discriminator 3 view .LVU446
 1561 004a FEE7     		b	.L111
 1562              	.LVL117:
 1563              	.L123:
1422:Middlewares/Third_Party/FreeRTOS/Source/tasks.c **** 					{
 1564              		.loc 1 1422 6 view .LVU447
1422:Middlewares/Third_Party/FreeRTOS/Source/tasks.c **** 					{
 1565              		.loc 1 1422 10 is_stmt 0 view .LVU448
 1566 004c A36A     		ldr	r3, [r4, #40]
1422:Middlewares/Third_Party/FreeRTOS/Source/tasks.c **** 					{
 1567              		.loc 1 1422 8 view .LVU449
 1568 004e 0BB1     		cbz	r3, .L125
1447:Middlewares/Third_Party/FreeRTOS/Source/tasks.c **** 					}
 1569              		.loc 1 1447 15 view .LVU450
 1570 0050 0220     		movs	r0, #2
 1571 0052 0AE0     		b	.L112
 1572              	.L125:
1430:Middlewares/Third_Party/FreeRTOS/Source/tasks.c **** 							{
 1573              		.loc 1 1430 8 is_stmt 1 view .LVU451
1430:Middlewares/Third_Party/FreeRTOS/Source/tasks.c **** 							{
 1574              		.loc 1 1430 17 is_stmt 0 view .LVU452
 1575 0054 94F85830 		ldrb	r3, [r4, #88]	@ zero_extendqisi2
1430:Middlewares/Third_Party/FreeRTOS/Source/tasks.c **** 							{
 1576              		.loc 1 1430 10 view .LVU453
 1577 0058 012B     		cmp	r3, #1
 1578 005a 01D0     		beq	.L126
1436:Middlewares/Third_Party/FreeRTOS/Source/tasks.c **** 							}
 1579              		.loc 1 1436 17 view .LVU454
ARM GAS  /tmp/cchsWuk7.s 			page 131


 1580 005c 0320     		movs	r0, #3
 1581 005e 04E0     		b	.L112
 1582              	.L126:
1432:Middlewares/Third_Party/FreeRTOS/Source/tasks.c **** 							}
 1583              		.loc 1 1432 17 view .LVU455
 1584 0060 0220     		movs	r0, #2
 1585 0062 02E0     		b	.L112
 1586              	.L124:
1458:Middlewares/Third_Party/FreeRTOS/Source/tasks.c **** 				}
 1587              		.loc 1 1458 14 view .LVU456
 1588 0064 0420     		movs	r0, #4
 1589 0066 00E0     		b	.L112
 1590              	.LVL118:
 1591              	.L114:
1397:Middlewares/Third_Party/FreeRTOS/Source/tasks.c **** 		}
 1592              		.loc 1 1397 12 view .LVU457
 1593 0068 0020     		movs	r0, #0
 1594              	.LVL119:
 1595              	.L112:
1470:Middlewares/Third_Party/FreeRTOS/Source/tasks.c **** 	} /*lint !e818 xTask cannot be a pointer to const because it is a typedef. */
 1596              		.loc 1 1470 3 is_stmt 1 view .LVU458
1471:Middlewares/Third_Party/FreeRTOS/Source/tasks.c **** 
 1597              		.loc 1 1471 2 is_stmt 0 view .LVU459
 1598 006a F8BD     		pop	{r3, r4, r5, r6, r7, pc}
 1599              	.LVL120:
 1600              	.L115:
1413:Middlewares/Third_Party/FreeRTOS/Source/tasks.c **** 			}
 1601              		.loc 1 1413 13 view .LVU460
 1602 006c 0220     		movs	r0, #2
 1603 006e FCE7     		b	.L112
 1604              	.L116:
 1605 0070 0220     		movs	r0, #2
 1606 0072 FAE7     		b	.L112
 1607              	.L119:
1458:Middlewares/Third_Party/FreeRTOS/Source/tasks.c **** 				}
 1608              		.loc 1 1458 14 view .LVU461
 1609 0074 0420     		movs	r0, #4
 1610 0076 F8E7     		b	.L112
 1611              	.L128:
 1612              		.align	2
 1613              	.L127:
 1614 0078 00000000 		.word	pxCurrentTCB
 1615 007c 00000000 		.word	pxDelayedTaskList
 1616 0080 00000000 		.word	pxOverflowDelayedTaskList
 1617 0084 00000000 		.word	xSuspendedTaskList
 1618 0088 00000000 		.word	xTasksWaitingTermination
 1619              		.cfi_endproc
 1620              	.LFE11:
 1622              		.section	.text.uxTaskPriorityGet,"ax",%progbits
 1623              		.align	1
 1624              		.global	uxTaskPriorityGet
 1625              		.syntax unified
 1626              		.thumb
 1627              		.thumb_func
 1629              	uxTaskPriorityGet:
 1630              	.LVL121:
 1631              	.LFB12:
ARM GAS  /tmp/cchsWuk7.s 			page 132


1479:Middlewares/Third_Party/FreeRTOS/Source/tasks.c **** 	TCB_t const *pxTCB;
 1632              		.loc 1 1479 2 is_stmt 1 view -0
 1633              		.cfi_startproc
 1634              		@ args = 0, pretend = 0, frame = 0
 1635              		@ frame_needed = 0, uses_anonymous_args = 0
1479:Middlewares/Third_Party/FreeRTOS/Source/tasks.c **** 	TCB_t const *pxTCB;
 1636              		.loc 1 1479 2 is_stmt 0 view .LVU463
 1637 0000 10B5     		push	{r4, lr}
 1638              	.LCFI16:
 1639              		.cfi_def_cfa_offset 8
 1640              		.cfi_offset 4, -8
 1641              		.cfi_offset 14, -4
 1642 0002 0446     		mov	r4, r0
1480:Middlewares/Third_Party/FreeRTOS/Source/tasks.c **** 	UBaseType_t uxReturn;
 1643              		.loc 1 1480 2 is_stmt 1 view .LVU464
1481:Middlewares/Third_Party/FreeRTOS/Source/tasks.c **** 
 1644              		.loc 1 1481 2 view .LVU465
1483:Middlewares/Third_Party/FreeRTOS/Source/tasks.c **** 		{
 1645              		.loc 1 1483 3 view .LVU466
 1646 0004 FFF7FEFF 		bl	vPortEnterCritical
 1647              	.LVL122:
1487:Middlewares/Third_Party/FreeRTOS/Source/tasks.c **** 			uxReturn = pxTCB->uxPriority;
 1648              		.loc 1 1487 4 view .LVU467
1487:Middlewares/Third_Party/FreeRTOS/Source/tasks.c **** 			uxReturn = pxTCB->uxPriority;
 1649              		.loc 1 1487 12 is_stmt 0 view .LVU468
 1650 0008 24B1     		cbz	r4, .L132
 1651              	.LVL123:
 1652              	.L130:
1488:Middlewares/Third_Party/FreeRTOS/Source/tasks.c **** 		}
 1653              		.loc 1 1488 4 is_stmt 1 view .LVU469
1488:Middlewares/Third_Party/FreeRTOS/Source/tasks.c **** 		}
 1654              		.loc 1 1488 13 is_stmt 0 view .LVU470
 1655 000a E46A     		ldr	r4, [r4, #44]
 1656              	.LVL124:
1490:Middlewares/Third_Party/FreeRTOS/Source/tasks.c **** 
 1657              		.loc 1 1490 3 is_stmt 1 view .LVU471
 1658 000c FFF7FEFF 		bl	vPortExitCritical
 1659              	.LVL125:
1492:Middlewares/Third_Party/FreeRTOS/Source/tasks.c **** 	}
 1660              		.loc 1 1492 3 view .LVU472
1493:Middlewares/Third_Party/FreeRTOS/Source/tasks.c **** 
 1661              		.loc 1 1493 2 is_stmt 0 view .LVU473
 1662 0010 2046     		mov	r0, r4
 1663 0012 10BD     		pop	{r4, pc}
 1664              	.LVL126:
 1665              	.L132:
1487:Middlewares/Third_Party/FreeRTOS/Source/tasks.c **** 			uxReturn = pxTCB->uxPriority;
 1666              		.loc 1 1487 12 discriminator 1 view .LVU474
 1667 0014 014B     		ldr	r3, .L133
 1668 0016 1C68     		ldr	r4, [r3]
 1669              	.LVL127:
1487:Middlewares/Third_Party/FreeRTOS/Source/tasks.c **** 			uxReturn = pxTCB->uxPriority;
 1670              		.loc 1 1487 12 discriminator 1 view .LVU475
 1671 0018 F7E7     		b	.L130
 1672              	.L134:
 1673 001a 00BF     		.align	2
 1674              	.L133:
ARM GAS  /tmp/cchsWuk7.s 			page 133


 1675 001c 00000000 		.word	pxCurrentTCB
 1676              		.cfi_endproc
 1677              	.LFE12:
 1679              		.section	.text.uxTaskPriorityGetFromISR,"ax",%progbits
 1680              		.align	1
 1681              		.global	uxTaskPriorityGetFromISR
 1682              		.syntax unified
 1683              		.thumb
 1684              		.thumb_func
 1686              	uxTaskPriorityGetFromISR:
 1687              	.LVL128:
 1688              	.LFB13:
1501:Middlewares/Third_Party/FreeRTOS/Source/tasks.c **** 	TCB_t const *pxTCB;
 1689              		.loc 1 1501 2 is_stmt 1 view -0
 1690              		.cfi_startproc
 1691              		@ args = 0, pretend = 0, frame = 0
 1692              		@ frame_needed = 0, uses_anonymous_args = 0
1501:Middlewares/Third_Party/FreeRTOS/Source/tasks.c **** 	TCB_t const *pxTCB;
 1693              		.loc 1 1501 2 is_stmt 0 view .LVU477
 1694 0000 10B5     		push	{r4, lr}
 1695              	.LCFI17:
 1696              		.cfi_def_cfa_offset 8
 1697              		.cfi_offset 4, -8
 1698              		.cfi_offset 14, -4
 1699 0002 0446     		mov	r4, r0
1502:Middlewares/Third_Party/FreeRTOS/Source/tasks.c **** 	UBaseType_t uxReturn, uxSavedInterruptState;
 1700              		.loc 1 1502 2 is_stmt 1 view .LVU478
1503:Middlewares/Third_Party/FreeRTOS/Source/tasks.c **** 
 1701              		.loc 1 1503 2 view .LVU479
1521:Middlewares/Third_Party/FreeRTOS/Source/tasks.c **** 
 1702              		.loc 1 1521 3 view .LVU480
 1703 0004 FFF7FEFF 		bl	vPortValidateInterruptPriority
 1704              	.LVL129:
1523:Middlewares/Third_Party/FreeRTOS/Source/tasks.c **** 		{
 1705              		.loc 1 1523 3 view .LVU481
 1706              	.LBB140:
 1707              	.LBI140:
 196:Middlewares/Third_Party/FreeRTOS/Source/portable/GCC/ARM_CM4F/portmacro.h **** 	(
 197:Middlewares/Third_Party/FreeRTOS/Source/portable/GCC/ARM_CM4F/portmacro.h **** 		"	mov %0, %1												\n"	\
 198:Middlewares/Third_Party/FreeRTOS/Source/portable/GCC/ARM_CM4F/portmacro.h **** 		"	msr basepri, %0											\n" \
 199:Middlewares/Third_Party/FreeRTOS/Source/portable/GCC/ARM_CM4F/portmacro.h **** 		"	isb														\n" \
 200:Middlewares/Third_Party/FreeRTOS/Source/portable/GCC/ARM_CM4F/portmacro.h **** 		"	dsb														\n" \
 201:Middlewares/Third_Party/FreeRTOS/Source/portable/GCC/ARM_CM4F/portmacro.h **** 		:"=r" (ulNewBASEPRI) : "i" ( configMAX_SYSCALL_INTERRUPT_PRIORITY ) : "memory"
 202:Middlewares/Third_Party/FreeRTOS/Source/portable/GCC/ARM_CM4F/portmacro.h **** 	);
 203:Middlewares/Third_Party/FreeRTOS/Source/portable/GCC/ARM_CM4F/portmacro.h **** }
 204:Middlewares/Third_Party/FreeRTOS/Source/portable/GCC/ARM_CM4F/portmacro.h **** 
 205:Middlewares/Third_Party/FreeRTOS/Source/portable/GCC/ARM_CM4F/portmacro.h **** /*-----------------------------------------------------------*/
 206:Middlewares/Third_Party/FreeRTOS/Source/portable/GCC/ARM_CM4F/portmacro.h **** 
 207:Middlewares/Third_Party/FreeRTOS/Source/portable/GCC/ARM_CM4F/portmacro.h **** portFORCE_INLINE static uint32_t ulPortRaiseBASEPRI( void )
 1708              		.loc 2 207 34 view .LVU482
 1709              	.LBB141:
 208:Middlewares/Third_Party/FreeRTOS/Source/portable/GCC/ARM_CM4F/portmacro.h **** {
 209:Middlewares/Third_Party/FreeRTOS/Source/portable/GCC/ARM_CM4F/portmacro.h **** uint32_t ulOriginalBASEPRI, ulNewBASEPRI;
 1710              		.loc 2 209 1 view .LVU483
 210:Middlewares/Third_Party/FreeRTOS/Source/portable/GCC/ARM_CM4F/portmacro.h **** 
 211:Middlewares/Third_Party/FreeRTOS/Source/portable/GCC/ARM_CM4F/portmacro.h **** 	__asm volatile
 1711              		.loc 2 211 2 view .LVU484
ARM GAS  /tmp/cchsWuk7.s 			page 134


 1712              		.syntax unified
 1713              	@ 211 "Middlewares/Third_Party/FreeRTOS/Source/portable/GCC/ARM_CM4F/portmacro.h" 1
 1714 0008 EFF31183 			mrs r3, basepri											
 1715 000c 4FF05002 		mov r2, #80												
 1716 0010 82F31188 		msr basepri, r2											
 1717 0014 BFF36F8F 		isb														
 1718 0018 BFF34F8F 		dsb														
 1719              	
 1720              	@ 0 "" 2
 1721              	.LVL130:
 212:Middlewares/Third_Party/FreeRTOS/Source/portable/GCC/ARM_CM4F/portmacro.h **** 	(
 213:Middlewares/Third_Party/FreeRTOS/Source/portable/GCC/ARM_CM4F/portmacro.h **** 		"	mrs %0, basepri											\n" \
 214:Middlewares/Third_Party/FreeRTOS/Source/portable/GCC/ARM_CM4F/portmacro.h **** 		"	mov %1, %2												\n"	\
 215:Middlewares/Third_Party/FreeRTOS/Source/portable/GCC/ARM_CM4F/portmacro.h **** 		"	msr basepri, %1											\n" \
 216:Middlewares/Third_Party/FreeRTOS/Source/portable/GCC/ARM_CM4F/portmacro.h **** 		"	isb														\n" \
 217:Middlewares/Third_Party/FreeRTOS/Source/portable/GCC/ARM_CM4F/portmacro.h **** 		"	dsb														\n" \
 218:Middlewares/Third_Party/FreeRTOS/Source/portable/GCC/ARM_CM4F/portmacro.h **** 		:"=r" (ulOriginalBASEPRI), "=r" (ulNewBASEPRI) : "i" ( configMAX_SYSCALL_INTERRUPT_PRIORITY ) : "
 219:Middlewares/Third_Party/FreeRTOS/Source/portable/GCC/ARM_CM4F/portmacro.h **** 	);
 220:Middlewares/Third_Party/FreeRTOS/Source/portable/GCC/ARM_CM4F/portmacro.h **** 
 221:Middlewares/Third_Party/FreeRTOS/Source/portable/GCC/ARM_CM4F/portmacro.h **** 	/* This return will not be reached but is necessary to prevent compiler
 222:Middlewares/Third_Party/FreeRTOS/Source/portable/GCC/ARM_CM4F/portmacro.h **** 	warnings. */
 223:Middlewares/Third_Party/FreeRTOS/Source/portable/GCC/ARM_CM4F/portmacro.h **** 	return ulOriginalBASEPRI;
 1722              		.loc 2 223 2 view .LVU485
 1723              		.loc 2 223 2 is_stmt 0 view .LVU486
 1724              		.thumb
 1725              		.syntax unified
 1726              	.LBE141:
 1727              	.LBE140:
1527:Middlewares/Third_Party/FreeRTOS/Source/tasks.c **** 			uxReturn = pxTCB->uxPriority;
 1728              		.loc 1 1527 4 is_stmt 1 view .LVU487
1527:Middlewares/Third_Party/FreeRTOS/Source/tasks.c **** 			uxReturn = pxTCB->uxPriority;
 1729              		.loc 1 1527 12 is_stmt 0 view .LVU488
 1730 001c 1CB1     		cbz	r4, .L138
 1731              	.LVL131:
 1732              	.L136:
1528:Middlewares/Third_Party/FreeRTOS/Source/tasks.c **** 		}
 1733              		.loc 1 1528 4 is_stmt 1 view .LVU489
1528:Middlewares/Third_Party/FreeRTOS/Source/tasks.c **** 		}
 1734              		.loc 1 1528 13 is_stmt 0 view .LVU490
 1735 001e E06A     		ldr	r0, [r4, #44]
 1736              	.LVL132:
1530:Middlewares/Third_Party/FreeRTOS/Source/tasks.c **** 
 1737              		.loc 1 1530 3 is_stmt 1 view .LVU491
 1738              	.LBB142:
 1739              	.LBI142:
 224:Middlewares/Third_Party/FreeRTOS/Source/portable/GCC/ARM_CM4F/portmacro.h **** }
 225:Middlewares/Third_Party/FreeRTOS/Source/portable/GCC/ARM_CM4F/portmacro.h **** /*-----------------------------------------------------------*/
 226:Middlewares/Third_Party/FreeRTOS/Source/portable/GCC/ARM_CM4F/portmacro.h **** 
 227:Middlewares/Third_Party/FreeRTOS/Source/portable/GCC/ARM_CM4F/portmacro.h **** portFORCE_INLINE static void vPortSetBASEPRI( uint32_t ulNewMaskValue )
 1740              		.loc 2 227 30 view .LVU492
 1741              	.LBB143:
 228:Middlewares/Third_Party/FreeRTOS/Source/portable/GCC/ARM_CM4F/portmacro.h **** {
 229:Middlewares/Third_Party/FreeRTOS/Source/portable/GCC/ARM_CM4F/portmacro.h **** 	__asm volatile
 1742              		.loc 2 229 2 view .LVU493
 1743              		.syntax unified
 1744              	@ 229 "Middlewares/Third_Party/FreeRTOS/Source/portable/GCC/ARM_CM4F/portmacro.h" 1
 1745 0020 83F31188 			msr basepri, r3	
ARM GAS  /tmp/cchsWuk7.s 			page 135


 1746              	@ 0 "" 2
 1747              		.thumb
 1748              		.syntax unified
 1749              	.LBE143:
 1750              	.LBE142:
1532:Middlewares/Third_Party/FreeRTOS/Source/tasks.c **** 	}
 1751              		.loc 1 1532 3 view .LVU494
1533:Middlewares/Third_Party/FreeRTOS/Source/tasks.c **** 
 1752              		.loc 1 1533 2 is_stmt 0 view .LVU495
 1753 0024 10BD     		pop	{r4, pc}
 1754              	.LVL133:
 1755              	.L138:
1527:Middlewares/Third_Party/FreeRTOS/Source/tasks.c **** 			uxReturn = pxTCB->uxPriority;
 1756              		.loc 1 1527 12 discriminator 1 view .LVU496
 1757 0026 014A     		ldr	r2, .L139
 1758 0028 1468     		ldr	r4, [r2]
 1759              	.LVL134:
1527:Middlewares/Third_Party/FreeRTOS/Source/tasks.c **** 			uxReturn = pxTCB->uxPriority;
 1760              		.loc 1 1527 12 discriminator 1 view .LVU497
 1761 002a F8E7     		b	.L136
 1762              	.L140:
 1763              		.align	2
 1764              	.L139:
 1765 002c 00000000 		.word	pxCurrentTCB
 1766              		.cfi_endproc
 1767              	.LFE13:
 1769              		.section	.text.vTaskPrioritySet,"ax",%progbits
 1770              		.align	1
 1771              		.global	vTaskPrioritySet
 1772              		.syntax unified
 1773              		.thumb
 1774              		.thumb_func
 1776              	vTaskPrioritySet:
 1777              	.LVL135:
 1778              	.LFB14:
1541:Middlewares/Third_Party/FreeRTOS/Source/tasks.c **** 	TCB_t *pxTCB;
 1779              		.loc 1 1541 2 is_stmt 1 view -0
 1780              		.cfi_startproc
 1781              		@ args = 0, pretend = 0, frame = 0
 1782              		@ frame_needed = 0, uses_anonymous_args = 0
1542:Middlewares/Third_Party/FreeRTOS/Source/tasks.c **** 	UBaseType_t uxCurrentBasePriority, uxPriorityUsedOnEntry;
 1783              		.loc 1 1542 2 view .LVU499
1543:Middlewares/Third_Party/FreeRTOS/Source/tasks.c **** 	BaseType_t xYieldRequired = pdFALSE;
 1784              		.loc 1 1543 2 view .LVU500
1544:Middlewares/Third_Party/FreeRTOS/Source/tasks.c **** 
 1785              		.loc 1 1544 2 view .LVU501
1546:Middlewares/Third_Party/FreeRTOS/Source/tasks.c **** 
 1786              		.loc 1 1546 3 view .LVU502
 1787 0000 3729     		cmp	r1, #55
 1788 0002 08D9     		bls	.L142
1546:Middlewares/Third_Party/FreeRTOS/Source/tasks.c **** 
 1789              		.loc 1 1546 3 discriminator 1 view .LVU503
 1790              	.LBB144:
 1791              	.LBI144:
 191:Middlewares/Third_Party/FreeRTOS/Source/portable/GCC/ARM_CM4F/portmacro.h **** {
 1792              		.loc 2 191 30 view .LVU504
 1793              	.LBB145:
ARM GAS  /tmp/cchsWuk7.s 			page 136


 193:Middlewares/Third_Party/FreeRTOS/Source/portable/GCC/ARM_CM4F/portmacro.h **** 
 1794              		.loc 2 193 1 view .LVU505
 195:Middlewares/Third_Party/FreeRTOS/Source/portable/GCC/ARM_CM4F/portmacro.h **** 	(
 1795              		.loc 2 195 2 view .LVU506
 1796              		.syntax unified
 1797              	@ 195 "Middlewares/Third_Party/FreeRTOS/Source/portable/GCC/ARM_CM4F/portmacro.h" 1
 1798 0004 4FF05003 			mov r3, #80												
 1799 0008 83F31188 		msr basepri, r3											
 1800 000c BFF36F8F 		isb														
 1801 0010 BFF34F8F 		dsb														
 1802              	
 1803              	@ 0 "" 2
 1804              		.thumb
 1805              		.syntax unified
 1806              	.L143:
 1807              	.LBE145:
 1808              	.LBE144:
1546:Middlewares/Third_Party/FreeRTOS/Source/tasks.c **** 
 1809              		.loc 1 1546 3 discriminator 3 view .LVU507
1546:Middlewares/Third_Party/FreeRTOS/Source/tasks.c **** 
 1810              		.loc 1 1546 3 discriminator 3 view .LVU508
 1811 0014 FEE7     		b	.L143
 1812              	.L142:
1541:Middlewares/Third_Party/FreeRTOS/Source/tasks.c **** 	TCB_t *pxTCB;
 1813              		.loc 1 1541 2 is_stmt 0 view .LVU509
 1814 0016 70B5     		push	{r4, r5, r6, lr}
 1815              	.LCFI18:
 1816              		.cfi_def_cfa_offset 16
 1817              		.cfi_offset 4, -16
 1818              		.cfi_offset 5, -12
 1819              		.cfi_offset 6, -8
 1820              		.cfi_offset 14, -4
 1821 0018 0546     		mov	r5, r0
 1822 001a 0C46     		mov	r4, r1
1546:Middlewares/Third_Party/FreeRTOS/Source/tasks.c **** 
 1823              		.loc 1 1546 59 is_stmt 1 discriminator 2 view .LVU510
1549:Middlewares/Third_Party/FreeRTOS/Source/tasks.c **** 		{
 1824              		.loc 1 1549 3 view .LVU511
 1825              	.LVL136:
1555:Middlewares/Third_Party/FreeRTOS/Source/tasks.c **** 		}
 1826              		.loc 1 1555 28 view .LVU512
1558:Middlewares/Third_Party/FreeRTOS/Source/tasks.c **** 		{
 1827              		.loc 1 1558 3 view .LVU513
 1828 001c FFF7FEFF 		bl	vPortEnterCritical
 1829              	.LVL137:
1562:Middlewares/Third_Party/FreeRTOS/Source/tasks.c **** 
 1830              		.loc 1 1562 4 view .LVU514
1562:Middlewares/Third_Party/FreeRTOS/Source/tasks.c **** 
 1831              		.loc 1 1562 12 is_stmt 0 view .LVU515
 1832 0020 75B1     		cbz	r5, .L157
 1833              	.LVL138:
 1834              	.L144:
1564:Middlewares/Third_Party/FreeRTOS/Source/tasks.c **** 
 1835              		.loc 1 1564 50 is_stmt 1 view .LVU516
1568:Middlewares/Third_Party/FreeRTOS/Source/tasks.c **** 			}
 1836              		.loc 1 1568 5 view .LVU517
1568:Middlewares/Third_Party/FreeRTOS/Source/tasks.c **** 			}
ARM GAS  /tmp/cchsWuk7.s 			page 137


 1837              		.loc 1 1568 27 is_stmt 0 view .LVU518
 1838 0022 EA6C     		ldr	r2, [r5, #76]
 1839              	.LVL139:
1576:Middlewares/Third_Party/FreeRTOS/Source/tasks.c **** 			{
 1840              		.loc 1 1576 4 is_stmt 1 view .LVU519
1576:Middlewares/Third_Party/FreeRTOS/Source/tasks.c **** 			{
 1841              		.loc 1 1576 6 is_stmt 0 view .LVU520
 1842 0024 9442     		cmp	r4, r2
 1843 0026 30D0     		beq	.L145
1580:Middlewares/Third_Party/FreeRTOS/Source/tasks.c **** 				{
 1844              		.loc 1 1580 5 is_stmt 1 view .LVU521
1580:Middlewares/Third_Party/FreeRTOS/Source/tasks.c **** 				{
 1845              		.loc 1 1580 7 is_stmt 0 view .LVU522
 1846 0028 0DD9     		bls	.L146
1582:Middlewares/Third_Party/FreeRTOS/Source/tasks.c **** 					{
 1847              		.loc 1 1582 6 is_stmt 1 view .LVU523
1582:Middlewares/Third_Party/FreeRTOS/Source/tasks.c **** 					{
 1848              		.loc 1 1582 16 is_stmt 0 view .LVU524
 1849 002a 274B     		ldr	r3, .L160
 1850 002c 1B68     		ldr	r3, [r3]
1582:Middlewares/Third_Party/FreeRTOS/Source/tasks.c **** 					{
 1851              		.loc 1 1582 8 view .LVU525
 1852 002e AB42     		cmp	r3, r5
 1853 0030 2ED0     		beq	.L152
1587:Middlewares/Third_Party/FreeRTOS/Source/tasks.c **** 						{
 1854              		.loc 1 1587 7 is_stmt 1 view .LVU526
1587:Middlewares/Third_Party/FreeRTOS/Source/tasks.c **** 						{
 1855              		.loc 1 1587 40 is_stmt 0 view .LVU527
 1856 0032 254B     		ldr	r3, .L160
 1857 0034 1B68     		ldr	r3, [r3]
 1858 0036 DB6A     		ldr	r3, [r3, #44]
1587:Middlewares/Third_Party/FreeRTOS/Source/tasks.c **** 						{
 1859              		.loc 1 1587 9 view .LVU528
 1860 0038 A342     		cmp	r3, r4
 1861 003a 2BD9     		bls	.L153
1544:Middlewares/Third_Party/FreeRTOS/Source/tasks.c **** 
 1862              		.loc 1 1544 13 view .LVU529
 1863 003c 0026     		movs	r6, #0
 1864 003e 07E0     		b	.L147
 1865              	.LVL140:
 1866              	.L157:
1562:Middlewares/Third_Party/FreeRTOS/Source/tasks.c **** 
 1867              		.loc 1 1562 12 discriminator 1 view .LVU530
 1868 0040 214B     		ldr	r3, .L160
 1869 0042 1D68     		ldr	r5, [r3]
 1870              	.LVL141:
1562:Middlewares/Third_Party/FreeRTOS/Source/tasks.c **** 
 1871              		.loc 1 1562 12 discriminator 1 view .LVU531
 1872 0044 EDE7     		b	.L144
 1873              	.LVL142:
 1874              	.L146:
1603:Middlewares/Third_Party/FreeRTOS/Source/tasks.c **** 				{
 1875              		.loc 1 1603 10 is_stmt 1 view .LVU532
1603:Middlewares/Third_Party/FreeRTOS/Source/tasks.c **** 				{
 1876              		.loc 1 1603 20 is_stmt 0 view .LVU533
 1877 0046 204B     		ldr	r3, .L160
 1878 0048 1B68     		ldr	r3, [r3]
ARM GAS  /tmp/cchsWuk7.s 			page 138


1603:Middlewares/Third_Party/FreeRTOS/Source/tasks.c **** 				{
 1879              		.loc 1 1603 12 view .LVU534
 1880 004a AB42     		cmp	r3, r5
 1881 004c 24D0     		beq	.L154
1544:Middlewares/Third_Party/FreeRTOS/Source/tasks.c **** 
 1882              		.loc 1 1544 13 view .LVU535
 1883 004e 0026     		movs	r6, #0
 1884              	.L147:
 1885              	.LVL143:
1615:Middlewares/Third_Party/FreeRTOS/Source/tasks.c **** 
 1886              		.loc 1 1615 5 is_stmt 1 view .LVU536
1620:Middlewares/Third_Party/FreeRTOS/Source/tasks.c **** 
 1887              		.loc 1 1620 5 view .LVU537
1620:Middlewares/Third_Party/FreeRTOS/Source/tasks.c **** 
 1888              		.loc 1 1620 27 is_stmt 0 view .LVU538
 1889 0050 EB6A     		ldr	r3, [r5, #44]
 1890              	.LVL144:
1626:Middlewares/Third_Party/FreeRTOS/Source/tasks.c **** 					{
 1891              		.loc 1 1626 6 is_stmt 1 view .LVU539
1626:Middlewares/Third_Party/FreeRTOS/Source/tasks.c **** 					{
 1892              		.loc 1 1626 8 is_stmt 0 view .LVU540
 1893 0052 9A42     		cmp	r2, r3
 1894 0054 22D0     		beq	.L158
 1895              	.L148:
1632:Middlewares/Third_Party/FreeRTOS/Source/tasks.c **** 					}
 1896              		.loc 1 1632 31 is_stmt 1 view .LVU541
1636:Middlewares/Third_Party/FreeRTOS/Source/tasks.c **** 				}
 1897              		.loc 1 1636 6 view .LVU542
1636:Middlewares/Third_Party/FreeRTOS/Source/tasks.c **** 				}
 1898              		.loc 1 1636 28 is_stmt 0 view .LVU543
 1899 0056 EC64     		str	r4, [r5, #76]
1646:Middlewares/Third_Party/FreeRTOS/Source/tasks.c **** 				{
 1900              		.loc 1 1646 5 is_stmt 1 view .LVU544
1646:Middlewares/Third_Party/FreeRTOS/Source/tasks.c **** 				{
 1901              		.loc 1 1646 11 is_stmt 0 view .LVU545
 1902 0058 AA69     		ldr	r2, [r5, #24]
 1903              	.LVL145:
1646:Middlewares/Third_Party/FreeRTOS/Source/tasks.c **** 				{
 1904              		.loc 1 1646 7 view .LVU546
 1905 005a 002A     		cmp	r2, #0
 1906 005c 02DB     		blt	.L149
1648:Middlewares/Third_Party/FreeRTOS/Source/tasks.c **** 				}
 1907              		.loc 1 1648 6 is_stmt 1 view .LVU547
 1908 005e C4F13804 		rsb	r4, r4, #56
 1909              	.LVL146:
1648:Middlewares/Third_Party/FreeRTOS/Source/tasks.c **** 				}
 1910              		.loc 1 1648 6 is_stmt 0 view .LVU548
 1911 0062 AC61     		str	r4, [r5, #24]
 1912              	.L149:
1652:Middlewares/Third_Party/FreeRTOS/Source/tasks.c **** 				}
 1913              		.loc 1 1652 30 is_stmt 1 view .LVU549
1659:Middlewares/Third_Party/FreeRTOS/Source/tasks.c **** 				{
 1914              		.loc 1 1659 5 view .LVU550
1659:Middlewares/Third_Party/FreeRTOS/Source/tasks.c **** 				{
 1915              		.loc 1 1659 9 is_stmt 0 view .LVU551
 1916 0064 6969     		ldr	r1, [r5, #20]
 1917 0066 03EB8303 		add	r3, r3, r3, lsl #2
ARM GAS  /tmp/cchsWuk7.s 			page 139


 1918              	.LVL147:
1659:Middlewares/Third_Party/FreeRTOS/Source/tasks.c **** 				{
 1919              		.loc 1 1659 9 view .LVU552
 1920 006a 184A     		ldr	r2, .L160+4
 1921 006c 02EB8303 		add	r3, r2, r3, lsl #2
1659:Middlewares/Third_Party/FreeRTOS/Source/tasks.c **** 				{
 1922              		.loc 1 1659 7 view .LVU553
 1923 0070 9942     		cmp	r1, r3
 1924 0072 15D0     		beq	.L159
 1925              	.LVL148:
 1926              	.L150:
1679:Middlewares/Third_Party/FreeRTOS/Source/tasks.c **** 				}
 1927              		.loc 1 1679 30 is_stmt 1 view .LVU554
1682:Middlewares/Third_Party/FreeRTOS/Source/tasks.c **** 				{
 1928              		.loc 1 1682 5 view .LVU555
1682:Middlewares/Third_Party/FreeRTOS/Source/tasks.c **** 				{
 1929              		.loc 1 1682 7 is_stmt 0 view .LVU556
 1930 0074 4EB1     		cbz	r6, .L145
1684:Middlewares/Third_Party/FreeRTOS/Source/tasks.c **** 				}
 1931              		.loc 1 1684 6 is_stmt 1 view .LVU557
 1932 0076 4FF0E023 		mov	r3, #-536813568
 1933 007a 4FF08052 		mov	r2, #268435456
 1934 007e C3F8042D 		str	r2, [r3, #3332]
1684:Middlewares/Third_Party/FreeRTOS/Source/tasks.c **** 				}
 1935              		.loc 1 1684 6 view .LVU558
 1936              		.syntax unified
 1937              	@ 1684 "Middlewares/Third_Party/FreeRTOS/Source/tasks.c" 1
 1938 0082 BFF34F8F 		dsb
 1939              	@ 0 "" 2
1684:Middlewares/Third_Party/FreeRTOS/Source/tasks.c **** 				}
 1940              		.loc 1 1684 6 view .LVU559
 1941              	@ 1684 "Middlewares/Third_Party/FreeRTOS/Source/tasks.c" 1
 1942 0086 BFF36F8F 		isb
 1943              	@ 0 "" 2
1684:Middlewares/Third_Party/FreeRTOS/Source/tasks.c **** 				}
 1944              		.loc 1 1684 37 view .LVU560
 1945              	.LVL149:
 1946              		.thumb
 1947              		.syntax unified
 1948              	.L145:
1688:Middlewares/Third_Party/FreeRTOS/Source/tasks.c **** 				}
 1949              		.loc 1 1688 30 view .LVU561
1693:Middlewares/Third_Party/FreeRTOS/Source/tasks.c **** 			}
 1950              		.loc 1 1693 5 view .LVU562
1696:Middlewares/Third_Party/FreeRTOS/Source/tasks.c **** 	}
 1951              		.loc 1 1696 3 view .LVU563
 1952 008a FFF7FEFF 		bl	vPortExitCritical
 1953              	.LVL150:
1697:Middlewares/Third_Party/FreeRTOS/Source/tasks.c **** 
 1954              		.loc 1 1697 2 is_stmt 0 view .LVU564
 1955 008e 70BD     		pop	{r4, r5, r6, pc}
 1956              	.LVL151:
 1957              	.L152:
1544:Middlewares/Third_Party/FreeRTOS/Source/tasks.c **** 
 1958              		.loc 1 1544 13 view .LVU565
 1959 0090 0026     		movs	r6, #0
 1960 0092 DDE7     		b	.L147
ARM GAS  /tmp/cchsWuk7.s 			page 140


 1961              	.L153:
1589:Middlewares/Third_Party/FreeRTOS/Source/tasks.c **** 						}
 1962              		.loc 1 1589 23 view .LVU566
 1963 0094 0126     		movs	r6, #1
 1964 0096 DBE7     		b	.L147
 1965              	.L154:
1608:Middlewares/Third_Party/FreeRTOS/Source/tasks.c **** 				}
 1966              		.loc 1 1608 21 view .LVU567
 1967 0098 0126     		movs	r6, #1
 1968 009a D9E7     		b	.L147
 1969              	.LVL152:
 1970              	.L158:
1628:Middlewares/Third_Party/FreeRTOS/Source/tasks.c **** 					}
 1971              		.loc 1 1628 7 is_stmt 1 view .LVU568
1628:Middlewares/Third_Party/FreeRTOS/Source/tasks.c **** 					}
 1972              		.loc 1 1628 25 is_stmt 0 view .LVU569
 1973 009c EC62     		str	r4, [r5, #44]
 1974 009e DAE7     		b	.L148
 1975              	.LVL153:
 1976              	.L159:
1664:Middlewares/Third_Party/FreeRTOS/Source/tasks.c **** 					{
 1977              		.loc 1 1664 6 is_stmt 1 view .LVU570
1664:Middlewares/Third_Party/FreeRTOS/Source/tasks.c **** 					{
 1978              		.loc 1 1664 10 is_stmt 0 view .LVU571
 1979 00a0 2C1D     		adds	r4, r5, #4
 1980 00a2 2046     		mov	r0, r4
 1981 00a4 FFF7FEFF 		bl	uxListRemove
 1982              	.LVL154:
1669:Middlewares/Third_Party/FreeRTOS/Source/tasks.c **** 					}
 1983              		.loc 1 1669 76 is_stmt 1 view .LVU572
1673:Middlewares/Third_Party/FreeRTOS/Source/tasks.c **** 					}
 1984              		.loc 1 1673 31 view .LVU573
1675:Middlewares/Third_Party/FreeRTOS/Source/tasks.c **** 				}
 1985              		.loc 1 1675 6 view .LVU574
1675:Middlewares/Third_Party/FreeRTOS/Source/tasks.c **** 				}
 1986              		.loc 1 1675 6 view .LVU575
 1987 00a8 E86A     		ldr	r0, [r5, #44]
 1988 00aa 094B     		ldr	r3, .L160+8
 1989 00ac 1B68     		ldr	r3, [r3]
 1990 00ae 9842     		cmp	r0, r3
 1991 00b0 01D9     		bls	.L151
1675:Middlewares/Third_Party/FreeRTOS/Source/tasks.c **** 				}
 1992              		.loc 1 1675 6 discriminator 1 view .LVU576
 1993 00b2 074B     		ldr	r3, .L160+8
 1994 00b4 1860     		str	r0, [r3]
 1995              	.L151:
1675:Middlewares/Third_Party/FreeRTOS/Source/tasks.c **** 				}
 1996              		.loc 1 1675 6 discriminator 3 view .LVU577
1675:Middlewares/Third_Party/FreeRTOS/Source/tasks.c **** 				}
 1997              		.loc 1 1675 6 discriminator 3 view .LVU578
 1998 00b6 00EB8000 		add	r0, r0, r0, lsl #2
 1999 00ba 2146     		mov	r1, r4
 2000 00bc 034B     		ldr	r3, .L160+4
 2001 00be 03EB8000 		add	r0, r3, r0, lsl #2
 2002 00c2 FFF7FEFF 		bl	vListInsertEnd
 2003              	.LVL155:
1675:Middlewares/Third_Party/FreeRTOS/Source/tasks.c **** 				}
ARM GAS  /tmp/cchsWuk7.s 			page 141


 2004              		.loc 1 1675 36 discriminator 1 view .LVU579
 2005 00c6 D5E7     		b	.L150
 2006              	.L161:
 2007              		.align	2
 2008              	.L160:
 2009 00c8 00000000 		.word	pxCurrentTCB
 2010 00cc 00000000 		.word	pxReadyTasksLists
 2011 00d0 00000000 		.word	uxTopReadyPriority
 2012              		.cfi_endproc
 2013              	.LFE14:
 2015              		.section	.text.vTaskResume,"ax",%progbits
 2016              		.align	1
 2017              		.global	vTaskResume
 2018              		.syntax unified
 2019              		.thumb
 2020              		.thumb_func
 2022              	vTaskResume:
 2023              	.LVL156:
 2024              	.LFB17:
1852:Middlewares/Third_Party/FreeRTOS/Source/tasks.c **** 	TCB_t * const pxTCB = xTaskToResume;
 2025              		.loc 1 1852 2 view -0
 2026              		.cfi_startproc
 2027              		@ args = 0, pretend = 0, frame = 0
 2028              		@ frame_needed = 0, uses_anonymous_args = 0
1852:Middlewares/Third_Party/FreeRTOS/Source/tasks.c **** 	TCB_t * const pxTCB = xTaskToResume;
 2029              		.loc 1 1852 2 is_stmt 0 view .LVU581
 2030 0000 38B5     		push	{r3, r4, r5, lr}
 2031              	.LCFI19:
 2032              		.cfi_def_cfa_offset 16
 2033              		.cfi_offset 3, -16
 2034              		.cfi_offset 4, -12
 2035              		.cfi_offset 5, -8
 2036              		.cfi_offset 14, -4
1853:Middlewares/Third_Party/FreeRTOS/Source/tasks.c **** 
 2037              		.loc 1 1853 2 is_stmt 1 view .LVU582
 2038              	.LVL157:
1856:Middlewares/Third_Party/FreeRTOS/Source/tasks.c **** 
 2039              		.loc 1 1856 3 view .LVU583
 2040 0002 68B1     		cbz	r0, .L169
 2041 0004 0446     		mov	r4, r0
1856:Middlewares/Third_Party/FreeRTOS/Source/tasks.c **** 
 2042              		.loc 1 1856 32 discriminator 2 view .LVU584
1860:Middlewares/Third_Party/FreeRTOS/Source/tasks.c **** 		{
 2043              		.loc 1 1860 3 view .LVU585
1860:Middlewares/Third_Party/FreeRTOS/Source/tasks.c **** 		{
 2044              		.loc 1 1860 15 is_stmt 0 view .LVU586
 2045 0006 1D4B     		ldr	r3, .L171
 2046 0008 1B68     		ldr	r3, [r3]
1860:Middlewares/Third_Party/FreeRTOS/Source/tasks.c **** 		{
 2047              		.loc 1 1860 5 view .LVU587
 2048 000a 8342     		cmp	r3, r0
 2049 000c 07D0     		beq	.L162
1862:Middlewares/Third_Party/FreeRTOS/Source/tasks.c **** 			{
 2050              		.loc 1 1862 4 is_stmt 1 view .LVU588
 2051 000e FFF7FEFF 		bl	vPortEnterCritical
 2052              	.LVL158:
1864:Middlewares/Third_Party/FreeRTOS/Source/tasks.c **** 				{
ARM GAS  /tmp/cchsWuk7.s 			page 142


 2053              		.loc 1 1864 5 view .LVU589
1864:Middlewares/Third_Party/FreeRTOS/Source/tasks.c **** 				{
 2054              		.loc 1 1864 9 is_stmt 0 view .LVU590
 2055 0012 2046     		mov	r0, r4
 2056 0014 FFF7FEFF 		bl	prvTaskIsTaskSuspended
 2057              	.LVL159:
1864:Middlewares/Third_Party/FreeRTOS/Source/tasks.c **** 				{
 2058              		.loc 1 1864 7 discriminator 1 view .LVU591
 2059 0018 58B9     		cbnz	r0, .L170
 2060              	.L166:
1888:Middlewares/Third_Party/FreeRTOS/Source/tasks.c **** 				}
 2061              		.loc 1 1888 30 is_stmt 1 view .LVU592
1891:Middlewares/Third_Party/FreeRTOS/Source/tasks.c **** 		}
 2062              		.loc 1 1891 4 view .LVU593
 2063 001a FFF7FEFF 		bl	vPortExitCritical
 2064              	.LVL160:
1895:Middlewares/Third_Party/FreeRTOS/Source/tasks.c **** 		}
 2065              		.loc 1 1895 28 view .LVU594
 2066              	.L162:
1897:Middlewares/Third_Party/FreeRTOS/Source/tasks.c **** 
 2067              		.loc 1 1897 2 is_stmt 0 view .LVU595
 2068 001e 38BD     		pop	{r3, r4, r5, pc}
 2069              	.LVL161:
 2070              	.L169:
1856:Middlewares/Third_Party/FreeRTOS/Source/tasks.c **** 
 2071              		.loc 1 1856 3 is_stmt 1 discriminator 1 view .LVU596
 2072              	.LBB146:
 2073              	.LBI146:
 191:Middlewares/Third_Party/FreeRTOS/Source/portable/GCC/ARM_CM4F/portmacro.h **** {
 2074              		.loc 2 191 30 view .LVU597
 2075              	.LBB147:
 193:Middlewares/Third_Party/FreeRTOS/Source/portable/GCC/ARM_CM4F/portmacro.h **** 
 2076              		.loc 2 193 1 view .LVU598
 195:Middlewares/Third_Party/FreeRTOS/Source/portable/GCC/ARM_CM4F/portmacro.h **** 	(
 2077              		.loc 2 195 2 view .LVU599
 2078              		.syntax unified
 2079              	@ 195 "Middlewares/Third_Party/FreeRTOS/Source/portable/GCC/ARM_CM4F/portmacro.h" 1
 2080 0020 4FF05003 			mov r3, #80												
 2081 0024 83F31188 		msr basepri, r3											
 2082 0028 BFF36F8F 		isb														
 2083 002c BFF34F8F 		dsb														
 2084              	
 2085              	@ 0 "" 2
 2086              		.thumb
 2087              		.syntax unified
 2088              	.L164:
 2089              	.LBE147:
 2090              	.LBE146:
1856:Middlewares/Third_Party/FreeRTOS/Source/tasks.c **** 
 2091              		.loc 1 1856 3 discriminator 3 view .LVU600
1856:Middlewares/Third_Party/FreeRTOS/Source/tasks.c **** 
 2092              		.loc 1 1856 3 discriminator 3 view .LVU601
 2093 0030 FEE7     		b	.L164
 2094              	.LVL162:
 2095              	.L170:
1866:Middlewares/Third_Party/FreeRTOS/Source/tasks.c **** 
 2096              		.loc 1 1866 31 view .LVU602
ARM GAS  /tmp/cchsWuk7.s 			page 143


1870:Middlewares/Third_Party/FreeRTOS/Source/tasks.c **** 					prvAddTaskToReadyList( pxTCB );
 2097              		.loc 1 1870 6 view .LVU603
1870:Middlewares/Third_Party/FreeRTOS/Source/tasks.c **** 					prvAddTaskToReadyList( pxTCB );
 2098              		.loc 1 1870 15 is_stmt 0 view .LVU604
 2099 0032 251D     		adds	r5, r4, #4
 2100 0034 2846     		mov	r0, r5
 2101 0036 FFF7FEFF 		bl	uxListRemove
 2102              	.LVL163:
1871:Middlewares/Third_Party/FreeRTOS/Source/tasks.c **** 
 2103              		.loc 1 1871 6 is_stmt 1 view .LVU605
1871:Middlewares/Third_Party/FreeRTOS/Source/tasks.c **** 
 2104              		.loc 1 1871 6 view .LVU606
 2105 003a E06A     		ldr	r0, [r4, #44]
 2106 003c 104B     		ldr	r3, .L171+4
 2107 003e 1B68     		ldr	r3, [r3]
 2108 0040 9842     		cmp	r0, r3
 2109 0042 01D9     		bls	.L167
1871:Middlewares/Third_Party/FreeRTOS/Source/tasks.c **** 
 2110              		.loc 1 1871 6 discriminator 1 view .LVU607
 2111 0044 0E4B     		ldr	r3, .L171+4
 2112 0046 1860     		str	r0, [r3]
 2113              	.L167:
1871:Middlewares/Third_Party/FreeRTOS/Source/tasks.c **** 
 2114              		.loc 1 1871 6 discriminator 3 view .LVU608
1871:Middlewares/Third_Party/FreeRTOS/Source/tasks.c **** 
 2115              		.loc 1 1871 6 discriminator 3 view .LVU609
 2116 0048 00EB8000 		add	r0, r0, r0, lsl #2
 2117 004c 2946     		mov	r1, r5
 2118 004e 0D4B     		ldr	r3, .L171+8
 2119 0050 03EB8000 		add	r0, r3, r0, lsl #2
 2120 0054 FFF7FEFF 		bl	vListInsertEnd
 2121              	.LVL164:
1871:Middlewares/Third_Party/FreeRTOS/Source/tasks.c **** 
 2122              		.loc 1 1871 36 discriminator 1 view .LVU610
1874:Middlewares/Third_Party/FreeRTOS/Source/tasks.c **** 					{
 2123              		.loc 1 1874 6 view .LVU611
1874:Middlewares/Third_Party/FreeRTOS/Source/tasks.c **** 					{
 2124              		.loc 1 1874 15 is_stmt 0 view .LVU612
 2125 0058 E26A     		ldr	r2, [r4, #44]
1874:Middlewares/Third_Party/FreeRTOS/Source/tasks.c **** 					{
 2126              		.loc 1 1874 43 view .LVU613
 2127 005a 084B     		ldr	r3, .L171
 2128 005c 1B68     		ldr	r3, [r3]
 2129 005e DB6A     		ldr	r3, [r3, #44]
1874:Middlewares/Third_Party/FreeRTOS/Source/tasks.c **** 					{
 2130              		.loc 1 1874 8 view .LVU614
 2131 0060 9A42     		cmp	r2, r3
 2132 0062 DAD3     		bcc	.L166
1879:Middlewares/Third_Party/FreeRTOS/Source/tasks.c **** 					}
 2133              		.loc 1 1879 7 is_stmt 1 view .LVU615
 2134 0064 4FF0E023 		mov	r3, #-536813568
 2135 0068 4FF08052 		mov	r2, #268435456
 2136 006c C3F8042D 		str	r2, [r3, #3332]
1879:Middlewares/Third_Party/FreeRTOS/Source/tasks.c **** 					}
 2137              		.loc 1 1879 7 view .LVU616
 2138              		.syntax unified
 2139              	@ 1879 "Middlewares/Third_Party/FreeRTOS/Source/tasks.c" 1
ARM GAS  /tmp/cchsWuk7.s 			page 144


 2140 0070 BFF34F8F 		dsb
 2141              	@ 0 "" 2
1879:Middlewares/Third_Party/FreeRTOS/Source/tasks.c **** 					}
 2142              		.loc 1 1879 7 view .LVU617
 2143              	@ 1879 "Middlewares/Third_Party/FreeRTOS/Source/tasks.c" 1
 2144 0074 BFF36F8F 		isb
 2145              	@ 0 "" 2
1879:Middlewares/Third_Party/FreeRTOS/Source/tasks.c **** 					}
 2146              		.loc 1 1879 38 view .LVU618
 2147              		.thumb
 2148              		.syntax unified
 2149 0078 CFE7     		b	.L166
 2150              	.L172:
 2151 007a 00BF     		.align	2
 2152              	.L171:
 2153 007c 00000000 		.word	pxCurrentTCB
 2154 0080 00000000 		.word	uxTopReadyPriority
 2155 0084 00000000 		.word	pxReadyTasksLists
 2156              		.cfi_endproc
 2157              	.LFE17:
 2159              		.section	.text.xTaskResumeFromISR,"ax",%progbits
 2160              		.align	1
 2161              		.global	xTaskResumeFromISR
 2162              		.syntax unified
 2163              		.thumb
 2164              		.thumb_func
 2166              	xTaskResumeFromISR:
 2167              	.LVL165:
 2168              	.LFB18:
1906:Middlewares/Third_Party/FreeRTOS/Source/tasks.c **** 	BaseType_t xYieldRequired = pdFALSE;
 2169              		.loc 1 1906 2 view -0
 2170              		.cfi_startproc
 2171              		@ args = 0, pretend = 0, frame = 0
 2172              		@ frame_needed = 0, uses_anonymous_args = 0
1906:Middlewares/Third_Party/FreeRTOS/Source/tasks.c **** 	BaseType_t xYieldRequired = pdFALSE;
 2173              		.loc 1 1906 2 is_stmt 0 view .LVU620
 2174 0000 F8B5     		push	{r3, r4, r5, r6, r7, lr}
 2175              	.LCFI20:
 2176              		.cfi_def_cfa_offset 24
 2177              		.cfi_offset 3, -24
 2178              		.cfi_offset 4, -20
 2179              		.cfi_offset 5, -16
 2180              		.cfi_offset 6, -12
 2181              		.cfi_offset 7, -8
 2182              		.cfi_offset 14, -4
1907:Middlewares/Third_Party/FreeRTOS/Source/tasks.c **** 	TCB_t * const pxTCB = xTaskToResume;
 2183              		.loc 1 1907 2 is_stmt 1 view .LVU621
 2184              	.LVL166:
1908:Middlewares/Third_Party/FreeRTOS/Source/tasks.c **** 	UBaseType_t uxSavedInterruptStatus;
 2185              		.loc 1 1908 2 view .LVU622
1909:Middlewares/Third_Party/FreeRTOS/Source/tasks.c **** 
 2186              		.loc 1 1909 2 view .LVU623
1911:Middlewares/Third_Party/FreeRTOS/Source/tasks.c **** 
 2187              		.loc 1 1911 3 view .LVU624
 2188 0002 0028     		cmp	r0, #0
 2189 0004 32D0     		beq	.L182
 2190 0006 0646     		mov	r6, r0
ARM GAS  /tmp/cchsWuk7.s 			page 145


1911:Middlewares/Third_Party/FreeRTOS/Source/tasks.c **** 
 2191              		.loc 1 1911 32 discriminator 2 view .LVU625
1929:Middlewares/Third_Party/FreeRTOS/Source/tasks.c **** 
 2192              		.loc 1 1929 3 view .LVU626
 2193 0008 FFF7FEFF 		bl	vPortValidateInterruptPriority
 2194              	.LVL167:
1931:Middlewares/Third_Party/FreeRTOS/Source/tasks.c **** 		{
 2195              		.loc 1 1931 3 view .LVU627
 2196              	.LBB148:
 2197              	.LBI148:
 207:Middlewares/Third_Party/FreeRTOS/Source/portable/GCC/ARM_CM4F/portmacro.h **** {
 2198              		.loc 2 207 34 view .LVU628
 2199              	.LBB149:
 209:Middlewares/Third_Party/FreeRTOS/Source/portable/GCC/ARM_CM4F/portmacro.h **** 
 2200              		.loc 2 209 1 view .LVU629
 211:Middlewares/Third_Party/FreeRTOS/Source/portable/GCC/ARM_CM4F/portmacro.h **** 	(
 2201              		.loc 2 211 2 view .LVU630
 2202              		.syntax unified
 2203              	@ 211 "Middlewares/Third_Party/FreeRTOS/Source/portable/GCC/ARM_CM4F/portmacro.h" 1
 2204 000c EFF31184 			mrs r4, basepri											
 2205 0010 4FF05003 		mov r3, #80												
 2206 0014 83F31188 		msr basepri, r3											
 2207 0018 BFF36F8F 		isb														
 2208 001c BFF34F8F 		dsb														
 2209              	
 2210              	@ 0 "" 2
 2211              	.LVL168:
 223:Middlewares/Third_Party/FreeRTOS/Source/portable/GCC/ARM_CM4F/portmacro.h **** }
 2212              		.loc 2 223 2 view .LVU631
 223:Middlewares/Third_Party/FreeRTOS/Source/portable/GCC/ARM_CM4F/portmacro.h **** }
 2213              		.loc 2 223 2 is_stmt 0 view .LVU632
 2214              		.thumb
 2215              		.syntax unified
 2216              	.LBE149:
 2217              	.LBE148:
1933:Middlewares/Third_Party/FreeRTOS/Source/tasks.c **** 			{
 2218              		.loc 1 1933 4 is_stmt 1 view .LVU633
1933:Middlewares/Third_Party/FreeRTOS/Source/tasks.c **** 			{
 2219              		.loc 1 1933 8 is_stmt 0 view .LVU634
 2220 0020 3046     		mov	r0, r6
 2221 0022 FFF7FEFF 		bl	prvTaskIsTaskSuspended
 2222              	.LVL169:
1933:Middlewares/Third_Party/FreeRTOS/Source/tasks.c **** 			{
 2223              		.loc 1 1933 6 discriminator 1 view .LVU635
 2224 0026 0546     		mov	r5, r0
 2225 0028 E0B1     		cbz	r0, .L176
1935:Middlewares/Third_Party/FreeRTOS/Source/tasks.c **** 
 2226              		.loc 1 1935 39 is_stmt 1 view .LVU636
1938:Middlewares/Third_Party/FreeRTOS/Source/tasks.c **** 				{
 2227              		.loc 1 1938 5 view .LVU637
1938:Middlewares/Third_Party/FreeRTOS/Source/tasks.c **** 				{
 2228              		.loc 1 1938 30 is_stmt 0 view .LVU638
 2229 002a 194B     		ldr	r3, .L183
 2230 002c 1B68     		ldr	r3, [r3]
1938:Middlewares/Third_Party/FreeRTOS/Source/tasks.c **** 				{
 2231              		.loc 1 1938 7 view .LVU639
 2232 002e 43BB     		cbnz	r3, .L177
ARM GAS  /tmp/cchsWuk7.s 			page 146


1942:Middlewares/Third_Party/FreeRTOS/Source/tasks.c **** 					{
 2233              		.loc 1 1942 6 is_stmt 1 view .LVU640
1942:Middlewares/Third_Party/FreeRTOS/Source/tasks.c **** 					{
 2234              		.loc 1 1942 15 is_stmt 0 view .LVU641
 2235 0030 F26A     		ldr	r2, [r6, #44]
1942:Middlewares/Third_Party/FreeRTOS/Source/tasks.c **** 					{
 2236              		.loc 1 1942 43 view .LVU642
 2237 0032 184B     		ldr	r3, .L183+4
 2238 0034 1B68     		ldr	r3, [r3]
 2239 0036 DB6A     		ldr	r3, [r3, #44]
1942:Middlewares/Third_Party/FreeRTOS/Source/tasks.c **** 					{
 2240              		.loc 1 1942 8 view .LVU643
 2241 0038 9A42     		cmp	r2, r3
 2242 003a 20D2     		bcs	.L180
1907:Middlewares/Third_Party/FreeRTOS/Source/tasks.c **** 	TCB_t * const pxTCB = xTaskToResume;
 2243              		.loc 1 1907 13 view .LVU644
 2244 003c 0025     		movs	r5, #0
 2245              	.L178:
 2246              	.LVL170:
1948:Middlewares/Third_Party/FreeRTOS/Source/tasks.c **** 					}
 2247              		.loc 1 1948 31 is_stmt 1 view .LVU645
1951:Middlewares/Third_Party/FreeRTOS/Source/tasks.c **** 					prvAddTaskToReadyList( pxTCB );
 2248              		.loc 1 1951 6 view .LVU646
1951:Middlewares/Third_Party/FreeRTOS/Source/tasks.c **** 					prvAddTaskToReadyList( pxTCB );
 2249              		.loc 1 1951 15 is_stmt 0 view .LVU647
 2250 003e 371D     		adds	r7, r6, #4
 2251 0040 3846     		mov	r0, r7
 2252 0042 FFF7FEFF 		bl	uxListRemove
 2253              	.LVL171:
1952:Middlewares/Third_Party/FreeRTOS/Source/tasks.c **** 				}
 2254              		.loc 1 1952 6 is_stmt 1 view .LVU648
1952:Middlewares/Third_Party/FreeRTOS/Source/tasks.c **** 				}
 2255              		.loc 1 1952 6 view .LVU649
 2256 0046 F06A     		ldr	r0, [r6, #44]
 2257 0048 134B     		ldr	r3, .L183+8
 2258 004a 1B68     		ldr	r3, [r3]
 2259 004c 9842     		cmp	r0, r3
 2260 004e 01D9     		bls	.L179
1952:Middlewares/Third_Party/FreeRTOS/Source/tasks.c **** 				}
 2261              		.loc 1 1952 6 discriminator 1 view .LVU650
 2262 0050 114B     		ldr	r3, .L183+8
 2263 0052 1860     		str	r0, [r3]
 2264              	.L179:
1952:Middlewares/Third_Party/FreeRTOS/Source/tasks.c **** 				}
 2265              		.loc 1 1952 6 discriminator 3 view .LVU651
1952:Middlewares/Third_Party/FreeRTOS/Source/tasks.c **** 				}
 2266              		.loc 1 1952 6 discriminator 3 view .LVU652
 2267 0054 00EB8000 		add	r0, r0, r0, lsl #2
 2268 0058 3946     		mov	r1, r7
 2269 005a 104B     		ldr	r3, .L183+12
 2270 005c 03EB8000 		add	r0, r3, r0, lsl #2
 2271 0060 FFF7FEFF 		bl	vListInsertEnd
 2272              	.LVL172:
1952:Middlewares/Third_Party/FreeRTOS/Source/tasks.c **** 				}
 2273              		.loc 1 1952 36 discriminator 1 view .LVU653
 2274              	.L176:
1964:Middlewares/Third_Party/FreeRTOS/Source/tasks.c **** 			}
ARM GAS  /tmp/cchsWuk7.s 			page 147


 2275              		.loc 1 1964 29 view .LVU654
1967:Middlewares/Third_Party/FreeRTOS/Source/tasks.c **** 
 2276              		.loc 1 1967 3 view .LVU655
 2277              	.LBB150:
 2278              	.LBI150:
 227:Middlewares/Third_Party/FreeRTOS/Source/portable/GCC/ARM_CM4F/portmacro.h **** {
 2279              		.loc 2 227 30 view .LVU656
 2280              	.LBB151:
 2281              		.loc 2 229 2 view .LVU657
 2282              		.syntax unified
 2283              	@ 229 "Middlewares/Third_Party/FreeRTOS/Source/portable/GCC/ARM_CM4F/portmacro.h" 1
 2284 0064 84F31188 			msr basepri, r4	
 2285              	@ 0 "" 2
 2286              		.thumb
 2287              		.syntax unified
 2288              	.LBE151:
 2289              	.LBE150:
1969:Middlewares/Third_Party/FreeRTOS/Source/tasks.c **** 	}
 2290              		.loc 1 1969 3 view .LVU658
1970:Middlewares/Third_Party/FreeRTOS/Source/tasks.c **** 
 2291              		.loc 1 1970 2 is_stmt 0 view .LVU659
 2292 0068 2846     		mov	r0, r5
 2293 006a F8BD     		pop	{r3, r4, r5, r6, r7, pc}
 2294              	.LVL173:
 2295              	.L182:
1911:Middlewares/Third_Party/FreeRTOS/Source/tasks.c **** 
 2296              		.loc 1 1911 3 is_stmt 1 discriminator 1 view .LVU660
 2297              	.LBB152:
 2298              	.LBI152:
 191:Middlewares/Third_Party/FreeRTOS/Source/portable/GCC/ARM_CM4F/portmacro.h **** {
 2299              		.loc 2 191 30 view .LVU661
 2300              	.LBB153:
 193:Middlewares/Third_Party/FreeRTOS/Source/portable/GCC/ARM_CM4F/portmacro.h **** 
 2301              		.loc 2 193 1 view .LVU662
 195:Middlewares/Third_Party/FreeRTOS/Source/portable/GCC/ARM_CM4F/portmacro.h **** 	(
 2302              		.loc 2 195 2 view .LVU663
 2303              		.syntax unified
 2304              	@ 195 "Middlewares/Third_Party/FreeRTOS/Source/portable/GCC/ARM_CM4F/portmacro.h" 1
 2305 006c 4FF05003 			mov r3, #80												
 2306 0070 83F31188 		msr basepri, r3											
 2307 0074 BFF36F8F 		isb														
 2308 0078 BFF34F8F 		dsb														
 2309              	
 2310              	@ 0 "" 2
 2311              		.thumb
 2312              		.syntax unified
 2313              	.L175:
 2314              	.LBE153:
 2315              	.LBE152:
1911:Middlewares/Third_Party/FreeRTOS/Source/tasks.c **** 
 2316              		.loc 1 1911 3 discriminator 3 view .LVU664
1911:Middlewares/Third_Party/FreeRTOS/Source/tasks.c **** 
 2317              		.loc 1 1911 3 discriminator 3 view .LVU665
 2318 007c FEE7     		b	.L175
 2319              	.LVL174:
 2320              	.L180:
1944:Middlewares/Third_Party/FreeRTOS/Source/tasks.c **** 					}
ARM GAS  /tmp/cchsWuk7.s 			page 148


 2321              		.loc 1 1944 22 is_stmt 0 view .LVU666
 2322 007e 0125     		movs	r5, #1
 2323 0080 DDE7     		b	.L178
 2324              	.L177:
1959:Middlewares/Third_Party/FreeRTOS/Source/tasks.c **** 				}
 2325              		.loc 1 1959 6 is_stmt 1 view .LVU667
 2326 0082 06F11801 		add	r1, r6, #24
 2327 0086 0648     		ldr	r0, .L183+16
 2328 0088 FFF7FEFF 		bl	vListInsertEnd
 2329              	.LVL175:
1907:Middlewares/Third_Party/FreeRTOS/Source/tasks.c **** 	TCB_t * const pxTCB = xTaskToResume;
 2330              		.loc 1 1907 13 is_stmt 0 view .LVU668
 2331 008c 0025     		movs	r5, #0
 2332 008e E9E7     		b	.L176
 2333              	.L184:
 2334              		.align	2
 2335              	.L183:
 2336 0090 00000000 		.word	uxSchedulerSuspended
 2337 0094 00000000 		.word	pxCurrentTCB
 2338 0098 00000000 		.word	uxTopReadyPriority
 2339 009c 00000000 		.word	pxReadyTasksLists
 2340 00a0 00000000 		.word	xPendingReadyList
 2341              		.cfi_endproc
 2342              	.LFE18:
 2344              		.section	.rodata.vTaskStartScheduler.str1.4,"aMS",%progbits,1
 2345              		.align	2
 2346              	.LC0:
 2347 0000 49444C45 		.ascii	"IDLE\000"
 2347      00
 2348              		.section	.text.vTaskStartScheduler,"ax",%progbits
 2349              		.align	1
 2350              		.global	vTaskStartScheduler
 2351              		.syntax unified
 2352              		.thumb
 2353              		.thumb_func
 2355              	vTaskStartScheduler:
 2356              	.LFB19:
1976:Middlewares/Third_Party/FreeRTOS/Source/tasks.c **** BaseType_t xReturn;
 2357              		.loc 1 1976 1 is_stmt 1 view -0
 2358              		.cfi_startproc
 2359              		@ args = 0, pretend = 0, frame = 16
 2360              		@ frame_needed = 0, uses_anonymous_args = 0
 2361 0000 10B5     		push	{r4, lr}
 2362              	.LCFI21:
 2363              		.cfi_def_cfa_offset 8
 2364              		.cfi_offset 4, -8
 2365              		.cfi_offset 14, -4
 2366 0002 88B0     		sub	sp, sp, #32
 2367              	.LCFI22:
 2368              		.cfi_def_cfa_offset 40
1977:Middlewares/Third_Party/FreeRTOS/Source/tasks.c **** 
 2369              		.loc 1 1977 1 view .LVU670
 2370              	.LBB154:
1982:Middlewares/Third_Party/FreeRTOS/Source/tasks.c **** 		StackType_t *pxIdleTaskStackBuffer = NULL;
 2371              		.loc 1 1982 3 view .LVU671
1982:Middlewares/Third_Party/FreeRTOS/Source/tasks.c **** 		StackType_t *pxIdleTaskStackBuffer = NULL;
 2372              		.loc 1 1982 17 is_stmt 0 view .LVU672
ARM GAS  /tmp/cchsWuk7.s 			page 149


 2373 0004 0024     		movs	r4, #0
 2374 0006 0594     		str	r4, [sp, #20]
1983:Middlewares/Third_Party/FreeRTOS/Source/tasks.c **** 		uint32_t ulIdleTaskStackSize;
 2375              		.loc 1 1983 3 is_stmt 1 view .LVU673
1983:Middlewares/Third_Party/FreeRTOS/Source/tasks.c **** 		uint32_t ulIdleTaskStackSize;
 2376              		.loc 1 1983 16 is_stmt 0 view .LVU674
 2377 0008 0694     		str	r4, [sp, #24]
1984:Middlewares/Third_Party/FreeRTOS/Source/tasks.c **** 
 2378              		.loc 1 1984 3 is_stmt 1 view .LVU675
1988:Middlewares/Third_Party/FreeRTOS/Source/tasks.c **** 		xIdleTaskHandle = xTaskCreateStatic(	prvIdleTask,
 2379              		.loc 1 1988 3 view .LVU676
 2380 000a 07AA     		add	r2, sp, #28
 2381 000c 06A9     		add	r1, sp, #24
 2382 000e 05A8     		add	r0, sp, #20
 2383 0010 FFF7FEFF 		bl	vApplicationGetIdleTaskMemory
 2384              	.LVL176:
1989:Middlewares/Third_Party/FreeRTOS/Source/tasks.c **** 												configIDLE_TASK_NAME,
 2385              		.loc 1 1989 3 view .LVU677
1989:Middlewares/Third_Party/FreeRTOS/Source/tasks.c **** 												configIDLE_TASK_NAME,
 2386              		.loc 1 1989 21 is_stmt 0 view .LVU678
 2387 0014 059B     		ldr	r3, [sp, #20]
 2388 0016 0293     		str	r3, [sp, #8]
 2389 0018 069B     		ldr	r3, [sp, #24]
 2390 001a 0193     		str	r3, [sp, #4]
 2391 001c 0094     		str	r4, [sp]
 2392 001e 2346     		mov	r3, r4
 2393 0020 079A     		ldr	r2, [sp, #28]
 2394 0022 1749     		ldr	r1, .L193
 2395 0024 1748     		ldr	r0, .L193+4
 2396 0026 FFF7FEFF 		bl	xTaskCreateStatic
 2397              	.LVL177:
1989:Middlewares/Third_Party/FreeRTOS/Source/tasks.c **** 												configIDLE_TASK_NAME,
 2398              		.loc 1 1989 19 discriminator 1 view .LVU679
 2399 002a 174B     		ldr	r3, .L193+8
 2400 002c 1860     		str	r0, [r3]
1997:Middlewares/Third_Party/FreeRTOS/Source/tasks.c **** 		{
 2401              		.loc 1 1997 3 is_stmt 1 view .LVU680
1997:Middlewares/Third_Party/FreeRTOS/Source/tasks.c **** 		{
 2402              		.loc 1 1997 5 is_stmt 0 view .LVU681
 2403 002e C0B1     		cbz	r0, .L186
 2404              	.LVL178:
1997:Middlewares/Third_Party/FreeRTOS/Source/tasks.c **** 		{
 2405              		.loc 1 1997 5 view .LVU682
 2406              	.LBE154:
2020:Middlewares/Third_Party/FreeRTOS/Source/tasks.c **** 		{
 2407              		.loc 1 2020 3 is_stmt 1 view .LVU683
2022:Middlewares/Third_Party/FreeRTOS/Source/tasks.c **** 		}
 2408              		.loc 1 2022 4 view .LVU684
2022:Middlewares/Third_Party/FreeRTOS/Source/tasks.c **** 		}
 2409              		.loc 1 2022 14 is_stmt 0 view .LVU685
 2410 0030 FFF7FEFF 		bl	xTimerCreateTimerTask
 2411              	.LVL179:
2026:Middlewares/Third_Party/FreeRTOS/Source/tasks.c **** 		}
 2412              		.loc 1 2026 28 is_stmt 1 view .LVU686
2031:Middlewares/Third_Party/FreeRTOS/Source/tasks.c **** 	{
 2413              		.loc 1 2031 2 view .LVU687
2031:Middlewares/Third_Party/FreeRTOS/Source/tasks.c **** 	{
ARM GAS  /tmp/cchsWuk7.s 			page 150


 2414              		.loc 1 2031 4 is_stmt 0 view .LVU688
 2415 0034 0128     		cmp	r0, #1
 2416 0036 15D1     		bne	.L188
2047:Middlewares/Third_Party/FreeRTOS/Source/tasks.c **** 
 2417              		.loc 1 2047 3 is_stmt 1 view .LVU689
 2418              	.LBB155:
 2419              	.LBI155:
 191:Middlewares/Third_Party/FreeRTOS/Source/portable/GCC/ARM_CM4F/portmacro.h **** {
 2420              		.loc 2 191 30 view .LVU690
 2421              	.LBB156:
 193:Middlewares/Third_Party/FreeRTOS/Source/portable/GCC/ARM_CM4F/portmacro.h **** 
 2422              		.loc 2 193 1 view .LVU691
 195:Middlewares/Third_Party/FreeRTOS/Source/portable/GCC/ARM_CM4F/portmacro.h **** 	(
 2423              		.loc 2 195 2 view .LVU692
 2424              		.syntax unified
 2425              	@ 195 "Middlewares/Third_Party/FreeRTOS/Source/portable/GCC/ARM_CM4F/portmacro.h" 1
 2426 0038 4FF05003 			mov r3, #80												
 2427 003c 83F31188 		msr basepri, r3											
 2428 0040 BFF36F8F 		isb														
 2429 0044 BFF34F8F 		dsb														
 2430              	
 2431              	@ 0 "" 2
 2432              		.thumb
 2433              		.syntax unified
 2434              	.LBE156:
 2435              	.LBE155:
2059:Middlewares/Third_Party/FreeRTOS/Source/tasks.c **** 		xSchedulerRunning = pdTRUE;
 2436              		.loc 1 2059 3 view .LVU693
2059:Middlewares/Third_Party/FreeRTOS/Source/tasks.c **** 		xSchedulerRunning = pdTRUE;
 2437              		.loc 1 2059 24 is_stmt 0 view .LVU694
 2438 0048 104B     		ldr	r3, .L193+12
 2439 004a 4FF0FF32 		mov	r2, #-1
 2440 004e 1A60     		str	r2, [r3]
2060:Middlewares/Third_Party/FreeRTOS/Source/tasks.c **** 		xTickCount = ( TickType_t ) configINITIAL_TICK_COUNT;
 2441              		.loc 1 2060 3 is_stmt 1 view .LVU695
2060:Middlewares/Third_Party/FreeRTOS/Source/tasks.c **** 		xTickCount = ( TickType_t ) configINITIAL_TICK_COUNT;
 2442              		.loc 1 2060 21 is_stmt 0 view .LVU696
 2443 0050 0F4B     		ldr	r3, .L193+16
 2444 0052 0122     		movs	r2, #1
 2445 0054 1A60     		str	r2, [r3]
2061:Middlewares/Third_Party/FreeRTOS/Source/tasks.c **** 
 2446              		.loc 1 2061 3 is_stmt 1 view .LVU697
2061:Middlewares/Third_Party/FreeRTOS/Source/tasks.c **** 
 2447              		.loc 1 2061 14 is_stmt 0 view .LVU698
 2448 0056 0F4B     		ldr	r3, .L193+20
 2449 0058 0022     		movs	r2, #0
 2450 005a 1A60     		str	r2, [r3]
2069:Middlewares/Third_Party/FreeRTOS/Source/tasks.c **** 
 2451              		.loc 1 2069 43 is_stmt 1 view .LVU699
2071:Middlewares/Third_Party/FreeRTOS/Source/tasks.c **** 
 2452              		.loc 1 2071 26 view .LVU700
2075:Middlewares/Third_Party/FreeRTOS/Source/tasks.c **** 		{
 2453              		.loc 1 2075 3 view .LVU701
2075:Middlewares/Third_Party/FreeRTOS/Source/tasks.c **** 		{
 2454              		.loc 1 2075 7 is_stmt 0 view .LVU702
 2455 005c FFF7FEFF 		bl	xPortStartScheduler
 2456              	.LVL180:
ARM GAS  /tmp/cchsWuk7.s 			page 151


2079:Middlewares/Third_Party/FreeRTOS/Source/tasks.c **** 		else
 2457              		.loc 1 2079 3 is_stmt 1 view .LVU703
2083:Middlewares/Third_Party/FreeRTOS/Source/tasks.c **** 	}
 2458              		.loc 1 2083 3 view .LVU704
 2459 0060 03E0     		b	.L185
 2460              	.LVL181:
 2461              	.L186:
 2462              	.LBB157:
2003:Middlewares/Third_Party/FreeRTOS/Source/tasks.c **** 		}
 2463              		.loc 1 2003 4 view .LVU705
2003:Middlewares/Third_Party/FreeRTOS/Source/tasks.c **** 		}
 2464              		.loc 1 2003 4 is_stmt 0 view .LVU706
 2465              	.LBE157:
2020:Middlewares/Third_Party/FreeRTOS/Source/tasks.c **** 		{
 2466              		.loc 1 2020 3 is_stmt 1 view .LVU707
2026:Middlewares/Third_Party/FreeRTOS/Source/tasks.c **** 		}
 2467              		.loc 1 2026 28 view .LVU708
2031:Middlewares/Third_Party/FreeRTOS/Source/tasks.c **** 	{
 2468              		.loc 1 2031 2 view .LVU709
 2469              	.LBB158:
2003:Middlewares/Third_Party/FreeRTOS/Source/tasks.c **** 		}
 2470              		.loc 1 2003 12 is_stmt 0 view .LVU710
 2471 0062 0020     		movs	r0, #0
 2472              	.LVL182:
 2473              	.L188:
2003:Middlewares/Third_Party/FreeRTOS/Source/tasks.c **** 		}
 2474              		.loc 1 2003 12 view .LVU711
 2475              	.LBE158:
2090:Middlewares/Third_Party/FreeRTOS/Source/tasks.c **** 	}
 2476              		.loc 1 2090 3 is_stmt 1 view .LVU712
 2477 0064 B0F1FF3F 		cmp	r0, #-1
 2478 0068 01D0     		beq	.L192
 2479              	.L185:
2096:Middlewares/Third_Party/FreeRTOS/Source/tasks.c **** /*-----------------------------------------------------------*/
 2480              		.loc 1 2096 1 is_stmt 0 view .LVU713
 2481 006a 08B0     		add	sp, sp, #32
 2482              	.LCFI23:
 2483              		.cfi_remember_state
 2484              		.cfi_def_cfa_offset 8
 2485              		@ sp needed
 2486 006c 10BD     		pop	{r4, pc}
 2487              	.L192:
 2488              	.LCFI24:
 2489              		.cfi_restore_state
2090:Middlewares/Third_Party/FreeRTOS/Source/tasks.c **** 	}
 2490              		.loc 1 2090 3 is_stmt 1 discriminator 1 view .LVU714
 2491              	.LBB159:
 2492              	.LBI159:
 191:Middlewares/Third_Party/FreeRTOS/Source/portable/GCC/ARM_CM4F/portmacro.h **** {
 2493              		.loc 2 191 30 view .LVU715
 2494              	.LBB160:
 193:Middlewares/Third_Party/FreeRTOS/Source/portable/GCC/ARM_CM4F/portmacro.h **** 
 2495              		.loc 2 193 1 view .LVU716
 195:Middlewares/Third_Party/FreeRTOS/Source/portable/GCC/ARM_CM4F/portmacro.h **** 	(
 2496              		.loc 2 195 2 view .LVU717
 2497              		.syntax unified
 2498              	@ 195 "Middlewares/Third_Party/FreeRTOS/Source/portable/GCC/ARM_CM4F/portmacro.h" 1
ARM GAS  /tmp/cchsWuk7.s 			page 152


 2499 006e 4FF05003 			mov r3, #80												
 2500 0072 83F31188 		msr basepri, r3											
 2501 0076 BFF36F8F 		isb														
 2502 007a BFF34F8F 		dsb														
 2503              	
 2504              	@ 0 "" 2
 2505              		.thumb
 2506              		.syntax unified
 2507              	.L190:
 2508              	.LBE160:
 2509              	.LBE159:
2090:Middlewares/Third_Party/FreeRTOS/Source/tasks.c **** 	}
 2510              		.loc 1 2090 3 discriminator 3 view .LVU718
2090:Middlewares/Third_Party/FreeRTOS/Source/tasks.c **** 	}
 2511              		.loc 1 2090 3 discriminator 3 view .LVU719
 2512 007e FEE7     		b	.L190
 2513              	.L194:
 2514              		.align	2
 2515              	.L193:
 2516 0080 00000000 		.word	.LC0
 2517 0084 00000000 		.word	prvIdleTask
 2518 0088 00000000 		.word	xIdleTaskHandle
 2519 008c 00000000 		.word	xNextTaskUnblockTime
 2520 0090 00000000 		.word	xSchedulerRunning
 2521 0094 00000000 		.word	xTickCount
 2522              		.cfi_endproc
 2523              	.LFE19:
 2525              		.section	.text.vTaskEndScheduler,"ax",%progbits
 2526              		.align	1
 2527              		.global	vTaskEndScheduler
 2528              		.syntax unified
 2529              		.thumb
 2530              		.thumb_func
 2532              	vTaskEndScheduler:
 2533              	.LFB20:
2100:Middlewares/Third_Party/FreeRTOS/Source/tasks.c **** 	/* Stop the scheduler interrupts and call the portable scheduler end
 2534              		.loc 1 2100 1 view -0
 2535              		.cfi_startproc
 2536              		@ args = 0, pretend = 0, frame = 0
 2537              		@ frame_needed = 0, uses_anonymous_args = 0
 2538 0000 08B5     		push	{r3, lr}
 2539              	.LCFI25:
 2540              		.cfi_def_cfa_offset 8
 2541              		.cfi_offset 3, -8
 2542              		.cfi_offset 14, -4
2104:Middlewares/Third_Party/FreeRTOS/Source/tasks.c **** 	xSchedulerRunning = pdFALSE;
 2543              		.loc 1 2104 2 view .LVU721
 2544              	.LBB161:
 2545              	.LBI161:
 191:Middlewares/Third_Party/FreeRTOS/Source/portable/GCC/ARM_CM4F/portmacro.h **** {
 2546              		.loc 2 191 30 view .LVU722
 2547              	.LBB162:
 193:Middlewares/Third_Party/FreeRTOS/Source/portable/GCC/ARM_CM4F/portmacro.h **** 
 2548              		.loc 2 193 1 view .LVU723
 195:Middlewares/Third_Party/FreeRTOS/Source/portable/GCC/ARM_CM4F/portmacro.h **** 	(
 2549              		.loc 2 195 2 view .LVU724
 2550              		.syntax unified
ARM GAS  /tmp/cchsWuk7.s 			page 153


 2551              	@ 195 "Middlewares/Third_Party/FreeRTOS/Source/portable/GCC/ARM_CM4F/portmacro.h" 1
 2552 0002 4FF05003 			mov r3, #80												
 2553 0006 83F31188 		msr basepri, r3											
 2554 000a BFF36F8F 		isb														
 2555 000e BFF34F8F 		dsb														
 2556              	
 2557              	@ 0 "" 2
 2558              		.thumb
 2559              		.syntax unified
 2560              	.LBE162:
 2561              	.LBE161:
2105:Middlewares/Third_Party/FreeRTOS/Source/tasks.c **** 	vPortEndScheduler();
 2562              		.loc 1 2105 2 view .LVU725
2105:Middlewares/Third_Party/FreeRTOS/Source/tasks.c **** 	vPortEndScheduler();
 2563              		.loc 1 2105 20 is_stmt 0 view .LVU726
 2564 0012 034B     		ldr	r3, .L197
 2565 0014 0022     		movs	r2, #0
 2566 0016 1A60     		str	r2, [r3]
2106:Middlewares/Third_Party/FreeRTOS/Source/tasks.c **** }
 2567              		.loc 1 2106 2 is_stmt 1 view .LVU727
 2568 0018 FFF7FEFF 		bl	vPortEndScheduler
 2569              	.LVL183:
2107:Middlewares/Third_Party/FreeRTOS/Source/tasks.c **** /*----------------------------------------------------------*/
 2570              		.loc 1 2107 1 is_stmt 0 view .LVU728
 2571 001c 08BD     		pop	{r3, pc}
 2572              	.L198:
 2573 001e 00BF     		.align	2
 2574              	.L197:
 2575 0020 00000000 		.word	xSchedulerRunning
 2576              		.cfi_endproc
 2577              	.LFE20:
 2579              		.section	.text.vTaskSuspendAll,"ax",%progbits
 2580              		.align	1
 2581              		.global	vTaskSuspendAll
 2582              		.syntax unified
 2583              		.thumb
 2584              		.thumb_func
 2586              	vTaskSuspendAll:
 2587              	.LFB21:
2111:Middlewares/Third_Party/FreeRTOS/Source/tasks.c **** 	/* A critical section is not required as the variable is of type
 2588              		.loc 1 2111 1 is_stmt 1 view -0
 2589              		.cfi_startproc
 2590              		@ args = 0, pretend = 0, frame = 0
 2591              		@ frame_needed = 0, uses_anonymous_args = 0
 2592              		@ link register save eliminated.
2119:Middlewares/Third_Party/FreeRTOS/Source/tasks.c **** 
 2593              		.loc 1 2119 24 view .LVU730
2123:Middlewares/Third_Party/FreeRTOS/Source/tasks.c **** 
 2594              		.loc 1 2123 2 view .LVU731
 2595 0000 024A     		ldr	r2, .L200
 2596 0002 1368     		ldr	r3, [r2]
 2597 0004 0133     		adds	r3, r3, #1
 2598 0006 1360     		str	r3, [r2]
2127:Middlewares/Third_Party/FreeRTOS/Source/tasks.c **** }
 2599              		.loc 1 2127 2 view .LVU732
2128:Middlewares/Third_Party/FreeRTOS/Source/tasks.c **** /*----------------------------------------------------------*/
 2600              		.loc 1 2128 1 is_stmt 0 view .LVU733
ARM GAS  /tmp/cchsWuk7.s 			page 154


 2601 0008 7047     		bx	lr
 2602              	.L201:
 2603 000a 00BF     		.align	2
 2604              	.L200:
 2605 000c 00000000 		.word	uxSchedulerSuspended
 2606              		.cfi_endproc
 2607              	.LFE21:
 2609              		.section	.text.xTaskGetTickCount,"ax",%progbits
 2610              		.align	1
 2611              		.global	xTaskGetTickCount
 2612              		.syntax unified
 2613              		.thumb
 2614              		.thumb_func
 2616              	xTaskGetTickCount:
 2617              	.LFB23:
2305:Middlewares/Third_Party/FreeRTOS/Source/tasks.c **** TickType_t xTicks;
 2618              		.loc 1 2305 1 is_stmt 1 view -0
 2619              		.cfi_startproc
 2620              		@ args = 0, pretend = 0, frame = 0
 2621              		@ frame_needed = 0, uses_anonymous_args = 0
 2622              		@ link register save eliminated.
2306:Middlewares/Third_Party/FreeRTOS/Source/tasks.c **** 
 2623              		.loc 1 2306 1 view .LVU735
2309:Middlewares/Third_Party/FreeRTOS/Source/tasks.c **** 	{
 2624              		.loc 1 2309 32 view .LVU736
2311:Middlewares/Third_Party/FreeRTOS/Source/tasks.c **** 	}
 2625              		.loc 1 2311 3 view .LVU737
2311:Middlewares/Third_Party/FreeRTOS/Source/tasks.c **** 	}
 2626              		.loc 1 2311 10 is_stmt 0 view .LVU738
 2627 0000 014B     		ldr	r3, .L203
 2628 0002 1868     		ldr	r0, [r3]
 2629              	.LVL184:
2313:Middlewares/Third_Party/FreeRTOS/Source/tasks.c **** 
 2630              		.loc 1 2313 31 is_stmt 1 view .LVU739
2315:Middlewares/Third_Party/FreeRTOS/Source/tasks.c **** }
 2631              		.loc 1 2315 2 view .LVU740
2316:Middlewares/Third_Party/FreeRTOS/Source/tasks.c **** /*-----------------------------------------------------------*/
 2632              		.loc 1 2316 1 is_stmt 0 view .LVU741
 2633 0004 7047     		bx	lr
 2634              	.L204:
 2635 0006 00BF     		.align	2
 2636              	.L203:
 2637 0008 00000000 		.word	xTickCount
 2638              		.cfi_endproc
 2639              	.LFE23:
 2641              		.section	.text.xTaskGetTickCountFromISR,"ax",%progbits
 2642              		.align	1
 2643              		.global	xTaskGetTickCountFromISR
 2644              		.syntax unified
 2645              		.thumb
 2646              		.thumb_func
 2648              	xTaskGetTickCountFromISR:
 2649              	.LFB24:
2320:Middlewares/Third_Party/FreeRTOS/Source/tasks.c **** TickType_t xReturn;
 2650              		.loc 1 2320 1 is_stmt 1 view -0
 2651              		.cfi_startproc
 2652              		@ args = 0, pretend = 0, frame = 0
ARM GAS  /tmp/cchsWuk7.s 			page 155


 2653              		@ frame_needed = 0, uses_anonymous_args = 0
 2654 0000 08B5     		push	{r3, lr}
 2655              	.LCFI26:
 2656              		.cfi_def_cfa_offset 8
 2657              		.cfi_offset 3, -8
 2658              		.cfi_offset 14, -4
2321:Middlewares/Third_Party/FreeRTOS/Source/tasks.c **** UBaseType_t uxSavedInterruptStatus;
 2659              		.loc 1 2321 1 view .LVU743
2322:Middlewares/Third_Party/FreeRTOS/Source/tasks.c **** 
 2660              		.loc 1 2322 1 view .LVU744
2338:Middlewares/Third_Party/FreeRTOS/Source/tasks.c **** 
 2661              		.loc 1 2338 2 view .LVU745
 2662 0002 FFF7FEFF 		bl	vPortValidateInterruptPriority
 2663              	.LVL185:
2340:Middlewares/Third_Party/FreeRTOS/Source/tasks.c **** 	{
 2664              		.loc 1 2340 2 view .LVU746
2342:Middlewares/Third_Party/FreeRTOS/Source/tasks.c **** 	}
 2665              		.loc 1 2342 3 view .LVU747
2342:Middlewares/Third_Party/FreeRTOS/Source/tasks.c **** 	}
 2666              		.loc 1 2342 11 is_stmt 0 view .LVU748
 2667 0006 014B     		ldr	r3, .L207
 2668 0008 1868     		ldr	r0, [r3]
 2669              	.LVL186:
2344:Middlewares/Third_Party/FreeRTOS/Source/tasks.c **** 
 2670              		.loc 1 2344 2 is_stmt 1 view .LVU749
2346:Middlewares/Third_Party/FreeRTOS/Source/tasks.c **** }
 2671              		.loc 1 2346 2 view .LVU750
2347:Middlewares/Third_Party/FreeRTOS/Source/tasks.c **** /*-----------------------------------------------------------*/
 2672              		.loc 1 2347 1 is_stmt 0 view .LVU751
 2673 000a 08BD     		pop	{r3, pc}
 2674              	.L208:
 2675              		.align	2
 2676              	.L207:
 2677 000c 00000000 		.word	xTickCount
 2678              		.cfi_endproc
 2679              	.LFE24:
 2681              		.section	.text.uxTaskGetNumberOfTasks,"ax",%progbits
 2682              		.align	1
 2683              		.global	uxTaskGetNumberOfTasks
 2684              		.syntax unified
 2685              		.thumb
 2686              		.thumb_func
 2688              	uxTaskGetNumberOfTasks:
 2689              	.LFB25:
2351:Middlewares/Third_Party/FreeRTOS/Source/tasks.c **** 	/* A critical section is not required because the variables are of type
 2690              		.loc 1 2351 1 is_stmt 1 view -0
 2691              		.cfi_startproc
 2692              		@ args = 0, pretend = 0, frame = 0
 2693              		@ frame_needed = 0, uses_anonymous_args = 0
 2694              		@ link register save eliminated.
2354:Middlewares/Third_Party/FreeRTOS/Source/tasks.c **** }
 2695              		.loc 1 2354 2 view .LVU753
2354:Middlewares/Third_Party/FreeRTOS/Source/tasks.c **** }
 2696              		.loc 1 2354 9 is_stmt 0 view .LVU754
 2697 0000 014B     		ldr	r3, .L210
 2698 0002 1868     		ldr	r0, [r3]
2355:Middlewares/Third_Party/FreeRTOS/Source/tasks.c **** /*-----------------------------------------------------------*/
ARM GAS  /tmp/cchsWuk7.s 			page 156


 2699              		.loc 1 2355 1 view .LVU755
 2700 0004 7047     		bx	lr
 2701              	.L211:
 2702 0006 00BF     		.align	2
 2703              	.L210:
 2704 0008 00000000 		.word	uxCurrentNumberOfTasks
 2705              		.cfi_endproc
 2706              	.LFE25:
 2708              		.section	.text.pcTaskGetName,"ax",%progbits
 2709              		.align	1
 2710              		.global	pcTaskGetName
 2711              		.syntax unified
 2712              		.thumb
 2713              		.thumb_func
 2715              	pcTaskGetName:
 2716              	.LVL187:
 2717              	.LFB26:
2359:Middlewares/Third_Party/FreeRTOS/Source/tasks.c **** TCB_t *pxTCB;
 2718              		.loc 1 2359 1 is_stmt 1 view -0
 2719              		.cfi_startproc
 2720              		@ args = 0, pretend = 0, frame = 0
 2721              		@ frame_needed = 0, uses_anonymous_args = 0
 2722              		@ link register save eliminated.
2360:Middlewares/Third_Party/FreeRTOS/Source/tasks.c **** 
 2723              		.loc 1 2360 1 view .LVU757
2364:Middlewares/Third_Party/FreeRTOS/Source/tasks.c **** 	configASSERT( pxTCB );
 2724              		.loc 1 2364 2 view .LVU758
2364:Middlewares/Third_Party/FreeRTOS/Source/tasks.c **** 	configASSERT( pxTCB );
 2725              		.loc 1 2364 10 is_stmt 0 view .LVU759
 2726 0000 0346     		mov	r3, r0
 2727 0002 10B1     		cbz	r0, .L215
 2728              	.LVL188:
 2729              	.L213:
2365:Middlewares/Third_Party/FreeRTOS/Source/tasks.c **** 	return &( pxTCB->pcTaskName[ 0 ] );
 2730              		.loc 1 2365 23 is_stmt 1 discriminator 2 view .LVU760
2366:Middlewares/Third_Party/FreeRTOS/Source/tasks.c **** }
 2731              		.loc 1 2366 2 view .LVU761
2367:Middlewares/Third_Party/FreeRTOS/Source/tasks.c **** /*-----------------------------------------------------------*/
 2732              		.loc 1 2367 1 is_stmt 0 view .LVU762
 2733 0004 03F13400 		add	r0, r3, #52
 2734 0008 7047     		bx	lr
 2735              	.LVL189:
 2736              	.L215:
2364:Middlewares/Third_Party/FreeRTOS/Source/tasks.c **** 	configASSERT( pxTCB );
 2737              		.loc 1 2364 10 discriminator 1 view .LVU763
 2738 000a 064B     		ldr	r3, .L216
 2739 000c 1B68     		ldr	r3, [r3]
 2740              	.LVL190:
2365:Middlewares/Third_Party/FreeRTOS/Source/tasks.c **** 	return &( pxTCB->pcTaskName[ 0 ] );
 2741              		.loc 1 2365 2 is_stmt 1 view .LVU764
 2742 000e 002B     		cmp	r3, #0
 2743 0010 F8D1     		bne	.L213
2365:Middlewares/Third_Party/FreeRTOS/Source/tasks.c **** 	return &( pxTCB->pcTaskName[ 0 ] );
 2744              		.loc 1 2365 2 discriminator 1 view .LVU765
 2745              	.LBB163:
 2746              	.LBI163:
 191:Middlewares/Third_Party/FreeRTOS/Source/portable/GCC/ARM_CM4F/portmacro.h **** {
ARM GAS  /tmp/cchsWuk7.s 			page 157


 2747              		.loc 2 191 30 view .LVU766
 2748              	.LBB164:
 193:Middlewares/Third_Party/FreeRTOS/Source/portable/GCC/ARM_CM4F/portmacro.h **** 
 2749              		.loc 2 193 1 view .LVU767
 195:Middlewares/Third_Party/FreeRTOS/Source/portable/GCC/ARM_CM4F/portmacro.h **** 	(
 2750              		.loc 2 195 2 view .LVU768
 2751              		.syntax unified
 2752              	@ 195 "Middlewares/Third_Party/FreeRTOS/Source/portable/GCC/ARM_CM4F/portmacro.h" 1
 2753 0012 4FF05003 			mov r3, #80												
 2754 0016 83F31188 		msr basepri, r3											
 2755 001a BFF36F8F 		isb														
 2756 001e BFF34F8F 		dsb														
 2757              	
 2758              	@ 0 "" 2
 2759              	.LVL191:
 2760              		.thumb
 2761              		.syntax unified
 2762              	.L214:
 195:Middlewares/Third_Party/FreeRTOS/Source/portable/GCC/ARM_CM4F/portmacro.h **** 	(
 2763              		.loc 2 195 2 is_stmt 0 view .LVU769
 2764              	.LBE164:
 2765              	.LBE163:
2365:Middlewares/Third_Party/FreeRTOS/Source/tasks.c **** 	return &( pxTCB->pcTaskName[ 0 ] );
 2766              		.loc 1 2365 2 is_stmt 1 discriminator 3 view .LVU770
2365:Middlewares/Third_Party/FreeRTOS/Source/tasks.c **** 	return &( pxTCB->pcTaskName[ 0 ] );
 2767              		.loc 1 2365 2 discriminator 3 view .LVU771
 2768 0022 FEE7     		b	.L214
 2769              	.L217:
 2770              		.align	2
 2771              	.L216:
 2772 0024 00000000 		.word	pxCurrentTCB
 2773              		.cfi_endproc
 2774              	.LFE26:
 2776              		.section	.text.xTaskIncrementTick,"ax",%progbits
 2777              		.align	1
 2778              		.global	xTaskIncrementTick
 2779              		.syntax unified
 2780              		.thumb
 2781              		.thumb_func
 2783              	xTaskIncrementTick:
 2784              	.LFB29:
2708:Middlewares/Third_Party/FreeRTOS/Source/tasks.c **** TCB_t * pxTCB;
 2785              		.loc 1 2708 1 view -0
 2786              		.cfi_startproc
 2787              		@ args = 0, pretend = 0, frame = 0
 2788              		@ frame_needed = 0, uses_anonymous_args = 0
 2789 0000 F8B5     		push	{r3, r4, r5, r6, r7, lr}
 2790              	.LCFI27:
 2791              		.cfi_def_cfa_offset 24
 2792              		.cfi_offset 3, -24
 2793              		.cfi_offset 4, -20
 2794              		.cfi_offset 5, -16
 2795              		.cfi_offset 6, -12
 2796              		.cfi_offset 7, -8
 2797              		.cfi_offset 14, -4
2709:Middlewares/Third_Party/FreeRTOS/Source/tasks.c **** TickType_t xItemValue;
 2798              		.loc 1 2709 1 view .LVU773
ARM GAS  /tmp/cchsWuk7.s 			page 158


2710:Middlewares/Third_Party/FreeRTOS/Source/tasks.c **** BaseType_t xSwitchRequired = pdFALSE;
 2799              		.loc 1 2710 1 view .LVU774
2711:Middlewares/Third_Party/FreeRTOS/Source/tasks.c **** 
 2800              		.loc 1 2711 1 view .LVU775
 2801              	.LVL192:
2716:Middlewares/Third_Party/FreeRTOS/Source/tasks.c **** 	if( uxSchedulerSuspended == ( UBaseType_t ) pdFALSE )
 2802              		.loc 1 2716 40 view .LVU776
2717:Middlewares/Third_Party/FreeRTOS/Source/tasks.c **** 	{
 2803              		.loc 1 2717 2 view .LVU777
2717:Middlewares/Third_Party/FreeRTOS/Source/tasks.c **** 	{
 2804              		.loc 1 2717 27 is_stmt 0 view .LVU778
 2805 0002 3A4B     		ldr	r3, .L240
 2806 0004 1B68     		ldr	r3, [r3]
2717:Middlewares/Third_Party/FreeRTOS/Source/tasks.c **** 	{
 2807              		.loc 1 2717 4 view .LVU779
 2808 0006 002B     		cmp	r3, #0
 2809 0008 69D1     		bne	.L219
 2810              	.LBB165:
2721:Middlewares/Third_Party/FreeRTOS/Source/tasks.c **** 
 2811              		.loc 1 2721 3 is_stmt 1 view .LVU780
2721:Middlewares/Third_Party/FreeRTOS/Source/tasks.c **** 
 2812              		.loc 1 2721 49 is_stmt 0 view .LVU781
 2813 000a 394B     		ldr	r3, .L240+4
 2814 000c 1D68     		ldr	r5, [r3]
2721:Middlewares/Third_Party/FreeRTOS/Source/tasks.c **** 
 2815              		.loc 1 2721 20 view .LVU782
 2816 000e 0135     		adds	r5, r5, #1
 2817              	.LVL193:
2725:Middlewares/Third_Party/FreeRTOS/Source/tasks.c **** 
 2818              		.loc 1 2725 3 is_stmt 1 view .LVU783
2725:Middlewares/Third_Party/FreeRTOS/Source/tasks.c **** 
 2819              		.loc 1 2725 14 is_stmt 0 view .LVU784
 2820 0010 1D60     		str	r5, [r3]
2727:Middlewares/Third_Party/FreeRTOS/Source/tasks.c **** 		{
 2821              		.loc 1 2727 3 is_stmt 1 view .LVU785
2727:Middlewares/Third_Party/FreeRTOS/Source/tasks.c **** 		{
 2822              		.loc 1 2727 5 is_stmt 0 view .LVU786
 2823 0012 C5B9     		cbnz	r5, .L220
 2824              	.LBB166:
2729:Middlewares/Third_Party/FreeRTOS/Source/tasks.c **** 		}
 2825              		.loc 1 2729 4 is_stmt 1 view .LVU787
2729:Middlewares/Third_Party/FreeRTOS/Source/tasks.c **** 		}
 2826              		.loc 1 2729 4 view .LVU788
 2827 0014 374B     		ldr	r3, .L240+8
 2828 0016 1B68     		ldr	r3, [r3]
 2829 0018 1B68     		ldr	r3, [r3]
 2830 001a 43B1     		cbz	r3, .L221
2729:Middlewares/Third_Party/FreeRTOS/Source/tasks.c **** 		}
 2831              		.loc 1 2729 4 discriminator 1 view .LVU789
 2832              	.LBB167:
 2833              	.LBI167:
 191:Middlewares/Third_Party/FreeRTOS/Source/portable/GCC/ARM_CM4F/portmacro.h **** {
 2834              		.loc 2 191 30 view .LVU790
 2835              	.LBB168:
 193:Middlewares/Third_Party/FreeRTOS/Source/portable/GCC/ARM_CM4F/portmacro.h **** 
 2836              		.loc 2 193 1 view .LVU791
 195:Middlewares/Third_Party/FreeRTOS/Source/portable/GCC/ARM_CM4F/portmacro.h **** 	(
ARM GAS  /tmp/cchsWuk7.s 			page 159


 2837              		.loc 2 195 2 view .LVU792
 2838              		.syntax unified
 2839              	@ 195 "Middlewares/Third_Party/FreeRTOS/Source/portable/GCC/ARM_CM4F/portmacro.h" 1
 2840 001c 4FF05003 			mov r3, #80												
 2841 0020 83F31188 		msr basepri, r3											
 2842 0024 BFF36F8F 		isb														
 2843 0028 BFF34F8F 		dsb														
 2844              	
 2845              	@ 0 "" 2
 2846              		.thumb
 2847              		.syntax unified
 2848              	.L222:
 2849              	.LBE168:
 2850              	.LBE167:
2729:Middlewares/Third_Party/FreeRTOS/Source/tasks.c **** 		}
 2851              		.loc 1 2729 4 discriminator 3 view .LVU793
2729:Middlewares/Third_Party/FreeRTOS/Source/tasks.c **** 		}
 2852              		.loc 1 2729 4 discriminator 3 view .LVU794
 2853 002c FEE7     		b	.L222
 2854              	.L221:
2729:Middlewares/Third_Party/FreeRTOS/Source/tasks.c **** 		}
 2855              		.loc 1 2729 4 discriminator 2 view .LVU795
2729:Middlewares/Third_Party/FreeRTOS/Source/tasks.c **** 		}
 2856              		.loc 1 2729 4 discriminator 2 view .LVU796
 2857 002e 314A     		ldr	r2, .L240+8
 2858 0030 1168     		ldr	r1, [r2]
 2859              	.LVL194:
2729:Middlewares/Third_Party/FreeRTOS/Source/tasks.c **** 		}
 2860              		.loc 1 2729 4 view .LVU797
2729:Middlewares/Third_Party/FreeRTOS/Source/tasks.c **** 		}
 2861              		.loc 1 2729 4 is_stmt 0 discriminator 2 view .LVU798
 2862 0032 314B     		ldr	r3, .L240+12
 2863 0034 1868     		ldr	r0, [r3]
 2864 0036 1060     		str	r0, [r2]
2729:Middlewares/Third_Party/FreeRTOS/Source/tasks.c **** 		}
 2865              		.loc 1 2729 4 is_stmt 1 view .LVU799
2729:Middlewares/Third_Party/FreeRTOS/Source/tasks.c **** 		}
 2866              		.loc 1 2729 4 is_stmt 0 discriminator 2 view .LVU800
 2867 0038 1960     		str	r1, [r3]
2729:Middlewares/Third_Party/FreeRTOS/Source/tasks.c **** 		}
 2868              		.loc 1 2729 4 is_stmt 1 view .LVU801
2729:Middlewares/Third_Party/FreeRTOS/Source/tasks.c **** 		}
 2869              		.loc 1 2729 4 is_stmt 0 discriminator 2 view .LVU802
 2870 003a 304A     		ldr	r2, .L240+16
 2871 003c 1368     		ldr	r3, [r2]
 2872 003e 0133     		adds	r3, r3, #1
 2873 0040 1360     		str	r3, [r2]
2729:Middlewares/Third_Party/FreeRTOS/Source/tasks.c **** 		}
 2874              		.loc 1 2729 4 is_stmt 1 view .LVU803
2729:Middlewares/Third_Party/FreeRTOS/Source/tasks.c **** 		}
 2875              		.loc 1 2729 4 is_stmt 0 discriminator 2 view .LVU804
 2876 0042 FFF7FEFF 		bl	prvResetNextTaskUnblockTime
 2877              	.LVL195:
2729:Middlewares/Third_Party/FreeRTOS/Source/tasks.c **** 		}
 2878              		.loc 1 2729 4 discriminator 2 view .LVU805
 2879              	.LBE166:
2729:Middlewares/Third_Party/FreeRTOS/Source/tasks.c **** 		}
ARM GAS  /tmp/cchsWuk7.s 			page 160


 2880              		.loc 1 2729 30 is_stmt 1 discriminator 1 view .LVU806
 2881              	.L220:
2733:Middlewares/Third_Party/FreeRTOS/Source/tasks.c **** 		}
 2882              		.loc 1 2733 28 view .LVU807
2740:Middlewares/Third_Party/FreeRTOS/Source/tasks.c **** 		{
 2883              		.loc 1 2740 3 view .LVU808
2740:Middlewares/Third_Party/FreeRTOS/Source/tasks.c **** 		{
 2884              		.loc 1 2740 23 is_stmt 0 view .LVU809
 2885 0046 2E4B     		ldr	r3, .L240+20
 2886 0048 1B68     		ldr	r3, [r3]
2740:Middlewares/Third_Party/FreeRTOS/Source/tasks.c **** 		{
 2887              		.loc 1 2740 5 view .LVU810
 2888 004a AB42     		cmp	r3, r5
 2889 004c 3DD9     		bls	.L233
 2890              	.LBE165:
2711:Middlewares/Third_Party/FreeRTOS/Source/tasks.c **** 
 2891              		.loc 1 2711 12 view .LVU811
 2892 004e 0027     		movs	r7, #0
 2893              	.LVL196:
 2894              	.L224:
 2895              	.LBB169:
2823:Middlewares/Third_Party/FreeRTOS/Source/tasks.c **** 			{
 2896              		.loc 1 2823 4 is_stmt 1 view .LVU812
2823:Middlewares/Third_Party/FreeRTOS/Source/tasks.c **** 			{
 2897              		.loc 1 2823 8 is_stmt 0 view .LVU813
 2898 0050 2C4B     		ldr	r3, .L240+24
 2899 0052 1B68     		ldr	r3, [r3]
 2900 0054 DB6A     		ldr	r3, [r3, #44]
 2901 0056 03EB8303 		add	r3, r3, r3, lsl #2
 2902 005a 9A00     		lsls	r2, r3, #2
 2903 005c 2A4B     		ldr	r3, .L240+28
 2904 005e 9B58     		ldr	r3, [r3, r2]
2823:Middlewares/Third_Party/FreeRTOS/Source/tasks.c **** 			{
 2905              		.loc 1 2823 6 view .LVU814
 2906 0060 012B     		cmp	r3, #1
 2907 0062 00D9     		bls	.L231
2825:Middlewares/Third_Party/FreeRTOS/Source/tasks.c **** 			}
 2908              		.loc 1 2825 21 view .LVU815
 2909 0064 0127     		movs	r7, #1
 2910              	.LVL197:
 2911              	.L231:
2829:Middlewares/Third_Party/FreeRTOS/Source/tasks.c **** 			}
 2912              		.loc 1 2829 29 is_stmt 1 view .LVU816
2851:Middlewares/Third_Party/FreeRTOS/Source/tasks.c **** 			{
 2913              		.loc 1 2851 4 view .LVU817
2851:Middlewares/Third_Party/FreeRTOS/Source/tasks.c **** 			{
 2914              		.loc 1 2851 22 is_stmt 0 view .LVU818
 2915 0066 294B     		ldr	r3, .L240+32
 2916 0068 1B68     		ldr	r3, [r3]
2851:Middlewares/Third_Party/FreeRTOS/Source/tasks.c **** 			{
 2917              		.loc 1 2851 6 view .LVU819
 2918 006a 002B     		cmp	r3, #0
 2919 006c 3CD0     		beq	.L218
2853:Middlewares/Third_Party/FreeRTOS/Source/tasks.c **** 			}
 2920              		.loc 1 2853 21 view .LVU820
 2921 006e 0127     		movs	r7, #1
 2922              	.LVL198:
ARM GAS  /tmp/cchsWuk7.s 			page 161


2853:Middlewares/Third_Party/FreeRTOS/Source/tasks.c **** 			}
 2923              		.loc 1 2853 21 view .LVU821
 2924              	.LBE169:
2875:Middlewares/Third_Party/FreeRTOS/Source/tasks.c **** }
 2925              		.loc 1 2875 2 is_stmt 1 view .LVU822
2875:Middlewares/Third_Party/FreeRTOS/Source/tasks.c **** }
 2926              		.loc 1 2875 9 is_stmt 0 view .LVU823
 2927 0070 3AE0     		b	.L218
 2928              	.LVL199:
 2929              	.L234:
 2930              	.LBB170:
2806:Middlewares/Third_Party/FreeRTOS/Source/tasks.c **** 						}
 2931              		.loc 1 2806 24 view .LVU824
 2932 0072 0127     		movs	r7, #1
 2933              	.LVL200:
 2934              	.L223:
2742:Middlewares/Third_Party/FreeRTOS/Source/tasks.c **** 			{
 2935              		.loc 1 2742 4 is_stmt 1 view .LVU825
2744:Middlewares/Third_Party/FreeRTOS/Source/tasks.c **** 				{
 2936              		.loc 1 2744 5 view .LVU826
2744:Middlewares/Third_Party/FreeRTOS/Source/tasks.c **** 				{
 2937              		.loc 1 2744 9 is_stmt 0 view .LVU827
 2938 0074 1F4B     		ldr	r3, .L240+8
 2939 0076 1B68     		ldr	r3, [r3]
 2940 0078 1B68     		ldr	r3, [r3]
2744:Middlewares/Third_Party/FreeRTOS/Source/tasks.c **** 				{
 2941              		.loc 1 2744 7 view .LVU828
 2942 007a 43B3     		cbz	r3, .L238
2760:Middlewares/Third_Party/FreeRTOS/Source/tasks.c **** 					xItemValue = listGET_LIST_ITEM_VALUE( &( pxTCB->xStateListItem ) );
 2943              		.loc 1 2760 6 is_stmt 1 view .LVU829
2760:Middlewares/Third_Party/FreeRTOS/Source/tasks.c **** 					xItemValue = listGET_LIST_ITEM_VALUE( &( pxTCB->xStateListItem ) );
 2944              		.loc 1 2760 14 is_stmt 0 view .LVU830
 2945 007c 1D4B     		ldr	r3, .L240+8
 2946 007e 1B68     		ldr	r3, [r3]
 2947 0080 DB68     		ldr	r3, [r3, #12]
2760:Middlewares/Third_Party/FreeRTOS/Source/tasks.c **** 					xItemValue = listGET_LIST_ITEM_VALUE( &( pxTCB->xStateListItem ) );
 2948              		.loc 1 2760 12 view .LVU831
 2949 0082 DC68     		ldr	r4, [r3, #12]
 2950              	.LVL201:
2761:Middlewares/Third_Party/FreeRTOS/Source/tasks.c **** 
 2951              		.loc 1 2761 6 is_stmt 1 view .LVU832
2761:Middlewares/Third_Party/FreeRTOS/Source/tasks.c **** 
 2952              		.loc 1 2761 17 is_stmt 0 view .LVU833
 2953 0084 6368     		ldr	r3, [r4, #4]
 2954              	.LVL202:
2763:Middlewares/Third_Party/FreeRTOS/Source/tasks.c **** 					{
 2955              		.loc 1 2763 6 is_stmt 1 view .LVU834
2763:Middlewares/Third_Party/FreeRTOS/Source/tasks.c **** 					{
 2956              		.loc 1 2763 8 is_stmt 0 view .LVU835
 2957 0086 9D42     		cmp	r5, r3
 2958 0088 26D3     		bcc	.L239
2775:Middlewares/Third_Party/FreeRTOS/Source/tasks.c **** 					}
 2959              		.loc 1 2775 31 is_stmt 1 view .LVU836
2779:Middlewares/Third_Party/FreeRTOS/Source/tasks.c **** 
 2960              		.loc 1 2779 6 view .LVU837
2779:Middlewares/Third_Party/FreeRTOS/Source/tasks.c **** 
 2961              		.loc 1 2779 15 is_stmt 0 view .LVU838
ARM GAS  /tmp/cchsWuk7.s 			page 162


 2962 008a 261D     		adds	r6, r4, #4
 2963 008c 3046     		mov	r0, r6
 2964 008e FFF7FEFF 		bl	uxListRemove
 2965              	.LVL203:
2783:Middlewares/Third_Party/FreeRTOS/Source/tasks.c **** 					{
 2966              		.loc 1 2783 6 is_stmt 1 view .LVU839
2783:Middlewares/Third_Party/FreeRTOS/Source/tasks.c **** 					{
 2967              		.loc 1 2783 10 is_stmt 0 view .LVU840
 2968 0092 A36A     		ldr	r3, [r4, #40]
2783:Middlewares/Third_Party/FreeRTOS/Source/tasks.c **** 					{
 2969              		.loc 1 2783 8 view .LVU841
 2970 0094 1BB1     		cbz	r3, .L227
2785:Middlewares/Third_Party/FreeRTOS/Source/tasks.c **** 					}
 2971              		.loc 1 2785 7 is_stmt 1 view .LVU842
2785:Middlewares/Third_Party/FreeRTOS/Source/tasks.c **** 					}
 2972              		.loc 1 2785 16 is_stmt 0 view .LVU843
 2973 0096 04F11800 		add	r0, r4, #24
 2974 009a FFF7FEFF 		bl	uxListRemove
 2975              	.LVL204:
 2976              	.L227:
2789:Middlewares/Third_Party/FreeRTOS/Source/tasks.c **** 					}
 2977              		.loc 1 2789 31 is_stmt 1 view .LVU844
2794:Middlewares/Third_Party/FreeRTOS/Source/tasks.c **** 
 2978              		.loc 1 2794 6 view .LVU845
2794:Middlewares/Third_Party/FreeRTOS/Source/tasks.c **** 
 2979              		.loc 1 2794 6 view .LVU846
 2980 009e E36A     		ldr	r3, [r4, #44]
 2981 00a0 1B4A     		ldr	r2, .L240+36
 2982 00a2 1268     		ldr	r2, [r2]
 2983 00a4 9342     		cmp	r3, r2
 2984 00a6 01D9     		bls	.L228
2794:Middlewares/Third_Party/FreeRTOS/Source/tasks.c **** 
 2985              		.loc 1 2794 6 discriminator 1 view .LVU847
 2986 00a8 194A     		ldr	r2, .L240+36
 2987 00aa 1360     		str	r3, [r2]
 2988              	.L228:
2794:Middlewares/Third_Party/FreeRTOS/Source/tasks.c **** 
 2989              		.loc 1 2794 6 discriminator 3 view .LVU848
2794:Middlewares/Third_Party/FreeRTOS/Source/tasks.c **** 
 2990              		.loc 1 2794 6 discriminator 3 view .LVU849
 2991 00ac 03EB8303 		add	r3, r3, r3, lsl #2
 2992 00b0 9A00     		lsls	r2, r3, #2
 2993 00b2 3146     		mov	r1, r6
 2994 00b4 1448     		ldr	r0, .L240+28
 2995 00b6 1044     		add	r0, r0, r2
 2996 00b8 FFF7FEFF 		bl	vListInsertEnd
 2997              	.LVL205:
2794:Middlewares/Third_Party/FreeRTOS/Source/tasks.c **** 
 2998              		.loc 1 2794 36 discriminator 1 view .LVU850
2804:Middlewares/Third_Party/FreeRTOS/Source/tasks.c **** 						{
 2999              		.loc 1 2804 7 view .LVU851
2804:Middlewares/Third_Party/FreeRTOS/Source/tasks.c **** 						{
 3000              		.loc 1 2804 16 is_stmt 0 view .LVU852
 3001 00bc E26A     		ldr	r2, [r4, #44]
2804:Middlewares/Third_Party/FreeRTOS/Source/tasks.c **** 						{
 3002              		.loc 1 2804 44 view .LVU853
 3003 00be 114B     		ldr	r3, .L240+24
ARM GAS  /tmp/cchsWuk7.s 			page 163


 3004 00c0 1B68     		ldr	r3, [r3]
 3005 00c2 DB6A     		ldr	r3, [r3, #44]
2804:Middlewares/Third_Party/FreeRTOS/Source/tasks.c **** 						{
 3006              		.loc 1 2804 9 view .LVU854
 3007 00c4 9A42     		cmp	r2, r3
 3008 00c6 D4D2     		bcs	.L234
 3009 00c8 D4E7     		b	.L223
 3010              	.LVL206:
 3011              	.L233:
2804:Middlewares/Third_Party/FreeRTOS/Source/tasks.c **** 						{
 3012              		.loc 1 2804 9 view .LVU855
 3013              	.LBE170:
2711:Middlewares/Third_Party/FreeRTOS/Source/tasks.c **** 
 3014              		.loc 1 2711 12 view .LVU856
 3015 00ca 0027     		movs	r7, #0
 3016 00cc D2E7     		b	.L223
 3017              	.LVL207:
 3018              	.L238:
 3019              	.LBB171:
2751:Middlewares/Third_Party/FreeRTOS/Source/tasks.c **** 					break;
 3020              		.loc 1 2751 6 is_stmt 1 view .LVU857
2751:Middlewares/Third_Party/FreeRTOS/Source/tasks.c **** 					break;
 3021              		.loc 1 2751 27 is_stmt 0 view .LVU858
 3022 00ce 0C4B     		ldr	r3, .L240+20
 3023 00d0 4FF0FF32 		mov	r2, #-1
 3024 00d4 1A60     		str	r2, [r3]
2752:Middlewares/Third_Party/FreeRTOS/Source/tasks.c **** 				}
 3025              		.loc 1 2752 6 is_stmt 1 view .LVU859
 3026 00d6 BBE7     		b	.L224
 3027              	.LVL208:
 3028              	.L239:
2770:Middlewares/Third_Party/FreeRTOS/Source/tasks.c **** 						break; /*lint !e9011 Code structure here is deedmed easier to understand with multiple breaks
 3029              		.loc 1 2770 7 view .LVU860
2770:Middlewares/Third_Party/FreeRTOS/Source/tasks.c **** 						break; /*lint !e9011 Code structure here is deedmed easier to understand with multiple breaks
 3030              		.loc 1 2770 28 is_stmt 0 view .LVU861
 3031 00d8 094A     		ldr	r2, .L240+20
 3032 00da 1360     		str	r3, [r2]
2771:Middlewares/Third_Party/FreeRTOS/Source/tasks.c **** 					}
 3033              		.loc 1 2771 7 is_stmt 1 view .LVU862
 3034 00dc B8E7     		b	.L224
 3035              	.LVL209:
 3036              	.L219:
2771:Middlewares/Third_Party/FreeRTOS/Source/tasks.c **** 					}
 3037              		.loc 1 2771 7 is_stmt 0 view .LVU863
 3038              	.LBE171:
2864:Middlewares/Third_Party/FreeRTOS/Source/tasks.c **** 
 3039              		.loc 1 2864 3 is_stmt 1 view .LVU864
 3040 00de 0D4A     		ldr	r2, .L240+40
 3041 00e0 1368     		ldr	r3, [r2]
 3042 00e2 0133     		adds	r3, r3, #1
 3043 00e4 1360     		str	r3, [r2]
2711:Middlewares/Third_Party/FreeRTOS/Source/tasks.c **** 
 3044              		.loc 1 2711 12 is_stmt 0 view .LVU865
 3045 00e6 0027     		movs	r7, #0
 3046              	.LVL210:
 3047              	.L218:
2876:Middlewares/Third_Party/FreeRTOS/Source/tasks.c **** /*-----------------------------------------------------------*/
ARM GAS  /tmp/cchsWuk7.s 			page 164


 3048              		.loc 1 2876 1 view .LVU866
 3049 00e8 3846     		mov	r0, r7
 3050 00ea F8BD     		pop	{r3, r4, r5, r6, r7, pc}
 3051              	.L241:
 3052              		.align	2
 3053              	.L240:
 3054 00ec 00000000 		.word	uxSchedulerSuspended
 3055 00f0 00000000 		.word	xTickCount
 3056 00f4 00000000 		.word	pxDelayedTaskList
 3057 00f8 00000000 		.word	pxOverflowDelayedTaskList
 3058 00fc 00000000 		.word	xNumOfOverflows
 3059 0100 00000000 		.word	xNextTaskUnblockTime
 3060 0104 00000000 		.word	pxCurrentTCB
 3061 0108 00000000 		.word	pxReadyTasksLists
 3062 010c 00000000 		.word	xYieldPending
 3063 0110 00000000 		.word	uxTopReadyPriority
 3064 0114 00000000 		.word	xPendedTicks
 3065              		.cfi_endproc
 3066              	.LFE29:
 3068              		.section	.text.xTaskResumeAll,"ax",%progbits
 3069              		.align	1
 3070              		.global	xTaskResumeAll
 3071              		.syntax unified
 3072              		.thumb
 3073              		.thumb_func
 3075              	xTaskResumeAll:
 3076              	.LFB22:
2195:Middlewares/Third_Party/FreeRTOS/Source/tasks.c **** TCB_t *pxTCB = NULL;
 3077              		.loc 1 2195 1 is_stmt 1 view -0
 3078              		.cfi_startproc
 3079              		@ args = 0, pretend = 0, frame = 0
 3080              		@ frame_needed = 0, uses_anonymous_args = 0
 3081 0000 38B5     		push	{r3, r4, r5, lr}
 3082              	.LCFI28:
 3083              		.cfi_def_cfa_offset 16
 3084              		.cfi_offset 3, -16
 3085              		.cfi_offset 4, -12
 3086              		.cfi_offset 5, -8
 3087              		.cfi_offset 14, -4
2196:Middlewares/Third_Party/FreeRTOS/Source/tasks.c **** BaseType_t xAlreadyYielded = pdFALSE;
 3088              		.loc 1 2196 1 view .LVU868
 3089              	.LVL211:
2197:Middlewares/Third_Party/FreeRTOS/Source/tasks.c **** 
 3090              		.loc 1 2197 1 view .LVU869
2201:Middlewares/Third_Party/FreeRTOS/Source/tasks.c **** 
 3091              		.loc 1 2201 2 view .LVU870
 3092 0002 354B     		ldr	r3, .L259
 3093 0004 1B68     		ldr	r3, [r3]
 3094 0006 43B9     		cbnz	r3, .L243
2201:Middlewares/Third_Party/FreeRTOS/Source/tasks.c **** 
 3095              		.loc 1 2201 2 discriminator 1 view .LVU871
 3096              	.LBB172:
 3097              	.LBI172:
 191:Middlewares/Third_Party/FreeRTOS/Source/portable/GCC/ARM_CM4F/portmacro.h **** {
 3098              		.loc 2 191 30 view .LVU872
 3099              	.LBB173:
 193:Middlewares/Third_Party/FreeRTOS/Source/portable/GCC/ARM_CM4F/portmacro.h **** 
ARM GAS  /tmp/cchsWuk7.s 			page 165


 3100              		.loc 2 193 1 view .LVU873
 195:Middlewares/Third_Party/FreeRTOS/Source/portable/GCC/ARM_CM4F/portmacro.h **** 	(
 3101              		.loc 2 195 2 view .LVU874
 3102              		.syntax unified
 3103              	@ 195 "Middlewares/Third_Party/FreeRTOS/Source/portable/GCC/ARM_CM4F/portmacro.h" 1
 3104 0008 4FF05003 			mov r3, #80												
 3105 000c 83F31188 		msr basepri, r3											
 3106 0010 BFF36F8F 		isb														
 3107 0014 BFF34F8F 		dsb														
 3108              	
 3109              	@ 0 "" 2
 3110              		.thumb
 3111              		.syntax unified
 3112              	.L244:
 3113              	.LBE173:
 3114              	.LBE172:
2201:Middlewares/Third_Party/FreeRTOS/Source/tasks.c **** 
 3115              		.loc 1 2201 2 discriminator 3 view .LVU875
2201:Middlewares/Third_Party/FreeRTOS/Source/tasks.c **** 
 3116              		.loc 1 2201 2 discriminator 3 view .LVU876
 3117 0018 FEE7     		b	.L244
 3118              	.L243:
2201:Middlewares/Third_Party/FreeRTOS/Source/tasks.c **** 
 3119              		.loc 1 2201 38 discriminator 2 view .LVU877
2208:Middlewares/Third_Party/FreeRTOS/Source/tasks.c **** 	{
 3120              		.loc 1 2208 2 view .LVU878
 3121 001a FFF7FEFF 		bl	vPortEnterCritical
 3122              	.LVL212:
2210:Middlewares/Third_Party/FreeRTOS/Source/tasks.c **** 
 3123              		.loc 1 2210 3 view .LVU879
 3124 001e 2E4B     		ldr	r3, .L259
 3125 0020 1A68     		ldr	r2, [r3]
 3126 0022 013A     		subs	r2, r2, #1
 3127 0024 1A60     		str	r2, [r3]
2212:Middlewares/Third_Party/FreeRTOS/Source/tasks.c **** 		{
 3128              		.loc 1 2212 3 view .LVU880
2212:Middlewares/Third_Party/FreeRTOS/Source/tasks.c **** 		{
 3129              		.loc 1 2212 28 is_stmt 0 view .LVU881
 3130 0026 1B68     		ldr	r3, [r3]
2212:Middlewares/Third_Party/FreeRTOS/Source/tasks.c **** 		{
 3131              		.loc 1 2212 5 view .LVU882
 3132 0028 002B     		cmp	r3, #0
 3133 002a 4FD1     		bne	.L254
2214:Middlewares/Third_Party/FreeRTOS/Source/tasks.c **** 			{
 3134              		.loc 1 2214 4 is_stmt 1 view .LVU883
2214:Middlewares/Third_Party/FreeRTOS/Source/tasks.c **** 			{
 3135              		.loc 1 2214 31 is_stmt 0 view .LVU884
 3136 002c 2B4B     		ldr	r3, .L259+4
 3137 002e 1B68     		ldr	r3, [r3]
2214:Middlewares/Third_Party/FreeRTOS/Source/tasks.c **** 			{
 3138              		.loc 1 2214 6 view .LVU885
 3139 0030 0BB9     		cbnz	r3, .L255
2197:Middlewares/Third_Party/FreeRTOS/Source/tasks.c **** 
 3140              		.loc 1 2197 12 view .LVU886
 3141 0032 0024     		movs	r4, #0
 3142 0034 4BE0     		b	.L245
 3143              	.L255:
ARM GAS  /tmp/cchsWuk7.s 			page 166


2196:Middlewares/Third_Party/FreeRTOS/Source/tasks.c **** BaseType_t xAlreadyYielded = pdFALSE;
 3144              		.loc 1 2196 8 view .LVU887
 3145 0036 0024     		movs	r4, #0
 3146              	.LVL213:
 3147              	.L246:
2233:Middlewares/Third_Party/FreeRTOS/Source/tasks.c **** 					}
 3148              		.loc 1 2233 31 is_stmt 1 view .LVU888
2218:Middlewares/Third_Party/FreeRTOS/Source/tasks.c **** 				{
 3149              		.loc 1 2218 52 view .LVU889
2218:Middlewares/Third_Party/FreeRTOS/Source/tasks.c **** 				{
 3150              		.loc 1 2218 12 is_stmt 0 view .LVU890
 3151 0038 294B     		ldr	r3, .L259+8
 3152 003a 1B68     		ldr	r3, [r3]
2218:Middlewares/Third_Party/FreeRTOS/Source/tasks.c **** 				{
 3153              		.loc 1 2218 52 view .LVU891
 3154 003c 1BB3     		cbz	r3, .L257
2220:Middlewares/Third_Party/FreeRTOS/Source/tasks.c **** 					( void ) uxListRemove( &( pxTCB->xEventListItem ) );
 3155              		.loc 1 2220 6 is_stmt 1 view .LVU892
2220:Middlewares/Third_Party/FreeRTOS/Source/tasks.c **** 					( void ) uxListRemove( &( pxTCB->xEventListItem ) );
 3156              		.loc 1 2220 14 is_stmt 0 view .LVU893
 3157 003e 284B     		ldr	r3, .L259+8
 3158 0040 DB68     		ldr	r3, [r3, #12]
2220:Middlewares/Third_Party/FreeRTOS/Source/tasks.c **** 					( void ) uxListRemove( &( pxTCB->xEventListItem ) );
 3159              		.loc 1 2220 12 view .LVU894
 3160 0042 DC68     		ldr	r4, [r3, #12]
 3161              	.LVL214:
2221:Middlewares/Third_Party/FreeRTOS/Source/tasks.c **** 					( void ) uxListRemove( &( pxTCB->xStateListItem ) );
 3162              		.loc 1 2221 6 is_stmt 1 view .LVU895
2221:Middlewares/Third_Party/FreeRTOS/Source/tasks.c **** 					( void ) uxListRemove( &( pxTCB->xStateListItem ) );
 3163              		.loc 1 2221 15 is_stmt 0 view .LVU896
 3164 0044 04F11800 		add	r0, r4, #24
 3165 0048 FFF7FEFF 		bl	uxListRemove
 3166              	.LVL215:
2222:Middlewares/Third_Party/FreeRTOS/Source/tasks.c **** 					prvAddTaskToReadyList( pxTCB );
 3167              		.loc 1 2222 6 is_stmt 1 view .LVU897
2222:Middlewares/Third_Party/FreeRTOS/Source/tasks.c **** 					prvAddTaskToReadyList( pxTCB );
 3168              		.loc 1 2222 15 is_stmt 0 view .LVU898
 3169 004c 251D     		adds	r5, r4, #4
 3170 004e 2846     		mov	r0, r5
 3171 0050 FFF7FEFF 		bl	uxListRemove
 3172              	.LVL216:
2223:Middlewares/Third_Party/FreeRTOS/Source/tasks.c **** 
 3173              		.loc 1 2223 6 is_stmt 1 view .LVU899
2223:Middlewares/Third_Party/FreeRTOS/Source/tasks.c **** 
 3174              		.loc 1 2223 6 view .LVU900
 3175 0054 E06A     		ldr	r0, [r4, #44]
 3176 0056 234B     		ldr	r3, .L259+12
 3177 0058 1B68     		ldr	r3, [r3]
 3178 005a 9842     		cmp	r0, r3
 3179 005c 01D9     		bls	.L247
2223:Middlewares/Third_Party/FreeRTOS/Source/tasks.c **** 
 3180              		.loc 1 2223 6 discriminator 1 view .LVU901
 3181 005e 214B     		ldr	r3, .L259+12
 3182 0060 1860     		str	r0, [r3]
 3183              	.L247:
2223:Middlewares/Third_Party/FreeRTOS/Source/tasks.c **** 
 3184              		.loc 1 2223 6 discriminator 3 view .LVU902
ARM GAS  /tmp/cchsWuk7.s 			page 167


2223:Middlewares/Third_Party/FreeRTOS/Source/tasks.c **** 
 3185              		.loc 1 2223 6 discriminator 3 view .LVU903
 3186 0062 00EB8000 		add	r0, r0, r0, lsl #2
 3187 0066 2946     		mov	r1, r5
 3188 0068 1F4B     		ldr	r3, .L259+16
 3189 006a 03EB8000 		add	r0, r3, r0, lsl #2
 3190 006e FFF7FEFF 		bl	vListInsertEnd
 3191              	.LVL217:
2223:Middlewares/Third_Party/FreeRTOS/Source/tasks.c **** 
 3192              		.loc 1 2223 36 discriminator 1 view .LVU904
2227:Middlewares/Third_Party/FreeRTOS/Source/tasks.c **** 					{
 3193              		.loc 1 2227 6 view .LVU905
2227:Middlewares/Third_Party/FreeRTOS/Source/tasks.c **** 					{
 3194              		.loc 1 2227 15 is_stmt 0 view .LVU906
 3195 0072 E26A     		ldr	r2, [r4, #44]
2227:Middlewares/Third_Party/FreeRTOS/Source/tasks.c **** 					{
 3196              		.loc 1 2227 43 view .LVU907
 3197 0074 1D4B     		ldr	r3, .L259+20
 3198 0076 1B68     		ldr	r3, [r3]
 3199 0078 DB6A     		ldr	r3, [r3, #44]
2227:Middlewares/Third_Party/FreeRTOS/Source/tasks.c **** 					{
 3200              		.loc 1 2227 8 view .LVU908
 3201 007a 9A42     		cmp	r2, r3
 3202 007c DCD3     		bcc	.L246
2229:Middlewares/Third_Party/FreeRTOS/Source/tasks.c **** 					}
 3203              		.loc 1 2229 7 is_stmt 1 view .LVU909
2229:Middlewares/Third_Party/FreeRTOS/Source/tasks.c **** 					}
 3204              		.loc 1 2229 21 is_stmt 0 view .LVU910
 3205 007e 1C4B     		ldr	r3, .L259+24
 3206 0080 0122     		movs	r2, #1
 3207 0082 1A60     		str	r2, [r3]
 3208 0084 D8E7     		b	.L246
 3209              	.L257:
2237:Middlewares/Third_Party/FreeRTOS/Source/tasks.c **** 				{
 3210              		.loc 1 2237 5 is_stmt 1 view .LVU911
2237:Middlewares/Third_Party/FreeRTOS/Source/tasks.c **** 				{
 3211              		.loc 1 2237 7 is_stmt 0 view .LVU912
 3212 0086 0CB1     		cbz	r4, .L250
2245:Middlewares/Third_Party/FreeRTOS/Source/tasks.c **** 				}
 3213              		.loc 1 2245 6 is_stmt 1 view .LVU913
 3214 0088 FFF7FEFF 		bl	prvResetNextTaskUnblockTime
 3215              	.LVL218:
 3216              	.L250:
 3217              	.LBB174:
2253:Middlewares/Third_Party/FreeRTOS/Source/tasks.c **** 
 3218              		.loc 1 2253 6 view .LVU914
2253:Middlewares/Third_Party/FreeRTOS/Source/tasks.c **** 
 3219              		.loc 1 2253 17 is_stmt 0 view .LVU915
 3220 008c 194B     		ldr	r3, .L259+28
 3221 008e 1C68     		ldr	r4, [r3]
 3222              	.LVL219:
2255:Middlewares/Third_Party/FreeRTOS/Source/tasks.c **** 					{
 3223              		.loc 1 2255 6 is_stmt 1 view .LVU916
2255:Middlewares/Third_Party/FreeRTOS/Source/tasks.c **** 					{
 3224              		.loc 1 2255 8 is_stmt 0 view .LVU917
 3225 0090 84B9     		cbnz	r4, .L253
 3226              	.L251:
ARM GAS  /tmp/cchsWuk7.s 			page 168


2274:Middlewares/Third_Party/FreeRTOS/Source/tasks.c **** 					}
 3227              		.loc 1 2274 31 is_stmt 1 view .LVU918
 3228              	.LBE174:
2278:Middlewares/Third_Party/FreeRTOS/Source/tasks.c **** 				{
 3229              		.loc 1 2278 5 view .LVU919
2278:Middlewares/Third_Party/FreeRTOS/Source/tasks.c **** 				{
 3230              		.loc 1 2278 23 is_stmt 0 view .LVU920
 3231 0092 174B     		ldr	r3, .L259+24
 3232 0094 1C68     		ldr	r4, [r3]
 3233              	.LVL220:
2278:Middlewares/Third_Party/FreeRTOS/Source/tasks.c **** 				{
 3234              		.loc 1 2278 7 view .LVU921
 3235 0096 D4B1     		cbz	r4, .L245
2282:Middlewares/Third_Party/FreeRTOS/Source/tasks.c **** 					}
 3236              		.loc 1 2282 7 is_stmt 1 view .LVU922
 3237              	.LVL221:
2285:Middlewares/Third_Party/FreeRTOS/Source/tasks.c **** 				}
 3238              		.loc 1 2285 6 view .LVU923
 3239 0098 4FF0E023 		mov	r3, #-536813568
 3240 009c 4FF08052 		mov	r2, #268435456
 3241 00a0 C3F8042D 		str	r2, [r3, #3332]
2285:Middlewares/Third_Party/FreeRTOS/Source/tasks.c **** 				}
 3242              		.loc 1 2285 6 view .LVU924
 3243              		.syntax unified
 3244              	@ 2285 "Middlewares/Third_Party/FreeRTOS/Source/tasks.c" 1
 3245 00a4 BFF34F8F 		dsb
 3246              	@ 0 "" 2
2285:Middlewares/Third_Party/FreeRTOS/Source/tasks.c **** 				}
 3247              		.loc 1 2285 6 view .LVU925
 3248              	@ 2285 "Middlewares/Third_Party/FreeRTOS/Source/tasks.c" 1
 3249 00a8 BFF36F8F 		isb
 3250              	@ 0 "" 2
2285:Middlewares/Third_Party/FreeRTOS/Source/tasks.c **** 				}
 3251              		.loc 1 2285 37 view .LVU926
2282:Middlewares/Third_Party/FreeRTOS/Source/tasks.c **** 					}
 3252              		.loc 1 2282 23 is_stmt 0 view .LVU927
 3253              		.thumb
 3254              		.syntax unified
 3255 00ac 0124     		movs	r4, #1
 3256 00ae 0EE0     		b	.L245
 3257              	.LVL222:
 3258              	.L252:
 3259              	.LBB175:
2265:Middlewares/Third_Party/FreeRTOS/Source/tasks.c **** 							}
 3260              		.loc 1 2265 33 is_stmt 1 view .LVU928
2267:Middlewares/Third_Party/FreeRTOS/Source/tasks.c **** 						} while( xPendedCounts > ( TickType_t ) 0U );
 3261              		.loc 1 2267 8 view .LVU929
2268:Middlewares/Third_Party/FreeRTOS/Source/tasks.c **** 
 3262              		.loc 1 2268 30 view .LVU930
 3263 00b0 013C     		subs	r4, r4, #1
 3264              	.LVL223:
2268:Middlewares/Third_Party/FreeRTOS/Source/tasks.c **** 
 3265              		.loc 1 2268 30 is_stmt 0 view .LVU931
 3266 00b2 07D0     		beq	.L258
 3267              	.L253:
2257:Middlewares/Third_Party/FreeRTOS/Source/tasks.c **** 						{
 3268              		.loc 1 2257 7 is_stmt 1 view .LVU932
ARM GAS  /tmp/cchsWuk7.s 			page 169


2259:Middlewares/Third_Party/FreeRTOS/Source/tasks.c **** 							{
 3269              		.loc 1 2259 8 view .LVU933
2259:Middlewares/Third_Party/FreeRTOS/Source/tasks.c **** 							{
 3270              		.loc 1 2259 12 is_stmt 0 view .LVU934
 3271 00b4 FFF7FEFF 		bl	xTaskIncrementTick
 3272              	.LVL224:
2259:Middlewares/Third_Party/FreeRTOS/Source/tasks.c **** 							{
 3273              		.loc 1 2259 10 discriminator 1 view .LVU935
 3274 00b8 0028     		cmp	r0, #0
 3275 00ba F9D0     		beq	.L252
2261:Middlewares/Third_Party/FreeRTOS/Source/tasks.c **** 							}
 3276              		.loc 1 2261 9 is_stmt 1 view .LVU936
2261:Middlewares/Third_Party/FreeRTOS/Source/tasks.c **** 							}
 3277              		.loc 1 2261 23 is_stmt 0 view .LVU937
 3278 00bc 0C4B     		ldr	r3, .L259+24
 3279 00be 0122     		movs	r2, #1
 3280 00c0 1A60     		str	r2, [r3]
 3281 00c2 F5E7     		b	.L252
 3282              	.L258:
2270:Middlewares/Third_Party/FreeRTOS/Source/tasks.c **** 					}
 3283              		.loc 1 2270 7 is_stmt 1 view .LVU938
2270:Middlewares/Third_Party/FreeRTOS/Source/tasks.c **** 					}
 3284              		.loc 1 2270 20 is_stmt 0 view .LVU939
 3285 00c4 0B4B     		ldr	r3, .L259+28
 3286 00c6 0022     		movs	r2, #0
 3287 00c8 1A60     		str	r2, [r3]
 3288 00ca E2E7     		b	.L251
 3289              	.LVL225:
 3290              	.L254:
2270:Middlewares/Third_Party/FreeRTOS/Source/tasks.c **** 					}
 3291              		.loc 1 2270 20 view .LVU940
 3292              	.LBE175:
2197:Middlewares/Third_Party/FreeRTOS/Source/tasks.c **** 
 3293              		.loc 1 2197 12 view .LVU941
 3294 00cc 0024     		movs	r4, #0
 3295              	.LVL226:
 3296              	.L245:
2295:Middlewares/Third_Party/FreeRTOS/Source/tasks.c **** 		}
 3297              		.loc 1 2295 28 is_stmt 1 view .LVU942
2298:Middlewares/Third_Party/FreeRTOS/Source/tasks.c **** 
 3298              		.loc 1 2298 2 view .LVU943
 3299 00ce FFF7FEFF 		bl	vPortExitCritical
 3300              	.LVL227:
2300:Middlewares/Third_Party/FreeRTOS/Source/tasks.c **** }
 3301              		.loc 1 2300 2 view .LVU944
2301:Middlewares/Third_Party/FreeRTOS/Source/tasks.c **** /*-----------------------------------------------------------*/
 3302              		.loc 1 2301 1 is_stmt 0 view .LVU945
 3303 00d2 2046     		mov	r0, r4
 3304 00d4 38BD     		pop	{r3, r4, r5, pc}
 3305              	.LVL228:
 3306              	.L260:
2301:Middlewares/Third_Party/FreeRTOS/Source/tasks.c **** /*-----------------------------------------------------------*/
 3307              		.loc 1 2301 1 view .LVU946
 3308 00d6 00BF     		.align	2
 3309              	.L259:
 3310 00d8 00000000 		.word	uxSchedulerSuspended
 3311 00dc 00000000 		.word	uxCurrentNumberOfTasks
ARM GAS  /tmp/cchsWuk7.s 			page 170


 3312 00e0 00000000 		.word	xPendingReadyList
 3313 00e4 00000000 		.word	uxTopReadyPriority
 3314 00e8 00000000 		.word	pxReadyTasksLists
 3315 00ec 00000000 		.word	pxCurrentTCB
 3316 00f0 00000000 		.word	xYieldPending
 3317 00f4 00000000 		.word	xPendedTicks
 3318              		.cfi_endproc
 3319              	.LFE22:
 3321              		.section	.text.vTaskDelayUntil,"ax",%progbits
 3322              		.align	1
 3323              		.global	vTaskDelayUntil
 3324              		.syntax unified
 3325              		.thumb
 3326              		.thumb_func
 3328              	vTaskDelayUntil:
 3329              	.LVL229:
 3330              	.LFB9:
1258:Middlewares/Third_Party/FreeRTOS/Source/tasks.c **** 	TickType_t xTimeToWake;
 3331              		.loc 1 1258 2 is_stmt 1 view -0
 3332              		.cfi_startproc
 3333              		@ args = 0, pretend = 0, frame = 0
 3334              		@ frame_needed = 0, uses_anonymous_args = 0
1258:Middlewares/Third_Party/FreeRTOS/Source/tasks.c **** 	TickType_t xTimeToWake;
 3335              		.loc 1 1258 2 is_stmt 0 view .LVU948
 3336 0000 38B5     		push	{r3, r4, r5, lr}
 3337              	.LCFI29:
 3338              		.cfi_def_cfa_offset 16
 3339              		.cfi_offset 3, -16
 3340              		.cfi_offset 4, -12
 3341              		.cfi_offset 5, -8
 3342              		.cfi_offset 14, -4
1259:Middlewares/Third_Party/FreeRTOS/Source/tasks.c **** 	BaseType_t xAlreadyYielded, xShouldDelay = pdFALSE;
 3343              		.loc 1 1259 2 is_stmt 1 view .LVU949
1260:Middlewares/Third_Party/FreeRTOS/Source/tasks.c **** 
 3344              		.loc 1 1260 2 view .LVU950
 3345              	.LVL230:
1262:Middlewares/Third_Party/FreeRTOS/Source/tasks.c **** 		configASSERT( ( xTimeIncrement > 0U ) );
 3346              		.loc 1 1262 3 view .LVU951
 3347 0002 58B1     		cbz	r0, .L277
 3348 0004 0C46     		mov	r4, r1
 3349 0006 0546     		mov	r5, r0
1262:Middlewares/Third_Party/FreeRTOS/Source/tasks.c **** 		configASSERT( ( xTimeIncrement > 0U ) );
 3350              		.loc 1 1262 37 discriminator 2 view .LVU952
1263:Middlewares/Third_Party/FreeRTOS/Source/tasks.c **** 		configASSERT( uxSchedulerSuspended == 0 );
 3351              		.loc 1 1263 3 view .LVU953
 3352 0008 89B9     		cbnz	r1, .L264
1263:Middlewares/Third_Party/FreeRTOS/Source/tasks.c **** 		configASSERT( uxSchedulerSuspended == 0 );
 3353              		.loc 1 1263 3 discriminator 1 view .LVU954
 3354              	.LBB176:
 3355              	.LBI176:
 191:Middlewares/Third_Party/FreeRTOS/Source/portable/GCC/ARM_CM4F/portmacro.h **** {
 3356              		.loc 2 191 30 view .LVU955
 3357              	.LBB177:
 193:Middlewares/Third_Party/FreeRTOS/Source/portable/GCC/ARM_CM4F/portmacro.h **** 
 3358              		.loc 2 193 1 view .LVU956
 195:Middlewares/Third_Party/FreeRTOS/Source/portable/GCC/ARM_CM4F/portmacro.h **** 	(
 3359              		.loc 2 195 2 view .LVU957
ARM GAS  /tmp/cchsWuk7.s 			page 171


 3360              		.syntax unified
 3361              	@ 195 "Middlewares/Third_Party/FreeRTOS/Source/portable/GCC/ARM_CM4F/portmacro.h" 1
 3362 000a 4FF05003 			mov r3, #80												
 3363 000e 83F31188 		msr basepri, r3											
 3364 0012 BFF36F8F 		isb														
 3365 0016 BFF34F8F 		dsb														
 3366              	
 3367              	@ 0 "" 2
 3368              		.thumb
 3369              		.syntax unified
 3370              	.L265:
 3371              	.LBE177:
 3372              	.LBE176:
1263:Middlewares/Third_Party/FreeRTOS/Source/tasks.c **** 		configASSERT( uxSchedulerSuspended == 0 );
 3373              		.loc 1 1263 3 discriminator 3 view .LVU958
1263:Middlewares/Third_Party/FreeRTOS/Source/tasks.c **** 		configASSERT( uxSchedulerSuspended == 0 );
 3374              		.loc 1 1263 3 discriminator 3 view .LVU959
 3375 001a FEE7     		b	.L265
 3376              	.L277:
1262:Middlewares/Third_Party/FreeRTOS/Source/tasks.c **** 		configASSERT( ( xTimeIncrement > 0U ) );
 3377              		.loc 1 1262 3 discriminator 1 view .LVU960
 3378              	.LBB178:
 3379              	.LBI178:
 191:Middlewares/Third_Party/FreeRTOS/Source/portable/GCC/ARM_CM4F/portmacro.h **** {
 3380              		.loc 2 191 30 view .LVU961
 3381              	.LBB179:
 193:Middlewares/Third_Party/FreeRTOS/Source/portable/GCC/ARM_CM4F/portmacro.h **** 
 3382              		.loc 2 193 1 view .LVU962
 195:Middlewares/Third_Party/FreeRTOS/Source/portable/GCC/ARM_CM4F/portmacro.h **** 	(
 3383              		.loc 2 195 2 view .LVU963
 3384              		.syntax unified
 3385              	@ 195 "Middlewares/Third_Party/FreeRTOS/Source/portable/GCC/ARM_CM4F/portmacro.h" 1
 3386 001c 4FF05003 			mov r3, #80												
 3387 0020 83F31188 		msr basepri, r3											
 3388 0024 BFF36F8F 		isb														
 3389 0028 BFF34F8F 		dsb														
 3390              	
 3391              	@ 0 "" 2
 3392              		.thumb
 3393              		.syntax unified
 3394              	.L263:
 3395              	.LBE179:
 3396              	.LBE178:
1262:Middlewares/Third_Party/FreeRTOS/Source/tasks.c **** 		configASSERT( ( xTimeIncrement > 0U ) );
 3397              		.loc 1 1262 3 discriminator 3 view .LVU964
1262:Middlewares/Third_Party/FreeRTOS/Source/tasks.c **** 		configASSERT( ( xTimeIncrement > 0U ) );
 3398              		.loc 1 1262 3 discriminator 3 view .LVU965
 3399 002c FEE7     		b	.L263
 3400              	.L264:
1263:Middlewares/Third_Party/FreeRTOS/Source/tasks.c **** 		configASSERT( uxSchedulerSuspended == 0 );
 3401              		.loc 1 1263 42 discriminator 2 view .LVU966
1264:Middlewares/Third_Party/FreeRTOS/Source/tasks.c **** 
 3402              		.loc 1 1264 3 view .LVU967
 3403 002e 1B4B     		ldr	r3, .L278
 3404 0030 1B68     		ldr	r3, [r3]
 3405 0032 43B1     		cbz	r3, .L266
1264:Middlewares/Third_Party/FreeRTOS/Source/tasks.c **** 
ARM GAS  /tmp/cchsWuk7.s 			page 172


 3406              		.loc 1 1264 3 discriminator 1 view .LVU968
 3407              	.LBB180:
 3408              	.LBI180:
 191:Middlewares/Third_Party/FreeRTOS/Source/portable/GCC/ARM_CM4F/portmacro.h **** {
 3409              		.loc 2 191 30 view .LVU969
 3410              	.LBB181:
 193:Middlewares/Third_Party/FreeRTOS/Source/portable/GCC/ARM_CM4F/portmacro.h **** 
 3411              		.loc 2 193 1 view .LVU970
 195:Middlewares/Third_Party/FreeRTOS/Source/portable/GCC/ARM_CM4F/portmacro.h **** 	(
 3412              		.loc 2 195 2 view .LVU971
 3413              		.syntax unified
 3414              	@ 195 "Middlewares/Third_Party/FreeRTOS/Source/portable/GCC/ARM_CM4F/portmacro.h" 1
 3415 0034 4FF05003 			mov r3, #80												
 3416 0038 83F31188 		msr basepri, r3											
 3417 003c BFF36F8F 		isb														
 3418 0040 BFF34F8F 		dsb														
 3419              	
 3420              	@ 0 "" 2
 3421              		.thumb
 3422              		.syntax unified
 3423              	.L267:
 3424              	.LBE181:
 3425              	.LBE180:
1264:Middlewares/Third_Party/FreeRTOS/Source/tasks.c **** 
 3426              		.loc 1 1264 3 discriminator 3 view .LVU972
1264:Middlewares/Third_Party/FreeRTOS/Source/tasks.c **** 
 3427              		.loc 1 1264 3 discriminator 3 view .LVU973
 3428 0044 FEE7     		b	.L267
 3429              	.L266:
1264:Middlewares/Third_Party/FreeRTOS/Source/tasks.c **** 
 3430              		.loc 1 1264 44 discriminator 2 view .LVU974
1266:Middlewares/Third_Party/FreeRTOS/Source/tasks.c **** 		{
 3431              		.loc 1 1266 3 view .LVU975
 3432 0046 FFF7FEFF 		bl	vTaskSuspendAll
 3433              	.LVL231:
 3434              	.LBB182:
1270:Middlewares/Third_Party/FreeRTOS/Source/tasks.c **** 
 3435              		.loc 1 1270 4 view .LVU976
1270:Middlewares/Third_Party/FreeRTOS/Source/tasks.c **** 
 3436              		.loc 1 1270 21 is_stmt 0 view .LVU977
 3437 004a 154B     		ldr	r3, .L278+4
 3438 004c 1868     		ldr	r0, [r3]
 3439              	.LVL232:
1273:Middlewares/Third_Party/FreeRTOS/Source/tasks.c **** 
 3440              		.loc 1 1273 4 is_stmt 1 view .LVU978
1273:Middlewares/Third_Party/FreeRTOS/Source/tasks.c **** 
 3441              		.loc 1 1273 18 is_stmt 0 view .LVU979
 3442 004e 2B68     		ldr	r3, [r5]
1273:Middlewares/Third_Party/FreeRTOS/Source/tasks.c **** 
 3443              		.loc 1 1273 16 view .LVU980
 3444 0050 1C44     		add	r4, r4, r3
 3445              	.LVL233:
1275:Middlewares/Third_Party/FreeRTOS/Source/tasks.c **** 			{
 3446              		.loc 1 1275 4 is_stmt 1 view .LVU981
1275:Middlewares/Third_Party/FreeRTOS/Source/tasks.c **** 			{
 3447              		.loc 1 1275 6 is_stmt 0 view .LVU982
 3448 0052 8342     		cmp	r3, r0
ARM GAS  /tmp/cchsWuk7.s 			page 173


 3449 0054 09D9     		bls	.L268
1282:Middlewares/Third_Party/FreeRTOS/Source/tasks.c **** 				{
 3450              		.loc 1 1282 5 is_stmt 1 view .LVU983
1282:Middlewares/Third_Party/FreeRTOS/Source/tasks.c **** 				{
 3451              		.loc 1 1282 7 is_stmt 0 view .LVU984
 3452 0056 A342     		cmp	r3, r4
 3453 0058 01D8     		bhi	.L269
1307:Middlewares/Third_Party/FreeRTOS/Source/tasks.c **** 
 3454              		.loc 1 1307 4 is_stmt 1 view .LVU985
1307:Middlewares/Third_Party/FreeRTOS/Source/tasks.c **** 
 3455              		.loc 1 1307 24 is_stmt 0 view .LVU986
 3456 005a 2C60     		str	r4, [r5]
1309:Middlewares/Third_Party/FreeRTOS/Source/tasks.c **** 			{
 3457              		.loc 1 1309 4 is_stmt 1 view .LVU987
 3458 005c 0EE0     		b	.L270
 3459              	.L269:
1282:Middlewares/Third_Party/FreeRTOS/Source/tasks.c **** 				{
 3460              		.loc 1 1282 47 is_stmt 0 discriminator 1 view .LVU988
 3461 005e A042     		cmp	r0, r4
 3462 0060 01D3     		bcc	.L271
1307:Middlewares/Third_Party/FreeRTOS/Source/tasks.c **** 
 3463              		.loc 1 1307 4 is_stmt 1 view .LVU989
1307:Middlewares/Third_Party/FreeRTOS/Source/tasks.c **** 
 3464              		.loc 1 1307 24 is_stmt 0 view .LVU990
 3465 0062 2C60     		str	r4, [r5]
1309:Middlewares/Third_Party/FreeRTOS/Source/tasks.c **** 			{
 3466              		.loc 1 1309 4 is_stmt 1 view .LVU991
 3467 0064 0AE0     		b	.L270
 3468              	.L271:
1284:Middlewares/Third_Party/FreeRTOS/Source/tasks.c **** 				}
 3469              		.loc 1 1284 6 view .LVU992
 3470              	.LVL234:
1307:Middlewares/Third_Party/FreeRTOS/Source/tasks.c **** 
 3471              		.loc 1 1307 4 view .LVU993
1307:Middlewares/Third_Party/FreeRTOS/Source/tasks.c **** 
 3472              		.loc 1 1307 24 is_stmt 0 view .LVU994
 3473 0066 2C60     		str	r4, [r5]
1309:Middlewares/Third_Party/FreeRTOS/Source/tasks.c **** 			{
 3474              		.loc 1 1309 4 is_stmt 1 view .LVU995
 3475 0068 04E0     		b	.L272
 3476              	.LVL235:
 3477              	.L268:
1296:Middlewares/Third_Party/FreeRTOS/Source/tasks.c **** 				{
 3478              		.loc 1 1296 5 view .LVU996
1296:Middlewares/Third_Party/FreeRTOS/Source/tasks.c **** 				{
 3479              		.loc 1 1296 7 is_stmt 0 view .LVU997
 3480 006a A342     		cmp	r3, r4
 3481 006c 01D8     		bhi	.L273
1296:Middlewares/Third_Party/FreeRTOS/Source/tasks.c **** 				{
 3482              		.loc 1 1296 47 discriminator 1 view .LVU998
 3483 006e A042     		cmp	r0, r4
 3484 0070 12D2     		bcs	.L274
 3485              	.L273:
1298:Middlewares/Third_Party/FreeRTOS/Source/tasks.c **** 				}
 3486              		.loc 1 1298 6 is_stmt 1 view .LVU999
 3487              	.LVL236:
1307:Middlewares/Third_Party/FreeRTOS/Source/tasks.c **** 
ARM GAS  /tmp/cchsWuk7.s 			page 174


 3488              		.loc 1 1307 4 view .LVU1000
1307:Middlewares/Third_Party/FreeRTOS/Source/tasks.c **** 
 3489              		.loc 1 1307 24 is_stmt 0 view .LVU1001
 3490 0072 2C60     		str	r4, [r5]
1309:Middlewares/Third_Party/FreeRTOS/Source/tasks.c **** 			{
 3491              		.loc 1 1309 4 is_stmt 1 view .LVU1002
 3492              	.L272:
1311:Middlewares/Third_Party/FreeRTOS/Source/tasks.c **** 
 3493              		.loc 1 1311 41 view .LVU1003
1315:Middlewares/Third_Party/FreeRTOS/Source/tasks.c **** 			}
 3494              		.loc 1 1315 5 view .LVU1004
 3495 0074 0021     		movs	r1, #0
 3496 0076 201A     		subs	r0, r4, r0
 3497              	.LVL237:
1315:Middlewares/Third_Party/FreeRTOS/Source/tasks.c **** 			}
 3498              		.loc 1 1315 5 is_stmt 0 view .LVU1005
 3499 0078 FFF7FEFF 		bl	prvAddCurrentTaskToDelayedList
 3500              	.LVL238:
 3501              	.L270:
1319:Middlewares/Third_Party/FreeRTOS/Source/tasks.c **** 			}
 3502              		.loc 1 1319 29 is_stmt 1 view .LVU1006
 3503              	.LBE182:
1322:Middlewares/Third_Party/FreeRTOS/Source/tasks.c **** 
 3504              		.loc 1 1322 3 view .LVU1007
1322:Middlewares/Third_Party/FreeRTOS/Source/tasks.c **** 
 3505              		.loc 1 1322 21 is_stmt 0 view .LVU1008
 3506 007c FFF7FEFF 		bl	xTaskResumeAll
 3507              	.LVL239:
1326:Middlewares/Third_Party/FreeRTOS/Source/tasks.c **** 		{
 3508              		.loc 1 1326 3 is_stmt 1 view .LVU1009
1326:Middlewares/Third_Party/FreeRTOS/Source/tasks.c **** 		{
 3509              		.loc 1 1326 5 is_stmt 0 view .LVU1010
 3510 0080 48B9     		cbnz	r0, .L261
1328:Middlewares/Third_Party/FreeRTOS/Source/tasks.c **** 		}
 3511              		.loc 1 1328 4 is_stmt 1 view .LVU1011
 3512 0082 4FF0E023 		mov	r3, #-536813568
 3513 0086 4FF08052 		mov	r2, #268435456
 3514 008a C3F8042D 		str	r2, [r3, #3332]
1328:Middlewares/Third_Party/FreeRTOS/Source/tasks.c **** 		}
 3515              		.loc 1 1328 4 view .LVU1012
 3516              		.syntax unified
 3517              	@ 1328 "Middlewares/Third_Party/FreeRTOS/Source/tasks.c" 1
 3518 008e BFF34F8F 		dsb
 3519              	@ 0 "" 2
1328:Middlewares/Third_Party/FreeRTOS/Source/tasks.c **** 		}
 3520              		.loc 1 1328 4 view .LVU1013
 3521              	@ 1328 "Middlewares/Third_Party/FreeRTOS/Source/tasks.c" 1
 3522 0092 BFF36F8F 		isb
 3523              	@ 0 "" 2
1328:Middlewares/Third_Party/FreeRTOS/Source/tasks.c **** 		}
 3524              		.loc 1 1328 26 view .LVU1014
1332:Middlewares/Third_Party/FreeRTOS/Source/tasks.c **** 		}
 3525              		.loc 1 1332 28 view .LVU1015
 3526              		.thumb
 3527              		.syntax unified
 3528              	.L261:
1334:Middlewares/Third_Party/FreeRTOS/Source/tasks.c **** 
ARM GAS  /tmp/cchsWuk7.s 			page 175


 3529              		.loc 1 1334 2 is_stmt 0 view .LVU1016
 3530 0096 38BD     		pop	{r3, r4, r5, pc}
 3531              	.LVL240:
 3532              	.L274:
 3533              	.LBB183:
1307:Middlewares/Third_Party/FreeRTOS/Source/tasks.c **** 
 3534              		.loc 1 1307 4 is_stmt 1 view .LVU1017
1307:Middlewares/Third_Party/FreeRTOS/Source/tasks.c **** 
 3535              		.loc 1 1307 24 is_stmt 0 view .LVU1018
 3536 0098 2C60     		str	r4, [r5]
1309:Middlewares/Third_Party/FreeRTOS/Source/tasks.c **** 			{
 3537              		.loc 1 1309 4 is_stmt 1 view .LVU1019
 3538 009a EFE7     		b	.L270
 3539              	.L279:
 3540              		.align	2
 3541              	.L278:
 3542 009c 00000000 		.word	uxSchedulerSuspended
 3543 00a0 00000000 		.word	xTickCount
 3544              	.LBE183:
 3545              		.cfi_endproc
 3546              	.LFE9:
 3548              		.section	.text.vTaskDelay,"ax",%progbits
 3549              		.align	1
 3550              		.global	vTaskDelay
 3551              		.syntax unified
 3552              		.thumb
 3553              		.thumb_func
 3555              	vTaskDelay:
 3556              	.LVL241:
 3557              	.LFB10:
1342:Middlewares/Third_Party/FreeRTOS/Source/tasks.c **** 	BaseType_t xAlreadyYielded = pdFALSE;
 3558              		.loc 1 1342 2 view -0
 3559              		.cfi_startproc
 3560              		@ args = 0, pretend = 0, frame = 0
 3561              		@ frame_needed = 0, uses_anonymous_args = 0
1342:Middlewares/Third_Party/FreeRTOS/Source/tasks.c **** 	BaseType_t xAlreadyYielded = pdFALSE;
 3562              		.loc 1 1342 2 is_stmt 0 view .LVU1021
 3563 0000 10B5     		push	{r4, lr}
 3564              	.LCFI30:
 3565              		.cfi_def_cfa_offset 8
 3566              		.cfi_offset 4, -8
 3567              		.cfi_offset 14, -4
1343:Middlewares/Third_Party/FreeRTOS/Source/tasks.c **** 
 3568              		.loc 1 1343 2 is_stmt 1 view .LVU1022
 3569              	.LVL242:
1346:Middlewares/Third_Party/FreeRTOS/Source/tasks.c **** 		{
 3570              		.loc 1 1346 3 view .LVU1023
1346:Middlewares/Third_Party/FreeRTOS/Source/tasks.c **** 		{
 3571              		.loc 1 1346 5 is_stmt 0 view .LVU1024
 3572 0002 A8B1     		cbz	r0, .L281
 3573 0004 0446     		mov	r4, r0
1348:Middlewares/Third_Party/FreeRTOS/Source/tasks.c **** 			vTaskSuspendAll();
 3574              		.loc 1 1348 4 is_stmt 1 view .LVU1025
 3575 0006 104B     		ldr	r3, .L286
 3576 0008 1B68     		ldr	r3, [r3]
 3577 000a 43B1     		cbz	r3, .L282
1348:Middlewares/Third_Party/FreeRTOS/Source/tasks.c **** 			vTaskSuspendAll();
ARM GAS  /tmp/cchsWuk7.s 			page 176


 3578              		.loc 1 1348 4 discriminator 1 view .LVU1026
 3579              	.LBB184:
 3580              	.LBI184:
 191:Middlewares/Third_Party/FreeRTOS/Source/portable/GCC/ARM_CM4F/portmacro.h **** {
 3581              		.loc 2 191 30 view .LVU1027
 3582              	.LBB185:
 193:Middlewares/Third_Party/FreeRTOS/Source/portable/GCC/ARM_CM4F/portmacro.h **** 
 3583              		.loc 2 193 1 view .LVU1028
 195:Middlewares/Third_Party/FreeRTOS/Source/portable/GCC/ARM_CM4F/portmacro.h **** 	(
 3584              		.loc 2 195 2 view .LVU1029
 3585              		.syntax unified
 3586              	@ 195 "Middlewares/Third_Party/FreeRTOS/Source/portable/GCC/ARM_CM4F/portmacro.h" 1
 3587 000c 4FF05003 			mov r3, #80												
 3588 0010 83F31188 		msr basepri, r3											
 3589 0014 BFF36F8F 		isb														
 3590 0018 BFF34F8F 		dsb														
 3591              	
 3592              	@ 0 "" 2
 3593              		.thumb
 3594              		.syntax unified
 3595              	.L283:
 3596              	.LBE185:
 3597              	.LBE184:
1348:Middlewares/Third_Party/FreeRTOS/Source/tasks.c **** 			vTaskSuspendAll();
 3598              		.loc 1 1348 4 discriminator 3 view .LVU1030
1348:Middlewares/Third_Party/FreeRTOS/Source/tasks.c **** 			vTaskSuspendAll();
 3599              		.loc 1 1348 4 discriminator 3 view .LVU1031
 3600 001c FEE7     		b	.L283
 3601              	.L282:
1348:Middlewares/Third_Party/FreeRTOS/Source/tasks.c **** 			vTaskSuspendAll();
 3602              		.loc 1 1348 45 discriminator 2 view .LVU1032
1349:Middlewares/Third_Party/FreeRTOS/Source/tasks.c **** 			{
 3603              		.loc 1 1349 4 view .LVU1033
 3604 001e FFF7FEFF 		bl	vTaskSuspendAll
 3605              	.LVL243:
1351:Middlewares/Third_Party/FreeRTOS/Source/tasks.c **** 
 3606              		.loc 1 1351 22 view .LVU1034
1360:Middlewares/Third_Party/FreeRTOS/Source/tasks.c **** 			}
 3607              		.loc 1 1360 5 view .LVU1035
 3608 0022 0021     		movs	r1, #0
 3609 0024 2046     		mov	r0, r4
 3610 0026 FFF7FEFF 		bl	prvAddCurrentTaskToDelayedList
 3611              	.LVL244:
1362:Middlewares/Third_Party/FreeRTOS/Source/tasks.c **** 		}
 3612              		.loc 1 1362 4 view .LVU1036
1362:Middlewares/Third_Party/FreeRTOS/Source/tasks.c **** 		}
 3613              		.loc 1 1362 22 is_stmt 0 view .LVU1037
 3614 002a FFF7FEFF 		bl	xTaskResumeAll
 3615              	.LVL245:
1366:Middlewares/Third_Party/FreeRTOS/Source/tasks.c **** 		}
 3616              		.loc 1 1366 28 is_stmt 1 view .LVU1038
1371:Middlewares/Third_Party/FreeRTOS/Source/tasks.c **** 		{
 3617              		.loc 1 1371 3 view .LVU1039
1371:Middlewares/Third_Party/FreeRTOS/Source/tasks.c **** 		{
 3618              		.loc 1 1371 5 is_stmt 0 view .LVU1040
 3619 002e 48B9     		cbnz	r0, .L280
 3620              	.LVL246:
ARM GAS  /tmp/cchsWuk7.s 			page 177


 3621              	.L281:
1373:Middlewares/Third_Party/FreeRTOS/Source/tasks.c **** 		}
 3622              		.loc 1 1373 4 is_stmt 1 view .LVU1041
 3623 0030 4FF0E023 		mov	r3, #-536813568
 3624 0034 4FF08052 		mov	r2, #268435456
 3625 0038 C3F8042D 		str	r2, [r3, #3332]
1373:Middlewares/Third_Party/FreeRTOS/Source/tasks.c **** 		}
 3626              		.loc 1 1373 4 view .LVU1042
 3627              		.syntax unified
 3628              	@ 1373 "Middlewares/Third_Party/FreeRTOS/Source/tasks.c" 1
 3629 003c BFF34F8F 		dsb
 3630              	@ 0 "" 2
1373:Middlewares/Third_Party/FreeRTOS/Source/tasks.c **** 		}
 3631              		.loc 1 1373 4 view .LVU1043
 3632              	@ 1373 "Middlewares/Third_Party/FreeRTOS/Source/tasks.c" 1
 3633 0040 BFF36F8F 		isb
 3634              	@ 0 "" 2
1373:Middlewares/Third_Party/FreeRTOS/Source/tasks.c **** 		}
 3635              		.loc 1 1373 26 view .LVU1044
1377:Middlewares/Third_Party/FreeRTOS/Source/tasks.c **** 		}
 3636              		.loc 1 1377 28 view .LVU1045
 3637              		.thumb
 3638              		.syntax unified
 3639              	.L280:
1379:Middlewares/Third_Party/FreeRTOS/Source/tasks.c **** 
 3640              		.loc 1 1379 2 is_stmt 0 view .LVU1046
 3641 0044 10BD     		pop	{r4, pc}
 3642              	.L287:
 3643 0046 00BF     		.align	2
 3644              	.L286:
 3645 0048 00000000 		.word	uxSchedulerSuspended
 3646              		.cfi_endproc
 3647              	.LFE10:
 3649              		.section	.text.xTaskCatchUpTicks,"ax",%progbits
 3650              		.align	1
 3651              		.global	xTaskCatchUpTicks
 3652              		.syntax unified
 3653              		.thumb
 3654              		.thumb_func
 3656              	xTaskCatchUpTicks:
 3657              	.LVL247:
 3658              	.LFB28:
2610:Middlewares/Third_Party/FreeRTOS/Source/tasks.c **** BaseType_t xYieldRequired = pdFALSE;
 3659              		.loc 1 2610 1 is_stmt 1 view -0
 3660              		.cfi_startproc
 3661              		@ args = 0, pretend = 0, frame = 0
 3662              		@ frame_needed = 0, uses_anonymous_args = 0
2611:Middlewares/Third_Party/FreeRTOS/Source/tasks.c **** 
 3663              		.loc 1 2611 1 view .LVU1048
2615:Middlewares/Third_Party/FreeRTOS/Source/tasks.c **** 
 3664              		.loc 1 2615 2 view .LVU1049
 3665 0000 0B4B     		ldr	r3, .L293
 3666 0002 1B68     		ldr	r3, [r3]
 3667 0004 43B1     		cbz	r3, .L289
2615:Middlewares/Third_Party/FreeRTOS/Source/tasks.c **** 
 3668              		.loc 1 2615 2 discriminator 1 view .LVU1050
 3669              	.LBB186:
ARM GAS  /tmp/cchsWuk7.s 			page 178


 3670              	.LBI186:
 191:Middlewares/Third_Party/FreeRTOS/Source/portable/GCC/ARM_CM4F/portmacro.h **** {
 3671              		.loc 2 191 30 view .LVU1051
 3672              	.LBB187:
 193:Middlewares/Third_Party/FreeRTOS/Source/portable/GCC/ARM_CM4F/portmacro.h **** 
 3673              		.loc 2 193 1 view .LVU1052
 195:Middlewares/Third_Party/FreeRTOS/Source/portable/GCC/ARM_CM4F/portmacro.h **** 	(
 3674              		.loc 2 195 2 view .LVU1053
 3675              		.syntax unified
 3676              	@ 195 "Middlewares/Third_Party/FreeRTOS/Source/portable/GCC/ARM_CM4F/portmacro.h" 1
 3677 0006 4FF05003 			mov r3, #80												
 3678 000a 83F31188 		msr basepri, r3											
 3679 000e BFF36F8F 		isb														
 3680 0012 BFF34F8F 		dsb														
 3681              	
 3682              	@ 0 "" 2
 3683              		.thumb
 3684              		.syntax unified
 3685              	.L290:
 3686              	.LBE187:
 3687              	.LBE186:
2615:Middlewares/Third_Party/FreeRTOS/Source/tasks.c **** 
 3688              		.loc 1 2615 2 discriminator 3 view .LVU1054
2615:Middlewares/Third_Party/FreeRTOS/Source/tasks.c **** 
 3689              		.loc 1 2615 2 discriminator 3 view .LVU1055
 3690 0016 FEE7     		b	.L290
 3691              	.L289:
2610:Middlewares/Third_Party/FreeRTOS/Source/tasks.c **** BaseType_t xYieldRequired = pdFALSE;
 3692              		.loc 1 2610 1 is_stmt 0 view .LVU1056
 3693 0018 10B5     		push	{r4, lr}
 3694              	.LCFI31:
 3695              		.cfi_def_cfa_offset 8
 3696              		.cfi_offset 4, -8
 3697              		.cfi_offset 14, -4
 3698 001a 0446     		mov	r4, r0
2615:Middlewares/Third_Party/FreeRTOS/Source/tasks.c **** 
 3699              		.loc 1 2615 43 is_stmt 1 discriminator 2 view .LVU1057
2619:Middlewares/Third_Party/FreeRTOS/Source/tasks.c **** 	xPendedTicks += xTicksToCatchUp;
 3700              		.loc 1 2619 2 view .LVU1058
 3701 001c FFF7FEFF 		bl	vTaskSuspendAll
 3702              	.LVL248:
2620:Middlewares/Third_Party/FreeRTOS/Source/tasks.c **** 	xYieldRequired = xTaskResumeAll();
 3703              		.loc 1 2620 2 view .LVU1059
2620:Middlewares/Third_Party/FreeRTOS/Source/tasks.c **** 	xYieldRequired = xTaskResumeAll();
 3704              		.loc 1 2620 15 is_stmt 0 view .LVU1060
 3705 0020 044A     		ldr	r2, .L293+4
 3706 0022 1368     		ldr	r3, [r2]
 3707 0024 2344     		add	r3, r3, r4
 3708 0026 1360     		str	r3, [r2]
2621:Middlewares/Third_Party/FreeRTOS/Source/tasks.c **** 
 3709              		.loc 1 2621 2 is_stmt 1 view .LVU1061
2621:Middlewares/Third_Party/FreeRTOS/Source/tasks.c **** 
 3710              		.loc 1 2621 19 is_stmt 0 view .LVU1062
 3711 0028 FFF7FEFF 		bl	xTaskResumeAll
 3712              	.LVL249:
2623:Middlewares/Third_Party/FreeRTOS/Source/tasks.c **** }
 3713              		.loc 1 2623 2 is_stmt 1 view .LVU1063
ARM GAS  /tmp/cchsWuk7.s 			page 179


2624:Middlewares/Third_Party/FreeRTOS/Source/tasks.c **** /*----------------------------------------------------------*/
 3714              		.loc 1 2624 1 is_stmt 0 view .LVU1064
 3715 002c 10BD     		pop	{r4, pc}
 3716              	.LVL250:
 3717              	.L294:
2624:Middlewares/Third_Party/FreeRTOS/Source/tasks.c **** /*----------------------------------------------------------*/
 3718              		.loc 1 2624 1 view .LVU1065
 3719 002e 00BF     		.align	2
 3720              	.L293:
 3721 0030 00000000 		.word	uxSchedulerSuspended
 3722 0034 00000000 		.word	xPendedTicks
 3723              		.cfi_endproc
 3724              	.LFE28:
 3726              		.section	.text.vTaskSwitchContext,"ax",%progbits
 3727              		.align	1
 3728              		.global	vTaskSwitchContext
 3729              		.syntax unified
 3730              		.thumb
 3731              		.thumb_func
 3733              	vTaskSwitchContext:
 3734              	.LFB30:
2990:Middlewares/Third_Party/FreeRTOS/Source/tasks.c **** 	if( uxSchedulerSuspended != ( UBaseType_t ) pdFALSE )
 3735              		.loc 1 2990 1 is_stmt 1 view -0
 3736              		.cfi_startproc
 3737              		@ args = 0, pretend = 0, frame = 0
 3738              		@ frame_needed = 0, uses_anonymous_args = 0
 3739 0000 08B5     		push	{r3, lr}
 3740              	.LCFI32:
 3741              		.cfi_def_cfa_offset 8
 3742              		.cfi_offset 3, -8
 3743              		.cfi_offset 14, -4
2991:Middlewares/Third_Party/FreeRTOS/Source/tasks.c **** 	{
 3744              		.loc 1 2991 2 view .LVU1067
2991:Middlewares/Third_Party/FreeRTOS/Source/tasks.c **** 	{
 3745              		.loc 1 2991 27 is_stmt 0 view .LVU1068
 3746 0002 2D4B     		ldr	r3, .L310
 3747 0004 1B68     		ldr	r3, [r3]
2991:Middlewares/Third_Party/FreeRTOS/Source/tasks.c **** 	{
 3748              		.loc 1 2991 4 view .LVU1069
 3749 0006 1BB1     		cbz	r3, .L296
2995:Middlewares/Third_Party/FreeRTOS/Source/tasks.c **** 	}
 3750              		.loc 1 2995 3 is_stmt 1 view .LVU1070
2995:Middlewares/Third_Party/FreeRTOS/Source/tasks.c **** 	}
 3751              		.loc 1 2995 17 is_stmt 0 view .LVU1071
 3752 0008 2C4B     		ldr	r3, .L310+4
 3753 000a 0122     		movs	r2, #1
 3754 000c 1A60     		str	r2, [r3]
 3755              	.L295:
3061:Middlewares/Third_Party/FreeRTOS/Source/tasks.c **** /*-----------------------------------------------------------*/
 3756              		.loc 1 3061 1 view .LVU1072
 3757 000e 08BD     		pop	{r3, pc}
 3758              	.L296:
2999:Middlewares/Third_Party/FreeRTOS/Source/tasks.c **** 		traceTASK_SWITCHED_OUT();
 3759              		.loc 1 2999 3 is_stmt 1 view .LVU1073
2999:Middlewares/Third_Party/FreeRTOS/Source/tasks.c **** 		traceTASK_SWITCHED_OUT();
 3760              		.loc 1 2999 17 is_stmt 0 view .LVU1074
 3761 0010 2A4B     		ldr	r3, .L310+4
ARM GAS  /tmp/cchsWuk7.s 			page 180


 3762 0012 0022     		movs	r2, #0
 3763 0014 1A60     		str	r2, [r3]
3000:Middlewares/Third_Party/FreeRTOS/Source/tasks.c **** 
 3764              		.loc 1 3000 27 is_stmt 1 view .LVU1075
 3765              	.LBB188:
3030:Middlewares/Third_Party/FreeRTOS/Source/tasks.c **** 
 3766              		.loc 1 3030 3 view .LVU1076
 3767 0016 2A4B     		ldr	r3, .L310+8
 3768 0018 1B68     		ldr	r3, [r3]
 3769 001a 1B6B     		ldr	r3, [r3, #48]
 3770              	.LVL251:
3030:Middlewares/Third_Party/FreeRTOS/Source/tasks.c **** 
 3771              		.loc 1 3030 3 view .LVU1077
3030:Middlewares/Third_Party/FreeRTOS/Source/tasks.c **** 
 3772              		.loc 1 3030 3 view .LVU1078
 3773 001c 1A68     		ldr	r2, [r3]
 3774 001e B2F1A53F 		cmp	r2, #-1515870811
 3775 0022 03D1     		bne	.L298
3030:Middlewares/Third_Party/FreeRTOS/Source/tasks.c **** 
 3776              		.loc 1 3030 3 is_stmt 0 discriminator 2 view .LVU1079
 3777 0024 5A68     		ldr	r2, [r3, #4]
 3778 0026 B2F1A53F 		cmp	r2, #-1515870811
 3779 002a 10D0     		beq	.L306
 3780              	.LVL252:
 3781              	.L298:
3030:Middlewares/Third_Party/FreeRTOS/Source/tasks.c **** 
 3782              		.loc 1 3030 3 is_stmt 1 discriminator 7 view .LVU1080
 3783 002c 244B     		ldr	r3, .L310+8
 3784 002e 1868     		ldr	r0, [r3]
 3785 0030 1968     		ldr	r1, [r3]
 3786 0032 3431     		adds	r1, r1, #52
 3787 0034 FFF7FEFF 		bl	vApplicationStackOverflowHook
 3788              	.LVL253:
 3789              	.L299:
3030:Middlewares/Third_Party/FreeRTOS/Source/tasks.c **** 
 3790              		.loc 1 3030 3 is_stmt 0 discriminator 7 view .LVU1081
 3791              	.LBE188:
3030:Middlewares/Third_Party/FreeRTOS/Source/tasks.c **** 
 3792              		.loc 1 3030 33 is_stmt 1 discriminator 9 view .LVU1082
 3793              	.LBB189:
3041:Middlewares/Third_Party/FreeRTOS/Source/tasks.c **** 		traceTASK_SWITCHED_IN();
 3794              		.loc 1 3041 3 view .LVU1083
 3795 0038 224B     		ldr	r3, .L310+12
 3796 003a 1B68     		ldr	r3, [r3]
 3797              	.LVL254:
3041:Middlewares/Third_Party/FreeRTOS/Source/tasks.c **** 		traceTASK_SWITCHED_IN();
 3798              		.loc 1 3041 3 view .LVU1084
 3799              	.L300:
3041:Middlewares/Third_Party/FreeRTOS/Source/tasks.c **** 		traceTASK_SWITCHED_IN();
 3800              		.loc 1 3041 3 discriminator 5 view .LVU1085
 3801 003c 03EB8301 		add	r1, r3, r3, lsl #2
 3802 0040 8A00     		lsls	r2, r1, #2
 3803 0042 2149     		ldr	r1, .L310+16
 3804 0044 8A58     		ldr	r2, [r1, r2]
 3805 0046 A2B9     		cbnz	r2, .L307
3041:Middlewares/Third_Party/FreeRTOS/Source/tasks.c **** 		traceTASK_SWITCHED_IN();
 3806              		.loc 1 3041 3 discriminator 6 view .LVU1086
ARM GAS  /tmp/cchsWuk7.s 			page 181


 3807 0048 53B1     		cbz	r3, .L308
3041:Middlewares/Third_Party/FreeRTOS/Source/tasks.c **** 		traceTASK_SWITCHED_IN();
 3808              		.loc 1 3041 3 discriminator 3 view .LVU1087
3041:Middlewares/Third_Party/FreeRTOS/Source/tasks.c **** 		traceTASK_SWITCHED_IN();
 3809              		.loc 1 3041 3 discriminator 3 view .LVU1088
 3810 004a 013B     		subs	r3, r3, #1
 3811              	.LVL255:
3041:Middlewares/Third_Party/FreeRTOS/Source/tasks.c **** 		traceTASK_SWITCHED_IN();
 3812              		.loc 1 3041 3 is_stmt 0 discriminator 3 view .LVU1089
 3813 004c F6E7     		b	.L300
 3814              	.LVL256:
 3815              	.L306:
3041:Middlewares/Third_Party/FreeRTOS/Source/tasks.c **** 		traceTASK_SWITCHED_IN();
 3816              		.loc 1 3041 3 discriminator 3 view .LVU1090
 3817              	.LBE189:
 3818              	.LBB194:
3030:Middlewares/Third_Party/FreeRTOS/Source/tasks.c **** 
 3819              		.loc 1 3030 3 discriminator 4 view .LVU1091
 3820 004e 9A68     		ldr	r2, [r3, #8]
 3821 0050 B2F1A53F 		cmp	r2, #-1515870811
 3822 0054 EAD1     		bne	.L298
3030:Middlewares/Third_Party/FreeRTOS/Source/tasks.c **** 
 3823              		.loc 1 3030 3 discriminator 6 view .LVU1092
 3824 0056 DB68     		ldr	r3, [r3, #12]
 3825              	.LVL257:
3030:Middlewares/Third_Party/FreeRTOS/Source/tasks.c **** 
 3826              		.loc 1 3030 3 discriminator 6 view .LVU1093
 3827 0058 B3F1A53F 		cmp	r3, #-1515870811
 3828 005c E6D1     		bne	.L298
 3829 005e EBE7     		b	.L299
 3830              	.LVL258:
 3831              	.L308:
3030:Middlewares/Third_Party/FreeRTOS/Source/tasks.c **** 
 3832              		.loc 1 3030 3 discriminator 6 view .LVU1094
 3833              	.LBE194:
 3834              	.LBB195:
3041:Middlewares/Third_Party/FreeRTOS/Source/tasks.c **** 		traceTASK_SWITCHED_IN();
 3835              		.loc 1 3041 3 is_stmt 1 discriminator 2 view .LVU1095
 3836              	.LBB190:
 3837              	.LBI190:
 191:Middlewares/Third_Party/FreeRTOS/Source/portable/GCC/ARM_CM4F/portmacro.h **** {
 3838              		.loc 2 191 30 view .LVU1096
 3839              	.LBB191:
 193:Middlewares/Third_Party/FreeRTOS/Source/portable/GCC/ARM_CM4F/portmacro.h **** 
 3840              		.loc 2 193 1 view .LVU1097
 195:Middlewares/Third_Party/FreeRTOS/Source/portable/GCC/ARM_CM4F/portmacro.h **** 	(
 3841              		.loc 2 195 2 view .LVU1098
 3842              		.syntax unified
 3843              	@ 195 "Middlewares/Third_Party/FreeRTOS/Source/portable/GCC/ARM_CM4F/portmacro.h" 1
 3844 0060 4FF05003 			mov r3, #80												
 3845 0064 83F31188 		msr basepri, r3											
 3846 0068 BFF36F8F 		isb														
 3847 006c BFF34F8F 		dsb														
 3848              	
 3849              	@ 0 "" 2
 3850              	.LVL259:
 3851              		.thumb
ARM GAS  /tmp/cchsWuk7.s 			page 182


 3852              		.syntax unified
 3853              	.L302:
 195:Middlewares/Third_Party/FreeRTOS/Source/portable/GCC/ARM_CM4F/portmacro.h **** 	(
 3854              		.loc 2 195 2 is_stmt 0 view .LVU1099
 3855              	.LBE191:
 3856              	.LBE190:
3041:Middlewares/Third_Party/FreeRTOS/Source/tasks.c **** 		traceTASK_SWITCHED_IN();
 3857              		.loc 1 3041 3 is_stmt 1 discriminator 4 view .LVU1100
3041:Middlewares/Third_Party/FreeRTOS/Source/tasks.c **** 		traceTASK_SWITCHED_IN();
 3858              		.loc 1 3041 3 discriminator 4 view .LVU1101
 3859 0070 FEE7     		b	.L302
 3860              	.LVL260:
 3861              	.L307:
 3862              	.LBB192:
3041:Middlewares/Third_Party/FreeRTOS/Source/tasks.c **** 		traceTASK_SWITCHED_IN();
 3863              		.loc 1 3041 3 discriminator 7 view .LVU1102
3041:Middlewares/Third_Party/FreeRTOS/Source/tasks.c **** 		traceTASK_SWITCHED_IN();
 3864              		.loc 1 3041 3 view .LVU1103
3041:Middlewares/Third_Party/FreeRTOS/Source/tasks.c **** 		traceTASK_SWITCHED_IN();
 3865              		.loc 1 3041 3 is_stmt 0 discriminator 7 view .LVU1104
 3866 0072 0846     		mov	r0, r1
 3867 0074 03EB8301 		add	r1, r3, r3, lsl #2
 3868 0078 8A00     		lsls	r2, r1, #2
 3869 007a 0244     		add	r2, r2, r0
 3870 007c 5168     		ldr	r1, [r2, #4]
 3871 007e 4968     		ldr	r1, [r1, #4]
 3872 0080 5160     		str	r1, [r2, #4]
3041:Middlewares/Third_Party/FreeRTOS/Source/tasks.c **** 		traceTASK_SWITCHED_IN();
 3873              		.loc 1 3041 3 is_stmt 1 view .LVU1105
3041:Middlewares/Third_Party/FreeRTOS/Source/tasks.c **** 		traceTASK_SWITCHED_IN();
 3874              		.loc 1 3041 3 is_stmt 0 discriminator 7 view .LVU1106
 3875 0082 03EB830C 		add	ip, r3, r3, lsl #2
 3876 0086 4FEA8C02 		lsl	r2, ip, #2
 3877 008a 0832     		adds	r2, r2, #8
 3878 008c 0244     		add	r2, r2, r0
 3879 008e 9142     		cmp	r1, r2
 3880 0090 0BD0     		beq	.L309
 3881              	.L304:
3041:Middlewares/Third_Party/FreeRTOS/Source/tasks.c **** 		traceTASK_SWITCHED_IN();
 3882              		.loc 1 3041 3 is_stmt 1 discriminator 10 view .LVU1107
 3883 0092 03EB8302 		add	r2, r3, r3, lsl #2
 3884 0096 9100     		lsls	r1, r2, #2
 3885 0098 0B4A     		ldr	r2, .L310+16
 3886 009a 0A44     		add	r2, r2, r1
 3887 009c 5268     		ldr	r2, [r2, #4]
 3888 009e D168     		ldr	r1, [r2, #12]
 3889 00a0 074A     		ldr	r2, .L310+8
 3890 00a2 1160     		str	r1, [r2]
 3891              	.LBE192:
3041:Middlewares/Third_Party/FreeRTOS/Source/tasks.c **** 		traceTASK_SWITCHED_IN();
 3892              		.loc 1 3041 3 view .LVU1108
3041:Middlewares/Third_Party/FreeRTOS/Source/tasks.c **** 		traceTASK_SWITCHED_IN();
 3893              		.loc 1 3041 3 view .LVU1109
3041:Middlewares/Third_Party/FreeRTOS/Source/tasks.c **** 		traceTASK_SWITCHED_IN();
 3894              		.loc 1 3041 3 is_stmt 0 discriminator 10 view .LVU1110
 3895 00a4 074A     		ldr	r2, .L310+12
 3896 00a6 1360     		str	r3, [r2]
ARM GAS  /tmp/cchsWuk7.s 			page 183


 3897              	.LBE195:
3041:Middlewares/Third_Party/FreeRTOS/Source/tasks.c **** 		traceTASK_SWITCHED_IN();
 3898              		.loc 1 3041 37 is_stmt 1 discriminator 11 view .LVU1111
3042:Middlewares/Third_Party/FreeRTOS/Source/tasks.c **** 
 3899              		.loc 1 3042 26 view .LVU1112
3061:Middlewares/Third_Party/FreeRTOS/Source/tasks.c **** /*-----------------------------------------------------------*/
 3900              		.loc 1 3061 1 is_stmt 0 view .LVU1113
 3901 00a8 B1E7     		b	.L295
 3902              	.L309:
 3903              	.LBB196:
 3904              	.LBB193:
3041:Middlewares/Third_Party/FreeRTOS/Source/tasks.c **** 		traceTASK_SWITCHED_IN();
 3905              		.loc 1 3041 3 is_stmt 1 discriminator 8 view .LVU1114
 3906 00aa 4868     		ldr	r0, [r1, #4]
 3907 00ac 6246     		mov	r2, ip
 3908 00ae 9100     		lsls	r1, r2, #2
 3909 00b0 054A     		ldr	r2, .L310+16
 3910 00b2 0A44     		add	r2, r2, r1
 3911 00b4 5060     		str	r0, [r2, #4]
 3912 00b6 ECE7     		b	.L304
 3913              	.L311:
 3914              		.align	2
 3915              	.L310:
 3916 00b8 00000000 		.word	uxSchedulerSuspended
 3917 00bc 00000000 		.word	xYieldPending
 3918 00c0 00000000 		.word	pxCurrentTCB
 3919 00c4 00000000 		.word	uxTopReadyPriority
 3920 00c8 00000000 		.word	pxReadyTasksLists
 3921              	.LBE193:
 3922              	.LBE196:
 3923              		.cfi_endproc
 3924              	.LFE30:
 3926              		.section	.text.vTaskSuspend,"ax",%progbits
 3927              		.align	1
 3928              		.global	vTaskSuspend
 3929              		.syntax unified
 3930              		.thumb
 3931              		.thumb_func
 3933              	vTaskSuspend:
 3934              	.LVL261:
 3935              	.LFB15:
1705:Middlewares/Third_Party/FreeRTOS/Source/tasks.c **** 	TCB_t *pxTCB;
 3936              		.loc 1 1705 2 view -0
 3937              		.cfi_startproc
 3938              		@ args = 0, pretend = 0, frame = 0
 3939              		@ frame_needed = 0, uses_anonymous_args = 0
1705:Middlewares/Third_Party/FreeRTOS/Source/tasks.c **** 	TCB_t *pxTCB;
 3940              		.loc 1 1705 2 is_stmt 0 view .LVU1116
 3941 0000 38B5     		push	{r3, r4, r5, lr}
 3942              	.LCFI33:
 3943              		.cfi_def_cfa_offset 16
 3944              		.cfi_offset 3, -16
 3945              		.cfi_offset 4, -12
 3946              		.cfi_offset 5, -8
 3947              		.cfi_offset 14, -4
 3948 0002 0446     		mov	r4, r0
1706:Middlewares/Third_Party/FreeRTOS/Source/tasks.c **** 
ARM GAS  /tmp/cchsWuk7.s 			page 184


 3949              		.loc 1 1706 2 is_stmt 1 view .LVU1117
1708:Middlewares/Third_Party/FreeRTOS/Source/tasks.c **** 		{
 3950              		.loc 1 1708 3 view .LVU1118
 3951 0004 FFF7FEFF 		bl	vPortEnterCritical
 3952              	.LVL262:
1712:Middlewares/Third_Party/FreeRTOS/Source/tasks.c **** 
 3953              		.loc 1 1712 4 view .LVU1119
1712:Middlewares/Third_Party/FreeRTOS/Source/tasks.c **** 
 3954              		.loc 1 1712 12 is_stmt 0 view .LVU1120
 3955 0008 DCB1     		cbz	r4, .L323
 3956              	.LVL263:
 3957              	.L313:
1714:Middlewares/Third_Party/FreeRTOS/Source/tasks.c **** 
 3958              		.loc 1 1714 30 is_stmt 1 view .LVU1121
1718:Middlewares/Third_Party/FreeRTOS/Source/tasks.c **** 			{
 3959              		.loc 1 1718 4 view .LVU1122
1718:Middlewares/Third_Party/FreeRTOS/Source/tasks.c **** 			{
 3960              		.loc 1 1718 8 is_stmt 0 view .LVU1123
 3961 000a 251D     		adds	r5, r4, #4
 3962 000c 2846     		mov	r0, r5
 3963 000e FFF7FEFF 		bl	uxListRemove
 3964              	.LVL264:
1720:Middlewares/Third_Party/FreeRTOS/Source/tasks.c **** 			}
 3965              		.loc 1 1720 50 is_stmt 1 view .LVU1124
1724:Middlewares/Third_Party/FreeRTOS/Source/tasks.c **** 			}
 3966              		.loc 1 1724 29 view .LVU1125
1728:Middlewares/Third_Party/FreeRTOS/Source/tasks.c **** 			{
 3967              		.loc 1 1728 4 view .LVU1126
1728:Middlewares/Third_Party/FreeRTOS/Source/tasks.c **** 			{
 3968              		.loc 1 1728 8 is_stmt 0 view .LVU1127
 3969 0012 A36A     		ldr	r3, [r4, #40]
1728:Middlewares/Third_Party/FreeRTOS/Source/tasks.c **** 			{
 3970              		.loc 1 1728 6 view .LVU1128
 3971 0014 1BB1     		cbz	r3, .L314
1730:Middlewares/Third_Party/FreeRTOS/Source/tasks.c **** 			}
 3972              		.loc 1 1730 5 is_stmt 1 view .LVU1129
1730:Middlewares/Third_Party/FreeRTOS/Source/tasks.c **** 			}
 3973              		.loc 1 1730 14 is_stmt 0 view .LVU1130
 3974 0016 04F11800 		add	r0, r4, #24
 3975 001a FFF7FEFF 		bl	uxListRemove
 3976              	.LVL265:
 3977              	.L314:
1734:Middlewares/Third_Party/FreeRTOS/Source/tasks.c **** 			}
 3978              		.loc 1 1734 29 is_stmt 1 view .LVU1131
1737:Middlewares/Third_Party/FreeRTOS/Source/tasks.c **** 
 3979              		.loc 1 1737 4 view .LVU1132
 3980 001e 2946     		mov	r1, r5
 3981 0020 2248     		ldr	r0, .L327
 3982 0022 FFF7FEFF 		bl	vListInsertEnd
 3983              	.LVL266:
1741:Middlewares/Third_Party/FreeRTOS/Source/tasks.c **** 				{
 3984              		.loc 1 1741 5 view .LVU1133
1741:Middlewares/Third_Party/FreeRTOS/Source/tasks.c **** 				{
 3985              		.loc 1 1741 14 is_stmt 0 view .LVU1134
 3986 0026 94F85830 		ldrb	r3, [r4, #88]	@ zero_extendqisi2
1741:Middlewares/Third_Party/FreeRTOS/Source/tasks.c **** 				{
 3987              		.loc 1 1741 7 view .LVU1135
ARM GAS  /tmp/cchsWuk7.s 			page 185


 3988 002a 012B     		cmp	r3, #1
 3989 002c 0CD0     		beq	.L324
 3990              	.L315:
1750:Middlewares/Third_Party/FreeRTOS/Source/tasks.c **** 
 3991              		.loc 1 1750 3 is_stmt 1 view .LVU1136
 3992 002e FFF7FEFF 		bl	vPortExitCritical
 3993              	.LVL267:
1752:Middlewares/Third_Party/FreeRTOS/Source/tasks.c **** 		{
 3994              		.loc 1 1752 3 view .LVU1137
1752:Middlewares/Third_Party/FreeRTOS/Source/tasks.c **** 		{
 3995              		.loc 1 1752 25 is_stmt 0 view .LVU1138
 3996 0032 1F4B     		ldr	r3, .L327+4
 3997 0034 1B68     		ldr	r3, [r3]
1752:Middlewares/Third_Party/FreeRTOS/Source/tasks.c **** 		{
 3998              		.loc 1 1752 5 view .LVU1139
 3999 0036 5BB9     		cbnz	r3, .L325
 4000              	.L316:
1764:Middlewares/Third_Party/FreeRTOS/Source/tasks.c **** 		}
 4001              		.loc 1 1764 28 is_stmt 1 view .LVU1140
1767:Middlewares/Third_Party/FreeRTOS/Source/tasks.c **** 		{
 4002              		.loc 1 1767 3 view .LVU1141
1767:Middlewares/Third_Party/FreeRTOS/Source/tasks.c **** 		{
 4003              		.loc 1 1767 13 is_stmt 0 view .LVU1142
 4004 0038 1E4B     		ldr	r3, .L327+8
 4005 003a 1B68     		ldr	r3, [r3]
1767:Middlewares/Third_Party/FreeRTOS/Source/tasks.c **** 		{
 4006              		.loc 1 1767 5 view .LVU1143
 4007 003c A342     		cmp	r3, r4
 4008 003e 0ED0     		beq	.L326
 4009              	.L312:
1798:Middlewares/Third_Party/FreeRTOS/Source/tasks.c **** 
 4010              		.loc 1 1798 2 view .LVU1144
 4011 0040 38BD     		pop	{r3, r4, r5, pc}
 4012              	.LVL268:
 4013              	.L323:
1712:Middlewares/Third_Party/FreeRTOS/Source/tasks.c **** 
 4014              		.loc 1 1712 12 discriminator 1 view .LVU1145
 4015 0042 1C4B     		ldr	r3, .L327+8
 4016 0044 1C68     		ldr	r4, [r3]
 4017              	.LVL269:
1712:Middlewares/Third_Party/FreeRTOS/Source/tasks.c **** 
 4018              		.loc 1 1712 12 discriminator 1 view .LVU1146
 4019 0046 E0E7     		b	.L313
 4020              	.LVL270:
 4021              	.L324:
1745:Middlewares/Third_Party/FreeRTOS/Source/tasks.c **** 				}
 4022              		.loc 1 1745 6 is_stmt 1 view .LVU1147
1745:Middlewares/Third_Party/FreeRTOS/Source/tasks.c **** 				}
 4023              		.loc 1 1745 27 is_stmt 0 view .LVU1148
 4024 0048 0023     		movs	r3, #0
 4025 004a 84F85830 		strb	r3, [r4, #88]
 4026 004e EEE7     		b	.L315
 4027              	.L325:
1756:Middlewares/Third_Party/FreeRTOS/Source/tasks.c **** 			{
 4028              		.loc 1 1756 4 is_stmt 1 view .LVU1149
 4029 0050 FFF7FEFF 		bl	vPortEnterCritical
 4030              	.LVL271:
ARM GAS  /tmp/cchsWuk7.s 			page 186


1758:Middlewares/Third_Party/FreeRTOS/Source/tasks.c **** 			}
 4031              		.loc 1 1758 5 view .LVU1150
 4032 0054 FFF7FEFF 		bl	prvResetNextTaskUnblockTime
 4033              	.LVL272:
1760:Middlewares/Third_Party/FreeRTOS/Source/tasks.c **** 		}
 4034              		.loc 1 1760 4 view .LVU1151
 4035 0058 FFF7FEFF 		bl	vPortExitCritical
 4036              	.LVL273:
 4037 005c ECE7     		b	.L316
 4038              	.L326:
1769:Middlewares/Third_Party/FreeRTOS/Source/tasks.c **** 			{
 4039              		.loc 1 1769 4 view .LVU1152
1769:Middlewares/Third_Party/FreeRTOS/Source/tasks.c **** 			{
 4040              		.loc 1 1769 26 is_stmt 0 view .LVU1153
 4041 005e 144B     		ldr	r3, .L327+4
 4042 0060 1B68     		ldr	r3, [r3]
1769:Middlewares/Third_Party/FreeRTOS/Source/tasks.c **** 			{
 4043              		.loc 1 1769 6 view .LVU1154
 4044 0062 B3B1     		cbz	r3, .L318
1772:Middlewares/Third_Party/FreeRTOS/Source/tasks.c **** 				portYIELD_WITHIN_API();
 4045              		.loc 1 1772 5 is_stmt 1 view .LVU1155
 4046 0064 144B     		ldr	r3, .L327+12
 4047 0066 1B68     		ldr	r3, [r3]
 4048 0068 43B1     		cbz	r3, .L319
1772:Middlewares/Third_Party/FreeRTOS/Source/tasks.c **** 				portYIELD_WITHIN_API();
 4049              		.loc 1 1772 5 discriminator 1 view .LVU1156
 4050              	.LBB197:
 4051              	.LBI197:
 191:Middlewares/Third_Party/FreeRTOS/Source/portable/GCC/ARM_CM4F/portmacro.h **** {
 4052              		.loc 2 191 30 view .LVU1157
 4053              	.LBB198:
 193:Middlewares/Third_Party/FreeRTOS/Source/portable/GCC/ARM_CM4F/portmacro.h **** 
 4054              		.loc 2 193 1 view .LVU1158
 195:Middlewares/Third_Party/FreeRTOS/Source/portable/GCC/ARM_CM4F/portmacro.h **** 	(
 4055              		.loc 2 195 2 view .LVU1159
 4056              		.syntax unified
 4057              	@ 195 "Middlewares/Third_Party/FreeRTOS/Source/portable/GCC/ARM_CM4F/portmacro.h" 1
 4058 006a 4FF05003 			mov r3, #80												
 4059 006e 83F31188 		msr basepri, r3											
 4060 0072 BFF36F8F 		isb														
 4061 0076 BFF34F8F 		dsb														
 4062              	
 4063              	@ 0 "" 2
 4064              		.thumb
 4065              		.syntax unified
 4066              	.L320:
 4067              	.LBE198:
 4068              	.LBE197:
1772:Middlewares/Third_Party/FreeRTOS/Source/tasks.c **** 				portYIELD_WITHIN_API();
 4069              		.loc 1 1772 5 discriminator 3 view .LVU1160
1772:Middlewares/Third_Party/FreeRTOS/Source/tasks.c **** 				portYIELD_WITHIN_API();
 4070              		.loc 1 1772 5 discriminator 3 view .LVU1161
 4071 007a FEE7     		b	.L320
 4072              	.L319:
1772:Middlewares/Third_Party/FreeRTOS/Source/tasks.c **** 				portYIELD_WITHIN_API();
 4073              		.loc 1 1772 46 discriminator 2 view .LVU1162
1773:Middlewares/Third_Party/FreeRTOS/Source/tasks.c **** 			}
ARM GAS  /tmp/cchsWuk7.s 			page 187


 4074              		.loc 1 1773 5 view .LVU1163
 4075 007c 4FF0E023 		mov	r3, #-536813568
 4076 0080 4FF08052 		mov	r2, #268435456
 4077 0084 C3F8042D 		str	r2, [r3, #3332]
1773:Middlewares/Third_Party/FreeRTOS/Source/tasks.c **** 			}
 4078              		.loc 1 1773 5 view .LVU1164
 4079              		.syntax unified
 4080              	@ 1773 "Middlewares/Third_Party/FreeRTOS/Source/tasks.c" 1
 4081 0088 BFF34F8F 		dsb
 4082              	@ 0 "" 2
1773:Middlewares/Third_Party/FreeRTOS/Source/tasks.c **** 			}
 4083              		.loc 1 1773 5 view .LVU1165
 4084              	@ 1773 "Middlewares/Third_Party/FreeRTOS/Source/tasks.c" 1
 4085 008c BFF36F8F 		isb
 4086              	@ 0 "" 2
1773:Middlewares/Third_Party/FreeRTOS/Source/tasks.c **** 			}
 4087              		.loc 1 1773 27 view .LVU1166
 4088              		.thumb
 4089              		.syntax unified
 4090 0090 D6E7     		b	.L312
 4091              	.L318:
1780:Middlewares/Third_Party/FreeRTOS/Source/tasks.c **** 				{
 4092              		.loc 1 1780 5 view .LVU1167
1780:Middlewares/Third_Party/FreeRTOS/Source/tasks.c **** 				{
 4093              		.loc 1 1780 9 is_stmt 0 view .LVU1168
 4094 0092 064B     		ldr	r3, .L327
 4095 0094 1A68     		ldr	r2, [r3]
1780:Middlewares/Third_Party/FreeRTOS/Source/tasks.c **** 				{
 4096              		.loc 1 1780 56 view .LVU1169
 4097 0096 094B     		ldr	r3, .L327+16
 4098 0098 1B68     		ldr	r3, [r3]
1780:Middlewares/Third_Party/FreeRTOS/Source/tasks.c **** 				{
 4099              		.loc 1 1780 7 view .LVU1170
 4100 009a 9A42     		cmp	r2, r3
 4101 009c 03D1     		bne	.L321
1786:Middlewares/Third_Party/FreeRTOS/Source/tasks.c **** 				}
 4102              		.loc 1 1786 6 is_stmt 1 view .LVU1171
1786:Middlewares/Third_Party/FreeRTOS/Source/tasks.c **** 				}
 4103              		.loc 1 1786 19 is_stmt 0 view .LVU1172
 4104 009e 054B     		ldr	r3, .L327+8
 4105 00a0 0022     		movs	r2, #0
 4106 00a2 1A60     		str	r2, [r3]
 4107 00a4 CCE7     		b	.L312
 4108              	.L321:
1790:Middlewares/Third_Party/FreeRTOS/Source/tasks.c **** 				}
 4109              		.loc 1 1790 6 is_stmt 1 view .LVU1173
 4110 00a6 FFF7FEFF 		bl	vTaskSwitchContext
 4111              	.LVL274:
1796:Middlewares/Third_Party/FreeRTOS/Source/tasks.c **** 		}
 4112              		.loc 1 1796 28 view .LVU1174
1798:Middlewares/Third_Party/FreeRTOS/Source/tasks.c **** 
 4113              		.loc 1 1798 2 is_stmt 0 view .LVU1175
 4114 00aa C9E7     		b	.L312
 4115              	.L328:
 4116              		.align	2
 4117              	.L327:
 4118 00ac 00000000 		.word	xSuspendedTaskList
ARM GAS  /tmp/cchsWuk7.s 			page 188


 4119 00b0 00000000 		.word	xSchedulerRunning
 4120 00b4 00000000 		.word	pxCurrentTCB
 4121 00b8 00000000 		.word	uxSchedulerSuspended
 4122 00bc 00000000 		.word	uxCurrentNumberOfTasks
 4123              		.cfi_endproc
 4124              	.LFE15:
 4126              		.section	.text.vTaskPlaceOnEventList,"ax",%progbits
 4127              		.align	1
 4128              		.global	vTaskPlaceOnEventList
 4129              		.syntax unified
 4130              		.thumb
 4131              		.thumb_func
 4133              	vTaskPlaceOnEventList:
 4134              	.LVL275:
 4135              	.LFB31:
3065:Middlewares/Third_Party/FreeRTOS/Source/tasks.c **** 	configASSERT( pxEventList );
 4136              		.loc 1 3065 1 is_stmt 1 view -0
 4137              		.cfi_startproc
 4138              		@ args = 0, pretend = 0, frame = 0
 4139              		@ frame_needed = 0, uses_anonymous_args = 0
3066:Middlewares/Third_Party/FreeRTOS/Source/tasks.c **** 
 4140              		.loc 1 3066 2 view .LVU1177
 4141 0000 58B1     		cbz	r0, .L334
3065:Middlewares/Third_Party/FreeRTOS/Source/tasks.c **** 	configASSERT( pxEventList );
 4142              		.loc 1 3065 1 is_stmt 0 view .LVU1178
 4143 0002 10B5     		push	{r4, lr}
 4144              	.LCFI34:
 4145              		.cfi_def_cfa_offset 8
 4146              		.cfi_offset 4, -8
 4147              		.cfi_offset 14, -4
 4148 0004 0C46     		mov	r4, r1
3066:Middlewares/Third_Party/FreeRTOS/Source/tasks.c **** 
 4149              		.loc 1 3066 29 is_stmt 1 discriminator 2 view .LVU1179
3075:Middlewares/Third_Party/FreeRTOS/Source/tasks.c **** 
 4150              		.loc 1 3075 2 view .LVU1180
3075:Middlewares/Third_Party/FreeRTOS/Source/tasks.c **** 
 4151              		.loc 1 3075 43 is_stmt 0 view .LVU1181
 4152 0006 094A     		ldr	r2, .L335
 4153 0008 1168     		ldr	r1, [r2]
 4154              	.LVL276:
3075:Middlewares/Third_Party/FreeRTOS/Source/tasks.c **** 
 4155              		.loc 1 3075 2 view .LVU1182
 4156 000a 1831     		adds	r1, r1, #24
 4157 000c FFF7FEFF 		bl	vListInsert
 4158              	.LVL277:
3077:Middlewares/Third_Party/FreeRTOS/Source/tasks.c **** }
 4159              		.loc 1 3077 2 is_stmt 1 view .LVU1183
 4160 0010 0121     		movs	r1, #1
 4161 0012 2046     		mov	r0, r4
 4162 0014 FFF7FEFF 		bl	prvAddCurrentTaskToDelayedList
 4163              	.LVL278:
3078:Middlewares/Third_Party/FreeRTOS/Source/tasks.c **** /*-----------------------------------------------------------*/
 4164              		.loc 1 3078 1 is_stmt 0 view .LVU1184
 4165 0018 10BD     		pop	{r4, pc}
 4166              	.LVL279:
 4167              	.L334:
 4168              	.LCFI35:
ARM GAS  /tmp/cchsWuk7.s 			page 189


 4169              		.cfi_def_cfa_offset 0
 4170              		.cfi_restore 4
 4171              		.cfi_restore 14
3066:Middlewares/Third_Party/FreeRTOS/Source/tasks.c **** 
 4172              		.loc 1 3066 2 is_stmt 1 discriminator 1 view .LVU1185
 4173              	.LBB199:
 4174              	.LBI199:
 191:Middlewares/Third_Party/FreeRTOS/Source/portable/GCC/ARM_CM4F/portmacro.h **** {
 4175              		.loc 2 191 30 view .LVU1186
 4176              	.LBB200:
 193:Middlewares/Third_Party/FreeRTOS/Source/portable/GCC/ARM_CM4F/portmacro.h **** 
 4177              		.loc 2 193 1 view .LVU1187
 195:Middlewares/Third_Party/FreeRTOS/Source/portable/GCC/ARM_CM4F/portmacro.h **** 	(
 4178              		.loc 2 195 2 view .LVU1188
 4179              		.syntax unified
 4180              	@ 195 "Middlewares/Third_Party/FreeRTOS/Source/portable/GCC/ARM_CM4F/portmacro.h" 1
 4181 001a 4FF05003 			mov r3, #80												
 4182 001e 83F31188 		msr basepri, r3											
 4183 0022 BFF36F8F 		isb														
 4184 0026 BFF34F8F 		dsb														
 4185              	
 4186              	@ 0 "" 2
 4187              		.thumb
 4188              		.syntax unified
 4189              	.L331:
 4190              	.LBE200:
 4191              	.LBE199:
3066:Middlewares/Third_Party/FreeRTOS/Source/tasks.c **** 
 4192              		.loc 1 3066 2 discriminator 3 view .LVU1189
3066:Middlewares/Third_Party/FreeRTOS/Source/tasks.c **** 
 4193              		.loc 1 3066 2 discriminator 3 view .LVU1190
 4194 002a FEE7     		b	.L331
 4195              	.L336:
 4196              		.align	2
 4197              	.L335:
 4198 002c 00000000 		.word	pxCurrentTCB
 4199              		.cfi_endproc
 4200              	.LFE31:
 4202              		.section	.text.vTaskPlaceOnUnorderedEventList,"ax",%progbits
 4203              		.align	1
 4204              		.global	vTaskPlaceOnUnorderedEventList
 4205              		.syntax unified
 4206              		.thumb
 4207              		.thumb_func
 4209              	vTaskPlaceOnUnorderedEventList:
 4210              	.LVL280:
 4211              	.LFB32:
3082:Middlewares/Third_Party/FreeRTOS/Source/tasks.c **** 	configASSERT( pxEventList );
 4212              		.loc 1 3082 1 view -0
 4213              		.cfi_startproc
 4214              		@ args = 0, pretend = 0, frame = 0
 4215              		@ frame_needed = 0, uses_anonymous_args = 0
3083:Middlewares/Third_Party/FreeRTOS/Source/tasks.c **** 
 4216              		.loc 1 3083 2 view .LVU1192
 4217 0000 70B1     		cbz	r0, .L344
3082:Middlewares/Third_Party/FreeRTOS/Source/tasks.c **** 	configASSERT( pxEventList );
 4218              		.loc 1 3082 1 is_stmt 0 view .LVU1193
ARM GAS  /tmp/cchsWuk7.s 			page 190


 4219 0002 10B5     		push	{r4, lr}
 4220              	.LCFI36:
 4221              		.cfi_def_cfa_offset 8
 4222              		.cfi_offset 4, -8
 4223              		.cfi_offset 14, -4
 4224 0004 1446     		mov	r4, r2
 4225 0006 0246     		mov	r2, r0
 4226              	.LVL281:
3083:Middlewares/Third_Party/FreeRTOS/Source/tasks.c **** 
 4227              		.loc 1 3083 29 is_stmt 1 discriminator 2 view .LVU1194
3087:Middlewares/Third_Party/FreeRTOS/Source/tasks.c **** 
 4228              		.loc 1 3087 2 view .LVU1195
 4229 0008 114B     		ldr	r3, .L345
 4230 000a 1B68     		ldr	r3, [r3]
 4231 000c 8BB9     		cbnz	r3, .L340
3087:Middlewares/Third_Party/FreeRTOS/Source/tasks.c **** 
 4232              		.loc 1 3087 2 discriminator 1 view .LVU1196
 4233              	.LBB201:
 4234              	.LBI201:
 191:Middlewares/Third_Party/FreeRTOS/Source/portable/GCC/ARM_CM4F/portmacro.h **** {
 4235              		.loc 2 191 30 view .LVU1197
 4236              	.LBB202:
 193:Middlewares/Third_Party/FreeRTOS/Source/portable/GCC/ARM_CM4F/portmacro.h **** 
 4237              		.loc 2 193 1 view .LVU1198
 195:Middlewares/Third_Party/FreeRTOS/Source/portable/GCC/ARM_CM4F/portmacro.h **** 	(
 4238              		.loc 2 195 2 view .LVU1199
 4239              		.syntax unified
 4240              	@ 195 "Middlewares/Third_Party/FreeRTOS/Source/portable/GCC/ARM_CM4F/portmacro.h" 1
 4241 000e 4FF05003 			mov r3, #80												
 4242 0012 83F31188 		msr basepri, r3											
 4243 0016 BFF36F8F 		isb														
 4244 001a BFF34F8F 		dsb														
 4245              	
 4246              	@ 0 "" 2
 4247              		.thumb
 4248              		.syntax unified
 4249              	.L341:
 4250              	.LBE202:
 4251              	.LBE201:
3087:Middlewares/Third_Party/FreeRTOS/Source/tasks.c **** 
 4252              		.loc 1 3087 2 discriminator 3 view .LVU1200
3087:Middlewares/Third_Party/FreeRTOS/Source/tasks.c **** 
 4253              		.loc 1 3087 2 discriminator 3 view .LVU1201
 4254 001e FEE7     		b	.L341
 4255              	.LVL282:
 4256              	.L344:
 4257              	.LCFI37:
 4258              		.cfi_def_cfa_offset 0
 4259              		.cfi_restore 4
 4260              		.cfi_restore 14
3083:Middlewares/Third_Party/FreeRTOS/Source/tasks.c **** 
 4261              		.loc 1 3083 2 discriminator 1 view .LVU1202
 4262              	.LBB203:
 4263              	.LBI203:
 191:Middlewares/Third_Party/FreeRTOS/Source/portable/GCC/ARM_CM4F/portmacro.h **** {
 4264              		.loc 2 191 30 view .LVU1203
 4265              	.LBB204:
ARM GAS  /tmp/cchsWuk7.s 			page 191


 193:Middlewares/Third_Party/FreeRTOS/Source/portable/GCC/ARM_CM4F/portmacro.h **** 
 4266              		.loc 2 193 1 view .LVU1204
 195:Middlewares/Third_Party/FreeRTOS/Source/portable/GCC/ARM_CM4F/portmacro.h **** 	(
 4267              		.loc 2 195 2 view .LVU1205
 4268              		.syntax unified
 4269              	@ 195 "Middlewares/Third_Party/FreeRTOS/Source/portable/GCC/ARM_CM4F/portmacro.h" 1
 4270 0020 4FF05003 			mov r3, #80												
 4271 0024 83F31188 		msr basepri, r3											
 4272 0028 BFF36F8F 		isb														
 4273 002c BFF34F8F 		dsb														
 4274              	
 4275              	@ 0 "" 2
 4276              		.thumb
 4277              		.syntax unified
 4278              	.L339:
 4279              	.LBE204:
 4280              	.LBE203:
3083:Middlewares/Third_Party/FreeRTOS/Source/tasks.c **** 
 4281              		.loc 1 3083 2 discriminator 3 view .LVU1206
3083:Middlewares/Third_Party/FreeRTOS/Source/tasks.c **** 
 4282              		.loc 1 3083 2 discriminator 3 view .LVU1207
 4283 0030 FEE7     		b	.L339
 4284              	.LVL283:
 4285              	.L340:
 4286              	.LCFI38:
 4287              		.cfi_def_cfa_offset 8
 4288              		.cfi_offset 4, -8
 4289              		.cfi_offset 14, -4
3087:Middlewares/Third_Party/FreeRTOS/Source/tasks.c **** 
 4290              		.loc 1 3087 43 discriminator 2 view .LVU1208
3092:Middlewares/Third_Party/FreeRTOS/Source/tasks.c **** 
 4291              		.loc 1 3092 2 view .LVU1209
 4292 0032 084B     		ldr	r3, .L345+4
 4293 0034 1868     		ldr	r0, [r3]
 4294              	.LVL284:
3092:Middlewares/Third_Party/FreeRTOS/Source/tasks.c **** 
 4295              		.loc 1 3092 2 is_stmt 0 view .LVU1210
 4296 0036 41F00041 		orr	r1, r1, #-2147483648
 4297              	.LVL285:
3092:Middlewares/Third_Party/FreeRTOS/Source/tasks.c **** 
 4298              		.loc 1 3092 2 view .LVU1211
 4299 003a 8161     		str	r1, [r0, #24]
3099:Middlewares/Third_Party/FreeRTOS/Source/tasks.c **** 
 4300              		.loc 1 3099 2 is_stmt 1 view .LVU1212
3099:Middlewares/Third_Party/FreeRTOS/Source/tasks.c **** 
 4301              		.loc 1 3099 46 is_stmt 0 view .LVU1213
 4302 003c 1968     		ldr	r1, [r3]
3099:Middlewares/Third_Party/FreeRTOS/Source/tasks.c **** 
 4303              		.loc 1 3099 2 view .LVU1214
 4304 003e 1831     		adds	r1, r1, #24
 4305 0040 1046     		mov	r0, r2
 4306 0042 FFF7FEFF 		bl	vListInsertEnd
 4307              	.LVL286:
3101:Middlewares/Third_Party/FreeRTOS/Source/tasks.c **** }
 4308              		.loc 1 3101 2 is_stmt 1 view .LVU1215
 4309 0046 0121     		movs	r1, #1
 4310 0048 2046     		mov	r0, r4
ARM GAS  /tmp/cchsWuk7.s 			page 192


 4311 004a FFF7FEFF 		bl	prvAddCurrentTaskToDelayedList
 4312              	.LVL287:
3102:Middlewares/Third_Party/FreeRTOS/Source/tasks.c **** /*-----------------------------------------------------------*/
 4313              		.loc 1 3102 1 is_stmt 0 view .LVU1216
 4314 004e 10BD     		pop	{r4, pc}
 4315              	.LVL288:
 4316              	.L346:
3102:Middlewares/Third_Party/FreeRTOS/Source/tasks.c **** /*-----------------------------------------------------------*/
 4317              		.loc 1 3102 1 view .LVU1217
 4318              		.align	2
 4319              	.L345:
 4320 0050 00000000 		.word	uxSchedulerSuspended
 4321 0054 00000000 		.word	pxCurrentTCB
 4322              		.cfi_endproc
 4323              	.LFE32:
 4325              		.section	.text.vTaskPlaceOnEventListRestricted,"ax",%progbits
 4326              		.align	1
 4327              		.global	vTaskPlaceOnEventListRestricted
 4328              		.syntax unified
 4329              		.thumb
 4330              		.thumb_func
 4332              	vTaskPlaceOnEventListRestricted:
 4333              	.LVL289:
 4334              	.LFB33:
3108:Middlewares/Third_Party/FreeRTOS/Source/tasks.c **** 		configASSERT( pxEventList );
 4335              		.loc 1 3108 2 is_stmt 1 view -0
 4336              		.cfi_startproc
 4337              		@ args = 0, pretend = 0, frame = 0
 4338              		@ frame_needed = 0, uses_anonymous_args = 0
3108:Middlewares/Third_Party/FreeRTOS/Source/tasks.c **** 		configASSERT( pxEventList );
 4339              		.loc 1 3108 2 is_stmt 0 view .LVU1219
 4340 0000 38B5     		push	{r3, r4, r5, lr}
 4341              	.LCFI39:
 4342              		.cfi_def_cfa_offset 16
 4343              		.cfi_offset 3, -16
 4344              		.cfi_offset 4, -12
 4345              		.cfi_offset 5, -8
 4346              		.cfi_offset 14, -4
3109:Middlewares/Third_Party/FreeRTOS/Source/tasks.c **** 
 4347              		.loc 1 3109 3 is_stmt 1 view .LVU1220
 4348 0002 70B1     		cbz	r0, .L353
 4349 0004 0D46     		mov	r5, r1
 4350 0006 1446     		mov	r4, r2
3109:Middlewares/Third_Party/FreeRTOS/Source/tasks.c **** 
 4351              		.loc 1 3109 30 discriminator 2 view .LVU1221
3121:Middlewares/Third_Party/FreeRTOS/Source/tasks.c **** 
 4352              		.loc 1 3121 3 view .LVU1222
3121:Middlewares/Third_Party/FreeRTOS/Source/tasks.c **** 
 4353              		.loc 1 3121 47 is_stmt 0 view .LVU1223
 4354 0008 0A4A     		ldr	r2, .L354
 4355              	.LVL290:
3121:Middlewares/Third_Party/FreeRTOS/Source/tasks.c **** 
 4356              		.loc 1 3121 47 view .LVU1224
 4357 000a 1168     		ldr	r1, [r2]
 4358              	.LVL291:
3121:Middlewares/Third_Party/FreeRTOS/Source/tasks.c **** 
 4359              		.loc 1 3121 3 view .LVU1225
ARM GAS  /tmp/cchsWuk7.s 			page 193


 4360 000c 1831     		adds	r1, r1, #24
 4361 000e FFF7FEFF 		bl	vListInsertEnd
 4362              	.LVL292:
3126:Middlewares/Third_Party/FreeRTOS/Source/tasks.c **** 		{
 4363              		.loc 1 3126 3 is_stmt 1 view .LVU1226
3126:Middlewares/Third_Party/FreeRTOS/Source/tasks.c **** 		{
 4364              		.loc 1 3126 5 is_stmt 0 view .LVU1227
 4365 0012 0CB1     		cbz	r4, .L350
3128:Middlewares/Third_Party/FreeRTOS/Source/tasks.c **** 		}
 4366              		.loc 1 3128 17 view .LVU1228
 4367 0014 4FF0FF35 		mov	r5, #-1
 4368              	.LVL293:
 4369              	.L350:
3131:Middlewares/Third_Party/FreeRTOS/Source/tasks.c **** 		prvAddCurrentTaskToDelayedList( xTicksToWait, xWaitIndefinitely );
 4370              		.loc 1 3131 57 is_stmt 1 view .LVU1229
3132:Middlewares/Third_Party/FreeRTOS/Source/tasks.c **** 	}
 4371              		.loc 1 3132 3 view .LVU1230
 4372 0018 2146     		mov	r1, r4
 4373 001a 2846     		mov	r0, r5
 4374 001c FFF7FEFF 		bl	prvAddCurrentTaskToDelayedList
 4375              	.LVL294:
3133:Middlewares/Third_Party/FreeRTOS/Source/tasks.c **** 
 4376              		.loc 1 3133 2 is_stmt 0 view .LVU1231
 4377 0020 38BD     		pop	{r3, r4, r5, pc}
 4378              	.LVL295:
 4379              	.L353:
3109:Middlewares/Third_Party/FreeRTOS/Source/tasks.c **** 
 4380              		.loc 1 3109 3 is_stmt 1 discriminator 1 view .LVU1232
 4381              	.LBB205:
 4382              	.LBI205:
 191:Middlewares/Third_Party/FreeRTOS/Source/portable/GCC/ARM_CM4F/portmacro.h **** {
 4383              		.loc 2 191 30 view .LVU1233
 4384              	.LBB206:
 193:Middlewares/Third_Party/FreeRTOS/Source/portable/GCC/ARM_CM4F/portmacro.h **** 
 4385              		.loc 2 193 1 view .LVU1234
 195:Middlewares/Third_Party/FreeRTOS/Source/portable/GCC/ARM_CM4F/portmacro.h **** 	(
 4386              		.loc 2 195 2 view .LVU1235
 4387              		.syntax unified
 4388              	@ 195 "Middlewares/Third_Party/FreeRTOS/Source/portable/GCC/ARM_CM4F/portmacro.h" 1
 4389 0022 4FF05003 			mov r3, #80												
 4390 0026 83F31188 		msr basepri, r3											
 4391 002a BFF36F8F 		isb														
 4392 002e BFF34F8F 		dsb														
 4393              	
 4394              	@ 0 "" 2
 4395              		.thumb
 4396              		.syntax unified
 4397              	.L349:
 4398              	.LBE206:
 4399              	.LBE205:
3109:Middlewares/Third_Party/FreeRTOS/Source/tasks.c **** 
 4400              		.loc 1 3109 3 discriminator 3 view .LVU1236
3109:Middlewares/Third_Party/FreeRTOS/Source/tasks.c **** 
 4401              		.loc 1 3109 3 discriminator 3 view .LVU1237
 4402 0032 FEE7     		b	.L349
 4403              	.L355:
 4404              		.align	2
ARM GAS  /tmp/cchsWuk7.s 			page 194


 4405              	.L354:
 4406 0034 00000000 		.word	pxCurrentTCB
 4407              		.cfi_endproc
 4408              	.LFE33:
 4410              		.section	.text.xTaskRemoveFromEventList,"ax",%progbits
 4411              		.align	1
 4412              		.global	xTaskRemoveFromEventList
 4413              		.syntax unified
 4414              		.thumb
 4415              		.thumb_func
 4417              	xTaskRemoveFromEventList:
 4418              	.LVL296:
 4419              	.LFB34:
3139:Middlewares/Third_Party/FreeRTOS/Source/tasks.c **** TCB_t *pxUnblockedTCB;
 4420              		.loc 1 3139 1 view -0
 4421              		.cfi_startproc
 4422              		@ args = 0, pretend = 0, frame = 0
 4423              		@ frame_needed = 0, uses_anonymous_args = 0
3139:Middlewares/Third_Party/FreeRTOS/Source/tasks.c **** TCB_t *pxUnblockedTCB;
 4424              		.loc 1 3139 1 is_stmt 0 view .LVU1239
 4425 0000 38B5     		push	{r3, r4, r5, lr}
 4426              	.LCFI40:
 4427              		.cfi_def_cfa_offset 16
 4428              		.cfi_offset 3, -16
 4429              		.cfi_offset 4, -12
 4430              		.cfi_offset 5, -8
 4431              		.cfi_offset 14, -4
3140:Middlewares/Third_Party/FreeRTOS/Source/tasks.c **** BaseType_t xReturn;
 4432              		.loc 1 3140 1 is_stmt 1 view .LVU1240
3141:Middlewares/Third_Party/FreeRTOS/Source/tasks.c **** 
 4433              		.loc 1 3141 1 view .LVU1241
3156:Middlewares/Third_Party/FreeRTOS/Source/tasks.c **** 	configASSERT( pxUnblockedTCB );
 4434              		.loc 1 3156 2 view .LVU1242
3156:Middlewares/Third_Party/FreeRTOS/Source/tasks.c **** 	configASSERT( pxUnblockedTCB );
 4435              		.loc 1 3156 19 is_stmt 0 view .LVU1243
 4436 0002 C368     		ldr	r3, [r0, #12]
3156:Middlewares/Third_Party/FreeRTOS/Source/tasks.c **** 	configASSERT( pxUnblockedTCB );
 4437              		.loc 1 3156 17 view .LVU1244
 4438 0004 DC68     		ldr	r4, [r3, #12]
 4439              	.LVL297:
3157:Middlewares/Third_Party/FreeRTOS/Source/tasks.c **** 	( void ) uxListRemove( &( pxUnblockedTCB->xEventListItem ) );
 4440              		.loc 1 3157 2 is_stmt 1 view .LVU1245
 4441 0006 24B3     		cbz	r4, .L365
3157:Middlewares/Third_Party/FreeRTOS/Source/tasks.c **** 	( void ) uxListRemove( &( pxUnblockedTCB->xEventListItem ) );
 4442              		.loc 1 3157 32 discriminator 2 view .LVU1246
3158:Middlewares/Third_Party/FreeRTOS/Source/tasks.c **** 
 4443              		.loc 1 3158 2 view .LVU1247
3158:Middlewares/Third_Party/FreeRTOS/Source/tasks.c **** 
 4444              		.loc 1 3158 11 is_stmt 0 view .LVU1248
 4445 0008 04F11805 		add	r5, r4, #24
 4446 000c 2846     		mov	r0, r5
 4447              	.LVL298:
3158:Middlewares/Third_Party/FreeRTOS/Source/tasks.c **** 
 4448              		.loc 1 3158 11 view .LVU1249
 4449 000e FFF7FEFF 		bl	uxListRemove
 4450              	.LVL299:
3160:Middlewares/Third_Party/FreeRTOS/Source/tasks.c **** 	{
ARM GAS  /tmp/cchsWuk7.s 			page 195


 4451              		.loc 1 3160 2 is_stmt 1 view .LVU1250
3160:Middlewares/Third_Party/FreeRTOS/Source/tasks.c **** 	{
 4452              		.loc 1 3160 27 is_stmt 0 view .LVU1251
 4453 0012 184B     		ldr	r3, .L366
 4454 0014 1B68     		ldr	r3, [r3]
3160:Middlewares/Third_Party/FreeRTOS/Source/tasks.c **** 	{
 4455              		.loc 1 3160 4 view .LVU1252
 4456 0016 2BBB     		cbnz	r3, .L359
3162:Middlewares/Third_Party/FreeRTOS/Source/tasks.c **** 		prvAddTaskToReadyList( pxUnblockedTCB );
 4457              		.loc 1 3162 3 is_stmt 1 view .LVU1253
3162:Middlewares/Third_Party/FreeRTOS/Source/tasks.c **** 		prvAddTaskToReadyList( pxUnblockedTCB );
 4458              		.loc 1 3162 12 is_stmt 0 view .LVU1254
 4459 0018 251D     		adds	r5, r4, #4
 4460 001a 2846     		mov	r0, r5
 4461 001c FFF7FEFF 		bl	uxListRemove
 4462              	.LVL300:
3163:Middlewares/Third_Party/FreeRTOS/Source/tasks.c **** 
 4463              		.loc 1 3163 3 is_stmt 1 view .LVU1255
3163:Middlewares/Third_Party/FreeRTOS/Source/tasks.c **** 
 4464              		.loc 1 3163 3 view .LVU1256
 4465 0020 E06A     		ldr	r0, [r4, #44]
 4466 0022 154B     		ldr	r3, .L366+4
 4467 0024 1B68     		ldr	r3, [r3]
 4468 0026 9842     		cmp	r0, r3
 4469 0028 01D9     		bls	.L360
3163:Middlewares/Third_Party/FreeRTOS/Source/tasks.c **** 
 4470              		.loc 1 3163 3 discriminator 1 view .LVU1257
 4471 002a 134B     		ldr	r3, .L366+4
 4472 002c 1860     		str	r0, [r3]
 4473              	.L360:
3163:Middlewares/Third_Party/FreeRTOS/Source/tasks.c **** 
 4474              		.loc 1 3163 3 discriminator 3 view .LVU1258
3163:Middlewares/Third_Party/FreeRTOS/Source/tasks.c **** 
 4475              		.loc 1 3163 3 discriminator 3 view .LVU1259
 4476 002e 00EB8000 		add	r0, r0, r0, lsl #2
 4477 0032 2946     		mov	r1, r5
 4478 0034 114B     		ldr	r3, .L366+8
 4479 0036 03EB8000 		add	r0, r3, r0, lsl #2
 4480 003a FFF7FEFF 		bl	vListInsertEnd
 4481              	.LVL301:
3163:Middlewares/Third_Party/FreeRTOS/Source/tasks.c **** 
 4482              		.loc 1 3163 42 discriminator 1 view .LVU1260
 4483              	.L361:
3186:Middlewares/Third_Party/FreeRTOS/Source/tasks.c **** 	{
 4484              		.loc 1 3186 2 view .LVU1261
3186:Middlewares/Third_Party/FreeRTOS/Source/tasks.c **** 	{
 4485              		.loc 1 3186 20 is_stmt 0 view .LVU1262
 4486 003e E26A     		ldr	r2, [r4, #44]
3186:Middlewares/Third_Party/FreeRTOS/Source/tasks.c **** 	{
 4487              		.loc 1 3186 47 view .LVU1263
 4488 0040 0F4B     		ldr	r3, .L366+12
 4489 0042 1B68     		ldr	r3, [r3]
 4490 0044 DB6A     		ldr	r3, [r3, #44]
3186:Middlewares/Third_Party/FreeRTOS/Source/tasks.c **** 	{
 4491              		.loc 1 3186 4 view .LVU1264
 4492 0046 9A42     		cmp	r2, r3
 4493 0048 11D9     		bls	.L363
ARM GAS  /tmp/cchsWuk7.s 			page 196


3191:Middlewares/Third_Party/FreeRTOS/Source/tasks.c **** 
 4494              		.loc 1 3191 3 is_stmt 1 view .LVU1265
 4495              	.LVL302:
3195:Middlewares/Third_Party/FreeRTOS/Source/tasks.c **** 	}
 4496              		.loc 1 3195 3 view .LVU1266
3195:Middlewares/Third_Party/FreeRTOS/Source/tasks.c **** 	}
 4497              		.loc 1 3195 17 is_stmt 0 view .LVU1267
 4498 004a 0120     		movs	r0, #1
 4499 004c 0D4B     		ldr	r3, .L366+16
 4500 004e 1860     		str	r0, [r3]
 4501              	.LVL303:
 4502              	.L356:
3203:Middlewares/Third_Party/FreeRTOS/Source/tasks.c **** /*-----------------------------------------------------------*/
 4503              		.loc 1 3203 1 view .LVU1268
 4504 0050 38BD     		pop	{r3, r4, r5, pc}
 4505              	.LVL304:
 4506              	.L365:
3157:Middlewares/Third_Party/FreeRTOS/Source/tasks.c **** 	( void ) uxListRemove( &( pxUnblockedTCB->xEventListItem ) );
 4507              		.loc 1 3157 2 is_stmt 1 discriminator 1 view .LVU1269
 4508              	.LBB207:
 4509              	.LBI207:
 191:Middlewares/Third_Party/FreeRTOS/Source/portable/GCC/ARM_CM4F/portmacro.h **** {
 4510              		.loc 2 191 30 view .LVU1270
 4511              	.LBB208:
 193:Middlewares/Third_Party/FreeRTOS/Source/portable/GCC/ARM_CM4F/portmacro.h **** 
 4512              		.loc 2 193 1 view .LVU1271
 195:Middlewares/Third_Party/FreeRTOS/Source/portable/GCC/ARM_CM4F/portmacro.h **** 	(
 4513              		.loc 2 195 2 view .LVU1272
 4514              		.syntax unified
 4515              	@ 195 "Middlewares/Third_Party/FreeRTOS/Source/portable/GCC/ARM_CM4F/portmacro.h" 1
 4516 0052 4FF05003 			mov r3, #80												
 4517 0056 83F31188 		msr basepri, r3											
 4518 005a BFF36F8F 		isb														
 4519 005e BFF34F8F 		dsb														
 4520              	
 4521              	@ 0 "" 2
 4522              		.thumb
 4523              		.syntax unified
 4524              	.L358:
 4525              	.LBE208:
 4526              	.LBE207:
3157:Middlewares/Third_Party/FreeRTOS/Source/tasks.c **** 	( void ) uxListRemove( &( pxUnblockedTCB->xEventListItem ) );
 4527              		.loc 1 3157 2 discriminator 3 view .LVU1273
3157:Middlewares/Third_Party/FreeRTOS/Source/tasks.c **** 	( void ) uxListRemove( &( pxUnblockedTCB->xEventListItem ) );
 4528              		.loc 1 3157 2 discriminator 3 view .LVU1274
 4529 0062 FEE7     		b	.L358
 4530              	.LVL305:
 4531              	.L359:
3183:Middlewares/Third_Party/FreeRTOS/Source/tasks.c **** 	}
 4532              		.loc 1 3183 3 view .LVU1275
 4533 0064 2946     		mov	r1, r5
 4534 0066 0848     		ldr	r0, .L366+20
 4535 0068 FFF7FEFF 		bl	vListInsertEnd
 4536              	.LVL306:
 4537 006c E7E7     		b	.L361
 4538              	.L363:
3199:Middlewares/Third_Party/FreeRTOS/Source/tasks.c **** 	}
ARM GAS  /tmp/cchsWuk7.s 			page 197


 4539              		.loc 1 3199 11 is_stmt 0 view .LVU1276
 4540 006e 0020     		movs	r0, #0
 4541              	.LVL307:
3202:Middlewares/Third_Party/FreeRTOS/Source/tasks.c **** }
 4542              		.loc 1 3202 2 is_stmt 1 view .LVU1277
3202:Middlewares/Third_Party/FreeRTOS/Source/tasks.c **** }
 4543              		.loc 1 3202 9 is_stmt 0 view .LVU1278
 4544 0070 EEE7     		b	.L356
 4545              	.L367:
 4546 0072 00BF     		.align	2
 4547              	.L366:
 4548 0074 00000000 		.word	uxSchedulerSuspended
 4549 0078 00000000 		.word	uxTopReadyPriority
 4550 007c 00000000 		.word	pxReadyTasksLists
 4551 0080 00000000 		.word	pxCurrentTCB
 4552 0084 00000000 		.word	xYieldPending
 4553 0088 00000000 		.word	xPendingReadyList
 4554              		.cfi_endproc
 4555              	.LFE34:
 4557              		.section	.text.vTaskRemoveFromUnorderedEventList,"ax",%progbits
 4558              		.align	1
 4559              		.global	vTaskRemoveFromUnorderedEventList
 4560              		.syntax unified
 4561              		.thumb
 4562              		.thumb_func
 4564              	vTaskRemoveFromUnorderedEventList:
 4565              	.LVL308:
 4566              	.LFB35:
3207:Middlewares/Third_Party/FreeRTOS/Source/tasks.c **** TCB_t *pxUnblockedTCB;
 4567              		.loc 1 3207 1 is_stmt 1 view -0
 4568              		.cfi_startproc
 4569              		@ args = 0, pretend = 0, frame = 0
 4570              		@ frame_needed = 0, uses_anonymous_args = 0
3207:Middlewares/Third_Party/FreeRTOS/Source/tasks.c **** TCB_t *pxUnblockedTCB;
 4571              		.loc 1 3207 1 is_stmt 0 view .LVU1280
 4572 0000 38B5     		push	{r3, r4, r5, lr}
 4573              	.LCFI41:
 4574              		.cfi_def_cfa_offset 16
 4575              		.cfi_offset 3, -16
 4576              		.cfi_offset 4, -12
 4577              		.cfi_offset 5, -8
 4578              		.cfi_offset 14, -4
3208:Middlewares/Third_Party/FreeRTOS/Source/tasks.c **** 
 4579              		.loc 1 3208 1 is_stmt 1 view .LVU1281
3212:Middlewares/Third_Party/FreeRTOS/Source/tasks.c **** 
 4580              		.loc 1 3212 2 view .LVU1282
 4581 0002 1C4B     		ldr	r3, .L377
 4582 0004 1B68     		ldr	r3, [r3]
 4583 0006 43B9     		cbnz	r3, .L369
3212:Middlewares/Third_Party/FreeRTOS/Source/tasks.c **** 
 4584              		.loc 1 3212 2 discriminator 1 view .LVU1283
 4585              	.LBB209:
 4586              	.LBI209:
 191:Middlewares/Third_Party/FreeRTOS/Source/portable/GCC/ARM_CM4F/portmacro.h **** {
 4587              		.loc 2 191 30 view .LVU1284
 4588              	.LBB210:
 193:Middlewares/Third_Party/FreeRTOS/Source/portable/GCC/ARM_CM4F/portmacro.h **** 
ARM GAS  /tmp/cchsWuk7.s 			page 198


 4589              		.loc 2 193 1 view .LVU1285
 195:Middlewares/Third_Party/FreeRTOS/Source/portable/GCC/ARM_CM4F/portmacro.h **** 	(
 4590              		.loc 2 195 2 view .LVU1286
 4591              		.syntax unified
 4592              	@ 195 "Middlewares/Third_Party/FreeRTOS/Source/portable/GCC/ARM_CM4F/portmacro.h" 1
 4593 0008 4FF05003 			mov r3, #80												
 4594 000c 83F31188 		msr basepri, r3											
 4595 0010 BFF36F8F 		isb														
 4596 0014 BFF34F8F 		dsb														
 4597              	
 4598              	@ 0 "" 2
 4599              		.thumb
 4600              		.syntax unified
 4601              	.L370:
 4602              	.LBE210:
 4603              	.LBE209:
3212:Middlewares/Third_Party/FreeRTOS/Source/tasks.c **** 
 4604              		.loc 1 3212 2 discriminator 3 view .LVU1287
3212:Middlewares/Third_Party/FreeRTOS/Source/tasks.c **** 
 4605              		.loc 1 3212 2 discriminator 3 view .LVU1288
 4606 0018 FEE7     		b	.L370
 4607              	.L369:
3212:Middlewares/Third_Party/FreeRTOS/Source/tasks.c **** 
 4608              		.loc 1 3212 49 discriminator 2 view .LVU1289
3215:Middlewares/Third_Party/FreeRTOS/Source/tasks.c **** 
 4609              		.loc 1 3215 2 view .LVU1290
 4610 001a 41F00041 		orr	r1, r1, #-2147483648
 4611              	.LVL309:
3215:Middlewares/Third_Party/FreeRTOS/Source/tasks.c **** 
 4612              		.loc 1 3215 2 is_stmt 0 view .LVU1291
 4613 001e 0160     		str	r1, [r0]
3219:Middlewares/Third_Party/FreeRTOS/Source/tasks.c **** 	configASSERT( pxUnblockedTCB );
 4614              		.loc 1 3219 2 is_stmt 1 view .LVU1292
3219:Middlewares/Third_Party/FreeRTOS/Source/tasks.c **** 	configASSERT( pxUnblockedTCB );
 4615              		.loc 1 3219 17 is_stmt 0 view .LVU1293
 4616 0020 C468     		ldr	r4, [r0, #12]
 4617              	.LVL310:
3220:Middlewares/Third_Party/FreeRTOS/Source/tasks.c **** 	( void ) uxListRemove( pxEventListItem );
 4618              		.loc 1 3220 2 is_stmt 1 view .LVU1294
 4619 0022 F4B1     		cbz	r4, .L376
3220:Middlewares/Third_Party/FreeRTOS/Source/tasks.c **** 	( void ) uxListRemove( pxEventListItem );
 4620              		.loc 1 3220 32 discriminator 2 view .LVU1295
3221:Middlewares/Third_Party/FreeRTOS/Source/tasks.c **** 
 4621              		.loc 1 3221 2 view .LVU1296
3221:Middlewares/Third_Party/FreeRTOS/Source/tasks.c **** 
 4622              		.loc 1 3221 11 is_stmt 0 view .LVU1297
 4623 0024 FFF7FEFF 		bl	uxListRemove
 4624              	.LVL311:
3240:Middlewares/Third_Party/FreeRTOS/Source/tasks.c **** 	prvAddTaskToReadyList( pxUnblockedTCB );
 4625              		.loc 1 3240 2 is_stmt 1 view .LVU1298
3240:Middlewares/Third_Party/FreeRTOS/Source/tasks.c **** 	prvAddTaskToReadyList( pxUnblockedTCB );
 4626              		.loc 1 3240 11 is_stmt 0 view .LVU1299
 4627 0028 251D     		adds	r5, r4, #4
 4628 002a 2846     		mov	r0, r5
 4629 002c FFF7FEFF 		bl	uxListRemove
 4630              	.LVL312:
3241:Middlewares/Third_Party/FreeRTOS/Source/tasks.c **** 
ARM GAS  /tmp/cchsWuk7.s 			page 199


 4631              		.loc 1 3241 2 is_stmt 1 view .LVU1300
3241:Middlewares/Third_Party/FreeRTOS/Source/tasks.c **** 
 4632              		.loc 1 3241 2 view .LVU1301
 4633 0030 E06A     		ldr	r0, [r4, #44]
 4634 0032 114B     		ldr	r3, .L377+4
 4635 0034 1B68     		ldr	r3, [r3]
 4636 0036 9842     		cmp	r0, r3
 4637 0038 01D9     		bls	.L373
3241:Middlewares/Third_Party/FreeRTOS/Source/tasks.c **** 
 4638              		.loc 1 3241 2 discriminator 1 view .LVU1302
 4639 003a 0F4B     		ldr	r3, .L377+4
 4640 003c 1860     		str	r0, [r3]
 4641              	.L373:
3241:Middlewares/Third_Party/FreeRTOS/Source/tasks.c **** 
 4642              		.loc 1 3241 2 discriminator 3 view .LVU1303
3241:Middlewares/Third_Party/FreeRTOS/Source/tasks.c **** 
 4643              		.loc 1 3241 2 discriminator 3 view .LVU1304
 4644 003e 00EB8000 		add	r0, r0, r0, lsl #2
 4645 0042 2946     		mov	r1, r5
 4646 0044 0D4B     		ldr	r3, .L377+8
 4647 0046 03EB8000 		add	r0, r3, r0, lsl #2
 4648 004a FFF7FEFF 		bl	vListInsertEnd
 4649              	.LVL313:
3241:Middlewares/Third_Party/FreeRTOS/Source/tasks.c **** 
 4650              		.loc 1 3241 41 discriminator 1 view .LVU1305
3243:Middlewares/Third_Party/FreeRTOS/Source/tasks.c **** 	{
 4651              		.loc 1 3243 2 view .LVU1306
3243:Middlewares/Third_Party/FreeRTOS/Source/tasks.c **** 	{
 4652              		.loc 1 3243 20 is_stmt 0 view .LVU1307
 4653 004e E26A     		ldr	r2, [r4, #44]
3243:Middlewares/Third_Party/FreeRTOS/Source/tasks.c **** 	{
 4654              		.loc 1 3243 47 view .LVU1308
 4655 0050 0B4B     		ldr	r3, .L377+12
 4656 0052 1B68     		ldr	r3, [r3]
 4657 0054 DB6A     		ldr	r3, [r3, #44]
3243:Middlewares/Third_Party/FreeRTOS/Source/tasks.c **** 	{
 4658              		.loc 1 3243 4 view .LVU1309
 4659 0056 9A42     		cmp	r2, r3
 4660 0058 02D9     		bls	.L368
3249:Middlewares/Third_Party/FreeRTOS/Source/tasks.c **** 	}
 4661              		.loc 1 3249 3 is_stmt 1 view .LVU1310
3249:Middlewares/Third_Party/FreeRTOS/Source/tasks.c **** 	}
 4662              		.loc 1 3249 17 is_stmt 0 view .LVU1311
 4663 005a 0A4B     		ldr	r3, .L377+16
 4664 005c 0122     		movs	r2, #1
 4665 005e 1A60     		str	r2, [r3]
 4666              	.L368:
3251:Middlewares/Third_Party/FreeRTOS/Source/tasks.c **** /*-----------------------------------------------------------*/
 4667              		.loc 1 3251 1 view .LVU1312
 4668 0060 38BD     		pop	{r3, r4, r5, pc}
 4669              	.LVL314:
 4670              	.L376:
3220:Middlewares/Third_Party/FreeRTOS/Source/tasks.c **** 	( void ) uxListRemove( pxEventListItem );
 4671              		.loc 1 3220 2 is_stmt 1 discriminator 1 view .LVU1313
 4672              	.LBB211:
 4673              	.LBI211:
 191:Middlewares/Third_Party/FreeRTOS/Source/portable/GCC/ARM_CM4F/portmacro.h **** {
ARM GAS  /tmp/cchsWuk7.s 			page 200


 4674              		.loc 2 191 30 view .LVU1314
 4675              	.LBB212:
 193:Middlewares/Third_Party/FreeRTOS/Source/portable/GCC/ARM_CM4F/portmacro.h **** 
 4676              		.loc 2 193 1 view .LVU1315
 195:Middlewares/Third_Party/FreeRTOS/Source/portable/GCC/ARM_CM4F/portmacro.h **** 	(
 4677              		.loc 2 195 2 view .LVU1316
 4678              		.syntax unified
 4679              	@ 195 "Middlewares/Third_Party/FreeRTOS/Source/portable/GCC/ARM_CM4F/portmacro.h" 1
 4680 0062 4FF05003 			mov r3, #80												
 4681 0066 83F31188 		msr basepri, r3											
 4682 006a BFF36F8F 		isb														
 4683 006e BFF34F8F 		dsb														
 4684              	
 4685              	@ 0 "" 2
 4686              		.thumb
 4687              		.syntax unified
 4688              	.L372:
 4689              	.LBE212:
 4690              	.LBE211:
3220:Middlewares/Third_Party/FreeRTOS/Source/tasks.c **** 	( void ) uxListRemove( pxEventListItem );
 4691              		.loc 1 3220 2 discriminator 3 view .LVU1317
3220:Middlewares/Third_Party/FreeRTOS/Source/tasks.c **** 	( void ) uxListRemove( pxEventListItem );
 4692              		.loc 1 3220 2 discriminator 3 view .LVU1318
 4693 0072 FEE7     		b	.L372
 4694              	.L378:
 4695              		.align	2
 4696              	.L377:
 4697 0074 00000000 		.word	uxSchedulerSuspended
 4698 0078 00000000 		.word	uxTopReadyPriority
 4699 007c 00000000 		.word	pxReadyTasksLists
 4700 0080 00000000 		.word	pxCurrentTCB
 4701 0084 00000000 		.word	xYieldPending
 4702              		.cfi_endproc
 4703              	.LFE35:
 4705              		.section	.text.vTaskSetTimeOutState,"ax",%progbits
 4706              		.align	1
 4707              		.global	vTaskSetTimeOutState
 4708              		.syntax unified
 4709              		.thumb
 4710              		.thumb_func
 4712              	vTaskSetTimeOutState:
 4713              	.LVL315:
 4714              	.LFB36:
3255:Middlewares/Third_Party/FreeRTOS/Source/tasks.c **** 	configASSERT( pxTimeOut );
 4715              		.loc 1 3255 1 view -0
 4716              		.cfi_startproc
 4717              		@ args = 0, pretend = 0, frame = 0
 4718              		@ frame_needed = 0, uses_anonymous_args = 0
3256:Middlewares/Third_Party/FreeRTOS/Source/tasks.c **** 	taskENTER_CRITICAL();
 4719              		.loc 1 3256 2 view .LVU1320
 4720 0000 60B1     		cbz	r0, .L384
3255:Middlewares/Third_Party/FreeRTOS/Source/tasks.c **** 	configASSERT( pxTimeOut );
 4721              		.loc 1 3255 1 is_stmt 0 view .LVU1321
 4722 0002 10B5     		push	{r4, lr}
 4723              	.LCFI42:
 4724              		.cfi_def_cfa_offset 8
 4725              		.cfi_offset 4, -8
ARM GAS  /tmp/cchsWuk7.s 			page 201


 4726              		.cfi_offset 14, -4
 4727 0004 0446     		mov	r4, r0
3256:Middlewares/Third_Party/FreeRTOS/Source/tasks.c **** 	taskENTER_CRITICAL();
 4728              		.loc 1 3256 27 is_stmt 1 discriminator 2 view .LVU1322
3257:Middlewares/Third_Party/FreeRTOS/Source/tasks.c **** 	{
 4729              		.loc 1 3257 2 view .LVU1323
 4730 0006 FFF7FEFF 		bl	vPortEnterCritical
 4731              	.LVL316:
3259:Middlewares/Third_Party/FreeRTOS/Source/tasks.c **** 		pxTimeOut->xTimeOnEntering = xTickCount;
 4732              		.loc 1 3259 3 view .LVU1324
3259:Middlewares/Third_Party/FreeRTOS/Source/tasks.c **** 		pxTimeOut->xTimeOnEntering = xTickCount;
 4733              		.loc 1 3259 29 is_stmt 0 view .LVU1325
 4734 000a 094B     		ldr	r3, .L385
 4735 000c 1B68     		ldr	r3, [r3]
 4736 000e 2360     		str	r3, [r4]
3260:Middlewares/Third_Party/FreeRTOS/Source/tasks.c **** 	}
 4737              		.loc 1 3260 3 is_stmt 1 view .LVU1326
3260:Middlewares/Third_Party/FreeRTOS/Source/tasks.c **** 	}
 4738              		.loc 1 3260 30 is_stmt 0 view .LVU1327
 4739 0010 084B     		ldr	r3, .L385+4
 4740 0012 1B68     		ldr	r3, [r3]
 4741 0014 6360     		str	r3, [r4, #4]
3262:Middlewares/Third_Party/FreeRTOS/Source/tasks.c **** }
 4742              		.loc 1 3262 2 is_stmt 1 view .LVU1328
 4743 0016 FFF7FEFF 		bl	vPortExitCritical
 4744              	.LVL317:
3263:Middlewares/Third_Party/FreeRTOS/Source/tasks.c **** /*-----------------------------------------------------------*/
 4745              		.loc 1 3263 1 is_stmt 0 view .LVU1329
 4746 001a 10BD     		pop	{r4, pc}
 4747              	.LVL318:
 4748              	.L384:
 4749              	.LCFI43:
 4750              		.cfi_def_cfa_offset 0
 4751              		.cfi_restore 4
 4752              		.cfi_restore 14
3256:Middlewares/Third_Party/FreeRTOS/Source/tasks.c **** 	taskENTER_CRITICAL();
 4753              		.loc 1 3256 2 is_stmt 1 discriminator 1 view .LVU1330
 4754              	.LBB213:
 4755              	.LBI213:
 191:Middlewares/Third_Party/FreeRTOS/Source/portable/GCC/ARM_CM4F/portmacro.h **** {
 4756              		.loc 2 191 30 view .LVU1331
 4757              	.LBB214:
 193:Middlewares/Third_Party/FreeRTOS/Source/portable/GCC/ARM_CM4F/portmacro.h **** 
 4758              		.loc 2 193 1 view .LVU1332
 195:Middlewares/Third_Party/FreeRTOS/Source/portable/GCC/ARM_CM4F/portmacro.h **** 	(
 4759              		.loc 2 195 2 view .LVU1333
 4760              		.syntax unified
 4761              	@ 195 "Middlewares/Third_Party/FreeRTOS/Source/portable/GCC/ARM_CM4F/portmacro.h" 1
 4762 001c 4FF05003 			mov r3, #80												
 4763 0020 83F31188 		msr basepri, r3											
 4764 0024 BFF36F8F 		isb														
 4765 0028 BFF34F8F 		dsb														
 4766              	
 4767              	@ 0 "" 2
 4768              		.thumb
 4769              		.syntax unified
 4770              	.L381:
ARM GAS  /tmp/cchsWuk7.s 			page 202


 4771              	.LBE214:
 4772              	.LBE213:
3256:Middlewares/Third_Party/FreeRTOS/Source/tasks.c **** 	taskENTER_CRITICAL();
 4773              		.loc 1 3256 2 discriminator 3 view .LVU1334
3256:Middlewares/Third_Party/FreeRTOS/Source/tasks.c **** 	taskENTER_CRITICAL();
 4774              		.loc 1 3256 2 discriminator 3 view .LVU1335
 4775 002c FEE7     		b	.L381
 4776              	.L386:
 4777 002e 00BF     		.align	2
 4778              	.L385:
 4779 0030 00000000 		.word	xNumOfOverflows
 4780 0034 00000000 		.word	xTickCount
 4781              		.cfi_endproc
 4782              	.LFE36:
 4784              		.section	.text.vTaskInternalSetTimeOutState,"ax",%progbits
 4785              		.align	1
 4786              		.global	vTaskInternalSetTimeOutState
 4787              		.syntax unified
 4788              		.thumb
 4789              		.thumb_func
 4791              	vTaskInternalSetTimeOutState:
 4792              	.LVL319:
 4793              	.LFB37:
3267:Middlewares/Third_Party/FreeRTOS/Source/tasks.c **** 	/* For internal use only as it does not use a critical section. */
 4794              		.loc 1 3267 1 view -0
 4795              		.cfi_startproc
 4796              		@ args = 0, pretend = 0, frame = 0
 4797              		@ frame_needed = 0, uses_anonymous_args = 0
 4798              		@ link register save eliminated.
3269:Middlewares/Third_Party/FreeRTOS/Source/tasks.c **** 	pxTimeOut->xTimeOnEntering = xTickCount;
 4799              		.loc 1 3269 2 view .LVU1337
3269:Middlewares/Third_Party/FreeRTOS/Source/tasks.c **** 	pxTimeOut->xTimeOnEntering = xTickCount;
 4800              		.loc 1 3269 28 is_stmt 0 view .LVU1338
 4801 0000 034B     		ldr	r3, .L388
 4802 0002 1B68     		ldr	r3, [r3]
 4803 0004 0360     		str	r3, [r0]
3270:Middlewares/Third_Party/FreeRTOS/Source/tasks.c **** }
 4804              		.loc 1 3270 2 is_stmt 1 view .LVU1339
3270:Middlewares/Third_Party/FreeRTOS/Source/tasks.c **** }
 4805              		.loc 1 3270 29 is_stmt 0 view .LVU1340
 4806 0006 034B     		ldr	r3, .L388+4
 4807 0008 1B68     		ldr	r3, [r3]
 4808 000a 4360     		str	r3, [r0, #4]
3271:Middlewares/Third_Party/FreeRTOS/Source/tasks.c **** /*-----------------------------------------------------------*/
 4809              		.loc 1 3271 1 view .LVU1341
 4810 000c 7047     		bx	lr
 4811              	.L389:
 4812 000e 00BF     		.align	2
 4813              	.L388:
 4814 0010 00000000 		.word	xNumOfOverflows
 4815 0014 00000000 		.word	xTickCount
 4816              		.cfi_endproc
 4817              	.LFE37:
 4819              		.section	.text.xTaskCheckForTimeOut,"ax",%progbits
 4820              		.align	1
 4821              		.global	xTaskCheckForTimeOut
 4822              		.syntax unified
ARM GAS  /tmp/cchsWuk7.s 			page 203


 4823              		.thumb
 4824              		.thumb_func
 4826              	xTaskCheckForTimeOut:
 4827              	.LVL320:
 4828              	.LFB38:
3275:Middlewares/Third_Party/FreeRTOS/Source/tasks.c **** BaseType_t xReturn;
 4829              		.loc 1 3275 1 is_stmt 1 view -0
 4830              		.cfi_startproc
 4831              		@ args = 0, pretend = 0, frame = 0
 4832              		@ frame_needed = 0, uses_anonymous_args = 0
3276:Middlewares/Third_Party/FreeRTOS/Source/tasks.c **** 
 4833              		.loc 1 3276 1 view .LVU1343
3278:Middlewares/Third_Party/FreeRTOS/Source/tasks.c **** 	configASSERT( pxTicksToWait );
 4834              		.loc 1 3278 2 view .LVU1344
 4835 0000 E0B1     		cbz	r0, .L402
3275:Middlewares/Third_Party/FreeRTOS/Source/tasks.c **** BaseType_t xReturn;
 4836              		.loc 1 3275 1 is_stmt 0 view .LVU1345
 4837 0002 70B5     		push	{r4, r5, r6, lr}
 4838              	.LCFI44:
 4839              		.cfi_def_cfa_offset 16
 4840              		.cfi_offset 4, -16
 4841              		.cfi_offset 5, -12
 4842              		.cfi_offset 6, -8
 4843              		.cfi_offset 14, -4
 4844 0004 0C46     		mov	r4, r1
 4845 0006 0546     		mov	r5, r0
3278:Middlewares/Third_Party/FreeRTOS/Source/tasks.c **** 	configASSERT( pxTicksToWait );
 4846              		.loc 1 3278 27 is_stmt 1 discriminator 2 view .LVU1346
3279:Middlewares/Third_Party/FreeRTOS/Source/tasks.c **** 
 4847              		.loc 1 3279 2 view .LVU1347
 4848 0008 09B3     		cbz	r1, .L403
3279:Middlewares/Third_Party/FreeRTOS/Source/tasks.c **** 
 4849              		.loc 1 3279 31 discriminator 2 view .LVU1348
3281:Middlewares/Third_Party/FreeRTOS/Source/tasks.c **** 	{
 4850              		.loc 1 3281 2 view .LVU1349
 4851 000a FFF7FEFF 		bl	vPortEnterCritical
 4852              	.LVL321:
 4853              	.LBB215:
3284:Middlewares/Third_Party/FreeRTOS/Source/tasks.c **** 		const TickType_t xElapsedTime = xConstTickCount - pxTimeOut->xTimeOnEntering;
 4854              		.loc 1 3284 3 view .LVU1350
3284:Middlewares/Third_Party/FreeRTOS/Source/tasks.c **** 		const TickType_t xElapsedTime = xConstTickCount - pxTimeOut->xTimeOnEntering;
 4855              		.loc 1 3284 20 is_stmt 0 view .LVU1351
 4856 000e 1C4B     		ldr	r3, .L405
 4857 0010 1968     		ldr	r1, [r3]
 4858              	.LVL322:
3285:Middlewares/Third_Party/FreeRTOS/Source/tasks.c **** 
 4859              		.loc 1 3285 3 is_stmt 1 view .LVU1352
3285:Middlewares/Third_Party/FreeRTOS/Source/tasks.c **** 
 4860              		.loc 1 3285 62 is_stmt 0 view .LVU1353
 4861 0012 6B68     		ldr	r3, [r5, #4]
3285:Middlewares/Third_Party/FreeRTOS/Source/tasks.c **** 
 4862              		.loc 1 3285 20 view .LVU1354
 4863 0014 C81A     		subs	r0, r1, r3
 4864              	.LVL323:
3299:Middlewares/Third_Party/FreeRTOS/Source/tasks.c **** 			{
 4865              		.loc 1 3299 4 is_stmt 1 view .LVU1355
3299:Middlewares/Third_Party/FreeRTOS/Source/tasks.c **** 			{
ARM GAS  /tmp/cchsWuk7.s 			page 204


 4866              		.loc 1 3299 8 is_stmt 0 view .LVU1356
 4867 0016 2268     		ldr	r2, [r4]
3299:Middlewares/Third_Party/FreeRTOS/Source/tasks.c **** 			{
 4868              		.loc 1 3299 6 view .LVU1357
 4869 0018 B2F1FF3F 		cmp	r2, #-1
 4870 001c 28D0     		beq	.L398
3309:Middlewares/Third_Party/FreeRTOS/Source/tasks.c **** 		{
 4871              		.loc 1 3309 3 is_stmt 1 view .LVU1358
3309:Middlewares/Third_Party/FreeRTOS/Source/tasks.c **** 		{
 4872              		.loc 1 3309 25 is_stmt 0 view .LVU1359
 4873 001e DFF864C0 		ldr	ip, .L405+4
 4874 0022 DCF800C0 		ldr	ip, [ip]
3309:Middlewares/Third_Party/FreeRTOS/Source/tasks.c **** 		{
 4875              		.loc 1 3309 5 view .LVU1360
 4876 0026 2E68     		ldr	r6, [r5]
 4877 0028 6645     		cmp	r6, ip
 4878 002a 01D0     		beq	.L396
3309:Middlewares/Third_Party/FreeRTOS/Source/tasks.c **** 		{
 4879              		.loc 1 3309 56 discriminator 1 view .LVU1361
 4880 002c 8B42     		cmp	r3, r1
 4881 002e 24D9     		bls	.L399
 4882              	.L396:
3318:Middlewares/Third_Party/FreeRTOS/Source/tasks.c **** 		{
 4883              		.loc 1 3318 8 is_stmt 1 view .LVU1362
3318:Middlewares/Third_Party/FreeRTOS/Source/tasks.c **** 		{
 4884              		.loc 1 3318 10 is_stmt 0 view .LVU1363
 4885 0030 8242     		cmp	r2, r0
 4886 0032 15D8     		bhi	.L404
3327:Middlewares/Third_Party/FreeRTOS/Source/tasks.c **** 			xReturn = pdTRUE;
 4887              		.loc 1 3327 4 is_stmt 1 view .LVU1364
3327:Middlewares/Third_Party/FreeRTOS/Source/tasks.c **** 			xReturn = pdTRUE;
 4888              		.loc 1 3327 19 is_stmt 0 view .LVU1365
 4889 0034 0023     		movs	r3, #0
 4890 0036 2360     		str	r3, [r4]
3328:Middlewares/Third_Party/FreeRTOS/Source/tasks.c **** 		}
 4891              		.loc 1 3328 4 is_stmt 1 view .LVU1366
 4892              	.LVL324:
3328:Middlewares/Third_Party/FreeRTOS/Source/tasks.c **** 		}
 4893              		.loc 1 3328 12 is_stmt 0 view .LVU1367
 4894 0038 0124     		movs	r4, #1
 4895              	.LVL325:
3328:Middlewares/Third_Party/FreeRTOS/Source/tasks.c **** 		}
 4896              		.loc 1 3328 12 view .LVU1368
 4897 003a 1AE0     		b	.L395
 4898              	.LVL326:
 4899              	.L402:
 4900              	.LCFI45:
 4901              		.cfi_def_cfa_offset 0
 4902              		.cfi_restore 4
 4903              		.cfi_restore 5
 4904              		.cfi_restore 6
 4905              		.cfi_restore 14
3328:Middlewares/Third_Party/FreeRTOS/Source/tasks.c **** 		}
 4906              		.loc 1 3328 12 view .LVU1369
 4907              	.LBE215:
3278:Middlewares/Third_Party/FreeRTOS/Source/tasks.c **** 	configASSERT( pxTicksToWait );
 4908              		.loc 1 3278 2 is_stmt 1 discriminator 1 view .LVU1370
ARM GAS  /tmp/cchsWuk7.s 			page 205


 4909              	.LBB216:
 4910              	.LBI216:
 191:Middlewares/Third_Party/FreeRTOS/Source/portable/GCC/ARM_CM4F/portmacro.h **** {
 4911              		.loc 2 191 30 view .LVU1371
 4912              	.LBB217:
 193:Middlewares/Third_Party/FreeRTOS/Source/portable/GCC/ARM_CM4F/portmacro.h **** 
 4913              		.loc 2 193 1 view .LVU1372
 195:Middlewares/Third_Party/FreeRTOS/Source/portable/GCC/ARM_CM4F/portmacro.h **** 	(
 4914              		.loc 2 195 2 view .LVU1373
 4915              		.syntax unified
 4916              	@ 195 "Middlewares/Third_Party/FreeRTOS/Source/portable/GCC/ARM_CM4F/portmacro.h" 1
 4917 003c 4FF05003 			mov r3, #80												
 4918 0040 83F31188 		msr basepri, r3											
 4919 0044 BFF36F8F 		isb														
 4920 0048 BFF34F8F 		dsb														
 4921              	
 4922              	@ 0 "" 2
 4923              		.thumb
 4924              		.syntax unified
 4925              	.L392:
 4926              	.LBE217:
 4927              	.LBE216:
3278:Middlewares/Third_Party/FreeRTOS/Source/tasks.c **** 	configASSERT( pxTicksToWait );
 4928              		.loc 1 3278 2 discriminator 3 view .LVU1374
3278:Middlewares/Third_Party/FreeRTOS/Source/tasks.c **** 	configASSERT( pxTicksToWait );
 4929              		.loc 1 3278 2 discriminator 3 view .LVU1375
 4930 004c FEE7     		b	.L392
 4931              	.L403:
 4932              	.LCFI46:
 4933              		.cfi_def_cfa_offset 16
 4934              		.cfi_offset 4, -16
 4935              		.cfi_offset 5, -12
 4936              		.cfi_offset 6, -8
 4937              		.cfi_offset 14, -4
3279:Middlewares/Third_Party/FreeRTOS/Source/tasks.c **** 
 4938              		.loc 1 3279 2 discriminator 1 view .LVU1376
 4939              	.LBB218:
 4940              	.LBI218:
 191:Middlewares/Third_Party/FreeRTOS/Source/portable/GCC/ARM_CM4F/portmacro.h **** {
 4941              		.loc 2 191 30 view .LVU1377
 4942              	.LBB219:
 193:Middlewares/Third_Party/FreeRTOS/Source/portable/GCC/ARM_CM4F/portmacro.h **** 
 4943              		.loc 2 193 1 view .LVU1378
 195:Middlewares/Third_Party/FreeRTOS/Source/portable/GCC/ARM_CM4F/portmacro.h **** 	(
 4944              		.loc 2 195 2 view .LVU1379
 4945              		.syntax unified
 4946              	@ 195 "Middlewares/Third_Party/FreeRTOS/Source/portable/GCC/ARM_CM4F/portmacro.h" 1
 4947 004e 4FF05003 			mov r3, #80												
 4948 0052 83F31188 		msr basepri, r3											
 4949 0056 BFF36F8F 		isb														
 4950 005a BFF34F8F 		dsb														
 4951              	
 4952              	@ 0 "" 2
 4953              		.thumb
 4954              		.syntax unified
 4955              	.L394:
 4956              	.LBE219:
ARM GAS  /tmp/cchsWuk7.s 			page 206


 4957              	.LBE218:
3279:Middlewares/Third_Party/FreeRTOS/Source/tasks.c **** 
 4958              		.loc 1 3279 2 discriminator 3 view .LVU1380
3279:Middlewares/Third_Party/FreeRTOS/Source/tasks.c **** 
 4959              		.loc 1 3279 2 discriminator 3 view .LVU1381
 4960 005e FEE7     		b	.L394
 4961              	.LVL327:
 4962              	.L404:
 4963              	.LBB220:
3321:Middlewares/Third_Party/FreeRTOS/Source/tasks.c **** 			vTaskInternalSetTimeOutState( pxTimeOut );
 4964              		.loc 1 3321 4 view .LVU1382
3321:Middlewares/Third_Party/FreeRTOS/Source/tasks.c **** 			vTaskInternalSetTimeOutState( pxTimeOut );
 4965              		.loc 1 3321 19 is_stmt 0 view .LVU1383
 4966 0060 5B1A     		subs	r3, r3, r1
 4967 0062 1344     		add	r3, r3, r2
 4968 0064 2360     		str	r3, [r4]
3322:Middlewares/Third_Party/FreeRTOS/Source/tasks.c **** 			xReturn = pdFALSE;
 4969              		.loc 1 3322 4 is_stmt 1 view .LVU1384
 4970 0066 2846     		mov	r0, r5
 4971              	.LVL328:
3322:Middlewares/Third_Party/FreeRTOS/Source/tasks.c **** 			xReturn = pdFALSE;
 4972              		.loc 1 3322 4 is_stmt 0 view .LVU1385
 4973 0068 FFF7FEFF 		bl	vTaskInternalSetTimeOutState
 4974              	.LVL329:
3323:Middlewares/Third_Party/FreeRTOS/Source/tasks.c **** 		}
 4975              		.loc 1 3323 4 is_stmt 1 view .LVU1386
3323:Middlewares/Third_Party/FreeRTOS/Source/tasks.c **** 		}
 4976              		.loc 1 3323 12 is_stmt 0 view .LVU1387
 4977 006c 0024     		movs	r4, #0
 4978              	.LVL330:
3323:Middlewares/Third_Party/FreeRTOS/Source/tasks.c **** 		}
 4979              		.loc 1 3323 12 view .LVU1388
 4980 006e 00E0     		b	.L395
 4981              	.LVL331:
 4982              	.L398:
3304:Middlewares/Third_Party/FreeRTOS/Source/tasks.c **** 			}
 4983              		.loc 1 3304 13 view .LVU1389
 4984 0070 0024     		movs	r4, #0
 4985              	.LVL332:
 4986              	.L395:
3304:Middlewares/Third_Party/FreeRTOS/Source/tasks.c **** 			}
 4987              		.loc 1 3304 13 view .LVU1390
 4988              	.LBE220:
3331:Middlewares/Third_Party/FreeRTOS/Source/tasks.c **** 
 4989              		.loc 1 3331 2 is_stmt 1 view .LVU1391
 4990 0072 FFF7FEFF 		bl	vPortExitCritical
 4991              	.LVL333:
3333:Middlewares/Third_Party/FreeRTOS/Source/tasks.c **** }
 4992              		.loc 1 3333 2 view .LVU1392
3334:Middlewares/Third_Party/FreeRTOS/Source/tasks.c **** /*-----------------------------------------------------------*/
 4993              		.loc 1 3334 1 is_stmt 0 view .LVU1393
 4994 0076 2046     		mov	r0, r4
 4995 0078 70BD     		pop	{r4, r5, r6, pc}
 4996              	.LVL334:
 4997              	.L399:
 4998              	.LBB221:
3316:Middlewares/Third_Party/FreeRTOS/Source/tasks.c **** 		}
ARM GAS  /tmp/cchsWuk7.s 			page 207


 4999              		.loc 1 3316 12 view .LVU1394
 5000 007a 0124     		movs	r4, #1
 5001              	.LVL335:
3316:Middlewares/Third_Party/FreeRTOS/Source/tasks.c **** 		}
 5002              		.loc 1 3316 12 view .LVU1395
 5003 007c F9E7     		b	.L395
 5004              	.L406:
 5005 007e 00BF     		.align	2
 5006              	.L405:
 5007 0080 00000000 		.word	xTickCount
 5008 0084 00000000 		.word	xNumOfOverflows
 5009              	.LBE221:
 5010              		.cfi_endproc
 5011              	.LFE38:
 5013              		.section	.text.vTaskMissedYield,"ax",%progbits
 5014              		.align	1
 5015              		.global	vTaskMissedYield
 5016              		.syntax unified
 5017              		.thumb
 5018              		.thumb_func
 5020              	vTaskMissedYield:
 5021              	.LFB39:
3338:Middlewares/Third_Party/FreeRTOS/Source/tasks.c **** 	xYieldPending = pdTRUE;
 5022              		.loc 1 3338 1 is_stmt 1 view -0
 5023              		.cfi_startproc
 5024              		@ args = 0, pretend = 0, frame = 0
 5025              		@ frame_needed = 0, uses_anonymous_args = 0
 5026              		@ link register save eliminated.
3339:Middlewares/Third_Party/FreeRTOS/Source/tasks.c **** }
 5027              		.loc 1 3339 2 view .LVU1397
3339:Middlewares/Third_Party/FreeRTOS/Source/tasks.c **** }
 5028              		.loc 1 3339 16 is_stmt 0 view .LVU1398
 5029 0000 014B     		ldr	r3, .L408
 5030 0002 0122     		movs	r2, #1
 5031 0004 1A60     		str	r2, [r3]
3340:Middlewares/Third_Party/FreeRTOS/Source/tasks.c **** /*-----------------------------------------------------------*/
 5032              		.loc 1 3340 1 view .LVU1399
 5033 0006 7047     		bx	lr
 5034              	.L409:
 5035              		.align	2
 5036              	.L408:
 5037 0008 00000000 		.word	xYieldPending
 5038              		.cfi_endproc
 5039              	.LFE39:
 5041              		.section	.text.uxTaskGetTaskNumber,"ax",%progbits
 5042              		.align	1
 5043              		.global	uxTaskGetTaskNumber
 5044              		.syntax unified
 5045              		.thumb
 5046              		.thumb_func
 5048              	uxTaskGetTaskNumber:
 5049              	.LVL336:
 5050              	.LFB40:
3346:Middlewares/Third_Party/FreeRTOS/Source/tasks.c **** 	UBaseType_t uxReturn;
 5051              		.loc 1 3346 2 is_stmt 1 view -0
 5052              		.cfi_startproc
 5053              		@ args = 0, pretend = 0, frame = 0
ARM GAS  /tmp/cchsWuk7.s 			page 208


 5054              		@ frame_needed = 0, uses_anonymous_args = 0
 5055              		@ link register save eliminated.
3347:Middlewares/Third_Party/FreeRTOS/Source/tasks.c **** 	TCB_t const *pxTCB;
 5056              		.loc 1 3347 2 view .LVU1401
3348:Middlewares/Third_Party/FreeRTOS/Source/tasks.c **** 
 5057              		.loc 1 3348 2 view .LVU1402
3350:Middlewares/Third_Party/FreeRTOS/Source/tasks.c **** 		{
 5058              		.loc 1 3350 3 view .LVU1403
3350:Middlewares/Third_Party/FreeRTOS/Source/tasks.c **** 		{
 5059              		.loc 1 3350 5 is_stmt 0 view .LVU1404
 5060 0000 08B1     		cbz	r0, .L412
3352:Middlewares/Third_Party/FreeRTOS/Source/tasks.c **** 			uxReturn = pxTCB->uxTaskNumber;
 5061              		.loc 1 3352 4 is_stmt 1 view .LVU1405
 5062              	.LVL337:
3353:Middlewares/Third_Party/FreeRTOS/Source/tasks.c **** 		}
 5063              		.loc 1 3353 4 view .LVU1406
3353:Middlewares/Third_Party/FreeRTOS/Source/tasks.c **** 		}
 5064              		.loc 1 3353 13 is_stmt 0 view .LVU1407
 5065 0002 806C     		ldr	r0, [r0, #72]
 5066              	.LVL338:
3353:Middlewares/Third_Party/FreeRTOS/Source/tasks.c **** 		}
 5067              		.loc 1 3353 13 view .LVU1408
 5068 0004 7047     		bx	lr
 5069              	.LVL339:
 5070              	.L412:
3357:Middlewares/Third_Party/FreeRTOS/Source/tasks.c **** 		}
 5071              		.loc 1 3357 13 view .LVU1409
 5072 0006 0020     		movs	r0, #0
 5073              	.LVL340:
3360:Middlewares/Third_Party/FreeRTOS/Source/tasks.c **** 	}
 5074              		.loc 1 3360 3 is_stmt 1 view .LVU1410
3361:Middlewares/Third_Party/FreeRTOS/Source/tasks.c **** 
 5075              		.loc 1 3361 2 is_stmt 0 view .LVU1411
 5076 0008 7047     		bx	lr
 5077              		.cfi_endproc
 5078              	.LFE40:
 5080              		.section	.text.vTaskSetTaskNumber,"ax",%progbits
 5081              		.align	1
 5082              		.global	vTaskSetTaskNumber
 5083              		.syntax unified
 5084              		.thumb
 5085              		.thumb_func
 5087              	vTaskSetTaskNumber:
 5088              	.LVL341:
 5089              	.LFB41:
3369:Middlewares/Third_Party/FreeRTOS/Source/tasks.c **** 	TCB_t * pxTCB;
 5090              		.loc 1 3369 2 is_stmt 1 view -0
 5091              		.cfi_startproc
 5092              		@ args = 0, pretend = 0, frame = 0
 5093              		@ frame_needed = 0, uses_anonymous_args = 0
 5094              		@ link register save eliminated.
3370:Middlewares/Third_Party/FreeRTOS/Source/tasks.c **** 
 5095              		.loc 1 3370 2 view .LVU1413
3372:Middlewares/Third_Party/FreeRTOS/Source/tasks.c **** 		{
 5096              		.loc 1 3372 3 view .LVU1414
3372:Middlewares/Third_Party/FreeRTOS/Source/tasks.c **** 		{
 5097              		.loc 1 3372 5 is_stmt 0 view .LVU1415
ARM GAS  /tmp/cchsWuk7.s 			page 209


 5098 0000 00B1     		cbz	r0, .L413
3374:Middlewares/Third_Party/FreeRTOS/Source/tasks.c **** 			pxTCB->uxTaskNumber = uxHandle;
 5099              		.loc 1 3374 4 is_stmt 1 view .LVU1416
 5100              	.LVL342:
3375:Middlewares/Third_Party/FreeRTOS/Source/tasks.c **** 		}
 5101              		.loc 1 3375 4 view .LVU1417
3375:Middlewares/Third_Party/FreeRTOS/Source/tasks.c **** 		}
 5102              		.loc 1 3375 24 is_stmt 0 view .LVU1418
 5103 0002 8164     		str	r1, [r0, #72]
 5104              	.LVL343:
 5105              	.L413:
3377:Middlewares/Third_Party/FreeRTOS/Source/tasks.c **** 
 5106              		.loc 1 3377 2 view .LVU1419
 5107 0004 7047     		bx	lr
 5108              		.cfi_endproc
 5109              	.LFE41:
 5111              		.section	.text.vTaskGetInfo,"ax",%progbits
 5112              		.align	1
 5113              		.global	vTaskGetInfo
 5114              		.syntax unified
 5115              		.thumb
 5116              		.thumb_func
 5118              	vTaskGetInfo:
 5119              	.LVL344:
 5120              	.LFB45:
3671:Middlewares/Third_Party/FreeRTOS/Source/tasks.c **** 	TCB_t *pxTCB;
 5121              		.loc 1 3671 2 is_stmt 1 view -0
 5122              		.cfi_startproc
 5123              		@ args = 0, pretend = 0, frame = 0
 5124              		@ frame_needed = 0, uses_anonymous_args = 0
3671:Middlewares/Third_Party/FreeRTOS/Source/tasks.c **** 	TCB_t *pxTCB;
 5125              		.loc 1 3671 2 is_stmt 0 view .LVU1421
 5126 0000 70B5     		push	{r4, r5, r6, lr}
 5127              	.LCFI47:
 5128              		.cfi_def_cfa_offset 16
 5129              		.cfi_offset 4, -16
 5130              		.cfi_offset 5, -12
 5131              		.cfi_offset 6, -8
 5132              		.cfi_offset 14, -4
 5133 0002 0C46     		mov	r4, r1
 5134 0004 1646     		mov	r6, r2
3672:Middlewares/Third_Party/FreeRTOS/Source/tasks.c **** 
 5135              		.loc 1 3672 2 is_stmt 1 view .LVU1422
3675:Middlewares/Third_Party/FreeRTOS/Source/tasks.c **** 
 5136              		.loc 1 3675 3 view .LVU1423
3675:Middlewares/Third_Party/FreeRTOS/Source/tasks.c **** 
 5137              		.loc 1 3675 11 is_stmt 0 view .LVU1424
 5138 0006 0546     		mov	r5, r0
 5139 0008 D0B1     		cbz	r0, .L424
 5140              	.LVL345:
 5141              	.L416:
3677:Middlewares/Third_Party/FreeRTOS/Source/tasks.c **** 		pxTaskStatus->pcTaskName = ( const char * ) &( pxTCB->pcTaskName [ 0 ] );
 5142              		.loc 1 3677 3 is_stmt 1 view .LVU1425
3677:Middlewares/Third_Party/FreeRTOS/Source/tasks.c **** 		pxTaskStatus->pcTaskName = ( const char * ) &( pxTCB->pcTaskName [ 0 ] );
 5143              		.loc 1 3677 25 is_stmt 0 view .LVU1426
 5144 000a 2560     		str	r5, [r4]
3678:Middlewares/Third_Party/FreeRTOS/Source/tasks.c **** 		pxTaskStatus->uxCurrentPriority = pxTCB->uxPriority;
ARM GAS  /tmp/cchsWuk7.s 			page 210


 5145              		.loc 1 3678 3 is_stmt 1 view .LVU1427
3678:Middlewares/Third_Party/FreeRTOS/Source/tasks.c **** 		pxTaskStatus->uxCurrentPriority = pxTCB->uxPriority;
 5146              		.loc 1 3678 47 is_stmt 0 view .LVU1428
 5147 000c 05F13402 		add	r2, r5, #52
3678:Middlewares/Third_Party/FreeRTOS/Source/tasks.c **** 		pxTaskStatus->uxCurrentPriority = pxTCB->uxPriority;
 5148              		.loc 1 3678 28 view .LVU1429
 5149 0010 6260     		str	r2, [r4, #4]
3679:Middlewares/Third_Party/FreeRTOS/Source/tasks.c **** 		pxTaskStatus->pxStackBase = pxTCB->pxStack;
 5150              		.loc 1 3679 3 is_stmt 1 view .LVU1430
3679:Middlewares/Third_Party/FreeRTOS/Source/tasks.c **** 		pxTaskStatus->pxStackBase = pxTCB->pxStack;
 5151              		.loc 1 3679 42 is_stmt 0 view .LVU1431
 5152 0012 EA6A     		ldr	r2, [r5, #44]
3679:Middlewares/Third_Party/FreeRTOS/Source/tasks.c **** 		pxTaskStatus->pxStackBase = pxTCB->pxStack;
 5153              		.loc 1 3679 35 view .LVU1432
 5154 0014 2261     		str	r2, [r4, #16]
3680:Middlewares/Third_Party/FreeRTOS/Source/tasks.c **** 		pxTaskStatus->xTaskNumber = pxTCB->uxTCBNumber;
 5155              		.loc 1 3680 3 is_stmt 1 view .LVU1433
3680:Middlewares/Third_Party/FreeRTOS/Source/tasks.c **** 		pxTaskStatus->xTaskNumber = pxTCB->uxTCBNumber;
 5156              		.loc 1 3680 36 is_stmt 0 view .LVU1434
 5157 0016 2A6B     		ldr	r2, [r5, #48]
3680:Middlewares/Third_Party/FreeRTOS/Source/tasks.c **** 		pxTaskStatus->xTaskNumber = pxTCB->uxTCBNumber;
 5158              		.loc 1 3680 29 view .LVU1435
 5159 0018 E261     		str	r2, [r4, #28]
3681:Middlewares/Third_Party/FreeRTOS/Source/tasks.c **** 
 5160              		.loc 1 3681 3 is_stmt 1 view .LVU1436
3681:Middlewares/Third_Party/FreeRTOS/Source/tasks.c **** 
 5161              		.loc 1 3681 36 is_stmt 0 view .LVU1437
 5162 001a 6A6C     		ldr	r2, [r5, #68]
3681:Middlewares/Third_Party/FreeRTOS/Source/tasks.c **** 
 5163              		.loc 1 3681 29 view .LVU1438
 5164 001c A260     		str	r2, [r4, #8]
3685:Middlewares/Third_Party/FreeRTOS/Source/tasks.c **** 		}
 5165              		.loc 1 3685 4 is_stmt 1 view .LVU1439
3685:Middlewares/Third_Party/FreeRTOS/Source/tasks.c **** 		}
 5166              		.loc 1 3685 40 is_stmt 0 view .LVU1440
 5167 001e EA6C     		ldr	r2, [r5, #76]
3685:Middlewares/Third_Party/FreeRTOS/Source/tasks.c **** 		}
 5168              		.loc 1 3685 33 view .LVU1441
 5169 0020 6261     		str	r2, [r4, #20]
3699:Middlewares/Third_Party/FreeRTOS/Source/tasks.c **** 		}
 5170              		.loc 1 3699 4 is_stmt 1 view .LVU1442
3699:Middlewares/Third_Party/FreeRTOS/Source/tasks.c **** 		}
 5171              		.loc 1 3699 35 is_stmt 0 view .LVU1443
 5172 0022 0022     		movs	r2, #0
 5173 0024 A261     		str	r2, [r4, #24]
3706:Middlewares/Third_Party/FreeRTOS/Source/tasks.c **** 		{
 5174              		.loc 1 3706 3 is_stmt 1 view .LVU1444
3706:Middlewares/Third_Party/FreeRTOS/Source/tasks.c **** 		{
 5175              		.loc 1 3706 5 is_stmt 0 view .LVU1445
 5176 0026 052B     		cmp	r3, #5
 5177 0028 19D0     		beq	.L417
3708:Middlewares/Third_Party/FreeRTOS/Source/tasks.c **** 			{
 5178              		.loc 1 3708 4 is_stmt 1 view .LVU1446
3708:Middlewares/Third_Party/FreeRTOS/Source/tasks.c **** 			{
 5179              		.loc 1 3708 14 is_stmt 0 view .LVU1447
 5180 002a 124A     		ldr	r2, .L428
 5181 002c 1268     		ldr	r2, [r2]
ARM GAS  /tmp/cchsWuk7.s 			page 211


3708:Middlewares/Third_Party/FreeRTOS/Source/tasks.c **** 			{
 5182              		.loc 1 3708 6 view .LVU1448
 5183 002e AA42     		cmp	r2, r5
 5184 0030 09D0     		beq	.L425
3714:Middlewares/Third_Party/FreeRTOS/Source/tasks.c **** 
 5185              		.loc 1 3714 5 is_stmt 1 view .LVU1449
3714:Middlewares/Third_Party/FreeRTOS/Source/tasks.c **** 
 5186              		.loc 1 3714 33 is_stmt 0 view .LVU1450
 5187 0032 2373     		strb	r3, [r4, #12]
3721:Middlewares/Third_Party/FreeRTOS/Source/tasks.c **** 					{
 5188              		.loc 1 3721 6 is_stmt 1 view .LVU1451
3721:Middlewares/Third_Party/FreeRTOS/Source/tasks.c **** 					{
 5189              		.loc 1 3721 8 is_stmt 0 view .LVU1452
 5190 0034 032B     		cmp	r3, #3
 5191 0036 09D0     		beq	.L426
 5192              	.LVL346:
 5193              	.L419:
3743:Middlewares/Third_Party/FreeRTOS/Source/tasks.c **** 		{
 5194              		.loc 1 3743 3 is_stmt 1 view .LVU1453
3743:Middlewares/Third_Party/FreeRTOS/Source/tasks.c **** 		{
 5195              		.loc 1 3743 5 is_stmt 0 view .LVU1454
 5196 0038 B6B9     		cbnz	r6, .L427
3757:Middlewares/Third_Party/FreeRTOS/Source/tasks.c **** 		}
 5197              		.loc 1 3757 4 is_stmt 1 view .LVU1455
3757:Middlewares/Third_Party/FreeRTOS/Source/tasks.c **** 		}
 5198              		.loc 1 3757 39 is_stmt 0 view .LVU1456
 5199 003a 0023     		movs	r3, #0
 5200 003c 2384     		strh	r3, [r4, #32]	@ movhi
 5201              	.L415:
3759:Middlewares/Third_Party/FreeRTOS/Source/tasks.c **** 
 5202              		.loc 1 3759 2 view .LVU1457
 5203 003e 70BD     		pop	{r4, r5, r6, pc}
 5204              	.LVL347:
 5205              	.L424:
3675:Middlewares/Third_Party/FreeRTOS/Source/tasks.c **** 
 5206              		.loc 1 3675 11 discriminator 1 view .LVU1458
 5207 0040 0C4A     		ldr	r2, .L428
 5208              	.LVL348:
3675:Middlewares/Third_Party/FreeRTOS/Source/tasks.c **** 
 5209              		.loc 1 3675 11 discriminator 1 view .LVU1459
 5210 0042 1568     		ldr	r5, [r2]
 5211              	.LVL349:
3675:Middlewares/Third_Party/FreeRTOS/Source/tasks.c **** 
 5212              		.loc 1 3675 11 discriminator 1 view .LVU1460
 5213 0044 E1E7     		b	.L416
 5214              	.LVL350:
 5215              	.L425:
3710:Middlewares/Third_Party/FreeRTOS/Source/tasks.c **** 			}
 5216              		.loc 1 3710 5 is_stmt 1 view .LVU1461
3710:Middlewares/Third_Party/FreeRTOS/Source/tasks.c **** 			}
 5217              		.loc 1 3710 33 is_stmt 0 view .LVU1462
 5218 0046 0023     		movs	r3, #0
 5219              	.LVL351:
3710:Middlewares/Third_Party/FreeRTOS/Source/tasks.c **** 			}
 5220              		.loc 1 3710 33 view .LVU1463
 5221 0048 2373     		strb	r3, [r4, #12]
 5222 004a F5E7     		b	.L419
ARM GAS  /tmp/cchsWuk7.s 			page 212


 5223              	.LVL352:
 5224              	.L426:
3723:Middlewares/Third_Party/FreeRTOS/Source/tasks.c **** 						{
 5225              		.loc 1 3723 7 is_stmt 1 view .LVU1464
 5226 004c FFF7FEFF 		bl	vTaskSuspendAll
 5227              	.LVL353:
3725:Middlewares/Third_Party/FreeRTOS/Source/tasks.c **** 							{
 5228              		.loc 1 3725 8 view .LVU1465
3725:Middlewares/Third_Party/FreeRTOS/Source/tasks.c **** 							{
 5229              		.loc 1 3725 12 is_stmt 0 view .LVU1466
 5230 0050 AB6A     		ldr	r3, [r5, #40]
3725:Middlewares/Third_Party/FreeRTOS/Source/tasks.c **** 							{
 5231              		.loc 1 3725 10 view .LVU1467
 5232 0052 0BB1     		cbz	r3, .L420
3727:Middlewares/Third_Party/FreeRTOS/Source/tasks.c **** 							}
 5233              		.loc 1 3727 9 is_stmt 1 view .LVU1468
3727:Middlewares/Third_Party/FreeRTOS/Source/tasks.c **** 							}
 5234              		.loc 1 3727 37 is_stmt 0 view .LVU1469
 5235 0054 0223     		movs	r3, #2
 5236 0056 2373     		strb	r3, [r4, #12]
 5237              	.L420:
3730:Middlewares/Third_Party/FreeRTOS/Source/tasks.c **** 					}
 5238              		.loc 1 3730 7 is_stmt 1 view .LVU1470
3730:Middlewares/Third_Party/FreeRTOS/Source/tasks.c **** 					}
 5239              		.loc 1 3730 16 is_stmt 0 view .LVU1471
 5240 0058 FFF7FEFF 		bl	xTaskResumeAll
 5241              	.LVL354:
 5242 005c ECE7     		b	.L419
 5243              	.LVL355:
 5244              	.L417:
3738:Middlewares/Third_Party/FreeRTOS/Source/tasks.c **** 		}
 5245              		.loc 1 3738 4 is_stmt 1 view .LVU1472
3738:Middlewares/Third_Party/FreeRTOS/Source/tasks.c **** 		}
 5246              		.loc 1 3738 34 is_stmt 0 view .LVU1473
 5247 005e 2846     		mov	r0, r5
 5248 0060 FFF7FEFF 		bl	eTaskGetState
 5249              	.LVL356:
3738:Middlewares/Third_Party/FreeRTOS/Source/tasks.c **** 		}
 5250              		.loc 1 3738 32 discriminator 1 view .LVU1474
 5251 0064 2073     		strb	r0, [r4, #12]
 5252 0066 E7E7     		b	.L419
 5253              	.L427:
3751:Middlewares/Third_Party/FreeRTOS/Source/tasks.c **** 			}
 5254              		.loc 1 3751 5 is_stmt 1 view .LVU1475
3751:Middlewares/Third_Party/FreeRTOS/Source/tasks.c **** 			}
 5255              		.loc 1 3751 42 is_stmt 0 view .LVU1476
 5256 0068 286B     		ldr	r0, [r5, #48]
 5257 006a FFF7FEFF 		bl	prvTaskCheckFreeStackSpace
 5258              	.LVL357:
3751:Middlewares/Third_Party/FreeRTOS/Source/tasks.c **** 			}
 5259              		.loc 1 3751 40 discriminator 1 view .LVU1477
 5260 006e 2084     		strh	r0, [r4, #32]	@ movhi
 5261 0070 E5E7     		b	.L415
 5262              	.L429:
 5263 0072 00BF     		.align	2
 5264              	.L428:
 5265 0074 00000000 		.word	pxCurrentTCB
ARM GAS  /tmp/cchsWuk7.s 			page 213


 5266              		.cfi_endproc
 5267              	.LFE45:
 5269              		.section	.text.prvListTasksWithinSingleList,"ax",%progbits
 5270              		.align	1
 5271              		.syntax unified
 5272              		.thumb
 5273              		.thumb_func
 5275              	prvListTasksWithinSingleList:
 5276              	.LVL358:
 5277              	.LFB46:
3767:Middlewares/Third_Party/FreeRTOS/Source/tasks.c **** 	configLIST_VOLATILE TCB_t *pxNextTCB, *pxFirstTCB;
 5278              		.loc 1 3767 2 is_stmt 1 view -0
 5279              		.cfi_startproc
 5280              		@ args = 0, pretend = 0, frame = 0
 5281              		@ frame_needed = 0, uses_anonymous_args = 0
3767:Middlewares/Third_Party/FreeRTOS/Source/tasks.c **** 	configLIST_VOLATILE TCB_t *pxNextTCB, *pxFirstTCB;
 5282              		.loc 1 3767 2 is_stmt 0 view .LVU1479
 5283 0000 2DE9F047 		push	{r4, r5, r6, r7, r8, r9, r10, lr}
 5284              	.LCFI48:
 5285              		.cfi_def_cfa_offset 32
 5286              		.cfi_offset 4, -32
 5287              		.cfi_offset 5, -28
 5288              		.cfi_offset 6, -24
 5289              		.cfi_offset 7, -20
 5290              		.cfi_offset 8, -16
 5291              		.cfi_offset 9, -12
 5292              		.cfi_offset 10, -8
 5293              		.cfi_offset 14, -4
3768:Middlewares/Third_Party/FreeRTOS/Source/tasks.c **** 	UBaseType_t uxTask = 0;
 5294              		.loc 1 3768 22 is_stmt 1 view .LVU1480
3769:Middlewares/Third_Party/FreeRTOS/Source/tasks.c **** 
 5295              		.loc 1 3769 2 view .LVU1481
 5296              	.LVL359:
3771:Middlewares/Third_Party/FreeRTOS/Source/tasks.c **** 		{
 5297              		.loc 1 3771 3 view .LVU1482
3771:Middlewares/Third_Party/FreeRTOS/Source/tasks.c **** 		{
 5298              		.loc 1 3771 7 is_stmt 0 view .LVU1483
 5299 0004 0C68     		ldr	r4, [r1]
3771:Middlewares/Third_Party/FreeRTOS/Source/tasks.c **** 		{
 5300              		.loc 1 3771 5 view .LVU1484
 5301 0006 3CB3     		cbz	r4, .L430
 5302 0008 0746     		mov	r7, r0
 5303 000a 0D46     		mov	r5, r1
 5304 000c 9046     		mov	r8, r2
 5305              	.LBB222:
3773:Middlewares/Third_Party/FreeRTOS/Source/tasks.c **** 
 5306              		.loc 1 3773 4 is_stmt 1 view .LVU1485
 5307              	.LVL360:
3773:Middlewares/Third_Party/FreeRTOS/Source/tasks.c **** 
 5308              		.loc 1 3773 4 view .LVU1486
 5309 000e 4B68     		ldr	r3, [r1, #4]
 5310 0010 5B68     		ldr	r3, [r3, #4]
 5311 0012 4B60     		str	r3, [r1, #4]
3773:Middlewares/Third_Party/FreeRTOS/Source/tasks.c **** 
 5312              		.loc 1 3773 4 view .LVU1487
 5313 0014 01F10809 		add	r9, r1, #8
 5314 0018 4B45     		cmp	r3, r9
ARM GAS  /tmp/cchsWuk7.s 			page 214


 5315 001a 04D0     		beq	.L436
 5316              	.L432:
3773:Middlewares/Third_Party/FreeRTOS/Source/tasks.c **** 
 5317              		.loc 1 3773 4 discriminator 3 view .LVU1488
 5318 001c 6B68     		ldr	r3, [r5, #4]
 5319 001e D3F80CA0 		ldr	r10, [r3, #12]
 5320              	.LVL361:
3773:Middlewares/Third_Party/FreeRTOS/Source/tasks.c **** 
 5321              		.loc 1 3773 4 is_stmt 0 discriminator 3 view .LVU1489
 5322              	.LBE222:
3769:Middlewares/Third_Party/FreeRTOS/Source/tasks.c **** 
 5323              		.loc 1 3769 14 view .LVU1490
 5324 0022 0024     		movs	r4, #0
 5325 0024 10E0     		b	.L434
 5326              	.LVL362:
 5327              	.L436:
 5328              	.LBB223:
3773:Middlewares/Third_Party/FreeRTOS/Source/tasks.c **** 
 5329              		.loc 1 3773 4 is_stmt 1 discriminator 1 view .LVU1491
 5330 0026 5B68     		ldr	r3, [r3, #4]
 5331 0028 4B60     		str	r3, [r1, #4]
 5332 002a F7E7     		b	.L432
 5333              	.LVL363:
 5334              	.L433:
3773:Middlewares/Third_Party/FreeRTOS/Source/tasks.c **** 
 5335              		.loc 1 3773 4 is_stmt 0 discriminator 1 view .LVU1492
 5336              	.LBE223:
 5337              	.LBB224:
3781:Middlewares/Third_Party/FreeRTOS/Source/tasks.c **** 				vTaskGetInfo( ( TaskHandle_t ) pxNextTCB, &( pxTaskStatusArray[ uxTask ] ), pdTRUE, eState );
 5338              		.loc 1 3781 5 is_stmt 1 discriminator 3 view .LVU1493
 5339 002c 6B68     		ldr	r3, [r5, #4]
 5340 002e DE68     		ldr	r6, [r3, #12]
 5341              	.LVL364:
3781:Middlewares/Third_Party/FreeRTOS/Source/tasks.c **** 				vTaskGetInfo( ( TaskHandle_t ) pxNextTCB, &( pxTaskStatusArray[ uxTask ] ), pdTRUE, eState );
 5342              		.loc 1 3781 5 is_stmt 0 discriminator 3 view .LVU1494
 5343              	.LBE224:
3781:Middlewares/Third_Party/FreeRTOS/Source/tasks.c **** 				vTaskGetInfo( ( TaskHandle_t ) pxNextTCB, &( pxTaskStatusArray[ uxTask ] ), pdTRUE, eState );
 5344              		.loc 1 3781 53 is_stmt 1 view .LVU1495
3782:Middlewares/Third_Party/FreeRTOS/Source/tasks.c **** 				uxTask++;
 5345              		.loc 1 3782 5 view .LVU1496
3782:Middlewares/Third_Party/FreeRTOS/Source/tasks.c **** 				uxTask++;
 5346              		.loc 1 3782 67 is_stmt 0 view .LVU1497
 5347 0030 04EBC401 		add	r1, r4, r4, lsl #3
3782:Middlewares/Third_Party/FreeRTOS/Source/tasks.c **** 				uxTask++;
 5348              		.loc 1 3782 5 view .LVU1498
 5349 0034 4346     		mov	r3, r8
 5350 0036 0122     		movs	r2, #1
 5351 0038 07EB8101 		add	r1, r7, r1, lsl #2
 5352 003c 3046     		mov	r0, r6
 5353 003e FFF7FEFF 		bl	vTaskGetInfo
 5354              	.LVL365:
3783:Middlewares/Third_Party/FreeRTOS/Source/tasks.c **** 			} while( pxNextTCB != pxFirstTCB );
 5355              		.loc 1 3783 5 is_stmt 1 view .LVU1499
3783:Middlewares/Third_Party/FreeRTOS/Source/tasks.c **** 			} while( pxNextTCB != pxFirstTCB );
 5356              		.loc 1 3783 11 is_stmt 0 view .LVU1500
 5357 0042 0134     		adds	r4, r4, #1
 5358              	.LVL366:
ARM GAS  /tmp/cchsWuk7.s 			page 215


3784:Middlewares/Third_Party/FreeRTOS/Source/tasks.c **** 		}
 5359              		.loc 1 3784 23 is_stmt 1 view .LVU1501
 5360 0044 B245     		cmp	r10, r6
 5361 0046 07D0     		beq	.L430
 5362              	.LVL367:
 5363              	.L434:
3773:Middlewares/Third_Party/FreeRTOS/Source/tasks.c **** 
 5364              		.loc 1 3773 53 discriminator 4 view .LVU1502
3779:Middlewares/Third_Party/FreeRTOS/Source/tasks.c **** 			{
 5365              		.loc 1 3779 4 view .LVU1503
 5366              	.LBB225:
3781:Middlewares/Third_Party/FreeRTOS/Source/tasks.c **** 				vTaskGetInfo( ( TaskHandle_t ) pxNextTCB, &( pxTaskStatusArray[ uxTask ] ), pdTRUE, eState );
 5367              		.loc 1 3781 5 view .LVU1504
3781:Middlewares/Third_Party/FreeRTOS/Source/tasks.c **** 				vTaskGetInfo( ( TaskHandle_t ) pxNextTCB, &( pxTaskStatusArray[ uxTask ] ), pdTRUE, eState );
 5368              		.loc 1 3781 5 view .LVU1505
 5369 0048 6B68     		ldr	r3, [r5, #4]
 5370 004a 5968     		ldr	r1, [r3, #4]
 5371 004c 6960     		str	r1, [r5, #4]
3781:Middlewares/Third_Party/FreeRTOS/Source/tasks.c **** 				vTaskGetInfo( ( TaskHandle_t ) pxNextTCB, &( pxTaskStatusArray[ uxTask ] ), pdTRUE, eState );
 5372              		.loc 1 3781 5 view .LVU1506
 5373 004e 8945     		cmp	r9, r1
 5374 0050 ECD1     		bne	.L433
3781:Middlewares/Third_Party/FreeRTOS/Source/tasks.c **** 				vTaskGetInfo( ( TaskHandle_t ) pxNextTCB, &( pxTaskStatusArray[ uxTask ] ), pdTRUE, eState );
 5375              		.loc 1 3781 5 discriminator 1 view .LVU1507
 5376 0052 4B68     		ldr	r3, [r1, #4]
 5377 0054 6B60     		str	r3, [r5, #4]
 5378 0056 E9E7     		b	.L433
 5379              	.LVL368:
 5380              	.L430:
3781:Middlewares/Third_Party/FreeRTOS/Source/tasks.c **** 				vTaskGetInfo( ( TaskHandle_t ) pxNextTCB, &( pxTaskStatusArray[ uxTask ] ), pdTRUE, eState );
 5381              		.loc 1 3781 5 is_stmt 0 discriminator 1 view .LVU1508
 5382              	.LBE225:
3792:Middlewares/Third_Party/FreeRTOS/Source/tasks.c **** 
 5383              		.loc 1 3792 2 view .LVU1509
 5384 0058 2046     		mov	r0, r4
 5385 005a BDE8F087 		pop	{r4, r5, r6, r7, r8, r9, r10, pc}
 5386              		.cfi_endproc
 5387              	.LFE46:
 5389              		.section	.text.uxTaskGetSystemState,"ax",%progbits
 5390              		.align	1
 5391              		.global	uxTaskGetSystemState
 5392              		.syntax unified
 5393              		.thumb
 5394              		.thumb_func
 5396              	uxTaskGetSystemState:
 5397              	.LVL369:
 5398              	.LFB27:
2506:Middlewares/Third_Party/FreeRTOS/Source/tasks.c **** 	UBaseType_t uxTask = 0, uxQueue = configMAX_PRIORITIES;
 5399              		.loc 1 2506 2 is_stmt 1 view -0
 5400              		.cfi_startproc
 5401              		@ args = 0, pretend = 0, frame = 0
 5402              		@ frame_needed = 0, uses_anonymous_args = 0
2506:Middlewares/Third_Party/FreeRTOS/Source/tasks.c **** 	UBaseType_t uxTask = 0, uxQueue = configMAX_PRIORITIES;
 5403              		.loc 1 2506 2 is_stmt 0 view .LVU1511
 5404 0000 F8B5     		push	{r3, r4, r5, r6, r7, lr}
 5405              	.LCFI49:
 5406              		.cfi_def_cfa_offset 24
ARM GAS  /tmp/cchsWuk7.s 			page 216


 5407              		.cfi_offset 3, -24
 5408              		.cfi_offset 4, -20
 5409              		.cfi_offset 5, -16
 5410              		.cfi_offset 6, -12
 5411              		.cfi_offset 7, -8
 5412              		.cfi_offset 14, -4
 5413 0002 0746     		mov	r7, r0
 5414 0004 0C46     		mov	r4, r1
 5415 0006 1646     		mov	r6, r2
2507:Middlewares/Third_Party/FreeRTOS/Source/tasks.c **** 
 5416              		.loc 1 2507 2 is_stmt 1 view .LVU1512
 5417              	.LVL370:
2509:Middlewares/Third_Party/FreeRTOS/Source/tasks.c **** 		{
 5418              		.loc 1 2509 3 view .LVU1513
 5419 0008 FFF7FEFF 		bl	vTaskSuspendAll
 5420              	.LVL371:
2512:Middlewares/Third_Party/FreeRTOS/Source/tasks.c **** 			{
 5421              		.loc 1 2512 4 view .LVU1514
2512:Middlewares/Third_Party/FreeRTOS/Source/tasks.c **** 			{
 5422              		.loc 1 2512 20 is_stmt 0 view .LVU1515
 5423 000c 224B     		ldr	r3, .L442
 5424 000e 1B68     		ldr	r3, [r3]
2512:Middlewares/Third_Party/FreeRTOS/Source/tasks.c **** 			{
 5425              		.loc 1 2512 6 view .LVU1516
 5426 0010 A342     		cmp	r3, r4
 5427 0012 3BD8     		bhi	.L440
2507:Middlewares/Third_Party/FreeRTOS/Source/tasks.c **** 
 5428              		.loc 1 2507 26 view .LVU1517
 5429 0014 3824     		movs	r4, #56
 5430              	.LVL372:
2507:Middlewares/Third_Party/FreeRTOS/Source/tasks.c **** 
 5431              		.loc 1 2507 14 view .LVU1518
 5432 0016 0025     		movs	r5, #0
 5433              	.LVL373:
 5434              	.L439:
2516:Middlewares/Third_Party/FreeRTOS/Source/tasks.c **** 				{
 5435              		.loc 1 2516 5 is_stmt 1 view .LVU1519
2518:Middlewares/Third_Party/FreeRTOS/Source/tasks.c **** 					uxTask += prvListTasksWithinSingleList( &( pxTaskStatusArray[ uxTask ] ), &( pxReadyTasksLists
 5436              		.loc 1 2518 6 view .LVU1520
2518:Middlewares/Third_Party/FreeRTOS/Source/tasks.c **** 					uxTask += prvListTasksWithinSingleList( &( pxTaskStatusArray[ uxTask ] ), &( pxReadyTasksLists
 5437              		.loc 1 2518 13 is_stmt 0 view .LVU1521
 5438 0018 013C     		subs	r4, r4, #1
 5439              	.LVL374:
2519:Middlewares/Third_Party/FreeRTOS/Source/tasks.c **** 
 5440              		.loc 1 2519 6 is_stmt 1 view .LVU1522
2519:Middlewares/Third_Party/FreeRTOS/Source/tasks.c **** 
 5441              		.loc 1 2519 66 is_stmt 0 view .LVU1523
 5442 001a 05EBC500 		add	r0, r5, r5, lsl #3
2519:Middlewares/Third_Party/FreeRTOS/Source/tasks.c **** 
 5443              		.loc 1 2519 16 view .LVU1524
 5444 001e 04EB8401 		add	r1, r4, r4, lsl #2
 5445 0022 0122     		movs	r2, #1
 5446 0024 1D4B     		ldr	r3, .L442+4
 5447 0026 03EB8101 		add	r1, r3, r1, lsl #2
 5448 002a 07EB8000 		add	r0, r7, r0, lsl #2
 5449 002e FFF7FEFF 		bl	prvListTasksWithinSingleList
 5450              	.LVL375:
ARM GAS  /tmp/cchsWuk7.s 			page 217


2519:Middlewares/Third_Party/FreeRTOS/Source/tasks.c **** 
 5451              		.loc 1 2519 13 discriminator 1 view .LVU1525
 5452 0032 0544     		add	r5, r5, r0
 5453              	.LVL376:
2521:Middlewares/Third_Party/FreeRTOS/Source/tasks.c **** 
 5454              		.loc 1 2521 22 is_stmt 1 discriminator 1 view .LVU1526
 5455 0034 002C     		cmp	r4, #0
 5456 0036 EFD1     		bne	.L439
2525:Middlewares/Third_Party/FreeRTOS/Source/tasks.c **** 				uxTask += prvListTasksWithinSingleList( &( pxTaskStatusArray[ uxTask ] ), ( List_t * ) pxOverfl
 5457              		.loc 1 2525 5 view .LVU1527
2525:Middlewares/Third_Party/FreeRTOS/Source/tasks.c **** 				uxTask += prvListTasksWithinSingleList( &( pxTaskStatusArray[ uxTask ] ), ( List_t * ) pxOverfl
 5458              		.loc 1 2525 65 is_stmt 0 view .LVU1528
 5459 0038 05EBC500 		add	r0, r5, r5, lsl #3
2525:Middlewares/Third_Party/FreeRTOS/Source/tasks.c **** 				uxTask += prvListTasksWithinSingleList( &( pxTaskStatusArray[ uxTask ] ), ( List_t * ) pxOverfl
 5460              		.loc 1 2525 15 view .LVU1529
 5461 003c 184B     		ldr	r3, .L442+8
 5462 003e 1968     		ldr	r1, [r3]
 5463 0040 0222     		movs	r2, #2
 5464 0042 07EB8000 		add	r0, r7, r0, lsl #2
 5465 0046 FFF7FEFF 		bl	prvListTasksWithinSingleList
 5466              	.LVL377:
2525:Middlewares/Third_Party/FreeRTOS/Source/tasks.c **** 				uxTask += prvListTasksWithinSingleList( &( pxTaskStatusArray[ uxTask ] ), ( List_t * ) pxOverfl
 5467              		.loc 1 2525 12 discriminator 1 view .LVU1530
 5468 004a 0544     		add	r5, r5, r0
 5469              	.LVL378:
2526:Middlewares/Third_Party/FreeRTOS/Source/tasks.c **** 
 5470              		.loc 1 2526 5 is_stmt 1 view .LVU1531
2526:Middlewares/Third_Party/FreeRTOS/Source/tasks.c **** 
 5471              		.loc 1 2526 65 is_stmt 0 view .LVU1532
 5472 004c 05EBC500 		add	r0, r5, r5, lsl #3
2526:Middlewares/Third_Party/FreeRTOS/Source/tasks.c **** 
 5473              		.loc 1 2526 15 view .LVU1533
 5474 0050 144B     		ldr	r3, .L442+12
 5475 0052 1968     		ldr	r1, [r3]
 5476 0054 0222     		movs	r2, #2
 5477 0056 07EB8000 		add	r0, r7, r0, lsl #2
 5478 005a FFF7FEFF 		bl	prvListTasksWithinSingleList
 5479              	.LVL379:
2526:Middlewares/Third_Party/FreeRTOS/Source/tasks.c **** 
 5480              		.loc 1 2526 12 discriminator 1 view .LVU1534
 5481 005e 0544     		add	r5, r5, r0
 5482              	.LVL380:
2532:Middlewares/Third_Party/FreeRTOS/Source/tasks.c **** 				}
 5483              		.loc 1 2532 6 is_stmt 1 view .LVU1535
2532:Middlewares/Third_Party/FreeRTOS/Source/tasks.c **** 				}
 5484              		.loc 1 2532 66 is_stmt 0 view .LVU1536
 5485 0060 05EBC500 		add	r0, r5, r5, lsl #3
2532:Middlewares/Third_Party/FreeRTOS/Source/tasks.c **** 				}
 5486              		.loc 1 2532 16 view .LVU1537
 5487 0064 0422     		movs	r2, #4
 5488 0066 1049     		ldr	r1, .L442+16
 5489 0068 07EB8000 		add	r0, r7, r0, lsl #2
 5490 006c FFF7FEFF 		bl	prvListTasksWithinSingleList
 5491              	.LVL381:
2532:Middlewares/Third_Party/FreeRTOS/Source/tasks.c **** 				}
 5492              		.loc 1 2532 13 discriminator 1 view .LVU1538
 5493 0070 2C18     		adds	r4, r5, r0
ARM GAS  /tmp/cchsWuk7.s 			page 218


 5494              	.LVL382:
2540:Middlewares/Third_Party/FreeRTOS/Source/tasks.c **** 				}
 5495              		.loc 1 2540 6 is_stmt 1 view .LVU1539
2540:Middlewares/Third_Party/FreeRTOS/Source/tasks.c **** 				}
 5496              		.loc 1 2540 66 is_stmt 0 view .LVU1540
 5497 0072 04EBC400 		add	r0, r4, r4, lsl #3
2540:Middlewares/Third_Party/FreeRTOS/Source/tasks.c **** 				}
 5498              		.loc 1 2540 16 view .LVU1541
 5499 0076 0322     		movs	r2, #3
 5500 0078 0C49     		ldr	r1, .L442+20
 5501 007a 07EB8000 		add	r0, r7, r0, lsl #2
 5502 007e FFF7FEFF 		bl	prvListTasksWithinSingleList
 5503              	.LVL383:
2540:Middlewares/Third_Party/FreeRTOS/Source/tasks.c **** 				}
 5504              		.loc 1 2540 13 discriminator 1 view .LVU1542
 5505 0082 0444     		add	r4, r4, r0
 5506              	.LVL384:
2557:Middlewares/Third_Party/FreeRTOS/Source/tasks.c **** 					{
 5507              		.loc 1 2557 6 is_stmt 1 view .LVU1543
2557:Middlewares/Third_Party/FreeRTOS/Source/tasks.c **** 					{
 5508              		.loc 1 2557 8 is_stmt 0 view .LVU1544
 5509 0084 1EB1     		cbz	r6, .L438
2559:Middlewares/Third_Party/FreeRTOS/Source/tasks.c **** 					}
 5510              		.loc 1 2559 7 is_stmt 1 view .LVU1545
2559:Middlewares/Third_Party/FreeRTOS/Source/tasks.c **** 					}
 5511              		.loc 1 2559 24 is_stmt 0 view .LVU1546
 5512 0086 0023     		movs	r3, #0
 5513 0088 3360     		str	r3, [r6]
 5514 008a 00E0     		b	.L438
 5515              	.LVL385:
 5516              	.L440:
2507:Middlewares/Third_Party/FreeRTOS/Source/tasks.c **** 
 5517              		.loc 1 2507 14 view .LVU1547
 5518 008c 0024     		movs	r4, #0
 5519              	.LVL386:
 5520              	.L438:
2566:Middlewares/Third_Party/FreeRTOS/Source/tasks.c **** 			}
 5521              		.loc 1 2566 29 is_stmt 1 view .LVU1548
2569:Middlewares/Third_Party/FreeRTOS/Source/tasks.c **** 
 5522              		.loc 1 2569 3 view .LVU1549
2569:Middlewares/Third_Party/FreeRTOS/Source/tasks.c **** 
 5523              		.loc 1 2569 12 is_stmt 0 view .LVU1550
 5524 008e FFF7FEFF 		bl	xTaskResumeAll
 5525              	.LVL387:
2571:Middlewares/Third_Party/FreeRTOS/Source/tasks.c **** 	}
 5526              		.loc 1 2571 3 is_stmt 1 view .LVU1551
2572:Middlewares/Third_Party/FreeRTOS/Source/tasks.c **** 
 5527              		.loc 1 2572 2 is_stmt 0 view .LVU1552
 5528 0092 2046     		mov	r0, r4
 5529 0094 F8BD     		pop	{r3, r4, r5, r6, r7, pc}
 5530              	.LVL388:
 5531              	.L443:
2572:Middlewares/Third_Party/FreeRTOS/Source/tasks.c **** 
 5532              		.loc 1 2572 2 view .LVU1553
 5533 0096 00BF     		.align	2
 5534              	.L442:
 5535 0098 00000000 		.word	uxCurrentNumberOfTasks
ARM GAS  /tmp/cchsWuk7.s 			page 219


 5536 009c 00000000 		.word	pxReadyTasksLists
 5537 00a0 00000000 		.word	pxDelayedTaskList
 5538 00a4 00000000 		.word	pxOverflowDelayedTaskList
 5539 00a8 00000000 		.word	xTasksWaitingTermination
 5540 00ac 00000000 		.word	xSuspendedTaskList
 5541              		.cfi_endproc
 5542              	.LFE27:
 5544              		.section	.text.uxTaskGetStackHighWaterMark,"ax",%progbits
 5545              		.align	1
 5546              		.global	uxTaskGetStackHighWaterMark
 5547              		.syntax unified
 5548              		.thumb
 5549              		.thumb_func
 5551              	uxTaskGetStackHighWaterMark:
 5552              	.LVL389:
 5553              	.LFB48:
3860:Middlewares/Third_Party/FreeRTOS/Source/tasks.c **** 	TCB_t *pxTCB;
 5554              		.loc 1 3860 2 is_stmt 1 view -0
 5555              		.cfi_startproc
 5556              		@ args = 0, pretend = 0, frame = 0
 5557              		@ frame_needed = 0, uses_anonymous_args = 0
3860:Middlewares/Third_Party/FreeRTOS/Source/tasks.c **** 	TCB_t *pxTCB;
 5558              		.loc 1 3860 2 is_stmt 0 view .LVU1555
 5559 0000 08B5     		push	{r3, lr}
 5560              	.LCFI50:
 5561              		.cfi_def_cfa_offset 8
 5562              		.cfi_offset 3, -8
 5563              		.cfi_offset 14, -4
3861:Middlewares/Third_Party/FreeRTOS/Source/tasks.c **** 	uint8_t *pucEndOfStack;
 5564              		.loc 1 3861 2 is_stmt 1 view .LVU1556
3862:Middlewares/Third_Party/FreeRTOS/Source/tasks.c **** 	UBaseType_t uxReturn;
 5565              		.loc 1 3862 2 view .LVU1557
3863:Middlewares/Third_Party/FreeRTOS/Source/tasks.c **** 
 5566              		.loc 1 3863 2 view .LVU1558
3865:Middlewares/Third_Party/FreeRTOS/Source/tasks.c **** 
 5567              		.loc 1 3865 3 view .LVU1559
3865:Middlewares/Third_Party/FreeRTOS/Source/tasks.c **** 
 5568              		.loc 1 3865 11 is_stmt 0 view .LVU1560
 5569 0002 0346     		mov	r3, r0
 5570 0004 18B1     		cbz	r0, .L447
 5571              	.LVL390:
 5572              	.L445:
3869:Middlewares/Third_Party/FreeRTOS/Source/tasks.c **** 		}
 5573              		.loc 1 3869 4 is_stmt 1 view .LVU1561
3877:Middlewares/Third_Party/FreeRTOS/Source/tasks.c **** 
 5574              		.loc 1 3877 3 view .LVU1562
3877:Middlewares/Third_Party/FreeRTOS/Source/tasks.c **** 
 5575              		.loc 1 3877 30 is_stmt 0 view .LVU1563
 5576 0006 186B     		ldr	r0, [r3, #48]
 5577 0008 FFF7FEFF 		bl	prvTaskCheckFreeStackSpace
 5578              	.LVL391:
3879:Middlewares/Third_Party/FreeRTOS/Source/tasks.c **** 	}
 5579              		.loc 1 3879 3 is_stmt 1 view .LVU1564
3880:Middlewares/Third_Party/FreeRTOS/Source/tasks.c **** 
 5580              		.loc 1 3880 2 is_stmt 0 view .LVU1565
 5581 000c 08BD     		pop	{r3, pc}
 5582              	.LVL392:
ARM GAS  /tmp/cchsWuk7.s 			page 220


 5583              	.L447:
3865:Middlewares/Third_Party/FreeRTOS/Source/tasks.c **** 
 5584              		.loc 1 3865 11 discriminator 1 view .LVU1566
 5585 000e 014B     		ldr	r3, .L448
 5586 0010 1B68     		ldr	r3, [r3]
 5587              	.LVL393:
3865:Middlewares/Third_Party/FreeRTOS/Source/tasks.c **** 
 5588              		.loc 1 3865 11 discriminator 1 view .LVU1567
 5589 0012 F8E7     		b	.L445
 5590              	.L449:
 5591              		.align	2
 5592              	.L448:
 5593 0014 00000000 		.word	pxCurrentTCB
 5594              		.cfi_endproc
 5595              	.LFE48:
 5597              		.section	.text.xTaskGetCurrentTaskHandle,"ax",%progbits
 5598              		.align	1
 5599              		.global	xTaskGetCurrentTaskHandle
 5600              		.syntax unified
 5601              		.thumb
 5602              		.thumb_func
 5604              	xTaskGetCurrentTaskHandle:
 5605              	.LFB51:
3970:Middlewares/Third_Party/FreeRTOS/Source/tasks.c **** 	TaskHandle_t xReturn;
 5606              		.loc 1 3970 2 is_stmt 1 view -0
 5607              		.cfi_startproc
 5608              		@ args = 0, pretend = 0, frame = 0
 5609              		@ frame_needed = 0, uses_anonymous_args = 0
 5610              		@ link register save eliminated.
3971:Middlewares/Third_Party/FreeRTOS/Source/tasks.c **** 
 5611              		.loc 1 3971 2 view .LVU1569
3976:Middlewares/Third_Party/FreeRTOS/Source/tasks.c **** 
 5612              		.loc 1 3976 3 view .LVU1570
3976:Middlewares/Third_Party/FreeRTOS/Source/tasks.c **** 
 5613              		.loc 1 3976 11 is_stmt 0 view .LVU1571
 5614 0000 014B     		ldr	r3, .L451
 5615 0002 1868     		ldr	r0, [r3]
 5616              	.LVL394:
3978:Middlewares/Third_Party/FreeRTOS/Source/tasks.c **** 	}
 5617              		.loc 1 3978 3 is_stmt 1 view .LVU1572
3979:Middlewares/Third_Party/FreeRTOS/Source/tasks.c **** 
 5618              		.loc 1 3979 2 is_stmt 0 view .LVU1573
 5619 0004 7047     		bx	lr
 5620              	.L452:
 5621 0006 00BF     		.align	2
 5622              	.L451:
 5623 0008 00000000 		.word	pxCurrentTCB
 5624              		.cfi_endproc
 5625              	.LFE51:
 5627              		.section	.text.xTaskGetSchedulerState,"ax",%progbits
 5628              		.align	1
 5629              		.global	xTaskGetSchedulerState
 5630              		.syntax unified
 5631              		.thumb
 5632              		.thumb_func
 5634              	xTaskGetSchedulerState:
 5635              	.LFB52:
ARM GAS  /tmp/cchsWuk7.s 			page 221


3987:Middlewares/Third_Party/FreeRTOS/Source/tasks.c **** 	BaseType_t xReturn;
 5636              		.loc 1 3987 2 is_stmt 1 view -0
 5637              		.cfi_startproc
 5638              		@ args = 0, pretend = 0, frame = 0
 5639              		@ frame_needed = 0, uses_anonymous_args = 0
 5640              		@ link register save eliminated.
3988:Middlewares/Third_Party/FreeRTOS/Source/tasks.c **** 
 5641              		.loc 1 3988 2 view .LVU1575
3990:Middlewares/Third_Party/FreeRTOS/Source/tasks.c **** 		{
 5642              		.loc 1 3990 3 view .LVU1576
3990:Middlewares/Third_Party/FreeRTOS/Source/tasks.c **** 		{
 5643              		.loc 1 3990 25 is_stmt 0 view .LVU1577
 5644 0000 054B     		ldr	r3, .L458
 5645 0002 1B68     		ldr	r3, [r3]
3990:Middlewares/Third_Party/FreeRTOS/Source/tasks.c **** 		{
 5646              		.loc 1 3990 5 view .LVU1578
 5647 0004 33B1     		cbz	r3, .L455
3996:Middlewares/Third_Party/FreeRTOS/Source/tasks.c **** 			{
 5648              		.loc 1 3996 4 is_stmt 1 view .LVU1579
3996:Middlewares/Third_Party/FreeRTOS/Source/tasks.c **** 			{
 5649              		.loc 1 3996 29 is_stmt 0 view .LVU1580
 5650 0006 054B     		ldr	r3, .L458+4
 5651 0008 1B68     		ldr	r3, [r3]
3996:Middlewares/Third_Party/FreeRTOS/Source/tasks.c **** 			{
 5652              		.loc 1 3996 6 view .LVU1581
 5653 000a 0BB1     		cbz	r3, .L457
4002:Middlewares/Third_Party/FreeRTOS/Source/tasks.c **** 			}
 5654              		.loc 1 4002 13 view .LVU1582
 5655 000c 0020     		movs	r0, #0
 5656              	.LVL395:
4006:Middlewares/Third_Party/FreeRTOS/Source/tasks.c **** 	}
 5657              		.loc 1 4006 3 is_stmt 1 view .LVU1583
4007:Middlewares/Third_Party/FreeRTOS/Source/tasks.c **** 
 5658              		.loc 1 4007 2 is_stmt 0 view .LVU1584
 5659 000e 7047     		bx	lr
 5660              	.LVL396:
 5661              	.L457:
3998:Middlewares/Third_Party/FreeRTOS/Source/tasks.c **** 			}
 5662              		.loc 1 3998 13 view .LVU1585
 5663 0010 0220     		movs	r0, #2
 5664 0012 7047     		bx	lr
 5665              	.L455:
3992:Middlewares/Third_Party/FreeRTOS/Source/tasks.c **** 		}
 5666              		.loc 1 3992 12 view .LVU1586
 5667 0014 0120     		movs	r0, #1
 5668 0016 7047     		bx	lr
 5669              	.L459:
 5670              		.align	2
 5671              	.L458:
 5672 0018 00000000 		.word	xSchedulerRunning
 5673 001c 00000000 		.word	uxSchedulerSuspended
 5674              		.cfi_endproc
 5675              	.LFE52:
 5677              		.section	.text.xTaskPriorityInherit,"ax",%progbits
 5678              		.align	1
 5679              		.global	xTaskPriorityInherit
 5680              		.syntax unified
ARM GAS  /tmp/cchsWuk7.s 			page 222


 5681              		.thumb
 5682              		.thumb_func
 5684              	xTaskPriorityInherit:
 5685              	.LVL397:
 5686              	.LFB53:
4015:Middlewares/Third_Party/FreeRTOS/Source/tasks.c **** 	TCB_t * const pxMutexHolderTCB = pxMutexHolder;
 5687              		.loc 1 4015 2 is_stmt 1 view -0
 5688              		.cfi_startproc
 5689              		@ args = 0, pretend = 0, frame = 0
 5690              		@ frame_needed = 0, uses_anonymous_args = 0
4016:Middlewares/Third_Party/FreeRTOS/Source/tasks.c **** 	BaseType_t xReturn = pdFALSE;
 5691              		.loc 1 4016 2 view .LVU1588
4017:Middlewares/Third_Party/FreeRTOS/Source/tasks.c **** 
 5692              		.loc 1 4017 2 view .LVU1589
4022:Middlewares/Third_Party/FreeRTOS/Source/tasks.c **** 		{
 5693              		.loc 1 4022 3 view .LVU1590
4022:Middlewares/Third_Party/FreeRTOS/Source/tasks.c **** 		{
 5694              		.loc 1 4022 5 is_stmt 0 view .LVU1591
 5695 0000 0028     		cmp	r0, #0
 5696 0002 3ED0     		beq	.L466
4015:Middlewares/Third_Party/FreeRTOS/Source/tasks.c **** 	TCB_t * const pxMutexHolderTCB = pxMutexHolder;
 5697              		.loc 1 4015 2 view .LVU1592
 5698 0004 38B5     		push	{r3, r4, r5, lr}
 5699              	.LCFI51:
 5700              		.cfi_def_cfa_offset 16
 5701              		.cfi_offset 3, -16
 5702              		.cfi_offset 4, -12
 5703              		.cfi_offset 5, -8
 5704              		.cfi_offset 14, -4
 5705 0006 0446     		mov	r4, r0
4027:Middlewares/Third_Party/FreeRTOS/Source/tasks.c **** 			{
 5706              		.loc 1 4027 4 is_stmt 1 view .LVU1593
4027:Middlewares/Third_Party/FreeRTOS/Source/tasks.c **** 			{
 5707              		.loc 1 4027 24 is_stmt 0 view .LVU1594
 5708 0008 C36A     		ldr	r3, [r0, #44]
4027:Middlewares/Third_Party/FreeRTOS/Source/tasks.c **** 			{
 5709              		.loc 1 4027 51 view .LVU1595
 5710 000a 204A     		ldr	r2, .L473
 5711 000c 1268     		ldr	r2, [r2]
 5712 000e D26A     		ldr	r2, [r2, #44]
4027:Middlewares/Third_Party/FreeRTOS/Source/tasks.c **** 			{
 5713              		.loc 1 4027 6 view .LVU1596
 5714 0010 9342     		cmp	r3, r2
 5715 0012 2ED2     		bcs	.L462
4032:Middlewares/Third_Party/FreeRTOS/Source/tasks.c **** 				{
 5716              		.loc 1 4032 5 is_stmt 1 view .LVU1597
4032:Middlewares/Third_Party/FreeRTOS/Source/tasks.c **** 				{
 5717              		.loc 1 4032 11 is_stmt 0 view .LVU1598
 5718 0014 8269     		ldr	r2, [r0, #24]
4032:Middlewares/Third_Party/FreeRTOS/Source/tasks.c **** 				{
 5719              		.loc 1 4032 7 view .LVU1599
 5720 0016 002A     		cmp	r2, #0
 5721 0018 05DB     		blt	.L463
4034:Middlewares/Third_Party/FreeRTOS/Source/tasks.c **** 				}
 5722              		.loc 1 4034 6 is_stmt 1 view .LVU1600
 5723 001a 1C4A     		ldr	r2, .L473
 5724 001c 1268     		ldr	r2, [r2]
ARM GAS  /tmp/cchsWuk7.s 			page 223


 5725 001e D26A     		ldr	r2, [r2, #44]
 5726 0020 C2F13802 		rsb	r2, r2, #56
 5727 0024 8261     		str	r2, [r0, #24]
 5728              	.L463:
4038:Middlewares/Third_Party/FreeRTOS/Source/tasks.c **** 				}
 5729              		.loc 1 4038 30 view .LVU1601
4043:Middlewares/Third_Party/FreeRTOS/Source/tasks.c **** 				{
 5730              		.loc 1 4043 5 view .LVU1602
4043:Middlewares/Third_Party/FreeRTOS/Source/tasks.c **** 				{
 5731              		.loc 1 4043 9 is_stmt 0 view .LVU1603
 5732 0026 6169     		ldr	r1, [r4, #20]
 5733 0028 03EB8303 		add	r3, r3, r3, lsl #2
 5734 002c 184A     		ldr	r2, .L473+4
 5735 002e 02EB8303 		add	r3, r2, r3, lsl #2
4043:Middlewares/Third_Party/FreeRTOS/Source/tasks.c **** 				{
 5736              		.loc 1 4043 7 view .LVU1604
 5737 0032 9942     		cmp	r1, r3
 5738 0034 05D0     		beq	.L472
4064:Middlewares/Third_Party/FreeRTOS/Source/tasks.c **** 				}
 5739              		.loc 1 4064 6 is_stmt 1 view .LVU1605
4064:Middlewares/Third_Party/FreeRTOS/Source/tasks.c **** 				}
 5740              		.loc 1 4064 49 is_stmt 0 view .LVU1606
 5741 0036 154B     		ldr	r3, .L473
 5742 0038 1B68     		ldr	r3, [r3]
 5743 003a DB6A     		ldr	r3, [r3, #44]
4064:Middlewares/Third_Party/FreeRTOS/Source/tasks.c **** 				}
 5744              		.loc 1 4064 35 view .LVU1607
 5745 003c E362     		str	r3, [r4, #44]
4070:Middlewares/Third_Party/FreeRTOS/Source/tasks.c **** 			}
 5746              		.loc 1 4070 13 view .LVU1608
 5747 003e 0120     		movs	r0, #1
 5748              	.LVL398:
 5749              	.L460:
4097:Middlewares/Third_Party/FreeRTOS/Source/tasks.c **** 
 5750              		.loc 1 4097 2 view .LVU1609
 5751 0040 38BD     		pop	{r3, r4, r5, pc}
 5752              	.LVL399:
 5753              	.L472:
4045:Middlewares/Third_Party/FreeRTOS/Source/tasks.c **** 					{
 5754              		.loc 1 4045 6 is_stmt 1 view .LVU1610
4045:Middlewares/Third_Party/FreeRTOS/Source/tasks.c **** 					{
 5755              		.loc 1 4045 10 is_stmt 0 view .LVU1611
 5756 0042 251D     		adds	r5, r4, #4
 5757 0044 2846     		mov	r0, r5
 5758              	.LVL400:
4045:Middlewares/Third_Party/FreeRTOS/Source/tasks.c **** 					{
 5759              		.loc 1 4045 10 view .LVU1612
 5760 0046 FFF7FEFF 		bl	uxListRemove
 5761              	.LVL401:
4050:Middlewares/Third_Party/FreeRTOS/Source/tasks.c **** 					}
 5762              		.loc 1 4050 83 is_stmt 1 view .LVU1613
4054:Middlewares/Third_Party/FreeRTOS/Source/tasks.c **** 					}
 5763              		.loc 1 4054 31 view .LVU1614
4058:Middlewares/Third_Party/FreeRTOS/Source/tasks.c **** 					prvAddTaskToReadyList( pxMutexHolderTCB );
 5764              		.loc 1 4058 6 view .LVU1615
4058:Middlewares/Third_Party/FreeRTOS/Source/tasks.c **** 					prvAddTaskToReadyList( pxMutexHolderTCB );
 5765              		.loc 1 4058 49 is_stmt 0 view .LVU1616
ARM GAS  /tmp/cchsWuk7.s 			page 224


 5766 004a 104B     		ldr	r3, .L473
 5767 004c 1B68     		ldr	r3, [r3]
 5768 004e D86A     		ldr	r0, [r3, #44]
4058:Middlewares/Third_Party/FreeRTOS/Source/tasks.c **** 					prvAddTaskToReadyList( pxMutexHolderTCB );
 5769              		.loc 1 4058 35 view .LVU1617
 5770 0050 E062     		str	r0, [r4, #44]
4059:Middlewares/Third_Party/FreeRTOS/Source/tasks.c **** 				}
 5771              		.loc 1 4059 6 is_stmt 1 view .LVU1618
4059:Middlewares/Third_Party/FreeRTOS/Source/tasks.c **** 				}
 5772              		.loc 1 4059 6 view .LVU1619
 5773 0052 104B     		ldr	r3, .L473+8
 5774 0054 1B68     		ldr	r3, [r3]
 5775 0056 9842     		cmp	r0, r3
 5776 0058 01D9     		bls	.L465
4059:Middlewares/Third_Party/FreeRTOS/Source/tasks.c **** 				}
 5777              		.loc 1 4059 6 discriminator 1 view .LVU1620
 5778 005a 0E4B     		ldr	r3, .L473+8
 5779 005c 1860     		str	r0, [r3]
 5780              	.L465:
4059:Middlewares/Third_Party/FreeRTOS/Source/tasks.c **** 				}
 5781              		.loc 1 4059 6 discriminator 3 view .LVU1621
4059:Middlewares/Third_Party/FreeRTOS/Source/tasks.c **** 				}
 5782              		.loc 1 4059 6 discriminator 3 view .LVU1622
 5783 005e 00EB8000 		add	r0, r0, r0, lsl #2
 5784 0062 2946     		mov	r1, r5
 5785 0064 0A4B     		ldr	r3, .L473+4
 5786 0066 03EB8000 		add	r0, r3, r0, lsl #2
 5787 006a FFF7FEFF 		bl	vListInsertEnd
 5788              	.LVL402:
4059:Middlewares/Third_Party/FreeRTOS/Source/tasks.c **** 				}
 5789              		.loc 1 4059 47 discriminator 1 view .LVU1623
4070:Middlewares/Third_Party/FreeRTOS/Source/tasks.c **** 			}
 5790              		.loc 1 4070 13 is_stmt 0 view .LVU1624
 5791 006e 0120     		movs	r0, #1
 5792 0070 E6E7     		b	.L460
 5793              	.LVL403:
 5794              	.L462:
4074:Middlewares/Third_Party/FreeRTOS/Source/tasks.c **** 				{
 5795              		.loc 1 4074 5 is_stmt 1 view .LVU1625
4074:Middlewares/Third_Party/FreeRTOS/Source/tasks.c **** 				{
 5796              		.loc 1 4074 25 is_stmt 0 view .LVU1626
 5797 0072 C26C     		ldr	r2, [r0, #76]
4074:Middlewares/Third_Party/FreeRTOS/Source/tasks.c **** 				{
 5798              		.loc 1 4074 56 view .LVU1627
 5799 0074 054B     		ldr	r3, .L473
 5800 0076 1B68     		ldr	r3, [r3]
 5801 0078 DB6A     		ldr	r3, [r3, #44]
4074:Middlewares/Third_Party/FreeRTOS/Source/tasks.c **** 				{
 5802              		.loc 1 4074 7 view .LVU1628
 5803 007a 9A42     		cmp	r2, r3
 5804 007c 03D3     		bcc	.L467
4017:Middlewares/Third_Party/FreeRTOS/Source/tasks.c **** 
 5805              		.loc 1 4017 13 view .LVU1629
 5806 007e 0020     		movs	r0, #0
 5807              	.LVL404:
4017:Middlewares/Third_Party/FreeRTOS/Source/tasks.c **** 
 5808              		.loc 1 4017 13 view .LVU1630
ARM GAS  /tmp/cchsWuk7.s 			page 225


 5809 0080 DEE7     		b	.L460
 5810              	.LVL405:
 5811              	.L466:
 5812              	.LCFI52:
 5813              		.cfi_def_cfa_offset 0
 5814              		.cfi_restore 3
 5815              		.cfi_restore 4
 5816              		.cfi_restore 5
 5817              		.cfi_restore 14
4017:Middlewares/Third_Party/FreeRTOS/Source/tasks.c **** 
 5818              		.loc 1 4017 13 view .LVU1631
 5819 0082 0020     		movs	r0, #0
 5820              	.LVL406:
4097:Middlewares/Third_Party/FreeRTOS/Source/tasks.c **** 
 5821              		.loc 1 4097 2 view .LVU1632
 5822 0084 7047     		bx	lr
 5823              	.LVL407:
 5824              	.L467:
 5825              	.LCFI53:
 5826              		.cfi_def_cfa_offset 16
 5827              		.cfi_offset 3, -16
 5828              		.cfi_offset 4, -12
 5829              		.cfi_offset 5, -8
 5830              		.cfi_offset 14, -4
4083:Middlewares/Third_Party/FreeRTOS/Source/tasks.c **** 				}
 5831              		.loc 1 4083 14 view .LVU1633
 5832 0086 0120     		movs	r0, #1
 5833              	.LVL408:
4093:Middlewares/Third_Party/FreeRTOS/Source/tasks.c **** 		}
 5834              		.loc 1 4093 28 is_stmt 1 view .LVU1634
4096:Middlewares/Third_Party/FreeRTOS/Source/tasks.c **** 	}
 5835              		.loc 1 4096 3 view .LVU1635
4096:Middlewares/Third_Party/FreeRTOS/Source/tasks.c **** 	}
 5836              		.loc 1 4096 10 is_stmt 0 view .LVU1636
 5837 0088 DAE7     		b	.L460
 5838              	.L474:
 5839 008a 00BF     		.align	2
 5840              	.L473:
 5841 008c 00000000 		.word	pxCurrentTCB
 5842 0090 00000000 		.word	pxReadyTasksLists
 5843 0094 00000000 		.word	uxTopReadyPriority
 5844              		.cfi_endproc
 5845              	.LFE53:
 5847              		.section	.text.xTaskPriorityDisinherit,"ax",%progbits
 5848              		.align	1
 5849              		.global	xTaskPriorityDisinherit
 5850              		.syntax unified
 5851              		.thumb
 5852              		.thumb_func
 5854              	xTaskPriorityDisinherit:
 5855              	.LVL409:
 5856              	.LFB54:
4105:Middlewares/Third_Party/FreeRTOS/Source/tasks.c **** 	TCB_t * const pxTCB = pxMutexHolder;
 5857              		.loc 1 4105 2 is_stmt 1 view -0
 5858              		.cfi_startproc
 5859              		@ args = 0, pretend = 0, frame = 0
 5860              		@ frame_needed = 0, uses_anonymous_args = 0
ARM GAS  /tmp/cchsWuk7.s 			page 226


4106:Middlewares/Third_Party/FreeRTOS/Source/tasks.c **** 	BaseType_t xReturn = pdFALSE;
 5861              		.loc 1 4106 2 view .LVU1638
4107:Middlewares/Third_Party/FreeRTOS/Source/tasks.c **** 
 5862              		.loc 1 4107 2 view .LVU1639
4109:Middlewares/Third_Party/FreeRTOS/Source/tasks.c **** 		{
 5863              		.loc 1 4109 3 view .LVU1640
4109:Middlewares/Third_Party/FreeRTOS/Source/tasks.c **** 		{
 5864              		.loc 1 4109 5 is_stmt 0 view .LVU1641
 5865 0000 0028     		cmp	r0, #0
 5866 0002 3BD0     		beq	.L482
4105:Middlewares/Third_Party/FreeRTOS/Source/tasks.c **** 	TCB_t * const pxTCB = pxMutexHolder;
 5867              		.loc 1 4105 2 view .LVU1642
 5868 0004 38B5     		push	{r3, r4, r5, lr}
 5869              	.LCFI54:
 5870              		.cfi_def_cfa_offset 16
 5871              		.cfi_offset 3, -16
 5872              		.cfi_offset 4, -12
 5873              		.cfi_offset 5, -8
 5874              		.cfi_offset 14, -4
 5875 0006 0446     		mov	r4, r0
4115:Middlewares/Third_Party/FreeRTOS/Source/tasks.c **** 			configASSERT( pxTCB->uxMutexesHeld );
 5876              		.loc 1 4115 4 is_stmt 1 view .LVU1643
 5877 0008 1E4B     		ldr	r3, .L490
 5878 000a 1B68     		ldr	r3, [r3]
 5879 000c 8342     		cmp	r3, r0
 5880 000e 08D0     		beq	.L477
4115:Middlewares/Third_Party/FreeRTOS/Source/tasks.c **** 			configASSERT( pxTCB->uxMutexesHeld );
 5881              		.loc 1 4115 4 discriminator 1 view .LVU1644
 5882              	.LBB226:
 5883              	.LBI226:
 191:Middlewares/Third_Party/FreeRTOS/Source/portable/GCC/ARM_CM4F/portmacro.h **** {
 5884              		.loc 2 191 30 view .LVU1645
 5885              	.LBB227:
 193:Middlewares/Third_Party/FreeRTOS/Source/portable/GCC/ARM_CM4F/portmacro.h **** 
 5886              		.loc 2 193 1 view .LVU1646
 195:Middlewares/Third_Party/FreeRTOS/Source/portable/GCC/ARM_CM4F/portmacro.h **** 	(
 5887              		.loc 2 195 2 view .LVU1647
 5888              		.syntax unified
 5889              	@ 195 "Middlewares/Third_Party/FreeRTOS/Source/portable/GCC/ARM_CM4F/portmacro.h" 1
 5890 0010 4FF05003 			mov r3, #80												
 5891 0014 83F31188 		msr basepri, r3											
 5892 0018 BFF36F8F 		isb														
 5893 001c BFF34F8F 		dsb														
 5894              	
 5895              	@ 0 "" 2
 5896              		.thumb
 5897              		.syntax unified
 5898              	.L478:
 5899              	.LBE227:
 5900              	.LBE226:
4115:Middlewares/Third_Party/FreeRTOS/Source/tasks.c **** 			configASSERT( pxTCB->uxMutexesHeld );
 5901              		.loc 1 4115 4 discriminator 3 view .LVU1648
4115:Middlewares/Third_Party/FreeRTOS/Source/tasks.c **** 			configASSERT( pxTCB->uxMutexesHeld );
 5902              		.loc 1 4115 4 discriminator 3 view .LVU1649
 5903 0020 FEE7     		b	.L478
 5904              	.L477:
4115:Middlewares/Third_Party/FreeRTOS/Source/tasks.c **** 			configASSERT( pxTCB->uxMutexesHeld );
ARM GAS  /tmp/cchsWuk7.s 			page 227


 5905              		.loc 1 4115 41 discriminator 2 view .LVU1650
4116:Middlewares/Third_Party/FreeRTOS/Source/tasks.c **** 			( pxTCB->uxMutexesHeld )--;
 5906              		.loc 1 4116 4 view .LVU1651
 5907 0022 036D     		ldr	r3, [r0, #80]
 5908 0024 43B9     		cbnz	r3, .L479
4116:Middlewares/Third_Party/FreeRTOS/Source/tasks.c **** 			( pxTCB->uxMutexesHeld )--;
 5909              		.loc 1 4116 4 discriminator 1 view .LVU1652
 5910              	.LBB228:
 5911              	.LBI228:
 191:Middlewares/Third_Party/FreeRTOS/Source/portable/GCC/ARM_CM4F/portmacro.h **** {
 5912              		.loc 2 191 30 view .LVU1653
 5913              	.LBB229:
 193:Middlewares/Third_Party/FreeRTOS/Source/portable/GCC/ARM_CM4F/portmacro.h **** 
 5914              		.loc 2 193 1 view .LVU1654
 195:Middlewares/Third_Party/FreeRTOS/Source/portable/GCC/ARM_CM4F/portmacro.h **** 	(
 5915              		.loc 2 195 2 view .LVU1655
 5916              		.syntax unified
 5917              	@ 195 "Middlewares/Third_Party/FreeRTOS/Source/portable/GCC/ARM_CM4F/portmacro.h" 1
 5918 0026 4FF05003 			mov r3, #80												
 5919 002a 83F31188 		msr basepri, r3											
 5920 002e BFF36F8F 		isb														
 5921 0032 BFF34F8F 		dsb														
 5922              	
 5923              	@ 0 "" 2
 5924              		.thumb
 5925              		.syntax unified
 5926              	.L480:
 5927              	.LBE229:
 5928              	.LBE228:
4116:Middlewares/Third_Party/FreeRTOS/Source/tasks.c **** 			( pxTCB->uxMutexesHeld )--;
 5929              		.loc 1 4116 4 discriminator 3 view .LVU1656
4116:Middlewares/Third_Party/FreeRTOS/Source/tasks.c **** 			( pxTCB->uxMutexesHeld )--;
 5930              		.loc 1 4116 4 discriminator 3 view .LVU1657
 5931 0036 FEE7     		b	.L480
 5932              	.L479:
4116:Middlewares/Third_Party/FreeRTOS/Source/tasks.c **** 			( pxTCB->uxMutexesHeld )--;
 5933              		.loc 1 4116 40 discriminator 2 view .LVU1658
4117:Middlewares/Third_Party/FreeRTOS/Source/tasks.c **** 
 5934              		.loc 1 4117 4 view .LVU1659
4117:Middlewares/Third_Party/FreeRTOS/Source/tasks.c **** 
 5935              		.loc 1 4117 28 is_stmt 0 view .LVU1660
 5936 0038 013B     		subs	r3, r3, #1
 5937 003a 0365     		str	r3, [r0, #80]
4121:Middlewares/Third_Party/FreeRTOS/Source/tasks.c **** 			{
 5938              		.loc 1 4121 4 is_stmt 1 view .LVU1661
4121:Middlewares/Third_Party/FreeRTOS/Source/tasks.c **** 			{
 5939              		.loc 1 4121 13 is_stmt 0 view .LVU1662
 5940 003c C16A     		ldr	r1, [r0, #44]
4121:Middlewares/Third_Party/FreeRTOS/Source/tasks.c **** 			{
 5941              		.loc 1 4121 34 view .LVU1663
 5942 003e C26C     		ldr	r2, [r0, #76]
4121:Middlewares/Third_Party/FreeRTOS/Source/tasks.c **** 			{
 5943              		.loc 1 4121 6 view .LVU1664
 5944 0040 9142     		cmp	r1, r2
 5945 0042 1DD0     		beq	.L483
4124:Middlewares/Third_Party/FreeRTOS/Source/tasks.c **** 				{
 5946              		.loc 1 4124 5 is_stmt 1 view .LVU1665
ARM GAS  /tmp/cchsWuk7.s 			page 228


4124:Middlewares/Third_Party/FreeRTOS/Source/tasks.c **** 				{
 5947              		.loc 1 4124 7 is_stmt 0 view .LVU1666
 5948 0044 0BB1     		cbz	r3, .L489
4107:Middlewares/Third_Party/FreeRTOS/Source/tasks.c **** 
 5949              		.loc 1 4107 13 view .LVU1667
 5950 0046 0020     		movs	r0, #0
 5951              	.LVL410:
4173:Middlewares/Third_Party/FreeRTOS/Source/tasks.c **** 		}
 5952              		.loc 1 4173 28 is_stmt 1 view .LVU1668
4176:Middlewares/Third_Party/FreeRTOS/Source/tasks.c **** 	}
 5953              		.loc 1 4176 3 view .LVU1669
 5954              	.L475:
4177:Middlewares/Third_Party/FreeRTOS/Source/tasks.c **** 
 5955              		.loc 1 4177 2 is_stmt 0 view .LVU1670
 5956 0048 38BD     		pop	{r3, r4, r5, pc}
 5957              	.LVL411:
 5958              	.L489:
4131:Middlewares/Third_Party/FreeRTOS/Source/tasks.c **** 					{
 5959              		.loc 1 4131 6 is_stmt 1 view .LVU1671
4131:Middlewares/Third_Party/FreeRTOS/Source/tasks.c **** 					{
 5960              		.loc 1 4131 10 is_stmt 0 view .LVU1672
 5961 004a 051D     		adds	r5, r0, #4
 5962 004c 2846     		mov	r0, r5
 5963              	.LVL412:
4131:Middlewares/Third_Party/FreeRTOS/Source/tasks.c **** 					{
 5964              		.loc 1 4131 10 view .LVU1673
 5965 004e FFF7FEFF 		bl	uxListRemove
 5966              	.LVL413:
4133:Middlewares/Third_Party/FreeRTOS/Source/tasks.c **** 					}
 5967              		.loc 1 4133 52 is_stmt 1 view .LVU1674
4137:Middlewares/Third_Party/FreeRTOS/Source/tasks.c **** 					}
 5968              		.loc 1 4137 31 view .LVU1675
4142:Middlewares/Third_Party/FreeRTOS/Source/tasks.c **** 					pxTCB->uxPriority = pxTCB->uxBasePriority;
 5969              		.loc 1 4142 67 view .LVU1676
4143:Middlewares/Third_Party/FreeRTOS/Source/tasks.c **** 
 5970              		.loc 1 4143 6 view .LVU1677
4143:Middlewares/Third_Party/FreeRTOS/Source/tasks.c **** 
 5971              		.loc 1 4143 31 is_stmt 0 view .LVU1678
 5972 0052 E06C     		ldr	r0, [r4, #76]
4143:Middlewares/Third_Party/FreeRTOS/Source/tasks.c **** 
 5973              		.loc 1 4143 24 view .LVU1679
 5974 0054 E062     		str	r0, [r4, #44]
4148:Middlewares/Third_Party/FreeRTOS/Source/tasks.c **** 					prvAddTaskToReadyList( pxTCB );
 5975              		.loc 1 4148 6 is_stmt 1 view .LVU1680
 5976 0056 C0F13803 		rsb	r3, r0, #56
 5977 005a A361     		str	r3, [r4, #24]
4149:Middlewares/Third_Party/FreeRTOS/Source/tasks.c **** 
 5978              		.loc 1 4149 6 view .LVU1681
4149:Middlewares/Third_Party/FreeRTOS/Source/tasks.c **** 
 5979              		.loc 1 4149 6 view .LVU1682
 5980 005c 0A4B     		ldr	r3, .L490+4
 5981 005e 1B68     		ldr	r3, [r3]
 5982 0060 9842     		cmp	r0, r3
 5983 0062 01D9     		bls	.L481
4149:Middlewares/Third_Party/FreeRTOS/Source/tasks.c **** 
 5984              		.loc 1 4149 6 discriminator 1 view .LVU1683
 5985 0064 084B     		ldr	r3, .L490+4
ARM GAS  /tmp/cchsWuk7.s 			page 229


 5986 0066 1860     		str	r0, [r3]
 5987              	.L481:
4149:Middlewares/Third_Party/FreeRTOS/Source/tasks.c **** 
 5988              		.loc 1 4149 6 discriminator 3 view .LVU1684
4149:Middlewares/Third_Party/FreeRTOS/Source/tasks.c **** 
 5989              		.loc 1 4149 6 discriminator 3 view .LVU1685
 5990 0068 00EB8000 		add	r0, r0, r0, lsl #2
 5991 006c 2946     		mov	r1, r5
 5992 006e 074B     		ldr	r3, .L490+8
 5993 0070 03EB8000 		add	r0, r3, r0, lsl #2
 5994 0074 FFF7FEFF 		bl	vListInsertEnd
 5995              	.LVL414:
4149:Middlewares/Third_Party/FreeRTOS/Source/tasks.c **** 
 5996              		.loc 1 4149 36 discriminator 1 view .LVU1686
4159:Middlewares/Third_Party/FreeRTOS/Source/tasks.c **** 				}
 5997              		.loc 1 4159 6 view .LVU1687
4159:Middlewares/Third_Party/FreeRTOS/Source/tasks.c **** 				}
 5998              		.loc 1 4159 14 is_stmt 0 view .LVU1688
 5999 0078 0120     		movs	r0, #1
 6000 007a E5E7     		b	.L475
 6001              	.LVL415:
 6002              	.L482:
 6003              	.LCFI55:
 6004              		.cfi_def_cfa_offset 0
 6005              		.cfi_restore 3
 6006              		.cfi_restore 4
 6007              		.cfi_restore 5
 6008              		.cfi_restore 14
4107:Middlewares/Third_Party/FreeRTOS/Source/tasks.c **** 
 6009              		.loc 1 4107 13 view .LVU1689
 6010 007c 0020     		movs	r0, #0
 6011              	.LVL416:
4177:Middlewares/Third_Party/FreeRTOS/Source/tasks.c **** 
 6012              		.loc 1 4177 2 view .LVU1690
 6013 007e 7047     		bx	lr
 6014              	.LVL417:
 6015              	.L483:
 6016              	.LCFI56:
 6017              		.cfi_def_cfa_offset 16
 6018              		.cfi_offset 3, -16
 6019              		.cfi_offset 4, -12
 6020              		.cfi_offset 5, -8
 6021              		.cfi_offset 14, -4
4107:Middlewares/Third_Party/FreeRTOS/Source/tasks.c **** 
 6022              		.loc 1 4107 13 view .LVU1691
 6023 0080 0020     		movs	r0, #0
 6024              	.LVL418:
4107:Middlewares/Third_Party/FreeRTOS/Source/tasks.c **** 
 6025              		.loc 1 4107 13 view .LVU1692
 6026 0082 E1E7     		b	.L475
 6027              	.L491:
 6028              		.align	2
 6029              	.L490:
 6030 0084 00000000 		.word	pxCurrentTCB
 6031 0088 00000000 		.word	uxTopReadyPriority
 6032 008c 00000000 		.word	pxReadyTasksLists
 6033              		.cfi_endproc
ARM GAS  /tmp/cchsWuk7.s 			page 230


 6034              	.LFE54:
 6036              		.section	.text.vTaskPriorityDisinheritAfterTimeout,"ax",%progbits
 6037              		.align	1
 6038              		.global	vTaskPriorityDisinheritAfterTimeout
 6039              		.syntax unified
 6040              		.thumb
 6041              		.thumb_func
 6043              	vTaskPriorityDisinheritAfterTimeout:
 6044              	.LVL419:
 6045              	.LFB55:
4185:Middlewares/Third_Party/FreeRTOS/Source/tasks.c **** 	TCB_t * const pxTCB = pxMutexHolder;
 6046              		.loc 1 4185 2 is_stmt 1 view -0
 6047              		.cfi_startproc
 6048              		@ args = 0, pretend = 0, frame = 0
 6049              		@ frame_needed = 0, uses_anonymous_args = 0
4186:Middlewares/Third_Party/FreeRTOS/Source/tasks.c **** 	UBaseType_t uxPriorityUsedOnEntry, uxPriorityToUse;
 6050              		.loc 1 4186 2 view .LVU1694
4187:Middlewares/Third_Party/FreeRTOS/Source/tasks.c **** 	const UBaseType_t uxOnlyOneMutexHeld = ( UBaseType_t ) 1;
 6051              		.loc 1 4187 2 view .LVU1695
4188:Middlewares/Third_Party/FreeRTOS/Source/tasks.c **** 
 6052              		.loc 1 4188 2 view .LVU1696
4190:Middlewares/Third_Party/FreeRTOS/Source/tasks.c **** 		{
 6053              		.loc 1 4190 3 view .LVU1697
4190:Middlewares/Third_Party/FreeRTOS/Source/tasks.c **** 		{
 6054              		.loc 1 4190 5 is_stmt 0 view .LVU1698
 6055 0000 0028     		cmp	r0, #0
 6056 0002 46D0     		beq	.L502
4185:Middlewares/Third_Party/FreeRTOS/Source/tasks.c **** 	TCB_t * const pxTCB = pxMutexHolder;
 6057              		.loc 1 4185 2 view .LVU1699
 6058 0004 38B5     		push	{r3, r4, r5, lr}
 6059              	.LCFI57:
 6060              		.cfi_def_cfa_offset 16
 6061              		.cfi_offset 3, -16
 6062              		.cfi_offset 4, -12
 6063              		.cfi_offset 5, -8
 6064              		.cfi_offset 14, -4
 6065 0006 0446     		mov	r4, r0
4194:Middlewares/Third_Party/FreeRTOS/Source/tasks.c **** 
 6066              		.loc 1 4194 4 is_stmt 1 view .LVU1700
 6067 0008 036D     		ldr	r3, [r0, #80]
 6068 000a 43B9     		cbnz	r3, .L494
4194:Middlewares/Third_Party/FreeRTOS/Source/tasks.c **** 
 6069              		.loc 1 4194 4 discriminator 1 view .LVU1701
 6070              	.LBB230:
 6071              	.LBI230:
 191:Middlewares/Third_Party/FreeRTOS/Source/portable/GCC/ARM_CM4F/portmacro.h **** {
 6072              		.loc 2 191 30 view .LVU1702
 6073              	.LBB231:
 193:Middlewares/Third_Party/FreeRTOS/Source/portable/GCC/ARM_CM4F/portmacro.h **** 
 6074              		.loc 2 193 1 view .LVU1703
 195:Middlewares/Third_Party/FreeRTOS/Source/portable/GCC/ARM_CM4F/portmacro.h **** 	(
 6075              		.loc 2 195 2 view .LVU1704
 6076              		.syntax unified
 6077              	@ 195 "Middlewares/Third_Party/FreeRTOS/Source/portable/GCC/ARM_CM4F/portmacro.h" 1
 6078 000c 4FF05003 			mov r3, #80												
 6079 0010 83F31188 		msr basepri, r3											
 6080 0014 BFF36F8F 		isb														
ARM GAS  /tmp/cchsWuk7.s 			page 231


 6081 0018 BFF34F8F 		dsb														
 6082              	
 6083              	@ 0 "" 2
 6084              		.thumb
 6085              		.syntax unified
 6086              	.L495:
 6087              	.LBE231:
 6088              	.LBE230:
4194:Middlewares/Third_Party/FreeRTOS/Source/tasks.c **** 
 6089              		.loc 1 4194 4 discriminator 3 view .LVU1705
4194:Middlewares/Third_Party/FreeRTOS/Source/tasks.c **** 
 6090              		.loc 1 4194 4 discriminator 3 view .LVU1706
 6091 001c FEE7     		b	.L495
 6092              	.L494:
4194:Middlewares/Third_Party/FreeRTOS/Source/tasks.c **** 
 6093              		.loc 1 4194 40 discriminator 2 view .LVU1707
4200:Middlewares/Third_Party/FreeRTOS/Source/tasks.c **** 			{
 6094              		.loc 1 4200 4 view .LVU1708
4200:Middlewares/Third_Party/FreeRTOS/Source/tasks.c **** 			{
 6095              		.loc 1 4200 13 is_stmt 0 view .LVU1709
 6096 001e C26C     		ldr	r2, [r0, #76]
4200:Middlewares/Third_Party/FreeRTOS/Source/tasks.c **** 			{
 6097              		.loc 1 4200 6 view .LVU1710
 6098 0020 8A42     		cmp	r2, r1
 6099 0022 00D2     		bcs	.L496
4202:Middlewares/Third_Party/FreeRTOS/Source/tasks.c **** 			}
 6100              		.loc 1 4202 21 view .LVU1711
 6101 0024 0A46     		mov	r2, r1
 6102              	.L496:
 6103              	.LVL420:
4210:Middlewares/Third_Party/FreeRTOS/Source/tasks.c **** 			{
 6104              		.loc 1 4210 4 is_stmt 1 view .LVU1712
4210:Middlewares/Third_Party/FreeRTOS/Source/tasks.c **** 			{
 6105              		.loc 1 4210 13 is_stmt 0 view .LVU1713
 6106 0026 E16A     		ldr	r1, [r4, #44]
 6107              	.LVL421:
4210:Middlewares/Third_Party/FreeRTOS/Source/tasks.c **** 			{
 6108              		.loc 1 4210 6 view .LVU1714
 6109 0028 9142     		cmp	r1, r2
 6110 002a 01D0     		beq	.L492
4216:Middlewares/Third_Party/FreeRTOS/Source/tasks.c **** 				{
 6111              		.loc 1 4216 5 is_stmt 1 view .LVU1715
4216:Middlewares/Third_Party/FreeRTOS/Source/tasks.c **** 				{
 6112              		.loc 1 4216 7 is_stmt 0 view .LVU1716
 6113 002c 012B     		cmp	r3, #1
 6114 002e 00D0     		beq	.L505
 6115              	.LVL422:
 6116              	.L492:
4282:Middlewares/Third_Party/FreeRTOS/Source/tasks.c **** 
 6117              		.loc 1 4282 2 view .LVU1717
 6118 0030 38BD     		pop	{r3, r4, r5, pc}
 6119              	.LVL423:
 6120              	.L505:
4221:Middlewares/Third_Party/FreeRTOS/Source/tasks.c **** 
 6121              		.loc 1 4221 6 is_stmt 1 view .LVU1718
 6122 0032 184B     		ldr	r3, .L507
 6123 0034 1B68     		ldr	r3, [r3]
ARM GAS  /tmp/cchsWuk7.s 			page 232


 6124 0036 A342     		cmp	r3, r4
 6125 0038 22D0     		beq	.L506
4221:Middlewares/Third_Party/FreeRTOS/Source/tasks.c **** 
 6126              		.loc 1 4221 43 discriminator 2 view .LVU1719
4226:Middlewares/Third_Party/FreeRTOS/Source/tasks.c **** 					uxPriorityUsedOnEntry = pxTCB->uxPriority;
 6127              		.loc 1 4226 67 view .LVU1720
4227:Middlewares/Third_Party/FreeRTOS/Source/tasks.c **** 					pxTCB->uxPriority = uxPriorityToUse;
 6128              		.loc 1 4227 6 view .LVU1721
 6129              	.LVL424:
4228:Middlewares/Third_Party/FreeRTOS/Source/tasks.c **** 
 6130              		.loc 1 4228 6 view .LVU1722
4228:Middlewares/Third_Party/FreeRTOS/Source/tasks.c **** 
 6131              		.loc 1 4228 24 is_stmt 0 view .LVU1723
 6132 003a E262     		str	r2, [r4, #44]
4232:Middlewares/Third_Party/FreeRTOS/Source/tasks.c **** 					{
 6133              		.loc 1 4232 6 is_stmt 1 view .LVU1724
4232:Middlewares/Third_Party/FreeRTOS/Source/tasks.c **** 					{
 6134              		.loc 1 4232 12 is_stmt 0 view .LVU1725
 6135 003c A369     		ldr	r3, [r4, #24]
4232:Middlewares/Third_Party/FreeRTOS/Source/tasks.c **** 					{
 6136              		.loc 1 4232 8 view .LVU1726
 6137 003e 002B     		cmp	r3, #0
 6138 0040 02DB     		blt	.L499
4234:Middlewares/Third_Party/FreeRTOS/Source/tasks.c **** 					}
 6139              		.loc 1 4234 7 is_stmt 1 view .LVU1727
 6140 0042 C2F13802 		rsb	r2, r2, #56
 6141              	.LVL425:
4234:Middlewares/Third_Party/FreeRTOS/Source/tasks.c **** 					}
 6142              		.loc 1 4234 7 is_stmt 0 view .LVU1728
 6143 0046 A261     		str	r2, [r4, #24]
 6144              	.L499:
4238:Middlewares/Third_Party/FreeRTOS/Source/tasks.c **** 					}
 6145              		.loc 1 4238 31 is_stmt 1 view .LVU1729
4247:Middlewares/Third_Party/FreeRTOS/Source/tasks.c **** 					{
 6146              		.loc 1 4247 6 view .LVU1730
4247:Middlewares/Third_Party/FreeRTOS/Source/tasks.c **** 					{
 6147              		.loc 1 4247 10 is_stmt 0 view .LVU1731
 6148 0048 6269     		ldr	r2, [r4, #20]
 6149 004a 01EB8101 		add	r1, r1, r1, lsl #2
 6150              	.LVL426:
4247:Middlewares/Third_Party/FreeRTOS/Source/tasks.c **** 					{
 6151              		.loc 1 4247 10 view .LVU1732
 6152 004e 124B     		ldr	r3, .L507+4
 6153 0050 03EB8103 		add	r3, r3, r1, lsl #2
4247:Middlewares/Third_Party/FreeRTOS/Source/tasks.c **** 					{
 6154              		.loc 1 4247 8 view .LVU1733
 6155 0054 9A42     		cmp	r2, r3
 6156 0056 EBD1     		bne	.L492
4249:Middlewares/Third_Party/FreeRTOS/Source/tasks.c **** 						{
 6157              		.loc 1 4249 7 is_stmt 1 view .LVU1734
4249:Middlewares/Third_Party/FreeRTOS/Source/tasks.c **** 						{
 6158              		.loc 1 4249 11 is_stmt 0 view .LVU1735
 6159 0058 251D     		adds	r5, r4, #4
 6160 005a 2846     		mov	r0, r5
 6161              	.LVL427:
4249:Middlewares/Third_Party/FreeRTOS/Source/tasks.c **** 						{
 6162              		.loc 1 4249 11 view .LVU1736
ARM GAS  /tmp/cchsWuk7.s 			page 233


 6163 005c FFF7FEFF 		bl	uxListRemove
 6164              	.LVL428:
4254:Middlewares/Third_Party/FreeRTOS/Source/tasks.c **** 						}
 6165              		.loc 1 4254 73 is_stmt 1 view .LVU1737
4258:Middlewares/Third_Party/FreeRTOS/Source/tasks.c **** 						}
 6166              		.loc 1 4258 32 view .LVU1738
4261:Middlewares/Third_Party/FreeRTOS/Source/tasks.c **** 					}
 6167              		.loc 1 4261 7 view .LVU1739
4261:Middlewares/Third_Party/FreeRTOS/Source/tasks.c **** 					}
 6168              		.loc 1 4261 7 view .LVU1740
 6169 0060 E06A     		ldr	r0, [r4, #44]
 6170 0062 0E4B     		ldr	r3, .L507+8
 6171 0064 1B68     		ldr	r3, [r3]
 6172 0066 9842     		cmp	r0, r3
 6173 0068 01D9     		bls	.L500
4261:Middlewares/Third_Party/FreeRTOS/Source/tasks.c **** 					}
 6174              		.loc 1 4261 7 discriminator 1 view .LVU1741
 6175 006a 0C4B     		ldr	r3, .L507+8
 6176 006c 1860     		str	r0, [r3]
 6177              	.L500:
4261:Middlewares/Third_Party/FreeRTOS/Source/tasks.c **** 					}
 6178              		.loc 1 4261 7 discriminator 3 view .LVU1742
4261:Middlewares/Third_Party/FreeRTOS/Source/tasks.c **** 					}
 6179              		.loc 1 4261 7 discriminator 3 view .LVU1743
 6180 006e 00EB8000 		add	r0, r0, r0, lsl #2
 6181 0072 2946     		mov	r1, r5
 6182 0074 084B     		ldr	r3, .L507+4
 6183 0076 03EB8000 		add	r0, r3, r0, lsl #2
 6184 007a FFF7FEFF 		bl	vListInsertEnd
 6185              	.LVL429:
4261:Middlewares/Third_Party/FreeRTOS/Source/tasks.c **** 					}
 6186              		.loc 1 4261 37 discriminator 1 view .LVU1744
4280:Middlewares/Third_Party/FreeRTOS/Source/tasks.c **** 		}
 6187              		.loc 1 4280 28 view .LVU1745
4282:Middlewares/Third_Party/FreeRTOS/Source/tasks.c **** 
 6188              		.loc 1 4282 2 is_stmt 0 view .LVU1746
 6189 007e D7E7     		b	.L492
 6190              	.LVL430:
 6191              	.L506:
4221:Middlewares/Third_Party/FreeRTOS/Source/tasks.c **** 
 6192              		.loc 1 4221 6 is_stmt 1 discriminator 1 view .LVU1747
 6193              	.LBB232:
 6194              	.LBI232:
 191:Middlewares/Third_Party/FreeRTOS/Source/portable/GCC/ARM_CM4F/portmacro.h **** {
 6195              		.loc 2 191 30 view .LVU1748
 6196              	.LBB233:
 193:Middlewares/Third_Party/FreeRTOS/Source/portable/GCC/ARM_CM4F/portmacro.h **** 
 6197              		.loc 2 193 1 view .LVU1749
 195:Middlewares/Third_Party/FreeRTOS/Source/portable/GCC/ARM_CM4F/portmacro.h **** 	(
 6198              		.loc 2 195 2 view .LVU1750
 6199              		.syntax unified
 6200              	@ 195 "Middlewares/Third_Party/FreeRTOS/Source/portable/GCC/ARM_CM4F/portmacro.h" 1
 6201 0080 4FF05003 			mov r3, #80												
 6202 0084 83F31188 		msr basepri, r3											
 6203 0088 BFF36F8F 		isb														
 6204 008c BFF34F8F 		dsb														
 6205              	
ARM GAS  /tmp/cchsWuk7.s 			page 234


 6206              	@ 0 "" 2
 6207              		.thumb
 6208              		.syntax unified
 6209              	.L498:
 6210              	.LBE233:
 6211              	.LBE232:
4221:Middlewares/Third_Party/FreeRTOS/Source/tasks.c **** 
 6212              		.loc 1 4221 6 discriminator 3 view .LVU1751
4221:Middlewares/Third_Party/FreeRTOS/Source/tasks.c **** 
 6213              		.loc 1 4221 6 discriminator 3 view .LVU1752
 6214 0090 FEE7     		b	.L498
 6215              	.LVL431:
 6216              	.L502:
 6217              	.LCFI58:
 6218              		.cfi_def_cfa_offset 0
 6219              		.cfi_restore 3
 6220              		.cfi_restore 4
 6221              		.cfi_restore 5
 6222              		.cfi_restore 14
4221:Middlewares/Third_Party/FreeRTOS/Source/tasks.c **** 
 6223              		.loc 1 4221 6 is_stmt 0 discriminator 3 view .LVU1753
 6224 0092 7047     		bx	lr
 6225              	.L508:
 6226              		.align	2
 6227              	.L507:
 6228 0094 00000000 		.word	pxCurrentTCB
 6229 0098 00000000 		.word	pxReadyTasksLists
 6230 009c 00000000 		.word	uxTopReadyPriority
 6231              		.cfi_endproc
 6232              	.LFE55:
 6234              		.section	.text.uxTaskResetEventItemValue,"ax",%progbits
 6235              		.align	1
 6236              		.global	uxTaskResetEventItemValue
 6237              		.syntax unified
 6238              		.thumb
 6239              		.thumb_func
 6241              	uxTaskResetEventItemValue:
 6242              	.LFB56:
4603:Middlewares/Third_Party/FreeRTOS/Source/tasks.c **** TickType_t uxReturn;
 6243              		.loc 1 4603 1 is_stmt 1 view -0
 6244              		.cfi_startproc
 6245              		@ args = 0, pretend = 0, frame = 0
 6246              		@ frame_needed = 0, uses_anonymous_args = 0
 6247              		@ link register save eliminated.
4604:Middlewares/Third_Party/FreeRTOS/Source/tasks.c **** 
 6248              		.loc 1 4604 1 view .LVU1755
4606:Middlewares/Third_Party/FreeRTOS/Source/tasks.c **** 
 6249              		.loc 1 4606 2 view .LVU1756
4606:Middlewares/Third_Party/FreeRTOS/Source/tasks.c **** 
 6250              		.loc 1 4606 13 is_stmt 0 view .LVU1757
 6251 0000 044A     		ldr	r2, .L510
 6252 0002 1368     		ldr	r3, [r2]
4606:Middlewares/Third_Party/FreeRTOS/Source/tasks.c **** 
 6253              		.loc 1 4606 11 view .LVU1758
 6254 0004 9869     		ldr	r0, [r3, #24]
 6255              	.LVL432:
4610:Middlewares/Third_Party/FreeRTOS/Source/tasks.c **** 
ARM GAS  /tmp/cchsWuk7.s 			page 235


 6256              		.loc 1 4610 2 is_stmt 1 view .LVU1759
 6257 0006 1368     		ldr	r3, [r2]
 6258 0008 DB6A     		ldr	r3, [r3, #44]
 6259 000a 1268     		ldr	r2, [r2]
 6260 000c C3F13803 		rsb	r3, r3, #56
 6261 0010 9361     		str	r3, [r2, #24]
4612:Middlewares/Third_Party/FreeRTOS/Source/tasks.c **** }
 6262              		.loc 1 4612 2 view .LVU1760
4613:Middlewares/Third_Party/FreeRTOS/Source/tasks.c **** /*-----------------------------------------------------------*/
 6263              		.loc 1 4613 1 is_stmt 0 view .LVU1761
 6264 0012 7047     		bx	lr
 6265              	.L511:
 6266              		.align	2
 6267              	.L510:
 6268 0014 00000000 		.word	pxCurrentTCB
 6269              		.cfi_endproc
 6270              	.LFE56:
 6272              		.section	.text.pvTaskIncrementMutexHeldCount,"ax",%progbits
 6273              		.align	1
 6274              		.global	pvTaskIncrementMutexHeldCount
 6275              		.syntax unified
 6276              		.thumb
 6277              		.thumb_func
 6279              	pvTaskIncrementMutexHeldCount:
 6280              	.LFB57:
4619:Middlewares/Third_Party/FreeRTOS/Source/tasks.c **** 		/* If xSemaphoreCreateMutex() is called before any tasks have been created
 6281              		.loc 1 4619 2 is_stmt 1 view -0
 6282              		.cfi_startproc
 6283              		@ args = 0, pretend = 0, frame = 0
 6284              		@ frame_needed = 0, uses_anonymous_args = 0
 6285              		@ link register save eliminated.
4622:Middlewares/Third_Party/FreeRTOS/Source/tasks.c **** 		{
 6286              		.loc 1 4622 3 view .LVU1763
4622:Middlewares/Third_Party/FreeRTOS/Source/tasks.c **** 		{
 6287              		.loc 1 4622 20 is_stmt 0 view .LVU1764
 6288 0000 054B     		ldr	r3, .L514
 6289 0002 1B68     		ldr	r3, [r3]
4622:Middlewares/Third_Party/FreeRTOS/Source/tasks.c **** 		{
 6290              		.loc 1 4622 5 view .LVU1765
 6291 0004 23B1     		cbz	r3, .L513
4624:Middlewares/Third_Party/FreeRTOS/Source/tasks.c **** 		}
 6292              		.loc 1 4624 4 is_stmt 1 view .LVU1766
4624:Middlewares/Third_Party/FreeRTOS/Source/tasks.c **** 		}
 6293              		.loc 1 4624 18 is_stmt 0 view .LVU1767
 6294 0006 044B     		ldr	r3, .L514
 6295 0008 1A68     		ldr	r2, [r3]
 6296 000a 136D     		ldr	r3, [r2, #80]
4624:Middlewares/Third_Party/FreeRTOS/Source/tasks.c **** 		}
 6297              		.loc 1 4624 35 view .LVU1768
 6298 000c 0133     		adds	r3, r3, #1
 6299 000e 1365     		str	r3, [r2, #80]
 6300              	.L513:
4627:Middlewares/Third_Party/FreeRTOS/Source/tasks.c **** 	}
 6301              		.loc 1 4627 3 is_stmt 1 view .LVU1769
4627:Middlewares/Third_Party/FreeRTOS/Source/tasks.c **** 	}
 6302              		.loc 1 4627 10 is_stmt 0 view .LVU1770
 6303 0010 014B     		ldr	r3, .L514
ARM GAS  /tmp/cchsWuk7.s 			page 236


 6304 0012 1868     		ldr	r0, [r3]
4628:Middlewares/Third_Party/FreeRTOS/Source/tasks.c **** 
 6305              		.loc 1 4628 2 view .LVU1771
 6306 0014 7047     		bx	lr
 6307              	.L515:
 6308 0016 00BF     		.align	2
 6309              	.L514:
 6310 0018 00000000 		.word	pxCurrentTCB
 6311              		.cfi_endproc
 6312              	.LFE57:
 6314              		.section	.text.ulTaskNotifyTake,"ax",%progbits
 6315              		.align	1
 6316              		.global	ulTaskNotifyTake
 6317              		.syntax unified
 6318              		.thumb
 6319              		.thumb_func
 6321              	ulTaskNotifyTake:
 6322              	.LVL433:
 6323              	.LFB58:
4636:Middlewares/Third_Party/FreeRTOS/Source/tasks.c **** 	uint32_t ulReturn;
 6324              		.loc 1 4636 2 is_stmt 1 view -0
 6325              		.cfi_startproc
 6326              		@ args = 0, pretend = 0, frame = 0
 6327              		@ frame_needed = 0, uses_anonymous_args = 0
4636:Middlewares/Third_Party/FreeRTOS/Source/tasks.c **** 	uint32_t ulReturn;
 6328              		.loc 1 4636 2 is_stmt 0 view .LVU1773
 6329 0000 38B5     		push	{r3, r4, r5, lr}
 6330              	.LCFI59:
 6331              		.cfi_def_cfa_offset 16
 6332              		.cfi_offset 3, -16
 6333              		.cfi_offset 4, -12
 6334              		.cfi_offset 5, -8
 6335              		.cfi_offset 14, -4
 6336 0002 0546     		mov	r5, r0
 6337 0004 0C46     		mov	r4, r1
4637:Middlewares/Third_Party/FreeRTOS/Source/tasks.c **** 
 6338              		.loc 1 4637 2 is_stmt 1 view .LVU1774
4639:Middlewares/Third_Party/FreeRTOS/Source/tasks.c **** 		{
 6339              		.loc 1 4639 3 view .LVU1775
 6340 0006 FFF7FEFF 		bl	vPortEnterCritical
 6341              	.LVL434:
4642:Middlewares/Third_Party/FreeRTOS/Source/tasks.c **** 			{
 6342              		.loc 1 4642 4 view .LVU1776
4642:Middlewares/Third_Party/FreeRTOS/Source/tasks.c **** 			{
 6343              		.loc 1 4642 20 is_stmt 0 view .LVU1777
 6344 000a 1A4B     		ldr	r3, .L522
 6345 000c 1B68     		ldr	r3, [r3]
 6346 000e 5B6D     		ldr	r3, [r3, #84]
4642:Middlewares/Third_Party/FreeRTOS/Source/tasks.c **** 			{
 6347              		.loc 1 4642 6 view .LVU1778
 6348 0010 2BB9     		cbnz	r3, .L517
4645:Middlewares/Third_Party/FreeRTOS/Source/tasks.c **** 
 6349              		.loc 1 4645 5 is_stmt 1 view .LVU1779
4645:Middlewares/Third_Party/FreeRTOS/Source/tasks.c **** 
 6350              		.loc 1 4645 17 is_stmt 0 view .LVU1780
 6351 0012 184B     		ldr	r3, .L522
 6352 0014 1B68     		ldr	r3, [r3]
ARM GAS  /tmp/cchsWuk7.s 			page 237


4645:Middlewares/Third_Party/FreeRTOS/Source/tasks.c **** 
 6353              		.loc 1 4645 33 view .LVU1781
 6354 0016 0122     		movs	r2, #1
 6355 0018 83F85820 		strb	r2, [r3, #88]
4647:Middlewares/Third_Party/FreeRTOS/Source/tasks.c **** 				{
 6356              		.loc 1 4647 5 is_stmt 1 view .LVU1782
4647:Middlewares/Third_Party/FreeRTOS/Source/tasks.c **** 				{
 6357              		.loc 1 4647 7 is_stmt 0 view .LVU1783
 6358 001c ACB9     		cbnz	r4, .L521
 6359              	.L517:
4665:Middlewares/Third_Party/FreeRTOS/Source/tasks.c **** 			}
 6360              		.loc 1 4665 29 is_stmt 1 view .LVU1784
4668:Middlewares/Third_Party/FreeRTOS/Source/tasks.c **** 
 6361              		.loc 1 4668 3 view .LVU1785
 6362 001e FFF7FEFF 		bl	vPortExitCritical
 6363              	.LVL435:
4670:Middlewares/Third_Party/FreeRTOS/Source/tasks.c **** 		{
 6364              		.loc 1 4670 3 view .LVU1786
 6365 0022 FFF7FEFF 		bl	vPortEnterCritical
 6366              	.LVL436:
4672:Middlewares/Third_Party/FreeRTOS/Source/tasks.c **** 			ulReturn = pxCurrentTCB->ulNotifiedValue;
 6367              		.loc 1 4672 27 view .LVU1787
4673:Middlewares/Third_Party/FreeRTOS/Source/tasks.c **** 
 6368              		.loc 1 4673 4 view .LVU1788
4673:Middlewares/Third_Party/FreeRTOS/Source/tasks.c **** 
 6369              		.loc 1 4673 27 is_stmt 0 view .LVU1789
 6370 0026 134B     		ldr	r3, .L522
 6371 0028 1B68     		ldr	r3, [r3]
4673:Middlewares/Third_Party/FreeRTOS/Source/tasks.c **** 
 6372              		.loc 1 4673 13 view .LVU1790
 6373 002a 5C6D     		ldr	r4, [r3, #84]
 6374              	.LVL437:
4675:Middlewares/Third_Party/FreeRTOS/Source/tasks.c **** 			{
 6375              		.loc 1 4675 4 is_stmt 1 view .LVU1791
4675:Middlewares/Third_Party/FreeRTOS/Source/tasks.c **** 			{
 6376              		.loc 1 4675 6 is_stmt 0 view .LVU1792
 6377 002c 24B1     		cbz	r4, .L518
4677:Middlewares/Third_Party/FreeRTOS/Source/tasks.c **** 				{
 6378              		.loc 1 4677 5 is_stmt 1 view .LVU1793
4677:Middlewares/Third_Party/FreeRTOS/Source/tasks.c **** 				{
 6379              		.loc 1 4677 7 is_stmt 0 view .LVU1794
 6380 002e DDB1     		cbz	r5, .L519
4679:Middlewares/Third_Party/FreeRTOS/Source/tasks.c **** 				}
 6381              		.loc 1 4679 6 is_stmt 1 view .LVU1795
4679:Middlewares/Third_Party/FreeRTOS/Source/tasks.c **** 				}
 6382              		.loc 1 4679 18 is_stmt 0 view .LVU1796
 6383 0030 104B     		ldr	r3, .L522
 6384 0032 1B68     		ldr	r3, [r3]
4679:Middlewares/Third_Party/FreeRTOS/Source/tasks.c **** 				}
 6385              		.loc 1 4679 36 view .LVU1797
 6386 0034 0022     		movs	r2, #0
 6387 0036 5A65     		str	r2, [r3, #84]
 6388              	.L518:
4688:Middlewares/Third_Party/FreeRTOS/Source/tasks.c **** 			}
 6389              		.loc 1 4688 29 is_stmt 1 view .LVU1798
4691:Middlewares/Third_Party/FreeRTOS/Source/tasks.c **** 		}
 6390              		.loc 1 4691 4 view .LVU1799
ARM GAS  /tmp/cchsWuk7.s 			page 238


4691:Middlewares/Third_Party/FreeRTOS/Source/tasks.c **** 		}
 6391              		.loc 1 4691 16 is_stmt 0 view .LVU1800
 6392 0038 0E4B     		ldr	r3, .L522
 6393 003a 1B68     		ldr	r3, [r3]
4691:Middlewares/Third_Party/FreeRTOS/Source/tasks.c **** 		}
 6394              		.loc 1 4691 32 view .LVU1801
 6395 003c 0022     		movs	r2, #0
 6396 003e 83F85820 		strb	r2, [r3, #88]
4693:Middlewares/Third_Party/FreeRTOS/Source/tasks.c **** 
 6397              		.loc 1 4693 3 is_stmt 1 view .LVU1802
 6398 0042 FFF7FEFF 		bl	vPortExitCritical
 6399              	.LVL438:
4695:Middlewares/Third_Party/FreeRTOS/Source/tasks.c **** 	}
 6400              		.loc 1 4695 3 view .LVU1803
4696:Middlewares/Third_Party/FreeRTOS/Source/tasks.c **** 
 6401              		.loc 1 4696 2 is_stmt 0 view .LVU1804
 6402 0046 2046     		mov	r0, r4
 6403 0048 38BD     		pop	{r3, r4, r5, pc}
 6404              	.LVL439:
 6405              	.L521:
4649:Middlewares/Third_Party/FreeRTOS/Source/tasks.c **** 					traceTASK_NOTIFY_TAKE_BLOCK();
 6406              		.loc 1 4649 6 is_stmt 1 view .LVU1805
 6407 004a 1146     		mov	r1, r2
 6408 004c 2046     		mov	r0, r4
 6409 004e FFF7FEFF 		bl	prvAddCurrentTaskToDelayedList
 6410              	.LVL440:
4650:Middlewares/Third_Party/FreeRTOS/Source/tasks.c **** 
 6411              		.loc 1 4650 35 view .LVU1806
4656:Middlewares/Third_Party/FreeRTOS/Source/tasks.c **** 				}
 6412              		.loc 1 4656 6 view .LVU1807
 6413 0052 4FF0E023 		mov	r3, #-536813568
 6414 0056 4FF08052 		mov	r2, #268435456
 6415 005a C3F8042D 		str	r2, [r3, #3332]
4656:Middlewares/Third_Party/FreeRTOS/Source/tasks.c **** 				}
 6416              		.loc 1 4656 6 view .LVU1808
 6417              		.syntax unified
 6418              	@ 4656 "Middlewares/Third_Party/FreeRTOS/Source/tasks.c" 1
 6419 005e BFF34F8F 		dsb
 6420              	@ 0 "" 2
4656:Middlewares/Third_Party/FreeRTOS/Source/tasks.c **** 				}
 6421              		.loc 1 4656 6 view .LVU1809
 6422              	@ 4656 "Middlewares/Third_Party/FreeRTOS/Source/tasks.c" 1
 6423 0062 BFF36F8F 		isb
 6424              	@ 0 "" 2
4656:Middlewares/Third_Party/FreeRTOS/Source/tasks.c **** 				}
 6425              		.loc 1 4656 28 view .LVU1810
 6426              		.thumb
 6427              		.syntax unified
 6428 0066 DAE7     		b	.L517
 6429              	.LVL441:
 6430              	.L519:
4683:Middlewares/Third_Party/FreeRTOS/Source/tasks.c **** 				}
 6431              		.loc 1 4683 6 view .LVU1811
4683:Middlewares/Third_Party/FreeRTOS/Source/tasks.c **** 				}
 6432              		.loc 1 4683 18 is_stmt 0 view .LVU1812
 6433 0068 024B     		ldr	r3, .L522
 6434 006a 1B68     		ldr	r3, [r3]
ARM GAS  /tmp/cchsWuk7.s 			page 239


4683:Middlewares/Third_Party/FreeRTOS/Source/tasks.c **** 				}
 6435              		.loc 1 4683 47 view .LVU1813
 6436 006c 621E     		subs	r2, r4, #1
4683:Middlewares/Third_Party/FreeRTOS/Source/tasks.c **** 				}
 6437              		.loc 1 4683 36 view .LVU1814
 6438 006e 5A65     		str	r2, [r3, #84]
 6439 0070 E2E7     		b	.L518
 6440              	.L523:
 6441 0072 00BF     		.align	2
 6442              	.L522:
 6443 0074 00000000 		.word	pxCurrentTCB
 6444              		.cfi_endproc
 6445              	.LFE58:
 6447              		.section	.text.xTaskNotifyWait,"ax",%progbits
 6448              		.align	1
 6449              		.global	xTaskNotifyWait
 6450              		.syntax unified
 6451              		.thumb
 6452              		.thumb_func
 6454              	xTaskNotifyWait:
 6455              	.LVL442:
 6456              	.LFB59:
4704:Middlewares/Third_Party/FreeRTOS/Source/tasks.c **** 	BaseType_t xReturn;
 6457              		.loc 1 4704 2 is_stmt 1 view -0
 6458              		.cfi_startproc
 6459              		@ args = 0, pretend = 0, frame = 0
 6460              		@ frame_needed = 0, uses_anonymous_args = 0
4704:Middlewares/Third_Party/FreeRTOS/Source/tasks.c **** 	BaseType_t xReturn;
 6461              		.loc 1 4704 2 is_stmt 0 view .LVU1816
 6462 0000 F8B5     		push	{r3, r4, r5, r6, r7, lr}
 6463              	.LCFI60:
 6464              		.cfi_def_cfa_offset 24
 6465              		.cfi_offset 3, -24
 6466              		.cfi_offset 4, -20
 6467              		.cfi_offset 5, -16
 6468              		.cfi_offset 6, -12
 6469              		.cfi_offset 7, -8
 6470              		.cfi_offset 14, -4
 6471 0002 0646     		mov	r6, r0
 6472 0004 0F46     		mov	r7, r1
 6473 0006 1446     		mov	r4, r2
 6474 0008 1D46     		mov	r5, r3
4705:Middlewares/Third_Party/FreeRTOS/Source/tasks.c **** 
 6475              		.loc 1 4705 2 is_stmt 1 view .LVU1817
4707:Middlewares/Third_Party/FreeRTOS/Source/tasks.c **** 		{
 6476              		.loc 1 4707 3 view .LVU1818
 6477 000a FFF7FEFF 		bl	vPortEnterCritical
 6478              	.LVL443:
4710:Middlewares/Third_Party/FreeRTOS/Source/tasks.c **** 			{
 6479              		.loc 1 4710 4 view .LVU1819
4710:Middlewares/Third_Party/FreeRTOS/Source/tasks.c **** 			{
 6480              		.loc 1 4710 20 is_stmt 0 view .LVU1820
 6481 000e 204B     		ldr	r3, .L532
 6482 0010 1B68     		ldr	r3, [r3]
 6483 0012 93F85830 		ldrb	r3, [r3, #88]	@ zero_extendqisi2
4710:Middlewares/Third_Party/FreeRTOS/Source/tasks.c **** 			{
 6484              		.loc 1 4710 6 view .LVU1821
ARM GAS  /tmp/cchsWuk7.s 			page 240


 6485 0016 022B     		cmp	r3, #2
 6486 0018 0AD0     		beq	.L525
4715:Middlewares/Third_Party/FreeRTOS/Source/tasks.c **** 
 6487              		.loc 1 4715 5 is_stmt 1 view .LVU1822
4715:Middlewares/Third_Party/FreeRTOS/Source/tasks.c **** 
 6488              		.loc 1 4715 17 is_stmt 0 view .LVU1823
 6489 001a 1D4A     		ldr	r2, .L532
 6490 001c 1168     		ldr	r1, [r2]
 6491 001e 4B6D     		ldr	r3, [r1, #84]
4715:Middlewares/Third_Party/FreeRTOS/Source/tasks.c **** 
 6492              		.loc 1 4715 35 view .LVU1824
 6493 0020 23EA0603 		bic	r3, r3, r6
 6494 0024 4B65     		str	r3, [r1, #84]
4718:Middlewares/Third_Party/FreeRTOS/Source/tasks.c **** 
 6495              		.loc 1 4718 5 is_stmt 1 view .LVU1825
4718:Middlewares/Third_Party/FreeRTOS/Source/tasks.c **** 
 6496              		.loc 1 4718 17 is_stmt 0 view .LVU1826
 6497 0026 1368     		ldr	r3, [r2]
4718:Middlewares/Third_Party/FreeRTOS/Source/tasks.c **** 
 6498              		.loc 1 4718 33 view .LVU1827
 6499 0028 0122     		movs	r2, #1
 6500 002a 83F85820 		strb	r2, [r3, #88]
4720:Middlewares/Third_Party/FreeRTOS/Source/tasks.c **** 				{
 6501              		.loc 1 4720 5 is_stmt 1 view .LVU1828
4720:Middlewares/Third_Party/FreeRTOS/Source/tasks.c **** 				{
 6502              		.loc 1 4720 7 is_stmt 0 view .LVU1829
 6503 002e C5B9     		cbnz	r5, .L530
 6504              	.L525:
4738:Middlewares/Third_Party/FreeRTOS/Source/tasks.c **** 			}
 6505              		.loc 1 4738 29 is_stmt 1 view .LVU1830
4741:Middlewares/Third_Party/FreeRTOS/Source/tasks.c **** 
 6506              		.loc 1 4741 3 view .LVU1831
 6507 0030 FFF7FEFF 		bl	vPortExitCritical
 6508              	.LVL444:
4743:Middlewares/Third_Party/FreeRTOS/Source/tasks.c **** 		{
 6509              		.loc 1 4743 3 view .LVU1832
 6510 0034 FFF7FEFF 		bl	vPortEnterCritical
 6511              	.LVL445:
4745:Middlewares/Third_Party/FreeRTOS/Source/tasks.c **** 
 6512              		.loc 1 4745 27 view .LVU1833
4747:Middlewares/Third_Party/FreeRTOS/Source/tasks.c **** 			{
 6513              		.loc 1 4747 4 view .LVU1834
4747:Middlewares/Third_Party/FreeRTOS/Source/tasks.c **** 			{
 6514              		.loc 1 4747 6 is_stmt 0 view .LVU1835
 6515 0038 1CB1     		cbz	r4, .L526
4751:Middlewares/Third_Party/FreeRTOS/Source/tasks.c **** 			}
 6516              		.loc 1 4751 5 is_stmt 1 view .LVU1836
4751:Middlewares/Third_Party/FreeRTOS/Source/tasks.c **** 			}
 6517              		.loc 1 4751 41 is_stmt 0 view .LVU1837
 6518 003a 154B     		ldr	r3, .L532
 6519 003c 1B68     		ldr	r3, [r3]
 6520 003e 5B6D     		ldr	r3, [r3, #84]
4751:Middlewares/Third_Party/FreeRTOS/Source/tasks.c **** 			}
 6521              		.loc 1 4751 27 view .LVU1838
 6522 0040 2360     		str	r3, [r4]
 6523              	.L526:
4758:Middlewares/Third_Party/FreeRTOS/Source/tasks.c **** 			{
ARM GAS  /tmp/cchsWuk7.s 			page 241


 6524              		.loc 1 4758 4 is_stmt 1 view .LVU1839
4758:Middlewares/Third_Party/FreeRTOS/Source/tasks.c **** 			{
 6525              		.loc 1 4758 20 is_stmt 0 view .LVU1840
 6526 0042 134B     		ldr	r3, .L532
 6527 0044 1B68     		ldr	r3, [r3]
 6528 0046 93F85830 		ldrb	r3, [r3, #88]	@ zero_extendqisi2
4758:Middlewares/Third_Party/FreeRTOS/Source/tasks.c **** 			{
 6529              		.loc 1 4758 6 view .LVU1841
 6530 004a 022B     		cmp	r3, #2
 6531 004c 18D0     		beq	.L531
4761:Middlewares/Third_Party/FreeRTOS/Source/tasks.c **** 			}
 6532              		.loc 1 4761 13 view .LVU1842
 6533 004e 0024     		movs	r4, #0
 6534              	.LVL446:
 6535              	.L527:
4771:Middlewares/Third_Party/FreeRTOS/Source/tasks.c **** 		}
 6536              		.loc 1 4771 4 is_stmt 1 view .LVU1843
4771:Middlewares/Third_Party/FreeRTOS/Source/tasks.c **** 		}
 6537              		.loc 1 4771 16 is_stmt 0 view .LVU1844
 6538 0050 0F4B     		ldr	r3, .L532
 6539 0052 1B68     		ldr	r3, [r3]
4771:Middlewares/Third_Party/FreeRTOS/Source/tasks.c **** 		}
 6540              		.loc 1 4771 32 view .LVU1845
 6541 0054 0022     		movs	r2, #0
 6542 0056 83F85820 		strb	r2, [r3, #88]
4773:Middlewares/Third_Party/FreeRTOS/Source/tasks.c **** 
 6543              		.loc 1 4773 3 is_stmt 1 view .LVU1846
 6544 005a FFF7FEFF 		bl	vPortExitCritical
 6545              	.LVL447:
4775:Middlewares/Third_Party/FreeRTOS/Source/tasks.c **** 	}
 6546              		.loc 1 4775 3 view .LVU1847
4776:Middlewares/Third_Party/FreeRTOS/Source/tasks.c **** 
 6547              		.loc 1 4776 2 is_stmt 0 view .LVU1848
 6548 005e 2046     		mov	r0, r4
 6549 0060 F8BD     		pop	{r3, r4, r5, r6, r7, pc}
 6550              	.LVL448:
 6551              	.L530:
4722:Middlewares/Third_Party/FreeRTOS/Source/tasks.c **** 					traceTASK_NOTIFY_WAIT_BLOCK();
 6552              		.loc 1 4722 6 is_stmt 1 view .LVU1849
 6553 0062 1146     		mov	r1, r2
 6554 0064 2846     		mov	r0, r5
 6555 0066 FFF7FEFF 		bl	prvAddCurrentTaskToDelayedList
 6556              	.LVL449:
4723:Middlewares/Third_Party/FreeRTOS/Source/tasks.c **** 
 6557              		.loc 1 4723 35 view .LVU1850
4729:Middlewares/Third_Party/FreeRTOS/Source/tasks.c **** 				}
 6558              		.loc 1 4729 6 view .LVU1851
 6559 006a 4FF0E023 		mov	r3, #-536813568
 6560 006e 4FF08052 		mov	r2, #268435456
 6561 0072 C3F8042D 		str	r2, [r3, #3332]
4729:Middlewares/Third_Party/FreeRTOS/Source/tasks.c **** 				}
 6562              		.loc 1 4729 6 view .LVU1852
 6563              		.syntax unified
 6564              	@ 4729 "Middlewares/Third_Party/FreeRTOS/Source/tasks.c" 1
 6565 0076 BFF34F8F 		dsb
 6566              	@ 0 "" 2
4729:Middlewares/Third_Party/FreeRTOS/Source/tasks.c **** 				}
ARM GAS  /tmp/cchsWuk7.s 			page 242


 6567              		.loc 1 4729 6 view .LVU1853
 6568              	@ 4729 "Middlewares/Third_Party/FreeRTOS/Source/tasks.c" 1
 6569 007a BFF36F8F 		isb
 6570              	@ 0 "" 2
4729:Middlewares/Third_Party/FreeRTOS/Source/tasks.c **** 				}
 6571              		.loc 1 4729 28 view .LVU1854
 6572              		.thumb
 6573              		.syntax unified
 6574 007e D7E7     		b	.L525
 6575              	.L531:
4767:Middlewares/Third_Party/FreeRTOS/Source/tasks.c **** 				xReturn = pdTRUE;
 6576              		.loc 1 4767 5 view .LVU1855
4767:Middlewares/Third_Party/FreeRTOS/Source/tasks.c **** 				xReturn = pdTRUE;
 6577              		.loc 1 4767 17 is_stmt 0 view .LVU1856
 6578 0080 034B     		ldr	r3, .L532
 6579 0082 1A68     		ldr	r2, [r3]
 6580 0084 536D     		ldr	r3, [r2, #84]
4767:Middlewares/Third_Party/FreeRTOS/Source/tasks.c **** 				xReturn = pdTRUE;
 6581              		.loc 1 4767 35 view .LVU1857
 6582 0086 23EA0703 		bic	r3, r3, r7
 6583 008a 5365     		str	r3, [r2, #84]
4768:Middlewares/Third_Party/FreeRTOS/Source/tasks.c **** 			}
 6584              		.loc 1 4768 5 is_stmt 1 view .LVU1858
 6585              	.LVL450:
4768:Middlewares/Third_Party/FreeRTOS/Source/tasks.c **** 			}
 6586              		.loc 1 4768 13 is_stmt 0 view .LVU1859
 6587 008c 0124     		movs	r4, #1
 6588              	.LVL451:
4768:Middlewares/Third_Party/FreeRTOS/Source/tasks.c **** 			}
 6589              		.loc 1 4768 13 view .LVU1860
 6590 008e DFE7     		b	.L527
 6591              	.L533:
 6592              		.align	2
 6593              	.L532:
 6594 0090 00000000 		.word	pxCurrentTCB
 6595              		.cfi_endproc
 6596              	.LFE59:
 6598              		.section	.text.xTaskGenericNotify,"ax",%progbits
 6599              		.align	1
 6600              		.global	xTaskGenericNotify
 6601              		.syntax unified
 6602              		.thumb
 6603              		.thumb_func
 6605              	xTaskGenericNotify:
 6606              	.LVL452:
 6607              	.LFB60:
4784:Middlewares/Third_Party/FreeRTOS/Source/tasks.c **** 	TCB_t * pxTCB;
 6608              		.loc 1 4784 2 is_stmt 1 view -0
 6609              		.cfi_startproc
 6610              		@ args = 0, pretend = 0, frame = 0
 6611              		@ frame_needed = 0, uses_anonymous_args = 0
4784:Middlewares/Third_Party/FreeRTOS/Source/tasks.c **** 	TCB_t * pxTCB;
 6612              		.loc 1 4784 2 is_stmt 0 view .LVU1862
 6613 0000 F8B5     		push	{r3, r4, r5, r6, r7, lr}
 6614              	.LCFI61:
 6615              		.cfi_def_cfa_offset 24
 6616              		.cfi_offset 3, -24
ARM GAS  /tmp/cchsWuk7.s 			page 243


 6617              		.cfi_offset 4, -20
 6618              		.cfi_offset 5, -16
 6619              		.cfi_offset 6, -12
 6620              		.cfi_offset 7, -8
 6621              		.cfi_offset 14, -4
4785:Middlewares/Third_Party/FreeRTOS/Source/tasks.c **** 	BaseType_t xReturn = pdPASS;
 6622              		.loc 1 4785 2 is_stmt 1 view .LVU1863
4786:Middlewares/Third_Party/FreeRTOS/Source/tasks.c **** 	uint8_t ucOriginalNotifyState;
 6623              		.loc 1 4786 2 view .LVU1864
 6624              	.LVL453:
4787:Middlewares/Third_Party/FreeRTOS/Source/tasks.c **** 
 6625              		.loc 1 4787 2 view .LVU1865
4789:Middlewares/Third_Party/FreeRTOS/Source/tasks.c **** 		pxTCB = xTaskToNotify;
 6626              		.loc 1 4789 3 view .LVU1866
 6627 0002 A8B1     		cbz	r0, .L555
 6628 0004 0F46     		mov	r7, r1
 6629 0006 1446     		mov	r4, r2
 6630 0008 1D46     		mov	r5, r3
 6631 000a 0646     		mov	r6, r0
4789:Middlewares/Third_Party/FreeRTOS/Source/tasks.c **** 		pxTCB = xTaskToNotify;
 6632              		.loc 1 4789 32 discriminator 2 view .LVU1867
4790:Middlewares/Third_Party/FreeRTOS/Source/tasks.c **** 
 6633              		.loc 1 4790 3 view .LVU1868
 6634              	.LVL454:
4792:Middlewares/Third_Party/FreeRTOS/Source/tasks.c **** 		{
 6635              		.loc 1 4792 3 view .LVU1869
 6636 000c FFF7FEFF 		bl	vPortEnterCritical
 6637              	.LVL455:
4794:Middlewares/Third_Party/FreeRTOS/Source/tasks.c **** 			{
 6638              		.loc 1 4794 4 view .LVU1870
4794:Middlewares/Third_Party/FreeRTOS/Source/tasks.c **** 			{
 6639              		.loc 1 4794 6 is_stmt 0 view .LVU1871
 6640 0010 0DB1     		cbz	r5, .L537
4796:Middlewares/Third_Party/FreeRTOS/Source/tasks.c **** 			}
 6641              		.loc 1 4796 5 is_stmt 1 view .LVU1872
4796:Middlewares/Third_Party/FreeRTOS/Source/tasks.c **** 			}
 6642              		.loc 1 4796 42 is_stmt 0 view .LVU1873
 6643 0012 736D     		ldr	r3, [r6, #84]
4796:Middlewares/Third_Party/FreeRTOS/Source/tasks.c **** 			}
 6644              		.loc 1 4796 35 view .LVU1874
 6645 0014 2B60     		str	r3, [r5]
 6646              	.L537:
4799:Middlewares/Third_Party/FreeRTOS/Source/tasks.c **** 
 6647              		.loc 1 4799 4 is_stmt 1 view .LVU1875
4799:Middlewares/Third_Party/FreeRTOS/Source/tasks.c **** 
 6648              		.loc 1 4799 26 is_stmt 0 view .LVU1876
 6649 0016 96F85830 		ldrb	r3, [r6, #88]	@ zero_extendqisi2
 6650 001a DBB2     		uxtb	r3, r3
 6651              	.LVL456:
4801:Middlewares/Third_Party/FreeRTOS/Source/tasks.c **** 
 6652              		.loc 1 4801 4 is_stmt 1 view .LVU1877
4801:Middlewares/Third_Party/FreeRTOS/Source/tasks.c **** 
 6653              		.loc 1 4801 25 is_stmt 0 view .LVU1878
 6654 001c 0222     		movs	r2, #2
 6655 001e 86F85820 		strb	r2, [r6, #88]
4803:Middlewares/Third_Party/FreeRTOS/Source/tasks.c **** 			{
 6656              		.loc 1 4803 4 is_stmt 1 view .LVU1879
ARM GAS  /tmp/cchsWuk7.s 			page 244


 6657 0022 042C     		cmp	r4, #4
 6658 0024 21D8     		bhi	.L538
 6659 0026 DFE804F0 		tbb	[pc, r4]
 6660              	.L540:
 6661 002a 0F       		.byte	(.L544-.L540)/2
 6662 002b 0C       		.byte	(.L543-.L540)/2
 6663 002c 16       		.byte	(.L542-.L540)/2
 6664 002d 1A       		.byte	(.L541-.L540)/2
 6665 002e 1C       		.byte	(.L539-.L540)/2
 6666              	.LVL457:
 6667 002f 00       		.p2align 1
 6668              	.L555:
4789:Middlewares/Third_Party/FreeRTOS/Source/tasks.c **** 		pxTCB = xTaskToNotify;
 6669              		.loc 1 4789 3 discriminator 1 view .LVU1880
 6670              	.LBB234:
 6671              	.LBI234:
 191:Middlewares/Third_Party/FreeRTOS/Source/portable/GCC/ARM_CM4F/portmacro.h **** {
 6672              		.loc 2 191 30 view .LVU1881
 6673              	.LBB235:
 193:Middlewares/Third_Party/FreeRTOS/Source/portable/GCC/ARM_CM4F/portmacro.h **** 
 6674              		.loc 2 193 1 view .LVU1882
 195:Middlewares/Third_Party/FreeRTOS/Source/portable/GCC/ARM_CM4F/portmacro.h **** 	(
 6675              		.loc 2 195 2 view .LVU1883
 6676              		.syntax unified
 6677              	@ 195 "Middlewares/Third_Party/FreeRTOS/Source/portable/GCC/ARM_CM4F/portmacro.h" 1
 6678 0030 4FF05003 			mov r3, #80												
 6679 0034 83F31188 		msr basepri, r3											
 6680 0038 BFF36F8F 		isb														
 6681 003c BFF34F8F 		dsb														
 6682              	
 6683              	@ 0 "" 2
 6684              	.LVL458:
 6685              		.thumb
 6686              		.syntax unified
 6687              	.L536:
 195:Middlewares/Third_Party/FreeRTOS/Source/portable/GCC/ARM_CM4F/portmacro.h **** 	(
 6688              		.loc 2 195 2 is_stmt 0 view .LVU1884
 6689              	.LBE235:
 6690              	.LBE234:
4789:Middlewares/Third_Party/FreeRTOS/Source/tasks.c **** 		pxTCB = xTaskToNotify;
 6691              		.loc 1 4789 3 is_stmt 1 discriminator 3 view .LVU1885
4789:Middlewares/Third_Party/FreeRTOS/Source/tasks.c **** 		pxTCB = xTaskToNotify;
 6692              		.loc 1 4789 3 discriminator 3 view .LVU1886
 6693 0040 FEE7     		b	.L536
 6694              	.LVL459:
 6695              	.L543:
4806:Middlewares/Third_Party/FreeRTOS/Source/tasks.c **** 					break;
 6696              		.loc 1 4806 6 view .LVU1887
4806:Middlewares/Third_Party/FreeRTOS/Source/tasks.c **** 					break;
 6697              		.loc 1 4806 11 is_stmt 0 view .LVU1888
 6698 0042 726D     		ldr	r2, [r6, #84]
4806:Middlewares/Third_Party/FreeRTOS/Source/tasks.c **** 					break;
 6699              		.loc 1 4806 29 view .LVU1889
 6700 0044 3A43     		orrs	r2, r2, r7
 6701 0046 7265     		str	r2, [r6, #84]
4807:Middlewares/Third_Party/FreeRTOS/Source/tasks.c **** 
 6702              		.loc 1 4807 6 is_stmt 1 view .LVU1890
ARM GAS  /tmp/cchsWuk7.s 			page 245


 6703              	.L544:
4843:Middlewares/Third_Party/FreeRTOS/Source/tasks.c **** 
 6704              		.loc 1 4843 22 view .LVU1891
4847:Middlewares/Third_Party/FreeRTOS/Source/tasks.c **** 			{
 6705              		.loc 1 4847 4 view .LVU1892
4847:Middlewares/Third_Party/FreeRTOS/Source/tasks.c **** 			{
 6706              		.loc 1 4847 6 is_stmt 0 view .LVU1893
 6707 0048 012B     		cmp	r3, #1
 6708 004a 1BD0     		beq	.L556
 6709 004c 0124     		movs	r4, #1
 6710              	.LVL460:
 6711              	.L545:
4884:Middlewares/Third_Party/FreeRTOS/Source/tasks.c **** 			}
 6712              		.loc 1 4884 29 is_stmt 1 view .LVU1894
4887:Middlewares/Third_Party/FreeRTOS/Source/tasks.c **** 
 6713              		.loc 1 4887 3 view .LVU1895
 6714 004e FFF7FEFF 		bl	vPortExitCritical
 6715              	.LVL461:
4889:Middlewares/Third_Party/FreeRTOS/Source/tasks.c **** 	}
 6716              		.loc 1 4889 3 view .LVU1896
4890:Middlewares/Third_Party/FreeRTOS/Source/tasks.c **** 
 6717              		.loc 1 4890 2 is_stmt 0 view .LVU1897
 6718 0052 2046     		mov	r0, r4
 6719 0054 F8BD     		pop	{r3, r4, r5, r6, r7, pc}
 6720              	.LVL462:
 6721              	.L542:
4810:Middlewares/Third_Party/FreeRTOS/Source/tasks.c **** 					break;
 6722              		.loc 1 4810 6 is_stmt 1 view .LVU1898
4810:Middlewares/Third_Party/FreeRTOS/Source/tasks.c **** 					break;
 6723              		.loc 1 4810 13 is_stmt 0 view .LVU1899
 6724 0056 726D     		ldr	r2, [r6, #84]
4810:Middlewares/Third_Party/FreeRTOS/Source/tasks.c **** 					break;
 6725              		.loc 1 4810 32 view .LVU1900
 6726 0058 0132     		adds	r2, r2, #1
 6727 005a 7265     		str	r2, [r6, #84]
4811:Middlewares/Third_Party/FreeRTOS/Source/tasks.c **** 
 6728              		.loc 1 4811 6 is_stmt 1 view .LVU1901
 6729 005c F4E7     		b	.L544
 6730              	.L541:
4814:Middlewares/Third_Party/FreeRTOS/Source/tasks.c **** 					break;
 6731              		.loc 1 4814 6 view .LVU1902
4814:Middlewares/Third_Party/FreeRTOS/Source/tasks.c **** 					break;
 6732              		.loc 1 4814 29 is_stmt 0 view .LVU1903
 6733 005e 7765     		str	r7, [r6, #84]
4815:Middlewares/Third_Party/FreeRTOS/Source/tasks.c **** 
 6734              		.loc 1 4815 6 is_stmt 1 view .LVU1904
 6735 0060 F2E7     		b	.L544
 6736              	.L539:
4818:Middlewares/Third_Party/FreeRTOS/Source/tasks.c **** 					{
 6737              		.loc 1 4818 6 view .LVU1905
4818:Middlewares/Third_Party/FreeRTOS/Source/tasks.c **** 					{
 6738              		.loc 1 4818 8 is_stmt 0 view .LVU1906
 6739 0062 022B     		cmp	r3, #2
 6740 0064 3ED0     		beq	.L550
4820:Middlewares/Third_Party/FreeRTOS/Source/tasks.c **** 					}
 6741              		.loc 1 4820 7 is_stmt 1 view .LVU1907
4820:Middlewares/Third_Party/FreeRTOS/Source/tasks.c **** 					}
ARM GAS  /tmp/cchsWuk7.s 			page 246


 6742              		.loc 1 4820 30 is_stmt 0 view .LVU1908
 6743 0066 7765     		str	r7, [r6, #84]
 6744 0068 EEE7     		b	.L544
 6745              	.L538:
4838:Middlewares/Third_Party/FreeRTOS/Source/tasks.c **** 
 6746              		.loc 1 4838 6 is_stmt 1 view .LVU1909
 6747 006a 726D     		ldr	r2, [r6, #84]
 6748 006c B2F1FF3F 		cmp	r2, #-1
 6749 0070 EAD0     		beq	.L544
4838:Middlewares/Third_Party/FreeRTOS/Source/tasks.c **** 
 6750              		.loc 1 4838 6 discriminator 1 view .LVU1910
 6751              	.LBB236:
 6752              	.LBI236:
 191:Middlewares/Third_Party/FreeRTOS/Source/portable/GCC/ARM_CM4F/portmacro.h **** {
 6753              		.loc 2 191 30 view .LVU1911
 6754              	.LBB237:
 193:Middlewares/Third_Party/FreeRTOS/Source/portable/GCC/ARM_CM4F/portmacro.h **** 
 6755              		.loc 2 193 1 view .LVU1912
 195:Middlewares/Third_Party/FreeRTOS/Source/portable/GCC/ARM_CM4F/portmacro.h **** 	(
 6756              		.loc 2 195 2 view .LVU1913
 6757              		.syntax unified
 6758              	@ 195 "Middlewares/Third_Party/FreeRTOS/Source/portable/GCC/ARM_CM4F/portmacro.h" 1
 6759 0072 4FF05003 			mov r3, #80												
 6760 0076 83F31188 		msr basepri, r3											
 6761 007a BFF36F8F 		isb														
 6762 007e BFF34F8F 		dsb														
 6763              	
 6764              	@ 0 "" 2
 6765              	.LVL463:
 6766              		.thumb
 6767              		.syntax unified
 6768              	.L546:
 195:Middlewares/Third_Party/FreeRTOS/Source/portable/GCC/ARM_CM4F/portmacro.h **** 	(
 6769              		.loc 2 195 2 is_stmt 0 view .LVU1914
 6770              	.LBE237:
 6771              	.LBE236:
4838:Middlewares/Third_Party/FreeRTOS/Source/tasks.c **** 
 6772              		.loc 1 4838 6 is_stmt 1 discriminator 3 view .LVU1915
4838:Middlewares/Third_Party/FreeRTOS/Source/tasks.c **** 
 6773              		.loc 1 4838 6 discriminator 3 view .LVU1916
 6774 0082 FEE7     		b	.L546
 6775              	.LVL464:
 6776              	.L556:
4849:Middlewares/Third_Party/FreeRTOS/Source/tasks.c **** 				prvAddTaskToReadyList( pxTCB );
 6777              		.loc 1 4849 5 view .LVU1917
4849:Middlewares/Third_Party/FreeRTOS/Source/tasks.c **** 				prvAddTaskToReadyList( pxTCB );
 6778              		.loc 1 4849 14 is_stmt 0 view .LVU1918
 6779 0084 341D     		adds	r4, r6, #4
 6780 0086 2046     		mov	r0, r4
 6781 0088 FFF7FEFF 		bl	uxListRemove
 6782              	.LVL465:
4850:Middlewares/Third_Party/FreeRTOS/Source/tasks.c **** 
 6783              		.loc 1 4850 5 is_stmt 1 view .LVU1919
4850:Middlewares/Third_Party/FreeRTOS/Source/tasks.c **** 
 6784              		.loc 1 4850 5 view .LVU1920
 6785 008c F06A     		ldr	r0, [r6, #44]
 6786 008e 174B     		ldr	r3, .L557
ARM GAS  /tmp/cchsWuk7.s 			page 247


 6787 0090 1B68     		ldr	r3, [r3]
 6788 0092 9842     		cmp	r0, r3
 6789 0094 01D9     		bls	.L547
4850:Middlewares/Third_Party/FreeRTOS/Source/tasks.c **** 
 6790              		.loc 1 4850 5 discriminator 1 view .LVU1921
 6791 0096 154B     		ldr	r3, .L557
 6792 0098 1860     		str	r0, [r3]
 6793              	.L547:
4850:Middlewares/Third_Party/FreeRTOS/Source/tasks.c **** 
 6794              		.loc 1 4850 5 discriminator 3 view .LVU1922
4850:Middlewares/Third_Party/FreeRTOS/Source/tasks.c **** 
 6795              		.loc 1 4850 5 discriminator 3 view .LVU1923
 6796 009a 00EB8000 		add	r0, r0, r0, lsl #2
 6797 009e 2146     		mov	r1, r4
 6798 00a0 134B     		ldr	r3, .L557+4
 6799 00a2 03EB8000 		add	r0, r3, r0, lsl #2
 6800 00a6 FFF7FEFF 		bl	vListInsertEnd
 6801              	.LVL466:
4850:Middlewares/Third_Party/FreeRTOS/Source/tasks.c **** 
 6802              		.loc 1 4850 35 discriminator 1 view .LVU1924
4853:Middlewares/Third_Party/FreeRTOS/Source/tasks.c **** 
 6803              		.loc 1 4853 5 view .LVU1925
 6804 00aa B36A     		ldr	r3, [r6, #40]
 6805 00ac 43B1     		cbz	r3, .L548
4853:Middlewares/Third_Party/FreeRTOS/Source/tasks.c **** 
 6806              		.loc 1 4853 5 discriminator 1 view .LVU1926
 6807              	.LBB238:
 6808              	.LBI238:
 191:Middlewares/Third_Party/FreeRTOS/Source/portable/GCC/ARM_CM4F/portmacro.h **** {
 6809              		.loc 2 191 30 view .LVU1927
 6810              	.LBB239:
 193:Middlewares/Third_Party/FreeRTOS/Source/portable/GCC/ARM_CM4F/portmacro.h **** 
 6811              		.loc 2 193 1 view .LVU1928
 195:Middlewares/Third_Party/FreeRTOS/Source/portable/GCC/ARM_CM4F/portmacro.h **** 	(
 6812              		.loc 2 195 2 view .LVU1929
 6813              		.syntax unified
 6814              	@ 195 "Middlewares/Third_Party/FreeRTOS/Source/portable/GCC/ARM_CM4F/portmacro.h" 1
 6815 00ae 4FF05003 			mov r3, #80												
 6816 00b2 83F31188 		msr basepri, r3											
 6817 00b6 BFF36F8F 		isb														
 6818 00ba BFF34F8F 		dsb														
 6819              	
 6820              	@ 0 "" 2
 6821              		.thumb
 6822              		.syntax unified
 6823              	.L549:
 6824              	.LBE239:
 6825              	.LBE238:
4853:Middlewares/Third_Party/FreeRTOS/Source/tasks.c **** 
 6826              		.loc 1 4853 5 discriminator 3 view .LVU1930
4853:Middlewares/Third_Party/FreeRTOS/Source/tasks.c **** 
 6827              		.loc 1 4853 5 discriminator 3 view .LVU1931
 6828 00be FEE7     		b	.L549
 6829              	.L548:
4853:Middlewares/Third_Party/FreeRTOS/Source/tasks.c **** 
 6830              		.loc 1 4853 82 discriminator 2 view .LVU1932
4871:Middlewares/Third_Party/FreeRTOS/Source/tasks.c **** 				{
ARM GAS  /tmp/cchsWuk7.s 			page 248


 6831              		.loc 1 4871 5 view .LVU1933
4871:Middlewares/Third_Party/FreeRTOS/Source/tasks.c **** 				{
 6832              		.loc 1 4871 14 is_stmt 0 view .LVU1934
 6833 00c0 F26A     		ldr	r2, [r6, #44]
4871:Middlewares/Third_Party/FreeRTOS/Source/tasks.c **** 				{
 6834              		.loc 1 4871 41 view .LVU1935
 6835 00c2 0C4B     		ldr	r3, .L557+8
 6836 00c4 1B68     		ldr	r3, [r3]
 6837 00c6 DB6A     		ldr	r3, [r3, #44]
4871:Middlewares/Third_Party/FreeRTOS/Source/tasks.c **** 				{
 6838              		.loc 1 4871 7 view .LVU1936
 6839 00c8 9A42     		cmp	r2, r3
 6840 00ca 0DD9     		bls	.L552
4875:Middlewares/Third_Party/FreeRTOS/Source/tasks.c **** 				}
 6841              		.loc 1 4875 6 is_stmt 1 view .LVU1937
 6842 00cc 4FF0E023 		mov	r3, #-536813568
 6843 00d0 4FF08052 		mov	r2, #268435456
 6844 00d4 C3F8042D 		str	r2, [r3, #3332]
4875:Middlewares/Third_Party/FreeRTOS/Source/tasks.c **** 				}
 6845              		.loc 1 4875 6 view .LVU1938
 6846              		.syntax unified
 6847              	@ 4875 "Middlewares/Third_Party/FreeRTOS/Source/tasks.c" 1
 6848 00d8 BFF34F8F 		dsb
 6849              	@ 0 "" 2
4875:Middlewares/Third_Party/FreeRTOS/Source/tasks.c **** 				}
 6850              		.loc 1 4875 6 view .LVU1939
 6851              	@ 4875 "Middlewares/Third_Party/FreeRTOS/Source/tasks.c" 1
 6852 00dc BFF36F8F 		isb
 6853              	@ 0 "" 2
4875:Middlewares/Third_Party/FreeRTOS/Source/tasks.c **** 				}
 6854              		.loc 1 4875 37 view .LVU1940
 6855              		.thumb
 6856              		.syntax unified
 6857 00e0 0124     		movs	r4, #1
 6858 00e2 B4E7     		b	.L545
 6859              	.LVL467:
 6860              	.L550:
4825:Middlewares/Third_Party/FreeRTOS/Source/tasks.c **** 					}
 6861              		.loc 1 4825 15 is_stmt 0 view .LVU1941
 6862 00e4 0024     		movs	r4, #0
 6863 00e6 B2E7     		b	.L545
 6864              	.LVL468:
 6865              	.L552:
4825:Middlewares/Third_Party/FreeRTOS/Source/tasks.c **** 					}
 6866              		.loc 1 4825 15 view .LVU1942
 6867 00e8 0124     		movs	r4, #1
 6868 00ea B0E7     		b	.L545
 6869              	.L558:
 6870              		.align	2
 6871              	.L557:
 6872 00ec 00000000 		.word	uxTopReadyPriority
 6873 00f0 00000000 		.word	pxReadyTasksLists
 6874 00f4 00000000 		.word	pxCurrentTCB
 6875              		.cfi_endproc
 6876              	.LFE60:
 6878              		.section	.text.xTaskGenericNotifyFromISR,"ax",%progbits
 6879              		.align	1
ARM GAS  /tmp/cchsWuk7.s 			page 249


 6880              		.global	xTaskGenericNotifyFromISR
 6881              		.syntax unified
 6882              		.thumb
 6883              		.thumb_func
 6885              	xTaskGenericNotifyFromISR:
 6886              	.LVL469:
 6887              	.LFB61:
4898:Middlewares/Third_Party/FreeRTOS/Source/tasks.c **** 	TCB_t * pxTCB;
 6888              		.loc 1 4898 2 is_stmt 1 view -0
 6889              		.cfi_startproc
 6890              		@ args = 4, pretend = 0, frame = 0
 6891              		@ frame_needed = 0, uses_anonymous_args = 0
4899:Middlewares/Third_Party/FreeRTOS/Source/tasks.c **** 	uint8_t ucOriginalNotifyState;
 6892              		.loc 1 4899 2 view .LVU1944
4900:Middlewares/Third_Party/FreeRTOS/Source/tasks.c **** 	BaseType_t xReturn = pdPASS;
 6893              		.loc 1 4900 2 view .LVU1945
4901:Middlewares/Third_Party/FreeRTOS/Source/tasks.c **** 	UBaseType_t uxSavedInterruptStatus;
 6894              		.loc 1 4901 2 view .LVU1946
4902:Middlewares/Third_Party/FreeRTOS/Source/tasks.c **** 
 6895              		.loc 1 4902 2 view .LVU1947
4904:Middlewares/Third_Party/FreeRTOS/Source/tasks.c **** 
 6896              		.loc 1 4904 3 view .LVU1948
 6897 0000 10B3     		cbz	r0, .L584
4898:Middlewares/Third_Party/FreeRTOS/Source/tasks.c **** 	TCB_t * pxTCB;
 6898              		.loc 1 4898 2 is_stmt 0 view .LVU1949
 6899 0002 2DE9F041 		push	{r4, r5, r6, r7, r8, lr}
 6900              	.LCFI62:
 6901              		.cfi_def_cfa_offset 24
 6902              		.cfi_offset 4, -24
 6903              		.cfi_offset 5, -20
 6904              		.cfi_offset 6, -16
 6905              		.cfi_offset 7, -12
 6906              		.cfi_offset 8, -8
 6907              		.cfi_offset 14, -4
 6908 0006 0F46     		mov	r7, r1
 6909 0008 1446     		mov	r4, r2
 6910 000a 1D46     		mov	r5, r3
 6911 000c 0646     		mov	r6, r0
4904:Middlewares/Third_Party/FreeRTOS/Source/tasks.c **** 
 6912              		.loc 1 4904 32 is_stmt 1 discriminator 2 view .LVU1950
4922:Middlewares/Third_Party/FreeRTOS/Source/tasks.c **** 
 6913              		.loc 1 4922 3 view .LVU1951
 6914 000e FFF7FEFF 		bl	vPortValidateInterruptPriority
 6915              	.LVL470:
4924:Middlewares/Third_Party/FreeRTOS/Source/tasks.c **** 
 6916              		.loc 1 4924 3 view .LVU1952
4926:Middlewares/Third_Party/FreeRTOS/Source/tasks.c **** 		{
 6917              		.loc 1 4926 3 view .LVU1953
 6918              	.LBB240:
 6919              	.LBI240:
 207:Middlewares/Third_Party/FreeRTOS/Source/portable/GCC/ARM_CM4F/portmacro.h **** {
 6920              		.loc 2 207 34 view .LVU1954
 6921              	.LBB241:
 209:Middlewares/Third_Party/FreeRTOS/Source/portable/GCC/ARM_CM4F/portmacro.h **** 
 6922              		.loc 2 209 1 view .LVU1955
 211:Middlewares/Third_Party/FreeRTOS/Source/portable/GCC/ARM_CM4F/portmacro.h **** 	(
 6923              		.loc 2 211 2 view .LVU1956
ARM GAS  /tmp/cchsWuk7.s 			page 250


 6924              		.syntax unified
 6925              	@ 211 "Middlewares/Third_Party/FreeRTOS/Source/portable/GCC/ARM_CM4F/portmacro.h" 1
 6926 0012 EFF31183 			mrs r3, basepri											
 6927 0016 4FF05002 		mov r2, #80												
 6928 001a 82F31188 		msr basepri, r2											
 6929 001e BFF36F8F 		isb														
 6930 0022 BFF34F8F 		dsb														
 6931              	
 6932              	@ 0 "" 2
 6933              		.thumb
 6934              		.syntax unified
 6935 0026 9846     		mov	r8, r3
 6936              	.LVL471:
 223:Middlewares/Third_Party/FreeRTOS/Source/portable/GCC/ARM_CM4F/portmacro.h **** }
 6937              		.loc 2 223 2 view .LVU1957
 223:Middlewares/Third_Party/FreeRTOS/Source/portable/GCC/ARM_CM4F/portmacro.h **** }
 6938              		.loc 2 223 2 is_stmt 0 view .LVU1958
 6939              	.LBE241:
 6940              	.LBE240:
4928:Middlewares/Third_Party/FreeRTOS/Source/tasks.c **** 			{
 6941              		.loc 1 4928 4 is_stmt 1 view .LVU1959
4928:Middlewares/Third_Party/FreeRTOS/Source/tasks.c **** 			{
 6942              		.loc 1 4928 6 is_stmt 0 view .LVU1960
 6943 0028 0DB1     		cbz	r5, .L562
4930:Middlewares/Third_Party/FreeRTOS/Source/tasks.c **** 			}
 6944              		.loc 1 4930 5 is_stmt 1 view .LVU1961
4930:Middlewares/Third_Party/FreeRTOS/Source/tasks.c **** 			}
 6945              		.loc 1 4930 42 is_stmt 0 view .LVU1962
 6946 002a 736D     		ldr	r3, [r6, #84]
 6947              	.LVL472:
4930:Middlewares/Third_Party/FreeRTOS/Source/tasks.c **** 			}
 6948              		.loc 1 4930 35 view .LVU1963
 6949 002c 2B60     		str	r3, [r5]
 6950              	.L562:
4933:Middlewares/Third_Party/FreeRTOS/Source/tasks.c **** 			pxTCB->ucNotifyState = taskNOTIFICATION_RECEIVED;
 6951              		.loc 1 4933 4 is_stmt 1 view .LVU1964
4933:Middlewares/Third_Party/FreeRTOS/Source/tasks.c **** 			pxTCB->ucNotifyState = taskNOTIFICATION_RECEIVED;
 6952              		.loc 1 4933 26 is_stmt 0 view .LVU1965
 6953 002e 96F85830 		ldrb	r3, [r6, #88]	@ zero_extendqisi2
 6954 0032 DBB2     		uxtb	r3, r3
 6955              	.LVL473:
4934:Middlewares/Third_Party/FreeRTOS/Source/tasks.c **** 
 6956              		.loc 1 4934 4 is_stmt 1 view .LVU1966
4934:Middlewares/Third_Party/FreeRTOS/Source/tasks.c **** 
 6957              		.loc 1 4934 25 is_stmt 0 view .LVU1967
 6958 0034 0222     		movs	r2, #2
 6959 0036 86F85820 		strb	r2, [r6, #88]
4936:Middlewares/Third_Party/FreeRTOS/Source/tasks.c **** 			{
 6960              		.loc 1 4936 4 is_stmt 1 view .LVU1968
 6961 003a 042C     		cmp	r4, #4
 6962 003c 21D8     		bhi	.L563
 6963 003e DFE804F0 		tbb	[pc, r4]
 6964              	.L565:
 6965 0042 0F       		.byte	(.L569-.L565)/2
 6966 0043 0C       		.byte	(.L568-.L565)/2
 6967 0044 16       		.byte	(.L567-.L565)/2
 6968 0045 1A       		.byte	(.L566-.L565)/2
ARM GAS  /tmp/cchsWuk7.s 			page 251


 6969 0046 1C       		.byte	(.L564-.L565)/2
 6970              	.LVL474:
 6971 0047 00       		.p2align 1
 6972              	.L584:
 6973              	.LCFI63:
 6974              		.cfi_def_cfa_offset 0
 6975              		.cfi_restore 4
 6976              		.cfi_restore 5
 6977              		.cfi_restore 6
 6978              		.cfi_restore 7
 6979              		.cfi_restore 8
 6980              		.cfi_restore 14
4904:Middlewares/Third_Party/FreeRTOS/Source/tasks.c **** 
 6981              		.loc 1 4904 3 discriminator 1 view .LVU1969
 6982              	.LBB242:
 6983              	.LBI242:
 191:Middlewares/Third_Party/FreeRTOS/Source/portable/GCC/ARM_CM4F/portmacro.h **** {
 6984              		.loc 2 191 30 view .LVU1970
 6985              	.LBB243:
 193:Middlewares/Third_Party/FreeRTOS/Source/portable/GCC/ARM_CM4F/portmacro.h **** 
 6986              		.loc 2 193 1 view .LVU1971
 195:Middlewares/Third_Party/FreeRTOS/Source/portable/GCC/ARM_CM4F/portmacro.h **** 	(
 6987              		.loc 2 195 2 view .LVU1972
 6988              		.syntax unified
 6989              	@ 195 "Middlewares/Third_Party/FreeRTOS/Source/portable/GCC/ARM_CM4F/portmacro.h" 1
 6990 0048 4FF05003 			mov r3, #80												
 6991 004c 83F31188 		msr basepri, r3											
 6992 0050 BFF36F8F 		isb														
 6993 0054 BFF34F8F 		dsb														
 6994              	
 6995              	@ 0 "" 2
 6996              	.LVL475:
 6997              		.thumb
 6998              		.syntax unified
 6999              	.L561:
 195:Middlewares/Third_Party/FreeRTOS/Source/portable/GCC/ARM_CM4F/portmacro.h **** 	(
 7000              		.loc 2 195 2 is_stmt 0 view .LVU1973
 7001              	.LBE243:
 7002              	.LBE242:
4904:Middlewares/Third_Party/FreeRTOS/Source/tasks.c **** 
 7003              		.loc 1 4904 3 is_stmt 1 discriminator 3 view .LVU1974
4904:Middlewares/Third_Party/FreeRTOS/Source/tasks.c **** 
 7004              		.loc 1 4904 3 discriminator 3 view .LVU1975
 7005 0058 FEE7     		b	.L561
 7006              	.LVL476:
 7007              	.L568:
 7008              	.LCFI64:
 7009              		.cfi_def_cfa_offset 24
 7010              		.cfi_offset 4, -24
 7011              		.cfi_offset 5, -20
 7012              		.cfi_offset 6, -16
 7013              		.cfi_offset 7, -12
 7014              		.cfi_offset 8, -8
 7015              		.cfi_offset 14, -4
4939:Middlewares/Third_Party/FreeRTOS/Source/tasks.c **** 					break;
 7016              		.loc 1 4939 6 view .LVU1976
4939:Middlewares/Third_Party/FreeRTOS/Source/tasks.c **** 					break;
ARM GAS  /tmp/cchsWuk7.s 			page 252


 7017              		.loc 1 4939 11 is_stmt 0 view .LVU1977
 7018 005a 726D     		ldr	r2, [r6, #84]
4939:Middlewares/Third_Party/FreeRTOS/Source/tasks.c **** 					break;
 7019              		.loc 1 4939 29 view .LVU1978
 7020 005c 3A43     		orrs	r2, r2, r7
 7021 005e 7265     		str	r2, [r6, #84]
4940:Middlewares/Third_Party/FreeRTOS/Source/tasks.c **** 
 7022              		.loc 1 4940 6 is_stmt 1 view .LVU1979
 7023              	.L569:
4975:Middlewares/Third_Party/FreeRTOS/Source/tasks.c **** 
 7024              		.loc 1 4975 31 view .LVU1980
4979:Middlewares/Third_Party/FreeRTOS/Source/tasks.c **** 			{
 7025              		.loc 1 4979 4 view .LVU1981
4979:Middlewares/Third_Party/FreeRTOS/Source/tasks.c **** 			{
 7026              		.loc 1 4979 6 is_stmt 0 view .LVU1982
 7027 0060 012B     		cmp	r3, #1
 7028 0062 1BD0     		beq	.L585
 7029 0064 0120     		movs	r0, #1
 7030              	.LVL477:
 7031              	.L570:
5012:Middlewares/Third_Party/FreeRTOS/Source/tasks.c **** 				}
 7032              		.loc 1 5012 30 is_stmt 1 view .LVU1983
5016:Middlewares/Third_Party/FreeRTOS/Source/tasks.c **** 
 7033              		.loc 1 5016 3 view .LVU1984
 7034              	.LBB244:
 7035              	.LBI244:
 227:Middlewares/Third_Party/FreeRTOS/Source/portable/GCC/ARM_CM4F/portmacro.h **** {
 7036              		.loc 2 227 30 view .LVU1985
 7037              	.LBB245:
 7038              		.loc 2 229 2 view .LVU1986
 7039              		.syntax unified
 7040              	@ 229 "Middlewares/Third_Party/FreeRTOS/Source/portable/GCC/ARM_CM4F/portmacro.h" 1
 7041 0066 88F31188 			msr basepri, r8	
 7042              	@ 0 "" 2
 7043              		.thumb
 7044              		.syntax unified
 7045              	.LBE245:
 7046              	.LBE244:
5018:Middlewares/Third_Party/FreeRTOS/Source/tasks.c **** 	}
 7047              		.loc 1 5018 3 view .LVU1987
5019:Middlewares/Third_Party/FreeRTOS/Source/tasks.c **** 
 7048              		.loc 1 5019 2 is_stmt 0 view .LVU1988
 7049 006a BDE8F081 		pop	{r4, r5, r6, r7, r8, pc}
 7050              	.LVL478:
 7051              	.L567:
4943:Middlewares/Third_Party/FreeRTOS/Source/tasks.c **** 					break;
 7052              		.loc 1 4943 6 is_stmt 1 view .LVU1989
4943:Middlewares/Third_Party/FreeRTOS/Source/tasks.c **** 					break;
 7053              		.loc 1 4943 13 is_stmt 0 view .LVU1990
 7054 006e 726D     		ldr	r2, [r6, #84]
4943:Middlewares/Third_Party/FreeRTOS/Source/tasks.c **** 					break;
 7055              		.loc 1 4943 32 view .LVU1991
 7056 0070 0132     		adds	r2, r2, #1
 7057 0072 7265     		str	r2, [r6, #84]
4944:Middlewares/Third_Party/FreeRTOS/Source/tasks.c **** 
 7058              		.loc 1 4944 6 is_stmt 1 view .LVU1992
 7059 0074 F4E7     		b	.L569
ARM GAS  /tmp/cchsWuk7.s 			page 253


 7060              	.L566:
4947:Middlewares/Third_Party/FreeRTOS/Source/tasks.c **** 					break;
 7061              		.loc 1 4947 6 view .LVU1993
4947:Middlewares/Third_Party/FreeRTOS/Source/tasks.c **** 					break;
 7062              		.loc 1 4947 29 is_stmt 0 view .LVU1994
 7063 0076 7765     		str	r7, [r6, #84]
4948:Middlewares/Third_Party/FreeRTOS/Source/tasks.c **** 
 7064              		.loc 1 4948 6 is_stmt 1 view .LVU1995
 7065 0078 F2E7     		b	.L569
 7066              	.L564:
4951:Middlewares/Third_Party/FreeRTOS/Source/tasks.c **** 					{
 7067              		.loc 1 4951 6 view .LVU1996
4951:Middlewares/Third_Party/FreeRTOS/Source/tasks.c **** 					{
 7068              		.loc 1 4951 8 is_stmt 0 view .LVU1997
 7069 007a 022B     		cmp	r3, #2
 7070 007c 44D0     		beq	.L578
4953:Middlewares/Third_Party/FreeRTOS/Source/tasks.c **** 					}
 7071              		.loc 1 4953 7 is_stmt 1 view .LVU1998
4953:Middlewares/Third_Party/FreeRTOS/Source/tasks.c **** 					}
 7072              		.loc 1 4953 30 is_stmt 0 view .LVU1999
 7073 007e 7765     		str	r7, [r6, #84]
 7074 0080 EEE7     		b	.L569
 7075              	.L563:
4971:Middlewares/Third_Party/FreeRTOS/Source/tasks.c **** 					break;
 7076              		.loc 1 4971 6 is_stmt 1 view .LVU2000
 7077 0082 726D     		ldr	r2, [r6, #84]
 7078 0084 B2F1FF3F 		cmp	r2, #-1
 7079 0088 EAD0     		beq	.L569
4971:Middlewares/Third_Party/FreeRTOS/Source/tasks.c **** 					break;
 7080              		.loc 1 4971 6 discriminator 1 view .LVU2001
 7081              	.LBB246:
 7082              	.LBI246:
 191:Middlewares/Third_Party/FreeRTOS/Source/portable/GCC/ARM_CM4F/portmacro.h **** {
 7083              		.loc 2 191 30 view .LVU2002
 7084              	.LBB247:
 193:Middlewares/Third_Party/FreeRTOS/Source/portable/GCC/ARM_CM4F/portmacro.h **** 
 7085              		.loc 2 193 1 view .LVU2003
 195:Middlewares/Third_Party/FreeRTOS/Source/portable/GCC/ARM_CM4F/portmacro.h **** 	(
 7086              		.loc 2 195 2 view .LVU2004
 7087              		.syntax unified
 7088              	@ 195 "Middlewares/Third_Party/FreeRTOS/Source/portable/GCC/ARM_CM4F/portmacro.h" 1
 7089 008a 4FF05003 			mov r3, #80												
 7090 008e 83F31188 		msr basepri, r3											
 7091 0092 BFF36F8F 		isb														
 7092 0096 BFF34F8F 		dsb														
 7093              	
 7094              	@ 0 "" 2
 7095              	.LVL479:
 7096              		.thumb
 7097              		.syntax unified
 7098              	.L571:
 195:Middlewares/Third_Party/FreeRTOS/Source/portable/GCC/ARM_CM4F/portmacro.h **** 	(
 7099              		.loc 2 195 2 is_stmt 0 view .LVU2005
 7100              	.LBE247:
 7101              	.LBE246:
4971:Middlewares/Third_Party/FreeRTOS/Source/tasks.c **** 					break;
 7102              		.loc 1 4971 6 is_stmt 1 discriminator 3 view .LVU2006
ARM GAS  /tmp/cchsWuk7.s 			page 254


4971:Middlewares/Third_Party/FreeRTOS/Source/tasks.c **** 					break;
 7103              		.loc 1 4971 6 discriminator 3 view .LVU2007
 7104 009a FEE7     		b	.L571
 7105              	.LVL480:
 7106              	.L585:
4982:Middlewares/Third_Party/FreeRTOS/Source/tasks.c **** 
 7107              		.loc 1 4982 5 view .LVU2008
 7108 009c B36A     		ldr	r3, [r6, #40]
 7109              	.LVL481:
4982:Middlewares/Third_Party/FreeRTOS/Source/tasks.c **** 
 7110              		.loc 1 4982 5 is_stmt 0 view .LVU2009
 7111 009e 43B1     		cbz	r3, .L572
4982:Middlewares/Third_Party/FreeRTOS/Source/tasks.c **** 
 7112              		.loc 1 4982 5 is_stmt 1 discriminator 1 view .LVU2010
 7113              	.LBB248:
 7114              	.LBI248:
 191:Middlewares/Third_Party/FreeRTOS/Source/portable/GCC/ARM_CM4F/portmacro.h **** {
 7115              		.loc 2 191 30 view .LVU2011
 7116              	.LBB249:
 193:Middlewares/Third_Party/FreeRTOS/Source/portable/GCC/ARM_CM4F/portmacro.h **** 
 7117              		.loc 2 193 1 view .LVU2012
 195:Middlewares/Third_Party/FreeRTOS/Source/portable/GCC/ARM_CM4F/portmacro.h **** 	(
 7118              		.loc 2 195 2 view .LVU2013
 7119              		.syntax unified
 7120              	@ 195 "Middlewares/Third_Party/FreeRTOS/Source/portable/GCC/ARM_CM4F/portmacro.h" 1
 7121 00a0 4FF05003 			mov r3, #80												
 7122 00a4 83F31188 		msr basepri, r3											
 7123 00a8 BFF36F8F 		isb														
 7124 00ac BFF34F8F 		dsb														
 7125              	
 7126              	@ 0 "" 2
 7127              		.thumb
 7128              		.syntax unified
 7129              	.L573:
 7130              	.LBE249:
 7131              	.LBE248:
4982:Middlewares/Third_Party/FreeRTOS/Source/tasks.c **** 
 7132              		.loc 1 4982 5 discriminator 3 view .LVU2014
4982:Middlewares/Third_Party/FreeRTOS/Source/tasks.c **** 
 7133              		.loc 1 4982 5 discriminator 3 view .LVU2015
 7134 00b0 FEE7     		b	.L573
 7135              	.L572:
4982:Middlewares/Third_Party/FreeRTOS/Source/tasks.c **** 
 7136              		.loc 1 4982 82 discriminator 2 view .LVU2016
4984:Middlewares/Third_Party/FreeRTOS/Source/tasks.c **** 				{
 7137              		.loc 1 4984 5 view .LVU2017
4984:Middlewares/Third_Party/FreeRTOS/Source/tasks.c **** 				{
 7138              		.loc 1 4984 30 is_stmt 0 view .LVU2018
 7139 00b2 174B     		ldr	r3, .L586
 7140 00b4 1B68     		ldr	r3, [r3]
4984:Middlewares/Third_Party/FreeRTOS/Source/tasks.c **** 				{
 7141              		.loc 1 4984 7 view .LVU2019
 7142 00b6 0BBB     		cbnz	r3, .L574
4986:Middlewares/Third_Party/FreeRTOS/Source/tasks.c **** 					prvAddTaskToReadyList( pxTCB );
 7143              		.loc 1 4986 6 is_stmt 1 view .LVU2020
4986:Middlewares/Third_Party/FreeRTOS/Source/tasks.c **** 					prvAddTaskToReadyList( pxTCB );
 7144              		.loc 1 4986 15 is_stmt 0 view .LVU2021
ARM GAS  /tmp/cchsWuk7.s 			page 255


 7145 00b8 341D     		adds	r4, r6, #4
 7146 00ba 2046     		mov	r0, r4
 7147 00bc FFF7FEFF 		bl	uxListRemove
 7148              	.LVL482:
4987:Middlewares/Third_Party/FreeRTOS/Source/tasks.c **** 				}
 7149              		.loc 1 4987 6 is_stmt 1 view .LVU2022
4987:Middlewares/Third_Party/FreeRTOS/Source/tasks.c **** 				}
 7150              		.loc 1 4987 6 view .LVU2023
 7151 00c0 F06A     		ldr	r0, [r6, #44]
 7152 00c2 144B     		ldr	r3, .L586+4
 7153 00c4 1B68     		ldr	r3, [r3]
 7154 00c6 9842     		cmp	r0, r3
 7155 00c8 01D9     		bls	.L575
4987:Middlewares/Third_Party/FreeRTOS/Source/tasks.c **** 				}
 7156              		.loc 1 4987 6 discriminator 1 view .LVU2024
 7157 00ca 124B     		ldr	r3, .L586+4
 7158 00cc 1860     		str	r0, [r3]
 7159              	.L575:
4987:Middlewares/Third_Party/FreeRTOS/Source/tasks.c **** 				}
 7160              		.loc 1 4987 6 discriminator 3 view .LVU2025
4987:Middlewares/Third_Party/FreeRTOS/Source/tasks.c **** 				}
 7161              		.loc 1 4987 6 discriminator 3 view .LVU2026
 7162 00ce 00EB8000 		add	r0, r0, r0, lsl #2
 7163 00d2 2146     		mov	r1, r4
 7164 00d4 104B     		ldr	r3, .L586+8
 7165 00d6 03EB8000 		add	r0, r3, r0, lsl #2
 7166 00da FFF7FEFF 		bl	vListInsertEnd
 7167              	.LVL483:
4987:Middlewares/Third_Party/FreeRTOS/Source/tasks.c **** 				}
 7168              		.loc 1 4987 36 discriminator 1 view .LVU2027
 7169              	.L576:
4996:Middlewares/Third_Party/FreeRTOS/Source/tasks.c **** 				{
 7170              		.loc 1 4996 5 view .LVU2028
4996:Middlewares/Third_Party/FreeRTOS/Source/tasks.c **** 				{
 7171              		.loc 1 4996 14 is_stmt 0 view .LVU2029
 7172 00de F26A     		ldr	r2, [r6, #44]
4996:Middlewares/Third_Party/FreeRTOS/Source/tasks.c **** 				{
 7173              		.loc 1 4996 41 view .LVU2030
 7174 00e0 0E4B     		ldr	r3, .L586+12
 7175 00e2 1B68     		ldr	r3, [r3]
 7176 00e4 DB6A     		ldr	r3, [r3, #44]
4996:Middlewares/Third_Party/FreeRTOS/Source/tasks.c **** 				{
 7177              		.loc 1 4996 7 view .LVU2031
 7178 00e6 9A42     		cmp	r2, r3
 7179 00e8 10D9     		bls	.L580
5000:Middlewares/Third_Party/FreeRTOS/Source/tasks.c **** 					{
 7180              		.loc 1 5000 6 is_stmt 1 view .LVU2032
5000:Middlewares/Third_Party/FreeRTOS/Source/tasks.c **** 					{
 7181              		.loc 1 5000 8 is_stmt 0 view .LVU2033
 7182 00ea 069B     		ldr	r3, [sp, #24]
 7183 00ec 13B1     		cbz	r3, .L577
5002:Middlewares/Third_Party/FreeRTOS/Source/tasks.c **** 					}
 7184              		.loc 1 5002 7 is_stmt 1 view .LVU2034
5002:Middlewares/Third_Party/FreeRTOS/Source/tasks.c **** 					}
 7185              		.loc 1 5002 34 is_stmt 0 view .LVU2035
 7186 00ee 0123     		movs	r3, #1
 7187 00f0 069A     		ldr	r2, [sp, #24]
ARM GAS  /tmp/cchsWuk7.s 			page 256


 7188 00f2 1360     		str	r3, [r2]
 7189              	.L577:
5008:Middlewares/Third_Party/FreeRTOS/Source/tasks.c **** 				}
 7190              		.loc 1 5008 6 is_stmt 1 view .LVU2036
5008:Middlewares/Third_Party/FreeRTOS/Source/tasks.c **** 				}
 7191              		.loc 1 5008 20 is_stmt 0 view .LVU2037
 7192 00f4 0120     		movs	r0, #1
 7193 00f6 0A4B     		ldr	r3, .L586+16
 7194 00f8 1860     		str	r0, [r3]
 7195 00fa B4E7     		b	.L570
 7196              	.L574:
4993:Middlewares/Third_Party/FreeRTOS/Source/tasks.c **** 				}
 7197              		.loc 1 4993 6 is_stmt 1 view .LVU2038
 7198 00fc 06F11801 		add	r1, r6, #24
 7199 0100 0848     		ldr	r0, .L586+20
 7200 0102 FFF7FEFF 		bl	vListInsertEnd
 7201              	.LVL484:
 7202 0106 EAE7     		b	.L576
 7203              	.LVL485:
 7204              	.L578:
4958:Middlewares/Third_Party/FreeRTOS/Source/tasks.c **** 					}
 7205              		.loc 1 4958 15 is_stmt 0 view .LVU2039
 7206 0108 0020     		movs	r0, #0
 7207 010a ACE7     		b	.L570
 7208              	.LVL486:
 7209              	.L580:
4958:Middlewares/Third_Party/FreeRTOS/Source/tasks.c **** 					}
 7210              		.loc 1 4958 15 view .LVU2040
 7211 010c 0120     		movs	r0, #1
 7212 010e AAE7     		b	.L570
 7213              	.L587:
 7214              		.align	2
 7215              	.L586:
 7216 0110 00000000 		.word	uxSchedulerSuspended
 7217 0114 00000000 		.word	uxTopReadyPriority
 7218 0118 00000000 		.word	pxReadyTasksLists
 7219 011c 00000000 		.word	pxCurrentTCB
 7220 0120 00000000 		.word	xYieldPending
 7221 0124 00000000 		.word	xPendingReadyList
 7222              		.cfi_endproc
 7223              	.LFE61:
 7225              		.section	.text.vTaskNotifyGiveFromISR,"ax",%progbits
 7226              		.align	1
 7227              		.global	vTaskNotifyGiveFromISR
 7228              		.syntax unified
 7229              		.thumb
 7230              		.thumb_func
 7232              	vTaskNotifyGiveFromISR:
 7233              	.LVL487:
 7234              	.LFB62:
5027:Middlewares/Third_Party/FreeRTOS/Source/tasks.c **** 	TCB_t * pxTCB;
 7235              		.loc 1 5027 2 is_stmt 1 view -0
 7236              		.cfi_startproc
 7237              		@ args = 0, pretend = 0, frame = 0
 7238              		@ frame_needed = 0, uses_anonymous_args = 0
5027:Middlewares/Third_Party/FreeRTOS/Source/tasks.c **** 	TCB_t * pxTCB;
 7239              		.loc 1 5027 2 is_stmt 0 view .LVU2042
ARM GAS  /tmp/cchsWuk7.s 			page 257


 7240 0000 F8B5     		push	{r3, r4, r5, r6, r7, lr}
 7241              	.LCFI65:
 7242              		.cfi_def_cfa_offset 24
 7243              		.cfi_offset 3, -24
 7244              		.cfi_offset 4, -20
 7245              		.cfi_offset 5, -16
 7246              		.cfi_offset 6, -12
 7247              		.cfi_offset 7, -8
 7248              		.cfi_offset 14, -4
5028:Middlewares/Third_Party/FreeRTOS/Source/tasks.c **** 	uint8_t ucOriginalNotifyState;
 7249              		.loc 1 5028 2 is_stmt 1 view .LVU2043
5029:Middlewares/Third_Party/FreeRTOS/Source/tasks.c **** 	UBaseType_t uxSavedInterruptStatus;
 7250              		.loc 1 5029 2 view .LVU2044
5030:Middlewares/Third_Party/FreeRTOS/Source/tasks.c **** 
 7251              		.loc 1 5030 2 view .LVU2045
5032:Middlewares/Third_Party/FreeRTOS/Source/tasks.c **** 
 7252              		.loc 1 5032 3 view .LVU2046
 7253 0002 D8B1     		cbz	r0, .L599
 7254 0004 0D46     		mov	r5, r1
 7255 0006 0446     		mov	r4, r0
5032:Middlewares/Third_Party/FreeRTOS/Source/tasks.c **** 
 7256              		.loc 1 5032 32 discriminator 2 view .LVU2047
5050:Middlewares/Third_Party/FreeRTOS/Source/tasks.c **** 
 7257              		.loc 1 5050 3 view .LVU2048
 7258 0008 FFF7FEFF 		bl	vPortValidateInterruptPriority
 7259              	.LVL488:
5052:Middlewares/Third_Party/FreeRTOS/Source/tasks.c **** 
 7260              		.loc 1 5052 3 view .LVU2049
5054:Middlewares/Third_Party/FreeRTOS/Source/tasks.c **** 		{
 7261              		.loc 1 5054 3 view .LVU2050
 7262              	.LBB250:
 7263              	.LBI250:
 207:Middlewares/Third_Party/FreeRTOS/Source/portable/GCC/ARM_CM4F/portmacro.h **** {
 7264              		.loc 2 207 34 view .LVU2051
 7265              	.LBB251:
 209:Middlewares/Third_Party/FreeRTOS/Source/portable/GCC/ARM_CM4F/portmacro.h **** 
 7266              		.loc 2 209 1 view .LVU2052
 211:Middlewares/Third_Party/FreeRTOS/Source/portable/GCC/ARM_CM4F/portmacro.h **** 	(
 7267              		.loc 2 211 2 view .LVU2053
 7268              		.syntax unified
 7269              	@ 211 "Middlewares/Third_Party/FreeRTOS/Source/portable/GCC/ARM_CM4F/portmacro.h" 1
 7270 000c EFF31183 			mrs r3, basepri											
 7271 0010 4FF05002 		mov r2, #80												
 7272 0014 82F31188 		msr basepri, r2											
 7273 0018 BFF36F8F 		isb														
 7274 001c BFF34F8F 		dsb														
 7275              	
 7276              	@ 0 "" 2
 7277              		.thumb
 7278              		.syntax unified
 7279 0020 1E46     		mov	r6, r3
 7280              	.LVL489:
 223:Middlewares/Third_Party/FreeRTOS/Source/portable/GCC/ARM_CM4F/portmacro.h **** }
 7281              		.loc 2 223 2 view .LVU2054
 223:Middlewares/Third_Party/FreeRTOS/Source/portable/GCC/ARM_CM4F/portmacro.h **** }
 7282              		.loc 2 223 2 is_stmt 0 view .LVU2055
 7283              	.LBE251:
ARM GAS  /tmp/cchsWuk7.s 			page 258


 7284              	.LBE250:
5056:Middlewares/Third_Party/FreeRTOS/Source/tasks.c **** 			pxTCB->ucNotifyState = taskNOTIFICATION_RECEIVED;
 7285              		.loc 1 5056 4 is_stmt 1 view .LVU2056
5056:Middlewares/Third_Party/FreeRTOS/Source/tasks.c **** 			pxTCB->ucNotifyState = taskNOTIFICATION_RECEIVED;
 7286              		.loc 1 5056 26 is_stmt 0 view .LVU2057
 7287 0022 94F85820 		ldrb	r2, [r4, #88]	@ zero_extendqisi2
 7288              	.LVL490:
5057:Middlewares/Third_Party/FreeRTOS/Source/tasks.c **** 
 7289              		.loc 1 5057 4 is_stmt 1 view .LVU2058
5057:Middlewares/Third_Party/FreeRTOS/Source/tasks.c **** 
 7290              		.loc 1 5057 25 is_stmt 0 view .LVU2059
 7291 0026 0223     		movs	r3, #2
 7292              	.LVL491:
5057:Middlewares/Third_Party/FreeRTOS/Source/tasks.c **** 
 7293              		.loc 1 5057 25 view .LVU2060
 7294 0028 84F85830 		strb	r3, [r4, #88]
5061:Middlewares/Third_Party/FreeRTOS/Source/tasks.c **** 
 7295              		.loc 1 5061 4 is_stmt 1 view .LVU2061
5061:Middlewares/Third_Party/FreeRTOS/Source/tasks.c **** 
 7296              		.loc 1 5061 11 is_stmt 0 view .LVU2062
 7297 002c 636D     		ldr	r3, [r4, #84]
5061:Middlewares/Third_Party/FreeRTOS/Source/tasks.c **** 
 7298              		.loc 1 5061 30 view .LVU2063
 7299 002e 0133     		adds	r3, r3, #1
 7300 0030 6365     		str	r3, [r4, #84]
5063:Middlewares/Third_Party/FreeRTOS/Source/tasks.c **** 
 7301              		.loc 1 5063 36 is_stmt 1 view .LVU2064
5067:Middlewares/Third_Party/FreeRTOS/Source/tasks.c **** 			{
 7302              		.loc 1 5067 4 view .LVU2065
5067:Middlewares/Third_Party/FreeRTOS/Source/tasks.c **** 			{
 7303              		.loc 1 5067 6 is_stmt 0 view .LVU2066
 7304 0032 012A     		cmp	r2, #1
 7305 0034 0BD0     		beq	.L600
 7306              	.LVL492:
 7307              	.L591:
5100:Middlewares/Third_Party/FreeRTOS/Source/tasks.c **** 				}
 7308              		.loc 1 5100 30 is_stmt 1 view .LVU2067
5104:Middlewares/Third_Party/FreeRTOS/Source/tasks.c **** 	}
 7309              		.loc 1 5104 3 view .LVU2068
 7310              	.LBB252:
 7311              	.LBI252:
 227:Middlewares/Third_Party/FreeRTOS/Source/portable/GCC/ARM_CM4F/portmacro.h **** {
 7312              		.loc 2 227 30 view .LVU2069
 7313              	.LBB253:
 7314              		.loc 2 229 2 view .LVU2070
 7315              		.syntax unified
 7316              	@ 229 "Middlewares/Third_Party/FreeRTOS/Source/portable/GCC/ARM_CM4F/portmacro.h" 1
 7317 0036 86F31188 			msr basepri, r6	
 7318              	@ 0 "" 2
 7319              		.thumb
 7320              		.syntax unified
 7321              	.LBE253:
 7322              	.LBE252:
5105:Middlewares/Third_Party/FreeRTOS/Source/tasks.c **** 
 7323              		.loc 1 5105 2 is_stmt 0 view .LVU2071
 7324 003a F8BD     		pop	{r3, r4, r5, r6, r7, pc}
 7325              	.LVL493:
ARM GAS  /tmp/cchsWuk7.s 			page 259


 7326              	.L599:
5032:Middlewares/Third_Party/FreeRTOS/Source/tasks.c **** 
 7327              		.loc 1 5032 3 is_stmt 1 discriminator 1 view .LVU2072
 7328              	.LBB254:
 7329              	.LBI254:
 191:Middlewares/Third_Party/FreeRTOS/Source/portable/GCC/ARM_CM4F/portmacro.h **** {
 7330              		.loc 2 191 30 view .LVU2073
 7331              	.LBB255:
 193:Middlewares/Third_Party/FreeRTOS/Source/portable/GCC/ARM_CM4F/portmacro.h **** 
 7332              		.loc 2 193 1 view .LVU2074
 195:Middlewares/Third_Party/FreeRTOS/Source/portable/GCC/ARM_CM4F/portmacro.h **** 	(
 7333              		.loc 2 195 2 view .LVU2075
 7334              		.syntax unified
 7335              	@ 195 "Middlewares/Third_Party/FreeRTOS/Source/portable/GCC/ARM_CM4F/portmacro.h" 1
 7336 003c 4FF05003 			mov r3, #80												
 7337 0040 83F31188 		msr basepri, r3											
 7338 0044 BFF36F8F 		isb														
 7339 0048 BFF34F8F 		dsb														
 7340              	
 7341              	@ 0 "" 2
 7342              		.thumb
 7343              		.syntax unified
 7344              	.L590:
 7345              	.LBE255:
 7346              	.LBE254:
5032:Middlewares/Third_Party/FreeRTOS/Source/tasks.c **** 
 7347              		.loc 1 5032 3 discriminator 3 view .LVU2076
5032:Middlewares/Third_Party/FreeRTOS/Source/tasks.c **** 
 7348              		.loc 1 5032 3 discriminator 3 view .LVU2077
 7349 004c FEE7     		b	.L590
 7350              	.LVL494:
 7351              	.L600:
5070:Middlewares/Third_Party/FreeRTOS/Source/tasks.c **** 
 7352              		.loc 1 5070 5 view .LVU2078
 7353 004e A36A     		ldr	r3, [r4, #40]
 7354 0050 43B1     		cbz	r3, .L592
5070:Middlewares/Third_Party/FreeRTOS/Source/tasks.c **** 
 7355              		.loc 1 5070 5 discriminator 1 view .LVU2079
 7356              	.LBB256:
 7357              	.LBI256:
 191:Middlewares/Third_Party/FreeRTOS/Source/portable/GCC/ARM_CM4F/portmacro.h **** {
 7358              		.loc 2 191 30 view .LVU2080
 7359              	.LBB257:
 193:Middlewares/Third_Party/FreeRTOS/Source/portable/GCC/ARM_CM4F/portmacro.h **** 
 7360              		.loc 2 193 1 view .LVU2081
 195:Middlewares/Third_Party/FreeRTOS/Source/portable/GCC/ARM_CM4F/portmacro.h **** 	(
 7361              		.loc 2 195 2 view .LVU2082
 7362              		.syntax unified
 7363              	@ 195 "Middlewares/Third_Party/FreeRTOS/Source/portable/GCC/ARM_CM4F/portmacro.h" 1
 7364 0052 4FF05003 			mov r3, #80												
 7365 0056 83F31188 		msr basepri, r3											
 7366 005a BFF36F8F 		isb														
 7367 005e BFF34F8F 		dsb														
 7368              	
 7369              	@ 0 "" 2
 7370              		.thumb
 7371              		.syntax unified
ARM GAS  /tmp/cchsWuk7.s 			page 260


 7372              	.L593:
 7373              	.LBE257:
 7374              	.LBE256:
5070:Middlewares/Third_Party/FreeRTOS/Source/tasks.c **** 
 7375              		.loc 1 5070 5 discriminator 3 view .LVU2083
5070:Middlewares/Third_Party/FreeRTOS/Source/tasks.c **** 
 7376              		.loc 1 5070 5 discriminator 3 view .LVU2084
 7377 0062 FEE7     		b	.L593
 7378              	.L592:
5070:Middlewares/Third_Party/FreeRTOS/Source/tasks.c **** 
 7379              		.loc 1 5070 82 discriminator 2 view .LVU2085
5072:Middlewares/Third_Party/FreeRTOS/Source/tasks.c **** 				{
 7380              		.loc 1 5072 5 view .LVU2086
5072:Middlewares/Third_Party/FreeRTOS/Source/tasks.c **** 				{
 7381              		.loc 1 5072 30 is_stmt 0 view .LVU2087
 7382 0064 144B     		ldr	r3, .L601
 7383 0066 1B68     		ldr	r3, [r3]
5072:Middlewares/Third_Party/FreeRTOS/Source/tasks.c **** 				{
 7384              		.loc 1 5072 7 view .LVU2088
 7385 0068 FBB9     		cbnz	r3, .L594
5074:Middlewares/Third_Party/FreeRTOS/Source/tasks.c **** 					prvAddTaskToReadyList( pxTCB );
 7386              		.loc 1 5074 6 is_stmt 1 view .LVU2089
5074:Middlewares/Third_Party/FreeRTOS/Source/tasks.c **** 					prvAddTaskToReadyList( pxTCB );
 7387              		.loc 1 5074 15 is_stmt 0 view .LVU2090
 7388 006a 271D     		adds	r7, r4, #4
 7389 006c 3846     		mov	r0, r7
 7390 006e FFF7FEFF 		bl	uxListRemove
 7391              	.LVL495:
5075:Middlewares/Third_Party/FreeRTOS/Source/tasks.c **** 				}
 7392              		.loc 1 5075 6 is_stmt 1 view .LVU2091
5075:Middlewares/Third_Party/FreeRTOS/Source/tasks.c **** 				}
 7393              		.loc 1 5075 6 view .LVU2092
 7394 0072 E06A     		ldr	r0, [r4, #44]
 7395 0074 114B     		ldr	r3, .L601+4
 7396 0076 1B68     		ldr	r3, [r3]
 7397 0078 9842     		cmp	r0, r3
 7398 007a 01D9     		bls	.L595
5075:Middlewares/Third_Party/FreeRTOS/Source/tasks.c **** 				}
 7399              		.loc 1 5075 6 discriminator 1 view .LVU2093
 7400 007c 0F4B     		ldr	r3, .L601+4
 7401 007e 1860     		str	r0, [r3]
 7402              	.L595:
5075:Middlewares/Third_Party/FreeRTOS/Source/tasks.c **** 				}
 7403              		.loc 1 5075 6 discriminator 3 view .LVU2094
5075:Middlewares/Third_Party/FreeRTOS/Source/tasks.c **** 				}
 7404              		.loc 1 5075 6 discriminator 3 view .LVU2095
 7405 0080 00EB8000 		add	r0, r0, r0, lsl #2
 7406 0084 3946     		mov	r1, r7
 7407 0086 0E4B     		ldr	r3, .L601+8
 7408 0088 03EB8000 		add	r0, r3, r0, lsl #2
 7409 008c FFF7FEFF 		bl	vListInsertEnd
 7410              	.LVL496:
5075:Middlewares/Third_Party/FreeRTOS/Source/tasks.c **** 				}
 7411              		.loc 1 5075 36 discriminator 1 view .LVU2096
 7412              	.L596:
5084:Middlewares/Third_Party/FreeRTOS/Source/tasks.c **** 				{
 7413              		.loc 1 5084 5 view .LVU2097
ARM GAS  /tmp/cchsWuk7.s 			page 261


5084:Middlewares/Third_Party/FreeRTOS/Source/tasks.c **** 				{
 7414              		.loc 1 5084 14 is_stmt 0 view .LVU2098
 7415 0090 E26A     		ldr	r2, [r4, #44]
5084:Middlewares/Third_Party/FreeRTOS/Source/tasks.c **** 				{
 7416              		.loc 1 5084 41 view .LVU2099
 7417 0092 0C4B     		ldr	r3, .L601+12
 7418 0094 1B68     		ldr	r3, [r3]
 7419 0096 DB6A     		ldr	r3, [r3, #44]
5084:Middlewares/Third_Party/FreeRTOS/Source/tasks.c **** 				{
 7420              		.loc 1 5084 7 view .LVU2100
 7421 0098 9A42     		cmp	r2, r3
 7422 009a CCD9     		bls	.L591
5088:Middlewares/Third_Party/FreeRTOS/Source/tasks.c **** 					{
 7423              		.loc 1 5088 6 is_stmt 1 view .LVU2101
5088:Middlewares/Third_Party/FreeRTOS/Source/tasks.c **** 					{
 7424              		.loc 1 5088 8 is_stmt 0 view .LVU2102
 7425 009c 0DB1     		cbz	r5, .L597
5090:Middlewares/Third_Party/FreeRTOS/Source/tasks.c **** 					}
 7426              		.loc 1 5090 7 is_stmt 1 view .LVU2103
5090:Middlewares/Third_Party/FreeRTOS/Source/tasks.c **** 					}
 7427              		.loc 1 5090 34 is_stmt 0 view .LVU2104
 7428 009e 0123     		movs	r3, #1
 7429 00a0 2B60     		str	r3, [r5]
 7430              	.L597:
5096:Middlewares/Third_Party/FreeRTOS/Source/tasks.c **** 				}
 7431              		.loc 1 5096 6 is_stmt 1 view .LVU2105
5096:Middlewares/Third_Party/FreeRTOS/Source/tasks.c **** 				}
 7432              		.loc 1 5096 20 is_stmt 0 view .LVU2106
 7433 00a2 094B     		ldr	r3, .L601+16
 7434 00a4 0122     		movs	r2, #1
 7435 00a6 1A60     		str	r2, [r3]
 7436 00a8 C5E7     		b	.L591
 7437              	.LVL497:
 7438              	.L594:
5081:Middlewares/Third_Party/FreeRTOS/Source/tasks.c **** 				}
 7439              		.loc 1 5081 6 is_stmt 1 view .LVU2107
 7440 00aa 04F11801 		add	r1, r4, #24
 7441 00ae 0748     		ldr	r0, .L601+20
 7442 00b0 FFF7FEFF 		bl	vListInsertEnd
 7443              	.LVL498:
5081:Middlewares/Third_Party/FreeRTOS/Source/tasks.c **** 				}
 7444              		.loc 1 5081 6 is_stmt 0 view .LVU2108
 7445 00b4 ECE7     		b	.L596
 7446              	.L602:
 7447 00b6 00BF     		.align	2
 7448              	.L601:
 7449 00b8 00000000 		.word	uxSchedulerSuspended
 7450 00bc 00000000 		.word	uxTopReadyPriority
 7451 00c0 00000000 		.word	pxReadyTasksLists
 7452 00c4 00000000 		.word	pxCurrentTCB
 7453 00c8 00000000 		.word	xYieldPending
 7454 00cc 00000000 		.word	xPendingReadyList
 7455              		.cfi_endproc
 7456              	.LFE62:
 7458              		.section	.text.xTaskNotifyStateClear,"ax",%progbits
 7459              		.align	1
 7460              		.global	xTaskNotifyStateClear
ARM GAS  /tmp/cchsWuk7.s 			page 262


 7461              		.syntax unified
 7462              		.thumb
 7463              		.thumb_func
 7465              	xTaskNotifyStateClear:
 7466              	.LVL499:
 7467              	.LFB63:
5113:Middlewares/Third_Party/FreeRTOS/Source/tasks.c **** 	TCB_t *pxTCB;
 7468              		.loc 1 5113 2 is_stmt 1 view -0
 7469              		.cfi_startproc
 7470              		@ args = 0, pretend = 0, frame = 0
 7471              		@ frame_needed = 0, uses_anonymous_args = 0
5113:Middlewares/Third_Party/FreeRTOS/Source/tasks.c **** 	TCB_t *pxTCB;
 7472              		.loc 1 5113 2 is_stmt 0 view .LVU2110
 7473 0000 10B5     		push	{r4, lr}
 7474              	.LCFI66:
 7475              		.cfi_def_cfa_offset 8
 7476              		.cfi_offset 4, -8
 7477              		.cfi_offset 14, -4
5114:Middlewares/Third_Party/FreeRTOS/Source/tasks.c **** 	BaseType_t xReturn;
 7478              		.loc 1 5114 2 is_stmt 1 view .LVU2111
5115:Middlewares/Third_Party/FreeRTOS/Source/tasks.c **** 
 7479              		.loc 1 5115 2 view .LVU2112
5119:Middlewares/Third_Party/FreeRTOS/Source/tasks.c **** 
 7480              		.loc 1 5119 3 view .LVU2113
5119:Middlewares/Third_Party/FreeRTOS/Source/tasks.c **** 
 7481              		.loc 1 5119 11 is_stmt 0 view .LVU2114
 7482 0002 0446     		mov	r4, r0
 7483 0004 50B1     		cbz	r0, .L608
 7484              	.LVL500:
 7485              	.L604:
5121:Middlewares/Third_Party/FreeRTOS/Source/tasks.c **** 		{
 7486              		.loc 1 5121 3 is_stmt 1 view .LVU2115
 7487 0006 FFF7FEFF 		bl	vPortEnterCritical
 7488              	.LVL501:
5123:Middlewares/Third_Party/FreeRTOS/Source/tasks.c **** 			{
 7489              		.loc 1 5123 4 view .LVU2116
5123:Middlewares/Third_Party/FreeRTOS/Source/tasks.c **** 			{
 7490              		.loc 1 5123 13 is_stmt 0 view .LVU2117
 7491 000a 94F85830 		ldrb	r3, [r4, #88]	@ zero_extendqisi2
5123:Middlewares/Third_Party/FreeRTOS/Source/tasks.c **** 			{
 7492              		.loc 1 5123 6 view .LVU2118
 7493 000e 022B     		cmp	r3, #2
 7494 0010 07D0     		beq	.L609
5130:Middlewares/Third_Party/FreeRTOS/Source/tasks.c **** 			}
 7495              		.loc 1 5130 13 view .LVU2119
 7496 0012 0024     		movs	r4, #0
 7497              	.LVL502:
 7498              	.L605:
5133:Middlewares/Third_Party/FreeRTOS/Source/tasks.c **** 
 7499              		.loc 1 5133 3 is_stmt 1 view .LVU2120
 7500 0014 FFF7FEFF 		bl	vPortExitCritical
 7501              	.LVL503:
5135:Middlewares/Third_Party/FreeRTOS/Source/tasks.c **** 	}
 7502              		.loc 1 5135 3 view .LVU2121
5136:Middlewares/Third_Party/FreeRTOS/Source/tasks.c **** 
 7503              		.loc 1 5136 2 is_stmt 0 view .LVU2122
 7504 0018 2046     		mov	r0, r4
ARM GAS  /tmp/cchsWuk7.s 			page 263


 7505 001a 10BD     		pop	{r4, pc}
 7506              	.LVL504:
 7507              	.L608:
5119:Middlewares/Third_Party/FreeRTOS/Source/tasks.c **** 
 7508              		.loc 1 5119 11 discriminator 1 view .LVU2123
 7509 001c 034B     		ldr	r3, .L610
 7510 001e 1C68     		ldr	r4, [r3]
 7511              	.LVL505:
5119:Middlewares/Third_Party/FreeRTOS/Source/tasks.c **** 
 7512              		.loc 1 5119 11 discriminator 1 view .LVU2124
 7513 0020 F1E7     		b	.L604
 7514              	.LVL506:
 7515              	.L609:
5125:Middlewares/Third_Party/FreeRTOS/Source/tasks.c **** 				xReturn = pdPASS;
 7516              		.loc 1 5125 5 is_stmt 1 view .LVU2125
5125:Middlewares/Third_Party/FreeRTOS/Source/tasks.c **** 				xReturn = pdPASS;
 7517              		.loc 1 5125 26 is_stmt 0 view .LVU2126
 7518 0022 0023     		movs	r3, #0
 7519 0024 84F85830 		strb	r3, [r4, #88]
5126:Middlewares/Third_Party/FreeRTOS/Source/tasks.c **** 			}
 7520              		.loc 1 5126 5 is_stmt 1 view .LVU2127
 7521              	.LVL507:
5126:Middlewares/Third_Party/FreeRTOS/Source/tasks.c **** 			}
 7522              		.loc 1 5126 13 is_stmt 0 view .LVU2128
 7523 0028 0124     		movs	r4, #1
 7524              	.LVL508:
5126:Middlewares/Third_Party/FreeRTOS/Source/tasks.c **** 			}
 7525              		.loc 1 5126 13 view .LVU2129
 7526 002a F3E7     		b	.L605
 7527              	.L611:
 7528              		.align	2
 7529              	.L610:
 7530 002c 00000000 		.word	pxCurrentTCB
 7531              		.cfi_endproc
 7532              	.LFE63:
 7534              		.section	.text.ulTaskNotifyValueClear,"ax",%progbits
 7535              		.align	1
 7536              		.global	ulTaskNotifyValueClear
 7537              		.syntax unified
 7538              		.thumb
 7539              		.thumb_func
 7541              	ulTaskNotifyValueClear:
 7542              	.LVL509:
 7543              	.LFB64:
5144:Middlewares/Third_Party/FreeRTOS/Source/tasks.c **** 	TCB_t *pxTCB;
 7544              		.loc 1 5144 2 is_stmt 1 view -0
 7545              		.cfi_startproc
 7546              		@ args = 0, pretend = 0, frame = 0
 7547              		@ frame_needed = 0, uses_anonymous_args = 0
5144:Middlewares/Third_Party/FreeRTOS/Source/tasks.c **** 	TCB_t *pxTCB;
 7548              		.loc 1 5144 2 is_stmt 0 view .LVU2131
 7549 0000 70B5     		push	{r4, r5, r6, lr}
 7550              	.LCFI67:
 7551              		.cfi_def_cfa_offset 16
 7552              		.cfi_offset 4, -16
 7553              		.cfi_offset 5, -12
 7554              		.cfi_offset 6, -8
ARM GAS  /tmp/cchsWuk7.s 			page 264


 7555              		.cfi_offset 14, -4
 7556 0002 0C46     		mov	r4, r1
5145:Middlewares/Third_Party/FreeRTOS/Source/tasks.c **** 	uint32_t ulReturn;
 7557              		.loc 1 5145 2 is_stmt 1 view .LVU2132
5146:Middlewares/Third_Party/FreeRTOS/Source/tasks.c **** 
 7558              		.loc 1 5146 2 view .LVU2133
5150:Middlewares/Third_Party/FreeRTOS/Source/tasks.c **** 
 7559              		.loc 1 5150 3 view .LVU2134
5150:Middlewares/Third_Party/FreeRTOS/Source/tasks.c **** 
 7560              		.loc 1 5150 11 is_stmt 0 view .LVU2135
 7561 0004 0546     		mov	r5, r0
 7562 0006 60B1     		cbz	r0, .L615
 7563              	.LVL510:
 7564              	.L613:
5152:Middlewares/Third_Party/FreeRTOS/Source/tasks.c **** 		{
 7565              		.loc 1 5152 3 is_stmt 1 view .LVU2136
 7566 0008 FFF7FEFF 		bl	vPortEnterCritical
 7567              	.LVL511:
5156:Middlewares/Third_Party/FreeRTOS/Source/tasks.c **** 			pxTCB->ulNotifiedValue &= ~ulBitsToClear;
 7568              		.loc 1 5156 4 view .LVU2137
5156:Middlewares/Third_Party/FreeRTOS/Source/tasks.c **** 			pxTCB->ulNotifiedValue &= ~ulBitsToClear;
 7569              		.loc 1 5156 27 is_stmt 0 view .LVU2138
 7570 000c 064B     		ldr	r3, .L616
 7571 000e 1B68     		ldr	r3, [r3]
5156:Middlewares/Third_Party/FreeRTOS/Source/tasks.c **** 			pxTCB->ulNotifiedValue &= ~ulBitsToClear;
 7572              		.loc 1 5156 13 view .LVU2139
 7573 0010 5E6D     		ldr	r6, [r3, #84]
 7574              	.LVL512:
5157:Middlewares/Third_Party/FreeRTOS/Source/tasks.c **** 		}
 7575              		.loc 1 5157 4 is_stmt 1 view .LVU2140
5157:Middlewares/Third_Party/FreeRTOS/Source/tasks.c **** 		}
 7576              		.loc 1 5157 9 is_stmt 0 view .LVU2141
 7577 0012 6B6D     		ldr	r3, [r5, #84]
5157:Middlewares/Third_Party/FreeRTOS/Source/tasks.c **** 		}
 7578              		.loc 1 5157 27 view .LVU2142
 7579 0014 23EA0403 		bic	r3, r3, r4
 7580 0018 6B65     		str	r3, [r5, #84]
5159:Middlewares/Third_Party/FreeRTOS/Source/tasks.c **** 
 7581              		.loc 1 5159 3 is_stmt 1 view .LVU2143
 7582 001a FFF7FEFF 		bl	vPortExitCritical
 7583              	.LVL513:
5161:Middlewares/Third_Party/FreeRTOS/Source/tasks.c **** 	}
 7584              		.loc 1 5161 3 view .LVU2144
5162:Middlewares/Third_Party/FreeRTOS/Source/tasks.c **** 
 7585              		.loc 1 5162 2 is_stmt 0 view .LVU2145
 7586 001e 3046     		mov	r0, r6
 7587 0020 70BD     		pop	{r4, r5, r6, pc}
 7588              	.LVL514:
 7589              	.L615:
5150:Middlewares/Third_Party/FreeRTOS/Source/tasks.c **** 
 7590              		.loc 1 5150 11 discriminator 1 view .LVU2146
 7591 0022 014B     		ldr	r3, .L616
 7592 0024 1D68     		ldr	r5, [r3]
 7593              	.LVL515:
5150:Middlewares/Third_Party/FreeRTOS/Source/tasks.c **** 
 7594              		.loc 1 5150 11 discriminator 1 view .LVU2147
 7595 0026 EFE7     		b	.L613
ARM GAS  /tmp/cchsWuk7.s 			page 265


 7596              	.L617:
 7597              		.align	2
 7598              	.L616:
 7599 0028 00000000 		.word	pxCurrentTCB
 7600              		.cfi_endproc
 7601              	.LFE64:
 7603              		.section	.bss.uxSchedulerSuspended,"aw",%nobits
 7604              		.align	2
 7607              	uxSchedulerSuspended:
 7608 0000 00000000 		.space	4
 7609              		.section	.bss.xIdleTaskHandle,"aw",%nobits
 7610              		.align	2
 7613              	xIdleTaskHandle:
 7614 0000 00000000 		.space	4
 7615              		.section	.bss.xNextTaskUnblockTime,"aw",%nobits
 7616              		.align	2
 7619              	xNextTaskUnblockTime:
 7620 0000 00000000 		.space	4
 7621              		.section	.bss.uxTaskNumber,"aw",%nobits
 7622              		.align	2
 7625              	uxTaskNumber:
 7626 0000 00000000 		.space	4
 7627              		.section	.bss.xNumOfOverflows,"aw",%nobits
 7628              		.align	2
 7631              	xNumOfOverflows:
 7632 0000 00000000 		.space	4
 7633              		.section	.bss.xYieldPending,"aw",%nobits
 7634              		.align	2
 7637              	xYieldPending:
 7638 0000 00000000 		.space	4
 7639              		.section	.bss.xPendedTicks,"aw",%nobits
 7640              		.align	2
 7643              	xPendedTicks:
 7644 0000 00000000 		.space	4
 7645              		.section	.bss.xSchedulerRunning,"aw",%nobits
 7646              		.align	2
 7649              	xSchedulerRunning:
 7650 0000 00000000 		.space	4
 7651              		.section	.bss.uxTopReadyPriority,"aw",%nobits
 7652              		.align	2
 7655              	uxTopReadyPriority:
 7656 0000 00000000 		.space	4
 7657              		.section	.bss.xTickCount,"aw",%nobits
 7658              		.align	2
 7661              	xTickCount:
 7662 0000 00000000 		.space	4
 7663              		.section	.bss.uxCurrentNumberOfTasks,"aw",%nobits
 7664              		.align	2
 7667              	uxCurrentNumberOfTasks:
 7668 0000 00000000 		.space	4
 7669              		.section	.bss.xSuspendedTaskList,"aw",%nobits
 7670              		.align	2
 7673              	xSuspendedTaskList:
 7674 0000 00000000 		.space	20
 7674      00000000 
 7674      00000000 
 7674      00000000 
ARM GAS  /tmp/cchsWuk7.s 			page 266


 7674      00000000 
 7675              		.section	.bss.uxDeletedTasksWaitingCleanUp,"aw",%nobits
 7676              		.align	2
 7679              	uxDeletedTasksWaitingCleanUp:
 7680 0000 00000000 		.space	4
 7681              		.section	.bss.xTasksWaitingTermination,"aw",%nobits
 7682              		.align	2
 7685              	xTasksWaitingTermination:
 7686 0000 00000000 		.space	20
 7686      00000000 
 7686      00000000 
 7686      00000000 
 7686      00000000 
 7687              		.section	.bss.xPendingReadyList,"aw",%nobits
 7688              		.align	2
 7691              	xPendingReadyList:
 7692 0000 00000000 		.space	20
 7692      00000000 
 7692      00000000 
 7692      00000000 
 7692      00000000 
 7693              		.section	.bss.pxOverflowDelayedTaskList,"aw",%nobits
 7694              		.align	2
 7697              	pxOverflowDelayedTaskList:
 7698 0000 00000000 		.space	4
 7699              		.section	.bss.pxDelayedTaskList,"aw",%nobits
 7700              		.align	2
 7703              	pxDelayedTaskList:
 7704 0000 00000000 		.space	4
 7705              		.section	.bss.xDelayedTaskList2,"aw",%nobits
 7706              		.align	2
 7709              	xDelayedTaskList2:
 7710 0000 00000000 		.space	20
 7710      00000000 
 7710      00000000 
 7710      00000000 
 7710      00000000 
 7711              		.section	.bss.xDelayedTaskList1,"aw",%nobits
 7712              		.align	2
 7715              	xDelayedTaskList1:
 7716 0000 00000000 		.space	20
 7716      00000000 
 7716      00000000 
 7716      00000000 
 7716      00000000 
 7717              		.section	.bss.pxReadyTasksLists,"aw",%nobits
 7718              		.align	2
 7721              	pxReadyTasksLists:
 7722 0000 00000000 		.space	1120
 7722      00000000 
 7722      00000000 
 7722      00000000 
 7722      00000000 
 7723              		.global	pxCurrentTCB
 7724              		.section	.bss.pxCurrentTCB,"aw",%nobits
 7725              		.align	2
 7728              	pxCurrentTCB:
ARM GAS  /tmp/cchsWuk7.s 			page 267


 7729 0000 00000000 		.space	4
 7730              		.text
 7731              	.Letext0:
 7732              		.file 3 "/usr/lib/gcc/arm-none-eabi/14.2.1/include/stddef.h"
 7733              		.file 4 "/usr/lib/gcc/arm-none-eabi/14.2.1/include/stdint.h"
 7734              		.file 5 "Middlewares/Third_Party/FreeRTOS/Source/include/projdefs.h"
 7735              		.file 6 "Middlewares/Third_Party/FreeRTOS/Source/include/FreeRTOS.h"
 7736              		.file 7 "Middlewares/Third_Party/FreeRTOS/Source/include/list.h"
 7737              		.file 8 "Middlewares/Third_Party/FreeRTOS/Source/include/task.h"
 7738              		.file 9 "Middlewares/Third_Party/FreeRTOS/Source/include/portable.h"
 7739              		.file 10 "Middlewares/Third_Party/FreeRTOS/Source/include/timers.h"
 7740              		.file 11 "/usr/include/newlib/string.h"
ARM GAS  /tmp/cchsWuk7.s 			page 268


DEFINED SYMBOLS
                            *ABS*:00000000 tasks.c
     /tmp/cchsWuk7.s:21     .text.prvTaskIsTaskSuspended:00000000 $t
     /tmp/cchsWuk7.s:26     .text.prvTaskIsTaskSuspended:00000000 prvTaskIsTaskSuspended
     /tmp/cchsWuk7.s:112    .text.prvTaskIsTaskSuspended:00000038 $d
     /tmp/cchsWuk7.s:7673   .bss.xSuspendedTaskList:00000000 xSuspendedTaskList
     /tmp/cchsWuk7.s:7691   .bss.xPendingReadyList:00000000 xPendingReadyList
     /tmp/cchsWuk7.s:118    .text.prvTaskCheckFreeStackSpace:00000000 $t
     /tmp/cchsWuk7.s:123    .text.prvTaskCheckFreeStackSpace:00000000 prvTaskCheckFreeStackSpace
     /tmp/cchsWuk7.s:166    .text.prvResetNextTaskUnblockTime:00000000 $t
     /tmp/cchsWuk7.s:171    .text.prvResetNextTaskUnblockTime:00000000 prvResetNextTaskUnblockTime
     /tmp/cchsWuk7.s:214    .text.prvResetNextTaskUnblockTime:00000024 $d
     /tmp/cchsWuk7.s:7703   .bss.pxDelayedTaskList:00000000 pxDelayedTaskList
     /tmp/cchsWuk7.s:7619   .bss.xNextTaskUnblockTime:00000000 xNextTaskUnblockTime
     /tmp/cchsWuk7.s:220    .text.prvInitialiseNewTask:00000000 $t
     /tmp/cchsWuk7.s:225    .text.prvInitialiseNewTask:00000000 prvInitialiseNewTask
     /tmp/cchsWuk7.s:389    .text.prvInitialiseTaskLists:00000000 $t
     /tmp/cchsWuk7.s:394    .text.prvInitialiseTaskLists:00000000 prvInitialiseTaskLists
     /tmp/cchsWuk7.s:467    .text.prvInitialiseTaskLists:00000048 $d
     /tmp/cchsWuk7.s:7721   .bss.pxReadyTasksLists:00000000 pxReadyTasksLists
     /tmp/cchsWuk7.s:7715   .bss.xDelayedTaskList1:00000000 xDelayedTaskList1
     /tmp/cchsWuk7.s:7709   .bss.xDelayedTaskList2:00000000 xDelayedTaskList2
     /tmp/cchsWuk7.s:7685   .bss.xTasksWaitingTermination:00000000 xTasksWaitingTermination
     /tmp/cchsWuk7.s:7697   .bss.pxOverflowDelayedTaskList:00000000 pxOverflowDelayedTaskList
     /tmp/cchsWuk7.s:479    .text.prvAddNewTaskToReadyList:00000000 $t
     /tmp/cchsWuk7.s:484    .text.prvAddNewTaskToReadyList:00000000 prvAddNewTaskToReadyList
     /tmp/cchsWuk7.s:626    .text.prvAddNewTaskToReadyList:00000094 $d
     /tmp/cchsWuk7.s:7667   .bss.uxCurrentNumberOfTasks:00000000 uxCurrentNumberOfTasks
     /tmp/cchsWuk7.s:7728   .bss.pxCurrentTCB:00000000 pxCurrentTCB
     /tmp/cchsWuk7.s:7649   .bss.xSchedulerRunning:00000000 xSchedulerRunning
     /tmp/cchsWuk7.s:7625   .bss.uxTaskNumber:00000000 uxTaskNumber
     /tmp/cchsWuk7.s:7655   .bss.uxTopReadyPriority:00000000 uxTopReadyPriority
     /tmp/cchsWuk7.s:636    .text.prvDeleteTCB:00000000 $t
     /tmp/cchsWuk7.s:641    .text.prvDeleteTCB:00000000 prvDeleteTCB
     /tmp/cchsWuk7.s:716    .text.prvCheckTasksWaitingTermination:00000000 $t
     /tmp/cchsWuk7.s:721    .text.prvCheckTasksWaitingTermination:00000000 prvCheckTasksWaitingTermination
     /tmp/cchsWuk7.s:794    .text.prvCheckTasksWaitingTermination:00000040 $d
     /tmp/cchsWuk7.s:7679   .bss.uxDeletedTasksWaitingCleanUp:00000000 uxDeletedTasksWaitingCleanUp
     /tmp/cchsWuk7.s:801    .text.prvIdleTask:00000000 $t
     /tmp/cchsWuk7.s:806    .text.prvIdleTask:00000000 prvIdleTask
     /tmp/cchsWuk7.s:855    .text.prvIdleTask:00000024 $d
     /tmp/cchsWuk7.s:860    .text.prvAddCurrentTaskToDelayedList:00000000 $t
     /tmp/cchsWuk7.s:865    .text.prvAddCurrentTaskToDelayedList:00000000 prvAddCurrentTaskToDelayedList
     /tmp/cchsWuk7.s:973    .text.prvAddCurrentTaskToDelayedList:00000064 $d
     /tmp/cchsWuk7.s:7661   .bss.xTickCount:00000000 xTickCount
     /tmp/cchsWuk7.s:983    .text.xTaskCreateStatic:00000000 $t
     /tmp/cchsWuk7.s:989    .text.xTaskCreateStatic:00000000 xTaskCreateStatic
     /tmp/cchsWuk7.s:1151   .text.xTaskCreate:00000000 $t
     /tmp/cchsWuk7.s:1157   .text.xTaskCreate:00000000 xTaskCreate
     /tmp/cchsWuk7.s:1274   .text.vTaskDelete:00000000 $t
     /tmp/cchsWuk7.s:1280   .text.vTaskDelete:00000000 vTaskDelete
     /tmp/cchsWuk7.s:1446   .text.vTaskDelete:0000009c $d
     /tmp/cchsWuk7.s:7607   .bss.uxSchedulerSuspended:00000000 uxSchedulerSuspended
     /tmp/cchsWuk7.s:1457   .text.eTaskGetState:00000000 $t
     /tmp/cchsWuk7.s:1463   .text.eTaskGetState:00000000 eTaskGetState
     /tmp/cchsWuk7.s:1614   .text.eTaskGetState:00000078 $d
     /tmp/cchsWuk7.s:1623   .text.uxTaskPriorityGet:00000000 $t
ARM GAS  /tmp/cchsWuk7.s 			page 269


     /tmp/cchsWuk7.s:1629   .text.uxTaskPriorityGet:00000000 uxTaskPriorityGet
     /tmp/cchsWuk7.s:1675   .text.uxTaskPriorityGet:0000001c $d
     /tmp/cchsWuk7.s:1680   .text.uxTaskPriorityGetFromISR:00000000 $t
     /tmp/cchsWuk7.s:1686   .text.uxTaskPriorityGetFromISR:00000000 uxTaskPriorityGetFromISR
     /tmp/cchsWuk7.s:1765   .text.uxTaskPriorityGetFromISR:0000002c $d
     /tmp/cchsWuk7.s:1770   .text.vTaskPrioritySet:00000000 $t
     /tmp/cchsWuk7.s:1776   .text.vTaskPrioritySet:00000000 vTaskPrioritySet
     /tmp/cchsWuk7.s:2009   .text.vTaskPrioritySet:000000c8 $d
     /tmp/cchsWuk7.s:2016   .text.vTaskResume:00000000 $t
     /tmp/cchsWuk7.s:2022   .text.vTaskResume:00000000 vTaskResume
     /tmp/cchsWuk7.s:2153   .text.vTaskResume:0000007c $d
     /tmp/cchsWuk7.s:2160   .text.xTaskResumeFromISR:00000000 $t
     /tmp/cchsWuk7.s:2166   .text.xTaskResumeFromISR:00000000 xTaskResumeFromISR
     /tmp/cchsWuk7.s:2336   .text.xTaskResumeFromISR:00000090 $d
     /tmp/cchsWuk7.s:2345   .rodata.vTaskStartScheduler.str1.4:00000000 $d
     /tmp/cchsWuk7.s:2349   .text.vTaskStartScheduler:00000000 $t
     /tmp/cchsWuk7.s:2355   .text.vTaskStartScheduler:00000000 vTaskStartScheduler
     /tmp/cchsWuk7.s:2516   .text.vTaskStartScheduler:00000080 $d
     /tmp/cchsWuk7.s:7613   .bss.xIdleTaskHandle:00000000 xIdleTaskHandle
     /tmp/cchsWuk7.s:2526   .text.vTaskEndScheduler:00000000 $t
     /tmp/cchsWuk7.s:2532   .text.vTaskEndScheduler:00000000 vTaskEndScheduler
     /tmp/cchsWuk7.s:2575   .text.vTaskEndScheduler:00000020 $d
     /tmp/cchsWuk7.s:2580   .text.vTaskSuspendAll:00000000 $t
     /tmp/cchsWuk7.s:2586   .text.vTaskSuspendAll:00000000 vTaskSuspendAll
     /tmp/cchsWuk7.s:2605   .text.vTaskSuspendAll:0000000c $d
     /tmp/cchsWuk7.s:2610   .text.xTaskGetTickCount:00000000 $t
     /tmp/cchsWuk7.s:2616   .text.xTaskGetTickCount:00000000 xTaskGetTickCount
     /tmp/cchsWuk7.s:2637   .text.xTaskGetTickCount:00000008 $d
     /tmp/cchsWuk7.s:2642   .text.xTaskGetTickCountFromISR:00000000 $t
     /tmp/cchsWuk7.s:2648   .text.xTaskGetTickCountFromISR:00000000 xTaskGetTickCountFromISR
     /tmp/cchsWuk7.s:2677   .text.xTaskGetTickCountFromISR:0000000c $d
     /tmp/cchsWuk7.s:2682   .text.uxTaskGetNumberOfTasks:00000000 $t
     /tmp/cchsWuk7.s:2688   .text.uxTaskGetNumberOfTasks:00000000 uxTaskGetNumberOfTasks
     /tmp/cchsWuk7.s:2704   .text.uxTaskGetNumberOfTasks:00000008 $d
     /tmp/cchsWuk7.s:2709   .text.pcTaskGetName:00000000 $t
     /tmp/cchsWuk7.s:2715   .text.pcTaskGetName:00000000 pcTaskGetName
     /tmp/cchsWuk7.s:2772   .text.pcTaskGetName:00000024 $d
     /tmp/cchsWuk7.s:2777   .text.xTaskIncrementTick:00000000 $t
     /tmp/cchsWuk7.s:2783   .text.xTaskIncrementTick:00000000 xTaskIncrementTick
     /tmp/cchsWuk7.s:3054   .text.xTaskIncrementTick:000000ec $d
     /tmp/cchsWuk7.s:7631   .bss.xNumOfOverflows:00000000 xNumOfOverflows
     /tmp/cchsWuk7.s:7637   .bss.xYieldPending:00000000 xYieldPending
     /tmp/cchsWuk7.s:7643   .bss.xPendedTicks:00000000 xPendedTicks
     /tmp/cchsWuk7.s:3069   .text.xTaskResumeAll:00000000 $t
     /tmp/cchsWuk7.s:3075   .text.xTaskResumeAll:00000000 xTaskResumeAll
     /tmp/cchsWuk7.s:3310   .text.xTaskResumeAll:000000d8 $d
     /tmp/cchsWuk7.s:3322   .text.vTaskDelayUntil:00000000 $t
     /tmp/cchsWuk7.s:3328   .text.vTaskDelayUntil:00000000 vTaskDelayUntil
     /tmp/cchsWuk7.s:3542   .text.vTaskDelayUntil:0000009c $d
     /tmp/cchsWuk7.s:3549   .text.vTaskDelay:00000000 $t
     /tmp/cchsWuk7.s:3555   .text.vTaskDelay:00000000 vTaskDelay
     /tmp/cchsWuk7.s:3645   .text.vTaskDelay:00000048 $d
     /tmp/cchsWuk7.s:3650   .text.xTaskCatchUpTicks:00000000 $t
     /tmp/cchsWuk7.s:3656   .text.xTaskCatchUpTicks:00000000 xTaskCatchUpTicks
     /tmp/cchsWuk7.s:3721   .text.xTaskCatchUpTicks:00000030 $d
     /tmp/cchsWuk7.s:3727   .text.vTaskSwitchContext:00000000 $t
     /tmp/cchsWuk7.s:3733   .text.vTaskSwitchContext:00000000 vTaskSwitchContext
ARM GAS  /tmp/cchsWuk7.s 			page 270


     /tmp/cchsWuk7.s:3916   .text.vTaskSwitchContext:000000b8 $d
     /tmp/cchsWuk7.s:3927   .text.vTaskSuspend:00000000 $t
     /tmp/cchsWuk7.s:3933   .text.vTaskSuspend:00000000 vTaskSuspend
     /tmp/cchsWuk7.s:4118   .text.vTaskSuspend:000000ac $d
     /tmp/cchsWuk7.s:4127   .text.vTaskPlaceOnEventList:00000000 $t
     /tmp/cchsWuk7.s:4133   .text.vTaskPlaceOnEventList:00000000 vTaskPlaceOnEventList
     /tmp/cchsWuk7.s:4198   .text.vTaskPlaceOnEventList:0000002c $d
     /tmp/cchsWuk7.s:4203   .text.vTaskPlaceOnUnorderedEventList:00000000 $t
     /tmp/cchsWuk7.s:4209   .text.vTaskPlaceOnUnorderedEventList:00000000 vTaskPlaceOnUnorderedEventList
     /tmp/cchsWuk7.s:4320   .text.vTaskPlaceOnUnorderedEventList:00000050 $d
     /tmp/cchsWuk7.s:4326   .text.vTaskPlaceOnEventListRestricted:00000000 $t
     /tmp/cchsWuk7.s:4332   .text.vTaskPlaceOnEventListRestricted:00000000 vTaskPlaceOnEventListRestricted
     /tmp/cchsWuk7.s:4406   .text.vTaskPlaceOnEventListRestricted:00000034 $d
     /tmp/cchsWuk7.s:4411   .text.xTaskRemoveFromEventList:00000000 $t
     /tmp/cchsWuk7.s:4417   .text.xTaskRemoveFromEventList:00000000 xTaskRemoveFromEventList
     /tmp/cchsWuk7.s:4548   .text.xTaskRemoveFromEventList:00000074 $d
     /tmp/cchsWuk7.s:4558   .text.vTaskRemoveFromUnorderedEventList:00000000 $t
     /tmp/cchsWuk7.s:4564   .text.vTaskRemoveFromUnorderedEventList:00000000 vTaskRemoveFromUnorderedEventList
     /tmp/cchsWuk7.s:4697   .text.vTaskRemoveFromUnorderedEventList:00000074 $d
     /tmp/cchsWuk7.s:4706   .text.vTaskSetTimeOutState:00000000 $t
     /tmp/cchsWuk7.s:4712   .text.vTaskSetTimeOutState:00000000 vTaskSetTimeOutState
     /tmp/cchsWuk7.s:4779   .text.vTaskSetTimeOutState:00000030 $d
     /tmp/cchsWuk7.s:4785   .text.vTaskInternalSetTimeOutState:00000000 $t
     /tmp/cchsWuk7.s:4791   .text.vTaskInternalSetTimeOutState:00000000 vTaskInternalSetTimeOutState
     /tmp/cchsWuk7.s:4814   .text.vTaskInternalSetTimeOutState:00000010 $d
     /tmp/cchsWuk7.s:4820   .text.xTaskCheckForTimeOut:00000000 $t
     /tmp/cchsWuk7.s:4826   .text.xTaskCheckForTimeOut:00000000 xTaskCheckForTimeOut
     /tmp/cchsWuk7.s:5007   .text.xTaskCheckForTimeOut:00000080 $d
     /tmp/cchsWuk7.s:5014   .text.vTaskMissedYield:00000000 $t
     /tmp/cchsWuk7.s:5020   .text.vTaskMissedYield:00000000 vTaskMissedYield
     /tmp/cchsWuk7.s:5037   .text.vTaskMissedYield:00000008 $d
     /tmp/cchsWuk7.s:5042   .text.uxTaskGetTaskNumber:00000000 $t
     /tmp/cchsWuk7.s:5048   .text.uxTaskGetTaskNumber:00000000 uxTaskGetTaskNumber
     /tmp/cchsWuk7.s:5081   .text.vTaskSetTaskNumber:00000000 $t
     /tmp/cchsWuk7.s:5087   .text.vTaskSetTaskNumber:00000000 vTaskSetTaskNumber
     /tmp/cchsWuk7.s:5112   .text.vTaskGetInfo:00000000 $t
     /tmp/cchsWuk7.s:5118   .text.vTaskGetInfo:00000000 vTaskGetInfo
     /tmp/cchsWuk7.s:5265   .text.vTaskGetInfo:00000074 $d
     /tmp/cchsWuk7.s:5270   .text.prvListTasksWithinSingleList:00000000 $t
     /tmp/cchsWuk7.s:5275   .text.prvListTasksWithinSingleList:00000000 prvListTasksWithinSingleList
     /tmp/cchsWuk7.s:5390   .text.uxTaskGetSystemState:00000000 $t
     /tmp/cchsWuk7.s:5396   .text.uxTaskGetSystemState:00000000 uxTaskGetSystemState
     /tmp/cchsWuk7.s:5535   .text.uxTaskGetSystemState:00000098 $d
     /tmp/cchsWuk7.s:5545   .text.uxTaskGetStackHighWaterMark:00000000 $t
     /tmp/cchsWuk7.s:5551   .text.uxTaskGetStackHighWaterMark:00000000 uxTaskGetStackHighWaterMark
     /tmp/cchsWuk7.s:5593   .text.uxTaskGetStackHighWaterMark:00000014 $d
     /tmp/cchsWuk7.s:5598   .text.xTaskGetCurrentTaskHandle:00000000 $t
     /tmp/cchsWuk7.s:5604   .text.xTaskGetCurrentTaskHandle:00000000 xTaskGetCurrentTaskHandle
     /tmp/cchsWuk7.s:5623   .text.xTaskGetCurrentTaskHandle:00000008 $d
     /tmp/cchsWuk7.s:5628   .text.xTaskGetSchedulerState:00000000 $t
     /tmp/cchsWuk7.s:5634   .text.xTaskGetSchedulerState:00000000 xTaskGetSchedulerState
     /tmp/cchsWuk7.s:5672   .text.xTaskGetSchedulerState:00000018 $d
     /tmp/cchsWuk7.s:5678   .text.xTaskPriorityInherit:00000000 $t
     /tmp/cchsWuk7.s:5684   .text.xTaskPriorityInherit:00000000 xTaskPriorityInherit
     /tmp/cchsWuk7.s:5841   .text.xTaskPriorityInherit:0000008c $d
     /tmp/cchsWuk7.s:5848   .text.xTaskPriorityDisinherit:00000000 $t
     /tmp/cchsWuk7.s:5854   .text.xTaskPriorityDisinherit:00000000 xTaskPriorityDisinherit
ARM GAS  /tmp/cchsWuk7.s 			page 271


     /tmp/cchsWuk7.s:6030   .text.xTaskPriorityDisinherit:00000084 $d
     /tmp/cchsWuk7.s:6037   .text.vTaskPriorityDisinheritAfterTimeout:00000000 $t
     /tmp/cchsWuk7.s:6043   .text.vTaskPriorityDisinheritAfterTimeout:00000000 vTaskPriorityDisinheritAfterTimeout
     /tmp/cchsWuk7.s:6228   .text.vTaskPriorityDisinheritAfterTimeout:00000094 $d
     /tmp/cchsWuk7.s:6235   .text.uxTaskResetEventItemValue:00000000 $t
     /tmp/cchsWuk7.s:6241   .text.uxTaskResetEventItemValue:00000000 uxTaskResetEventItemValue
     /tmp/cchsWuk7.s:6268   .text.uxTaskResetEventItemValue:00000014 $d
     /tmp/cchsWuk7.s:6273   .text.pvTaskIncrementMutexHeldCount:00000000 $t
     /tmp/cchsWuk7.s:6279   .text.pvTaskIncrementMutexHeldCount:00000000 pvTaskIncrementMutexHeldCount
     /tmp/cchsWuk7.s:6310   .text.pvTaskIncrementMutexHeldCount:00000018 $d
     /tmp/cchsWuk7.s:6315   .text.ulTaskNotifyTake:00000000 $t
     /tmp/cchsWuk7.s:6321   .text.ulTaskNotifyTake:00000000 ulTaskNotifyTake
     /tmp/cchsWuk7.s:6443   .text.ulTaskNotifyTake:00000074 $d
     /tmp/cchsWuk7.s:6448   .text.xTaskNotifyWait:00000000 $t
     /tmp/cchsWuk7.s:6454   .text.xTaskNotifyWait:00000000 xTaskNotifyWait
     /tmp/cchsWuk7.s:6594   .text.xTaskNotifyWait:00000090 $d
     /tmp/cchsWuk7.s:6599   .text.xTaskGenericNotify:00000000 $t
     /tmp/cchsWuk7.s:6605   .text.xTaskGenericNotify:00000000 xTaskGenericNotify
     /tmp/cchsWuk7.s:6661   .text.xTaskGenericNotify:0000002a $d
     /tmp/cchsWuk7.s:6872   .text.xTaskGenericNotify:000000ec $d
     /tmp/cchsWuk7.s:6879   .text.xTaskGenericNotifyFromISR:00000000 $t
     /tmp/cchsWuk7.s:6885   .text.xTaskGenericNotifyFromISR:00000000 xTaskGenericNotifyFromISR
     /tmp/cchsWuk7.s:6965   .text.xTaskGenericNotifyFromISR:00000042 $d
     /tmp/cchsWuk7.s:7216   .text.xTaskGenericNotifyFromISR:00000110 $d
     /tmp/cchsWuk7.s:7226   .text.vTaskNotifyGiveFromISR:00000000 $t
     /tmp/cchsWuk7.s:7232   .text.vTaskNotifyGiveFromISR:00000000 vTaskNotifyGiveFromISR
     /tmp/cchsWuk7.s:7449   .text.vTaskNotifyGiveFromISR:000000b8 $d
     /tmp/cchsWuk7.s:7459   .text.xTaskNotifyStateClear:00000000 $t
     /tmp/cchsWuk7.s:7465   .text.xTaskNotifyStateClear:00000000 xTaskNotifyStateClear
     /tmp/cchsWuk7.s:7530   .text.xTaskNotifyStateClear:0000002c $d
     /tmp/cchsWuk7.s:7535   .text.ulTaskNotifyValueClear:00000000 $t
     /tmp/cchsWuk7.s:7541   .text.ulTaskNotifyValueClear:00000000 ulTaskNotifyValueClear
     /tmp/cchsWuk7.s:7599   .text.ulTaskNotifyValueClear:00000028 $d
     /tmp/cchsWuk7.s:7604   .bss.uxSchedulerSuspended:00000000 $d
     /tmp/cchsWuk7.s:7610   .bss.xIdleTaskHandle:00000000 $d
     /tmp/cchsWuk7.s:7616   .bss.xNextTaskUnblockTime:00000000 $d
     /tmp/cchsWuk7.s:7622   .bss.uxTaskNumber:00000000 $d
     /tmp/cchsWuk7.s:7628   .bss.xNumOfOverflows:00000000 $d
     /tmp/cchsWuk7.s:7634   .bss.xYieldPending:00000000 $d
     /tmp/cchsWuk7.s:7640   .bss.xPendedTicks:00000000 $d
     /tmp/cchsWuk7.s:7646   .bss.xSchedulerRunning:00000000 $d
     /tmp/cchsWuk7.s:7652   .bss.uxTopReadyPriority:00000000 $d
     /tmp/cchsWuk7.s:7658   .bss.xTickCount:00000000 $d
     /tmp/cchsWuk7.s:7664   .bss.uxCurrentNumberOfTasks:00000000 $d
     /tmp/cchsWuk7.s:7670   .bss.xSuspendedTaskList:00000000 $d
     /tmp/cchsWuk7.s:7676   .bss.uxDeletedTasksWaitingCleanUp:00000000 $d
     /tmp/cchsWuk7.s:7682   .bss.xTasksWaitingTermination:00000000 $d
     /tmp/cchsWuk7.s:7688   .bss.xPendingReadyList:00000000 $d
     /tmp/cchsWuk7.s:7694   .bss.pxOverflowDelayedTaskList:00000000 $d
     /tmp/cchsWuk7.s:7700   .bss.pxDelayedTaskList:00000000 $d
     /tmp/cchsWuk7.s:7706   .bss.xDelayedTaskList2:00000000 $d
     /tmp/cchsWuk7.s:7712   .bss.xDelayedTaskList1:00000000 $d
     /tmp/cchsWuk7.s:7718   .bss.pxReadyTasksLists:00000000 $d
     /tmp/cchsWuk7.s:7725   .bss.pxCurrentTCB:00000000 $d
     /tmp/cchsWuk7.s:6667   .text.xTaskGenericNotify:0000002f $d
     /tmp/cchsWuk7.s:6667   .text.xTaskGenericNotify:00000030 $t
     /tmp/cchsWuk7.s:6971   .text.xTaskGenericNotifyFromISR:00000047 $d
ARM GAS  /tmp/cchsWuk7.s 			page 272


     /tmp/cchsWuk7.s:6971   .text.xTaskGenericNotifyFromISR:00000048 $t

UNDEFINED SYMBOLS
memset
vListInitialiseItem
pxPortInitialiseStack
vListInitialise
vPortEnterCritical
vListInsertEnd
vPortExitCritical
vPortFree
uxListRemove
vListInsert
pvPortMalloc
vPortValidateInterruptPriority
vApplicationGetIdleTaskMemory
xTimerCreateTimerTask
xPortStartScheduler
vPortEndScheduler
vApplicationStackOverflowHook
