ARM GAS  /tmp/ccutTLn0.s 			page 1


   1              		.cpu cortex-m4
   2              		.arch armv7e-m
   3              		.fpu fpv4-sp-d16
   4              		.eabi_attribute 27, 1
   5              		.eabi_attribute 28, 1
   6              		.eabi_attribute 20, 1
   7              		.eabi_attribute 21, 1
   8              		.eabi_attribute 23, 3
   9              		.eabi_attribute 24, 1
  10              		.eabi_attribute 25, 1
  11              		.eabi_attribute 26, 1
  12              		.eabi_attribute 30, 1
  13              		.eabi_attribute 34, 1
  14              		.eabi_attribute 18, 4
  15              		.file	"tim.c"
  16              		.text
  17              	.Ltext0:
  18              		.cfi_sections	.debug_frame
  19              		.file 1 "Core/Src/tim.c"
  20              		.section	.text.MX_TIM1_Init,"ax",%progbits
  21              		.align	1
  22              		.global	MX_TIM1_Init
  23              		.syntax unified
  24              		.thumb
  25              		.thumb_func
  27              	MX_TIM1_Init:
  28              	.LFB239:
   1:Core/Src/tim.c **** /* USER CODE BEGIN Header */
   2:Core/Src/tim.c **** /**
   3:Core/Src/tim.c ****   ******************************************************************************
   4:Core/Src/tim.c ****   * @file    tim.c
   5:Core/Src/tim.c ****   * @brief   This file provides code for the configuration
   6:Core/Src/tim.c ****   *          of the TIM instances.
   7:Core/Src/tim.c ****   ******************************************************************************
   8:Core/Src/tim.c ****   * @attention
   9:Core/Src/tim.c ****   *
  10:Core/Src/tim.c ****   * Copyright (c) 2025 STMicroelectronics.
  11:Core/Src/tim.c ****   * All rights reserved.
  12:Core/Src/tim.c ****   *
  13:Core/Src/tim.c ****   * This software is licensed under terms that can be found in the LICENSE file
  14:Core/Src/tim.c ****   * in the root directory of this software component.
  15:Core/Src/tim.c ****   * If no LICENSE file comes with this software, it is provided AS-IS.
  16:Core/Src/tim.c ****   *
  17:Core/Src/tim.c ****   ******************************************************************************
  18:Core/Src/tim.c ****   */
  19:Core/Src/tim.c **** /* USER CODE END Header */
  20:Core/Src/tim.c **** /* Includes ------------------------------------------------------------------*/
  21:Core/Src/tim.c **** #include "tim.h"
  22:Core/Src/tim.c **** 
  23:Core/Src/tim.c **** /* USER CODE BEGIN 0 */
  24:Core/Src/tim.c **** 
  25:Core/Src/tim.c **** /* USER CODE END 0 */
  26:Core/Src/tim.c **** 
  27:Core/Src/tim.c **** TIM_HandleTypeDef htim1;
  28:Core/Src/tim.c **** TIM_HandleTypeDef htim2;
  29:Core/Src/tim.c **** TIM_HandleTypeDef htim3;
  30:Core/Src/tim.c **** TIM_HandleTypeDef htim4;
ARM GAS  /tmp/ccutTLn0.s 			page 2


  31:Core/Src/tim.c **** TIM_HandleTypeDef htim5;
  32:Core/Src/tim.c **** TIM_HandleTypeDef htim8;
  33:Core/Src/tim.c **** 
  34:Core/Src/tim.c **** /* TIM1 init function */
  35:Core/Src/tim.c **** void MX_TIM1_Init(void)
  36:Core/Src/tim.c **** {
  29              		.loc 1 36 1 view -0
  30              		.cfi_startproc
  31              		@ args = 0, pretend = 0, frame = 24
  32              		@ frame_needed = 0, uses_anonymous_args = 0
  33 0000 00B5     		push	{lr}
  34              	.LCFI0:
  35              		.cfi_def_cfa_offset 4
  36              		.cfi_offset 14, -4
  37 0002 87B0     		sub	sp, sp, #28
  38              	.LCFI1:
  39              		.cfi_def_cfa_offset 32
  37:Core/Src/tim.c **** 
  38:Core/Src/tim.c ****   /* USER CODE BEGIN TIM1_Init 0 */
  39:Core/Src/tim.c **** 
  40:Core/Src/tim.c ****   /* USER CODE END TIM1_Init 0 */
  41:Core/Src/tim.c **** 
  42:Core/Src/tim.c ****   TIM_MasterConfigTypeDef sMasterConfig = {0};
  40              		.loc 1 42 3 view .LVU1
  41              		.loc 1 42 27 is_stmt 0 view .LVU2
  42 0004 0023     		movs	r3, #0
  43 0006 0493     		str	r3, [sp, #16]
  44 0008 0593     		str	r3, [sp, #20]
  43:Core/Src/tim.c ****   TIM_IC_InitTypeDef sConfigIC = {0};
  45              		.loc 1 43 3 is_stmt 1 view .LVU3
  46              		.loc 1 43 22 is_stmt 0 view .LVU4
  47 000a 0093     		str	r3, [sp]
  48 000c 0193     		str	r3, [sp, #4]
  49 000e 0293     		str	r3, [sp, #8]
  50 0010 0393     		str	r3, [sp, #12]
  44:Core/Src/tim.c **** 
  45:Core/Src/tim.c ****   /* USER CODE BEGIN TIM1_Init 1 */
  46:Core/Src/tim.c **** 
  47:Core/Src/tim.c ****   /* USER CODE END TIM1_Init 1 */
  48:Core/Src/tim.c ****   htim1.Instance = TIM1;
  51              		.loc 1 48 3 is_stmt 1 view .LVU5
  52              		.loc 1 48 18 is_stmt 0 view .LVU6
  53 0012 2548     		ldr	r0, .L15
  54 0014 254A     		ldr	r2, .L15+4
  55 0016 0260     		str	r2, [r0]
  49:Core/Src/tim.c ****   htim1.Init.Prescaler = 83;
  56              		.loc 1 49 3 is_stmt 1 view .LVU7
  57              		.loc 1 49 24 is_stmt 0 view .LVU8
  58 0018 5322     		movs	r2, #83
  59 001a 4260     		str	r2, [r0, #4]
  50:Core/Src/tim.c ****   htim1.Init.CounterMode = TIM_COUNTERMODE_UP;
  60              		.loc 1 50 3 is_stmt 1 view .LVU9
  61              		.loc 1 50 26 is_stmt 0 view .LVU10
  62 001c 8360     		str	r3, [r0, #8]
  51:Core/Src/tim.c ****   htim1.Init.Period = 65535;
  63              		.loc 1 51 3 is_stmt 1 view .LVU11
  64              		.loc 1 51 21 is_stmt 0 view .LVU12
ARM GAS  /tmp/ccutTLn0.s 			page 3


  65 001e 4FF6FF72 		movw	r2, #65535
  66 0022 C260     		str	r2, [r0, #12]
  52:Core/Src/tim.c ****   htim1.Init.ClockDivision = TIM_CLOCKDIVISION_DIV1;
  67              		.loc 1 52 3 is_stmt 1 view .LVU13
  68              		.loc 1 52 28 is_stmt 0 view .LVU14
  69 0024 0361     		str	r3, [r0, #16]
  53:Core/Src/tim.c ****   htim1.Init.RepetitionCounter = 0;
  70              		.loc 1 53 3 is_stmt 1 view .LVU15
  71              		.loc 1 53 32 is_stmt 0 view .LVU16
  72 0026 4361     		str	r3, [r0, #20]
  54:Core/Src/tim.c ****   htim1.Init.AutoReloadPreload = TIM_AUTORELOAD_PRELOAD_DISABLE;
  73              		.loc 1 54 3 is_stmt 1 view .LVU17
  74              		.loc 1 54 32 is_stmt 0 view .LVU18
  75 0028 8361     		str	r3, [r0, #24]
  55:Core/Src/tim.c ****   if (HAL_TIM_IC_Init(&htim1) != HAL_OK)
  76              		.loc 1 55 3 is_stmt 1 view .LVU19
  77              		.loc 1 55 7 is_stmt 0 view .LVU20
  78 002a FFF7FEFF 		bl	HAL_TIM_IC_Init
  79              	.LVL0:
  80              		.loc 1 55 6 discriminator 1 view .LVU21
  81 002e 40BB     		cbnz	r0, .L9
  82              	.L2:
  56:Core/Src/tim.c ****   {
  57:Core/Src/tim.c ****     Error_Handler();
  58:Core/Src/tim.c ****   }
  59:Core/Src/tim.c ****   sMasterConfig.MasterOutputTrigger = TIM_TRGO_RESET;
  83              		.loc 1 59 3 is_stmt 1 view .LVU22
  84              		.loc 1 59 37 is_stmt 0 view .LVU23
  85 0030 0023     		movs	r3, #0
  86 0032 0493     		str	r3, [sp, #16]
  60:Core/Src/tim.c ****   sMasterConfig.MasterSlaveMode = TIM_MASTERSLAVEMODE_DISABLE;
  87              		.loc 1 60 3 is_stmt 1 view .LVU24
  88              		.loc 1 60 33 is_stmt 0 view .LVU25
  89 0034 0593     		str	r3, [sp, #20]
  61:Core/Src/tim.c ****   if (HAL_TIMEx_MasterConfigSynchronization(&htim1, &sMasterConfig) != HAL_OK)
  90              		.loc 1 61 3 is_stmt 1 view .LVU26
  91              		.loc 1 61 7 is_stmt 0 view .LVU27
  92 0036 04A9     		add	r1, sp, #16
  93 0038 1B48     		ldr	r0, .L15
  94 003a FFF7FEFF 		bl	HAL_TIMEx_MasterConfigSynchronization
  95              	.LVL1:
  96              		.loc 1 61 6 discriminator 1 view .LVU28
  97 003e 18BB     		cbnz	r0, .L10
  98              	.L3:
  62:Core/Src/tim.c ****   {
  63:Core/Src/tim.c ****     Error_Handler();
  64:Core/Src/tim.c ****   }
  65:Core/Src/tim.c ****   sConfigIC.ICPolarity = TIM_INPUTCHANNELPOLARITY_BOTHEDGE;
  99              		.loc 1 65 3 is_stmt 1 view .LVU29
 100              		.loc 1 65 24 is_stmt 0 view .LVU30
 101 0040 0A23     		movs	r3, #10
 102 0042 0093     		str	r3, [sp]
  66:Core/Src/tim.c ****   sConfigIC.ICSelection = TIM_ICSELECTION_DIRECTTI;
 103              		.loc 1 66 3 is_stmt 1 view .LVU31
 104              		.loc 1 66 25 is_stmt 0 view .LVU32
 105 0044 0123     		movs	r3, #1
 106 0046 0193     		str	r3, [sp, #4]
ARM GAS  /tmp/ccutTLn0.s 			page 4


  67:Core/Src/tim.c ****   sConfigIC.ICPrescaler = TIM_ICPSC_DIV1;
 107              		.loc 1 67 3 is_stmt 1 view .LVU33
 108              		.loc 1 67 25 is_stmt 0 view .LVU34
 109 0048 0022     		movs	r2, #0
 110 004a 0292     		str	r2, [sp, #8]
  68:Core/Src/tim.c ****   sConfigIC.ICFilter = 0;
 111              		.loc 1 68 3 is_stmt 1 view .LVU35
 112              		.loc 1 68 22 is_stmt 0 view .LVU36
 113 004c 0392     		str	r2, [sp, #12]
  69:Core/Src/tim.c ****   if (HAL_TIM_IC_ConfigChannel(&htim1, &sConfigIC, TIM_CHANNEL_1) != HAL_OK)
 114              		.loc 1 69 3 is_stmt 1 view .LVU37
 115              		.loc 1 69 7 is_stmt 0 view .LVU38
 116 004e 6946     		mov	r1, sp
 117 0050 1548     		ldr	r0, .L15
 118 0052 FFF7FEFF 		bl	HAL_TIM_IC_ConfigChannel
 119              	.LVL2:
 120              		.loc 1 69 6 discriminator 1 view .LVU39
 121 0056 D0B9     		cbnz	r0, .L11
 122              	.L4:
  70:Core/Src/tim.c ****   {
  71:Core/Src/tim.c ****     Error_Handler();
  72:Core/Src/tim.c ****   }
  73:Core/Src/tim.c ****   if (HAL_TIM_IC_ConfigChannel(&htim1, &sConfigIC, TIM_CHANNEL_2) != HAL_OK)
 123              		.loc 1 73 3 is_stmt 1 view .LVU40
 124              		.loc 1 73 7 is_stmt 0 view .LVU41
 125 0058 0422     		movs	r2, #4
 126 005a 6946     		mov	r1, sp
 127 005c 1248     		ldr	r0, .L15
 128 005e FFF7FEFF 		bl	HAL_TIM_IC_ConfigChannel
 129              	.LVL3:
 130              		.loc 1 73 6 discriminator 1 view .LVU42
 131 0062 B8B9     		cbnz	r0, .L12
 132              	.L5:
  74:Core/Src/tim.c ****   {
  75:Core/Src/tim.c ****     Error_Handler();
  76:Core/Src/tim.c ****   }
  77:Core/Src/tim.c ****   if (HAL_TIM_IC_ConfigChannel(&htim1, &sConfigIC, TIM_CHANNEL_3) != HAL_OK)
 133              		.loc 1 77 3 is_stmt 1 view .LVU43
 134              		.loc 1 77 7 is_stmt 0 view .LVU44
 135 0064 0822     		movs	r2, #8
 136 0066 6946     		mov	r1, sp
 137 0068 0F48     		ldr	r0, .L15
 138 006a FFF7FEFF 		bl	HAL_TIM_IC_ConfigChannel
 139              	.LVL4:
 140              		.loc 1 77 6 discriminator 1 view .LVU45
 141 006e A0B9     		cbnz	r0, .L13
 142              	.L6:
  78:Core/Src/tim.c ****   {
  79:Core/Src/tim.c ****     Error_Handler();
  80:Core/Src/tim.c ****   }
  81:Core/Src/tim.c ****   if (HAL_TIM_IC_ConfigChannel(&htim1, &sConfigIC, TIM_CHANNEL_4) != HAL_OK)
 143              		.loc 1 81 3 is_stmt 1 view .LVU46
 144              		.loc 1 81 7 is_stmt 0 view .LVU47
 145 0070 0C22     		movs	r2, #12
 146 0072 6946     		mov	r1, sp
 147 0074 0C48     		ldr	r0, .L15
 148 0076 FFF7FEFF 		bl	HAL_TIM_IC_ConfigChannel
ARM GAS  /tmp/ccutTLn0.s 			page 5


 149              	.LVL5:
 150              		.loc 1 81 6 discriminator 1 view .LVU48
 151 007a 88B9     		cbnz	r0, .L14
 152              	.L1:
  82:Core/Src/tim.c ****   {
  83:Core/Src/tim.c ****     Error_Handler();
  84:Core/Src/tim.c ****   }
  85:Core/Src/tim.c ****   /* USER CODE BEGIN TIM1_Init 2 */
  86:Core/Src/tim.c **** 
  87:Core/Src/tim.c ****   /* USER CODE END TIM1_Init 2 */
  88:Core/Src/tim.c **** 
  89:Core/Src/tim.c **** }
 153              		.loc 1 89 1 view .LVU49
 154 007c 07B0     		add	sp, sp, #28
 155              	.LCFI2:
 156              		.cfi_remember_state
 157              		.cfi_def_cfa_offset 4
 158              		@ sp needed
 159 007e 5DF804FB 		ldr	pc, [sp], #4
 160              	.L9:
 161              	.LCFI3:
 162              		.cfi_restore_state
  57:Core/Src/tim.c ****   }
 163              		.loc 1 57 5 is_stmt 1 view .LVU50
 164 0082 FFF7FEFF 		bl	Error_Handler
 165              	.LVL6:
 166 0086 D3E7     		b	.L2
 167              	.L10:
  63:Core/Src/tim.c ****   }
 168              		.loc 1 63 5 view .LVU51
 169 0088 FFF7FEFF 		bl	Error_Handler
 170              	.LVL7:
 171 008c D8E7     		b	.L3
 172              	.L11:
  71:Core/Src/tim.c ****   }
 173              		.loc 1 71 5 view .LVU52
 174 008e FFF7FEFF 		bl	Error_Handler
 175              	.LVL8:
 176 0092 E1E7     		b	.L4
 177              	.L12:
  75:Core/Src/tim.c ****   }
 178              		.loc 1 75 5 view .LVU53
 179 0094 FFF7FEFF 		bl	Error_Handler
 180              	.LVL9:
 181 0098 E4E7     		b	.L5
 182              	.L13:
  79:Core/Src/tim.c ****   }
 183              		.loc 1 79 5 view .LVU54
 184 009a FFF7FEFF 		bl	Error_Handler
 185              	.LVL10:
 186 009e E7E7     		b	.L6
 187              	.L14:
  83:Core/Src/tim.c ****   }
 188              		.loc 1 83 5 view .LVU55
 189 00a0 FFF7FEFF 		bl	Error_Handler
 190              	.LVL11:
 191              		.loc 1 89 1 is_stmt 0 view .LVU56
ARM GAS  /tmp/ccutTLn0.s 			page 6


 192 00a4 EAE7     		b	.L1
 193              	.L16:
 194 00a6 00BF     		.align	2
 195              	.L15:
 196 00a8 00000000 		.word	htim1
 197 00ac 00000140 		.word	1073807360
 198              		.cfi_endproc
 199              	.LFE239:
 201              		.section	.text.MX_TIM2_Init,"ax",%progbits
 202              		.align	1
 203              		.global	MX_TIM2_Init
 204              		.syntax unified
 205              		.thumb
 206              		.thumb_func
 208              	MX_TIM2_Init:
 209              	.LFB240:
  90:Core/Src/tim.c **** /* TIM2 init function */
  91:Core/Src/tim.c **** void MX_TIM2_Init(void)
  92:Core/Src/tim.c **** {
 210              		.loc 1 92 1 is_stmt 1 view -0
 211              		.cfi_startproc
 212              		@ args = 0, pretend = 0, frame = 48
 213              		@ frame_needed = 0, uses_anonymous_args = 0
 214 0000 10B5     		push	{r4, lr}
 215              	.LCFI4:
 216              		.cfi_def_cfa_offset 8
 217              		.cfi_offset 4, -8
 218              		.cfi_offset 14, -4
 219 0002 8CB0     		sub	sp, sp, #48
 220              	.LCFI5:
 221              		.cfi_def_cfa_offset 56
  93:Core/Src/tim.c **** 
  94:Core/Src/tim.c ****   /* USER CODE BEGIN TIM2_Init 0 */
  95:Core/Src/tim.c **** 
  96:Core/Src/tim.c ****   /* USER CODE END TIM2_Init 0 */
  97:Core/Src/tim.c **** 
  98:Core/Src/tim.c ****   TIM_Encoder_InitTypeDef sConfig = {0};
 222              		.loc 1 98 3 view .LVU58
 223              		.loc 1 98 27 is_stmt 0 view .LVU59
 224 0004 03AC     		add	r4, sp, #12
 225 0006 2422     		movs	r2, #36
 226 0008 0021     		movs	r1, #0
 227 000a 2046     		mov	r0, r4
 228 000c FFF7FEFF 		bl	memset
 229              	.LVL12:
  99:Core/Src/tim.c ****   TIM_MasterConfigTypeDef sMasterConfig = {0};
 230              		.loc 1 99 3 is_stmt 1 view .LVU60
 231              		.loc 1 99 27 is_stmt 0 view .LVU61
 232 0010 0023     		movs	r3, #0
 233 0012 0193     		str	r3, [sp, #4]
 234 0014 0293     		str	r3, [sp, #8]
 100:Core/Src/tim.c **** 
 101:Core/Src/tim.c ****   /* USER CODE BEGIN TIM2_Init 1 */
 102:Core/Src/tim.c **** 
 103:Core/Src/tim.c ****   /* USER CODE END TIM2_Init 1 */
 104:Core/Src/tim.c ****   htim2.Instance = TIM2;
 235              		.loc 1 104 3 is_stmt 1 view .LVU62
ARM GAS  /tmp/ccutTLn0.s 			page 7


 236              		.loc 1 104 18 is_stmt 0 view .LVU63
 237 0016 1448     		ldr	r0, .L23
 238 0018 4FF08042 		mov	r2, #1073741824
 239 001c 0260     		str	r2, [r0]
 105:Core/Src/tim.c ****   htim2.Init.Prescaler = 0;
 240              		.loc 1 105 3 is_stmt 1 view .LVU64
 241              		.loc 1 105 24 is_stmt 0 view .LVU65
 242 001e 4360     		str	r3, [r0, #4]
 106:Core/Src/tim.c ****   htim2.Init.CounterMode = TIM_COUNTERMODE_UP;
 243              		.loc 1 106 3 is_stmt 1 view .LVU66
 244              		.loc 1 106 26 is_stmt 0 view .LVU67
 245 0020 8360     		str	r3, [r0, #8]
 107:Core/Src/tim.c ****   htim2.Init.Period = 0xffffffff;
 246              		.loc 1 107 3 is_stmt 1 view .LVU68
 247              		.loc 1 107 21 is_stmt 0 view .LVU69
 248 0022 4FF0FF32 		mov	r2, #-1
 249 0026 C260     		str	r2, [r0, #12]
 108:Core/Src/tim.c ****   htim2.Init.ClockDivision = TIM_CLOCKDIVISION_DIV1;
 250              		.loc 1 108 3 is_stmt 1 view .LVU70
 251              		.loc 1 108 28 is_stmt 0 view .LVU71
 252 0028 0361     		str	r3, [r0, #16]
 109:Core/Src/tim.c ****   htim2.Init.AutoReloadPreload = TIM_AUTORELOAD_PRELOAD_ENABLE;
 253              		.loc 1 109 3 is_stmt 1 view .LVU72
 254              		.loc 1 109 32 is_stmt 0 view .LVU73
 255 002a 8023     		movs	r3, #128
 256 002c 8361     		str	r3, [r0, #24]
 110:Core/Src/tim.c ****   sConfig.EncoderMode = TIM_ENCODERMODE_TI12;
 257              		.loc 1 110 3 is_stmt 1 view .LVU74
 258              		.loc 1 110 23 is_stmt 0 view .LVU75
 259 002e 0323     		movs	r3, #3
 260 0030 0393     		str	r3, [sp, #12]
 111:Core/Src/tim.c ****   sConfig.IC1Polarity = TIM_ICPOLARITY_RISING;
 261              		.loc 1 111 3 is_stmt 1 view .LVU76
 112:Core/Src/tim.c ****   sConfig.IC1Selection = TIM_ICSELECTION_DIRECTTI;
 262              		.loc 1 112 3 view .LVU77
 263              		.loc 1 112 24 is_stmt 0 view .LVU78
 264 0032 0122     		movs	r2, #1
 265 0034 0592     		str	r2, [sp, #20]
 113:Core/Src/tim.c ****   sConfig.IC1Prescaler = TIM_ICPSC_DIV1;
 266              		.loc 1 113 3 is_stmt 1 view .LVU79
 114:Core/Src/tim.c ****   sConfig.IC1Filter = 5;
 267              		.loc 1 114 3 view .LVU80
 268              		.loc 1 114 21 is_stmt 0 view .LVU81
 269 0036 0523     		movs	r3, #5
 270 0038 0793     		str	r3, [sp, #28]
 115:Core/Src/tim.c ****   sConfig.IC2Polarity = TIM_ICPOLARITY_RISING;
 271              		.loc 1 115 3 is_stmt 1 view .LVU82
 116:Core/Src/tim.c ****   sConfig.IC2Selection = TIM_ICSELECTION_DIRECTTI;
 272              		.loc 1 116 3 view .LVU83
 273              		.loc 1 116 24 is_stmt 0 view .LVU84
 274 003a 0992     		str	r2, [sp, #36]
 117:Core/Src/tim.c ****   sConfig.IC2Prescaler = TIM_ICPSC_DIV1;
 275              		.loc 1 117 3 is_stmt 1 view .LVU85
 118:Core/Src/tim.c ****   sConfig.IC2Filter = 5;
 276              		.loc 1 118 3 view .LVU86
 277              		.loc 1 118 21 is_stmt 0 view .LVU87
 278 003c 0B93     		str	r3, [sp, #44]
ARM GAS  /tmp/ccutTLn0.s 			page 8


 119:Core/Src/tim.c ****   if (HAL_TIM_Encoder_Init(&htim2, &sConfig) != HAL_OK)
 279              		.loc 1 119 3 is_stmt 1 view .LVU88
 280              		.loc 1 119 7 is_stmt 0 view .LVU89
 281 003e 2146     		mov	r1, r4
 282 0040 FFF7FEFF 		bl	HAL_TIM_Encoder_Init
 283              	.LVL13:
 284              		.loc 1 119 6 discriminator 1 view .LVU90
 285 0044 48B9     		cbnz	r0, .L21
 286              	.L18:
 120:Core/Src/tim.c ****   {
 121:Core/Src/tim.c ****     Error_Handler();
 122:Core/Src/tim.c ****   }
 123:Core/Src/tim.c ****   sMasterConfig.MasterOutputTrigger = TIM_TRGO_RESET;
 287              		.loc 1 123 3 is_stmt 1 view .LVU91
 288              		.loc 1 123 37 is_stmt 0 view .LVU92
 289 0046 0023     		movs	r3, #0
 290 0048 0193     		str	r3, [sp, #4]
 124:Core/Src/tim.c ****   sMasterConfig.MasterSlaveMode = TIM_MASTERSLAVEMODE_DISABLE;
 291              		.loc 1 124 3 is_stmt 1 view .LVU93
 292              		.loc 1 124 33 is_stmt 0 view .LVU94
 293 004a 0293     		str	r3, [sp, #8]
 125:Core/Src/tim.c ****   if (HAL_TIMEx_MasterConfigSynchronization(&htim2, &sMasterConfig) != HAL_OK)
 294              		.loc 1 125 3 is_stmt 1 view .LVU95
 295              		.loc 1 125 7 is_stmt 0 view .LVU96
 296 004c 01A9     		add	r1, sp, #4
 297 004e 0648     		ldr	r0, .L23
 298 0050 FFF7FEFF 		bl	HAL_TIMEx_MasterConfigSynchronization
 299              	.LVL14:
 300              		.loc 1 125 6 discriminator 1 view .LVU97
 301 0054 20B9     		cbnz	r0, .L22
 302              	.L17:
 126:Core/Src/tim.c ****   {
 127:Core/Src/tim.c ****     Error_Handler();
 128:Core/Src/tim.c ****   }
 129:Core/Src/tim.c ****   /* USER CODE BEGIN TIM2_Init 2 */
 130:Core/Src/tim.c **** 
 131:Core/Src/tim.c ****   /* USER CODE END TIM2_Init 2 */
 132:Core/Src/tim.c **** 
 133:Core/Src/tim.c **** }
 303              		.loc 1 133 1 view .LVU98
 304 0056 0CB0     		add	sp, sp, #48
 305              	.LCFI6:
 306              		.cfi_remember_state
 307              		.cfi_def_cfa_offset 8
 308              		@ sp needed
 309 0058 10BD     		pop	{r4, pc}
 310              	.L21:
 311              	.LCFI7:
 312              		.cfi_restore_state
 121:Core/Src/tim.c ****   }
 313              		.loc 1 121 5 is_stmt 1 view .LVU99
 314 005a FFF7FEFF 		bl	Error_Handler
 315              	.LVL15:
 316 005e F2E7     		b	.L18
 317              	.L22:
 127:Core/Src/tim.c ****   }
 318              		.loc 1 127 5 view .LVU100
ARM GAS  /tmp/ccutTLn0.s 			page 9


 319 0060 FFF7FEFF 		bl	Error_Handler
 320              	.LVL16:
 321              		.loc 1 133 1 is_stmt 0 view .LVU101
 322 0064 F7E7     		b	.L17
 323              	.L24:
 324 0066 00BF     		.align	2
 325              	.L23:
 326 0068 00000000 		.word	htim2
 327              		.cfi_endproc
 328              	.LFE240:
 330              		.section	.text.MX_TIM3_Init,"ax",%progbits
 331              		.align	1
 332              		.global	MX_TIM3_Init
 333              		.syntax unified
 334              		.thumb
 335              		.thumb_func
 337              	MX_TIM3_Init:
 338              	.LFB241:
 134:Core/Src/tim.c **** /* TIM3 init function */
 135:Core/Src/tim.c **** void MX_TIM3_Init(void)
 136:Core/Src/tim.c **** {
 339              		.loc 1 136 1 is_stmt 1 view -0
 340              		.cfi_startproc
 341              		@ args = 0, pretend = 0, frame = 48
 342              		@ frame_needed = 0, uses_anonymous_args = 0
 343 0000 10B5     		push	{r4, lr}
 344              	.LCFI8:
 345              		.cfi_def_cfa_offset 8
 346              		.cfi_offset 4, -8
 347              		.cfi_offset 14, -4
 348 0002 8CB0     		sub	sp, sp, #48
 349              	.LCFI9:
 350              		.cfi_def_cfa_offset 56
 137:Core/Src/tim.c **** 
 138:Core/Src/tim.c ****   /* USER CODE BEGIN TIM3_Init 0 */
 139:Core/Src/tim.c **** 
 140:Core/Src/tim.c ****   /* USER CODE END TIM3_Init 0 */
 141:Core/Src/tim.c **** 
 142:Core/Src/tim.c ****   TIM_Encoder_InitTypeDef sConfig = {0};
 351              		.loc 1 142 3 view .LVU103
 352              		.loc 1 142 27 is_stmt 0 view .LVU104
 353 0004 03AC     		add	r4, sp, #12
 354 0006 2422     		movs	r2, #36
 355 0008 0021     		movs	r1, #0
 356 000a 2046     		mov	r0, r4
 357 000c FFF7FEFF 		bl	memset
 358              	.LVL17:
 143:Core/Src/tim.c ****   TIM_MasterConfigTypeDef sMasterConfig = {0};
 359              		.loc 1 143 3 is_stmt 1 view .LVU105
 360              		.loc 1 143 27 is_stmt 0 view .LVU106
 361 0010 0023     		movs	r3, #0
 362 0012 0193     		str	r3, [sp, #4]
 363 0014 0293     		str	r3, [sp, #8]
 144:Core/Src/tim.c **** 
 145:Core/Src/tim.c ****   /* USER CODE BEGIN TIM3_Init 1 */
 146:Core/Src/tim.c **** 
 147:Core/Src/tim.c ****   /* USER CODE END TIM3_Init 1 */
ARM GAS  /tmp/ccutTLn0.s 			page 10


 148:Core/Src/tim.c ****   htim3.Instance = TIM3;
 364              		.loc 1 148 3 is_stmt 1 view .LVU107
 365              		.loc 1 148 18 is_stmt 0 view .LVU108
 366 0016 1348     		ldr	r0, .L31
 367 0018 134A     		ldr	r2, .L31+4
 368 001a 0260     		str	r2, [r0]
 149:Core/Src/tim.c ****   htim3.Init.Prescaler = 0;
 369              		.loc 1 149 3 is_stmt 1 view .LVU109
 370              		.loc 1 149 24 is_stmt 0 view .LVU110
 371 001c 4360     		str	r3, [r0, #4]
 150:Core/Src/tim.c ****   htim3.Init.CounterMode = TIM_COUNTERMODE_UP;
 372              		.loc 1 150 3 is_stmt 1 view .LVU111
 373              		.loc 1 150 26 is_stmt 0 view .LVU112
 374 001e 8360     		str	r3, [r0, #8]
 151:Core/Src/tim.c ****   htim3.Init.Period = 65535;
 375              		.loc 1 151 3 is_stmt 1 view .LVU113
 376              		.loc 1 151 21 is_stmt 0 view .LVU114
 377 0020 4FF6FF72 		movw	r2, #65535
 378 0024 C260     		str	r2, [r0, #12]
 152:Core/Src/tim.c ****   htim3.Init.ClockDivision = TIM_CLOCKDIVISION_DIV1;
 379              		.loc 1 152 3 is_stmt 1 view .LVU115
 380              		.loc 1 152 28 is_stmt 0 view .LVU116
 381 0026 0361     		str	r3, [r0, #16]
 153:Core/Src/tim.c ****   htim3.Init.AutoReloadPreload = TIM_AUTORELOAD_PRELOAD_DISABLE;
 382              		.loc 1 153 3 is_stmt 1 view .LVU117
 383              		.loc 1 153 32 is_stmt 0 view .LVU118
 384 0028 8361     		str	r3, [r0, #24]
 154:Core/Src/tim.c ****   sConfig.EncoderMode = TIM_ENCODERMODE_TI12;
 385              		.loc 1 154 3 is_stmt 1 view .LVU119
 386              		.loc 1 154 23 is_stmt 0 view .LVU120
 387 002a 0323     		movs	r3, #3
 388 002c 0393     		str	r3, [sp, #12]
 155:Core/Src/tim.c ****   sConfig.IC1Polarity = TIM_ICPOLARITY_RISING;
 389              		.loc 1 155 3 is_stmt 1 view .LVU121
 156:Core/Src/tim.c ****   sConfig.IC1Selection = TIM_ICSELECTION_DIRECTTI;
 390              		.loc 1 156 3 view .LVU122
 391              		.loc 1 156 24 is_stmt 0 view .LVU123
 392 002e 0122     		movs	r2, #1
 393 0030 0592     		str	r2, [sp, #20]
 157:Core/Src/tim.c ****   sConfig.IC1Prescaler = TIM_ICPSC_DIV1;
 394              		.loc 1 157 3 is_stmt 1 view .LVU124
 158:Core/Src/tim.c ****   sConfig.IC1Filter = 5;
 395              		.loc 1 158 3 view .LVU125
 396              		.loc 1 158 21 is_stmt 0 view .LVU126
 397 0032 0523     		movs	r3, #5
 398 0034 0793     		str	r3, [sp, #28]
 159:Core/Src/tim.c ****   sConfig.IC2Polarity = TIM_ICPOLARITY_RISING;
 399              		.loc 1 159 3 is_stmt 1 view .LVU127
 160:Core/Src/tim.c ****   sConfig.IC2Selection = TIM_ICSELECTION_DIRECTTI;
 400              		.loc 1 160 3 view .LVU128
 401              		.loc 1 160 24 is_stmt 0 view .LVU129
 402 0036 0992     		str	r2, [sp, #36]
 161:Core/Src/tim.c ****   sConfig.IC2Prescaler = TIM_ICPSC_DIV1;
 403              		.loc 1 161 3 is_stmt 1 view .LVU130
 162:Core/Src/tim.c ****   sConfig.IC2Filter = 5;
 404              		.loc 1 162 3 view .LVU131
 405              		.loc 1 162 21 is_stmt 0 view .LVU132
ARM GAS  /tmp/ccutTLn0.s 			page 11


 406 0038 0B93     		str	r3, [sp, #44]
 163:Core/Src/tim.c ****   if (HAL_TIM_Encoder_Init(&htim3, &sConfig) != HAL_OK)
 407              		.loc 1 163 3 is_stmt 1 view .LVU133
 408              		.loc 1 163 7 is_stmt 0 view .LVU134
 409 003a 2146     		mov	r1, r4
 410 003c FFF7FEFF 		bl	HAL_TIM_Encoder_Init
 411              	.LVL18:
 412              		.loc 1 163 6 discriminator 1 view .LVU135
 413 0040 48B9     		cbnz	r0, .L29
 414              	.L26:
 164:Core/Src/tim.c ****   {
 165:Core/Src/tim.c ****     Error_Handler();
 166:Core/Src/tim.c ****   }
 167:Core/Src/tim.c ****   sMasterConfig.MasterOutputTrigger = TIM_TRGO_RESET;
 415              		.loc 1 167 3 is_stmt 1 view .LVU136
 416              		.loc 1 167 37 is_stmt 0 view .LVU137
 417 0042 0023     		movs	r3, #0
 418 0044 0193     		str	r3, [sp, #4]
 168:Core/Src/tim.c ****   sMasterConfig.MasterSlaveMode = TIM_MASTERSLAVEMODE_DISABLE;
 419              		.loc 1 168 3 is_stmt 1 view .LVU138
 420              		.loc 1 168 33 is_stmt 0 view .LVU139
 421 0046 0293     		str	r3, [sp, #8]
 169:Core/Src/tim.c ****   if (HAL_TIMEx_MasterConfigSynchronization(&htim3, &sMasterConfig) != HAL_OK)
 422              		.loc 1 169 3 is_stmt 1 view .LVU140
 423              		.loc 1 169 7 is_stmt 0 view .LVU141
 424 0048 01A9     		add	r1, sp, #4
 425 004a 0648     		ldr	r0, .L31
 426 004c FFF7FEFF 		bl	HAL_TIMEx_MasterConfigSynchronization
 427              	.LVL19:
 428              		.loc 1 169 6 discriminator 1 view .LVU142
 429 0050 20B9     		cbnz	r0, .L30
 430              	.L25:
 170:Core/Src/tim.c ****   {
 171:Core/Src/tim.c ****     Error_Handler();
 172:Core/Src/tim.c ****   }
 173:Core/Src/tim.c ****   /* USER CODE BEGIN TIM3_Init 2 */
 174:Core/Src/tim.c **** 
 175:Core/Src/tim.c ****   /* USER CODE END TIM3_Init 2 */
 176:Core/Src/tim.c **** 
 177:Core/Src/tim.c **** }
 431              		.loc 1 177 1 view .LVU143
 432 0052 0CB0     		add	sp, sp, #48
 433              	.LCFI10:
 434              		.cfi_remember_state
 435              		.cfi_def_cfa_offset 8
 436              		@ sp needed
 437 0054 10BD     		pop	{r4, pc}
 438              	.L29:
 439              	.LCFI11:
 440              		.cfi_restore_state
 165:Core/Src/tim.c ****   }
 441              		.loc 1 165 5 is_stmt 1 view .LVU144
 442 0056 FFF7FEFF 		bl	Error_Handler
 443              	.LVL20:
 444 005a F2E7     		b	.L26
 445              	.L30:
 171:Core/Src/tim.c ****   }
ARM GAS  /tmp/ccutTLn0.s 			page 12


 446              		.loc 1 171 5 view .LVU145
 447 005c FFF7FEFF 		bl	Error_Handler
 448              	.LVL21:
 449              		.loc 1 177 1 is_stmt 0 view .LVU146
 450 0060 F7E7     		b	.L25
 451              	.L32:
 452 0062 00BF     		.align	2
 453              	.L31:
 454 0064 00000000 		.word	htim3
 455 0068 00040040 		.word	1073742848
 456              		.cfi_endproc
 457              	.LFE241:
 459              		.section	.text.MX_TIM4_Init,"ax",%progbits
 460              		.align	1
 461              		.global	MX_TIM4_Init
 462              		.syntax unified
 463              		.thumb
 464              		.thumb_func
 466              	MX_TIM4_Init:
 467              	.LFB242:
 178:Core/Src/tim.c **** /* TIM4 init function */
 179:Core/Src/tim.c **** void MX_TIM4_Init(void)
 180:Core/Src/tim.c **** {
 468              		.loc 1 180 1 is_stmt 1 view -0
 469              		.cfi_startproc
 470              		@ args = 0, pretend = 0, frame = 48
 471              		@ frame_needed = 0, uses_anonymous_args = 0
 472 0000 10B5     		push	{r4, lr}
 473              	.LCFI12:
 474              		.cfi_def_cfa_offset 8
 475              		.cfi_offset 4, -8
 476              		.cfi_offset 14, -4
 477 0002 8CB0     		sub	sp, sp, #48
 478              	.LCFI13:
 479              		.cfi_def_cfa_offset 56
 181:Core/Src/tim.c **** 
 182:Core/Src/tim.c ****   /* USER CODE BEGIN TIM4_Init 0 */
 183:Core/Src/tim.c **** 
 184:Core/Src/tim.c ****   /* USER CODE END TIM4_Init 0 */
 185:Core/Src/tim.c **** 
 186:Core/Src/tim.c ****   TIM_Encoder_InitTypeDef sConfig = {0};
 480              		.loc 1 186 3 view .LVU148
 481              		.loc 1 186 27 is_stmt 0 view .LVU149
 482 0004 03AC     		add	r4, sp, #12
 483 0006 2422     		movs	r2, #36
 484 0008 0021     		movs	r1, #0
 485 000a 2046     		mov	r0, r4
 486 000c FFF7FEFF 		bl	memset
 487              	.LVL22:
 187:Core/Src/tim.c ****   TIM_MasterConfigTypeDef sMasterConfig = {0};
 488              		.loc 1 187 3 is_stmt 1 view .LVU150
 489              		.loc 1 187 27 is_stmt 0 view .LVU151
 490 0010 0023     		movs	r3, #0
 491 0012 0193     		str	r3, [sp, #4]
 492 0014 0293     		str	r3, [sp, #8]
 188:Core/Src/tim.c **** 
 189:Core/Src/tim.c ****   /* USER CODE BEGIN TIM4_Init 1 */
ARM GAS  /tmp/ccutTLn0.s 			page 13


 190:Core/Src/tim.c **** 
 191:Core/Src/tim.c ****   /* USER CODE END TIM4_Init 1 */
 192:Core/Src/tim.c ****   htim4.Instance = TIM4;
 493              		.loc 1 192 3 is_stmt 1 view .LVU152
 494              		.loc 1 192 18 is_stmt 0 view .LVU153
 495 0016 1348     		ldr	r0, .L39
 496 0018 134A     		ldr	r2, .L39+4
 497 001a 0260     		str	r2, [r0]
 193:Core/Src/tim.c ****   htim4.Init.Prescaler = 0;
 498              		.loc 1 193 3 is_stmt 1 view .LVU154
 499              		.loc 1 193 24 is_stmt 0 view .LVU155
 500 001c 4360     		str	r3, [r0, #4]
 194:Core/Src/tim.c ****   htim4.Init.CounterMode = TIM_COUNTERMODE_UP;
 501              		.loc 1 194 3 is_stmt 1 view .LVU156
 502              		.loc 1 194 26 is_stmt 0 view .LVU157
 503 001e 8360     		str	r3, [r0, #8]
 195:Core/Src/tim.c ****   htim4.Init.Period = 65535;
 504              		.loc 1 195 3 is_stmt 1 view .LVU158
 505              		.loc 1 195 21 is_stmt 0 view .LVU159
 506 0020 4FF6FF72 		movw	r2, #65535
 507 0024 C260     		str	r2, [r0, #12]
 196:Core/Src/tim.c ****   htim4.Init.ClockDivision = TIM_CLOCKDIVISION_DIV1;
 508              		.loc 1 196 3 is_stmt 1 view .LVU160
 509              		.loc 1 196 28 is_stmt 0 view .LVU161
 510 0026 0361     		str	r3, [r0, #16]
 197:Core/Src/tim.c ****   htim4.Init.AutoReloadPreload = TIM_AUTORELOAD_PRELOAD_DISABLE;
 511              		.loc 1 197 3 is_stmt 1 view .LVU162
 512              		.loc 1 197 32 is_stmt 0 view .LVU163
 513 0028 8361     		str	r3, [r0, #24]
 198:Core/Src/tim.c ****   sConfig.EncoderMode = TIM_ENCODERMODE_TI12;
 514              		.loc 1 198 3 is_stmt 1 view .LVU164
 515              		.loc 1 198 23 is_stmt 0 view .LVU165
 516 002a 0323     		movs	r3, #3
 517 002c 0393     		str	r3, [sp, #12]
 199:Core/Src/tim.c ****   sConfig.IC1Polarity = TIM_ICPOLARITY_RISING;
 518              		.loc 1 199 3 is_stmt 1 view .LVU166
 200:Core/Src/tim.c ****   sConfig.IC1Selection = TIM_ICSELECTION_DIRECTTI;
 519              		.loc 1 200 3 view .LVU167
 520              		.loc 1 200 24 is_stmt 0 view .LVU168
 521 002e 0122     		movs	r2, #1
 522 0030 0592     		str	r2, [sp, #20]
 201:Core/Src/tim.c ****   sConfig.IC1Prescaler = TIM_ICPSC_DIV1;
 523              		.loc 1 201 3 is_stmt 1 view .LVU169
 202:Core/Src/tim.c ****   sConfig.IC1Filter = 5;
 524              		.loc 1 202 3 view .LVU170
 525              		.loc 1 202 21 is_stmt 0 view .LVU171
 526 0032 0523     		movs	r3, #5
 527 0034 0793     		str	r3, [sp, #28]
 203:Core/Src/tim.c ****   sConfig.IC2Polarity = TIM_ICPOLARITY_RISING;
 528              		.loc 1 203 3 is_stmt 1 view .LVU172
 204:Core/Src/tim.c ****   sConfig.IC2Selection = TIM_ICSELECTION_DIRECTTI;
 529              		.loc 1 204 3 view .LVU173
 530              		.loc 1 204 24 is_stmt 0 view .LVU174
 531 0036 0992     		str	r2, [sp, #36]
 205:Core/Src/tim.c ****   sConfig.IC2Prescaler = TIM_ICPSC_DIV1;
 532              		.loc 1 205 3 is_stmt 1 view .LVU175
 206:Core/Src/tim.c ****   sConfig.IC2Filter = 5;
ARM GAS  /tmp/ccutTLn0.s 			page 14


 533              		.loc 1 206 3 view .LVU176
 534              		.loc 1 206 21 is_stmt 0 view .LVU177
 535 0038 0B93     		str	r3, [sp, #44]
 207:Core/Src/tim.c ****   if (HAL_TIM_Encoder_Init(&htim4, &sConfig) != HAL_OK)
 536              		.loc 1 207 3 is_stmt 1 view .LVU178
 537              		.loc 1 207 7 is_stmt 0 view .LVU179
 538 003a 2146     		mov	r1, r4
 539 003c FFF7FEFF 		bl	HAL_TIM_Encoder_Init
 540              	.LVL23:
 541              		.loc 1 207 6 discriminator 1 view .LVU180
 542 0040 48B9     		cbnz	r0, .L37
 543              	.L34:
 208:Core/Src/tim.c ****   {
 209:Core/Src/tim.c ****     Error_Handler();
 210:Core/Src/tim.c ****   }
 211:Core/Src/tim.c ****   sMasterConfig.MasterOutputTrigger = TIM_TRGO_RESET;
 544              		.loc 1 211 3 is_stmt 1 view .LVU181
 545              		.loc 1 211 37 is_stmt 0 view .LVU182
 546 0042 0023     		movs	r3, #0
 547 0044 0193     		str	r3, [sp, #4]
 212:Core/Src/tim.c ****   sMasterConfig.MasterSlaveMode = TIM_MASTERSLAVEMODE_DISABLE;
 548              		.loc 1 212 3 is_stmt 1 view .LVU183
 549              		.loc 1 212 33 is_stmt 0 view .LVU184
 550 0046 0293     		str	r3, [sp, #8]
 213:Core/Src/tim.c ****   if (HAL_TIMEx_MasterConfigSynchronization(&htim4, &sMasterConfig) != HAL_OK)
 551              		.loc 1 213 3 is_stmt 1 view .LVU185
 552              		.loc 1 213 7 is_stmt 0 view .LVU186
 553 0048 01A9     		add	r1, sp, #4
 554 004a 0648     		ldr	r0, .L39
 555 004c FFF7FEFF 		bl	HAL_TIMEx_MasterConfigSynchronization
 556              	.LVL24:
 557              		.loc 1 213 6 discriminator 1 view .LVU187
 558 0050 20B9     		cbnz	r0, .L38
 559              	.L33:
 214:Core/Src/tim.c ****   {
 215:Core/Src/tim.c ****     Error_Handler();
 216:Core/Src/tim.c ****   }
 217:Core/Src/tim.c ****   /* USER CODE BEGIN TIM4_Init 2 */
 218:Core/Src/tim.c **** 
 219:Core/Src/tim.c ****   /* USER CODE END TIM4_Init 2 */
 220:Core/Src/tim.c **** 
 221:Core/Src/tim.c **** }
 560              		.loc 1 221 1 view .LVU188
 561 0052 0CB0     		add	sp, sp, #48
 562              	.LCFI14:
 563              		.cfi_remember_state
 564              		.cfi_def_cfa_offset 8
 565              		@ sp needed
 566 0054 10BD     		pop	{r4, pc}
 567              	.L37:
 568              	.LCFI15:
 569              		.cfi_restore_state
 209:Core/Src/tim.c ****   }
 570              		.loc 1 209 5 is_stmt 1 view .LVU189
 571 0056 FFF7FEFF 		bl	Error_Handler
 572              	.LVL25:
 573 005a F2E7     		b	.L34
ARM GAS  /tmp/ccutTLn0.s 			page 15


 574              	.L38:
 215:Core/Src/tim.c ****   }
 575              		.loc 1 215 5 view .LVU190
 576 005c FFF7FEFF 		bl	Error_Handler
 577              	.LVL26:
 578              		.loc 1 221 1 is_stmt 0 view .LVU191
 579 0060 F7E7     		b	.L33
 580              	.L40:
 581 0062 00BF     		.align	2
 582              	.L39:
 583 0064 00000000 		.word	htim4
 584 0068 00080040 		.word	1073743872
 585              		.cfi_endproc
 586              	.LFE242:
 588              		.section	.text.MX_TIM5_Init,"ax",%progbits
 589              		.align	1
 590              		.global	MX_TIM5_Init
 591              		.syntax unified
 592              		.thumb
 593              		.thumb_func
 595              	MX_TIM5_Init:
 596              	.LFB243:
 222:Core/Src/tim.c **** /* TIM5 init function */
 223:Core/Src/tim.c **** void MX_TIM5_Init(void)
 224:Core/Src/tim.c **** {
 597              		.loc 1 224 1 is_stmt 1 view -0
 598              		.cfi_startproc
 599              		@ args = 0, pretend = 0, frame = 48
 600              		@ frame_needed = 0, uses_anonymous_args = 0
 601 0000 10B5     		push	{r4, lr}
 602              	.LCFI16:
 603              		.cfi_def_cfa_offset 8
 604              		.cfi_offset 4, -8
 605              		.cfi_offset 14, -4
 606 0002 8CB0     		sub	sp, sp, #48
 607              	.LCFI17:
 608              		.cfi_def_cfa_offset 56
 225:Core/Src/tim.c **** 
 226:Core/Src/tim.c ****   /* USER CODE BEGIN TIM5_Init 0 */
 227:Core/Src/tim.c **** 
 228:Core/Src/tim.c ****   /* USER CODE END TIM5_Init 0 */
 229:Core/Src/tim.c **** 
 230:Core/Src/tim.c ****   TIM_Encoder_InitTypeDef sConfig = {0};
 609              		.loc 1 230 3 view .LVU193
 610              		.loc 1 230 27 is_stmt 0 view .LVU194
 611 0004 03AC     		add	r4, sp, #12
 612 0006 2422     		movs	r2, #36
 613 0008 0021     		movs	r1, #0
 614 000a 2046     		mov	r0, r4
 615 000c FFF7FEFF 		bl	memset
 616              	.LVL27:
 231:Core/Src/tim.c ****   TIM_MasterConfigTypeDef sMasterConfig = {0};
 617              		.loc 1 231 3 is_stmt 1 view .LVU195
 618              		.loc 1 231 27 is_stmt 0 view .LVU196
 619 0010 0023     		movs	r3, #0
 620 0012 0193     		str	r3, [sp, #4]
 621 0014 0293     		str	r3, [sp, #8]
ARM GAS  /tmp/ccutTLn0.s 			page 16


 232:Core/Src/tim.c **** 
 233:Core/Src/tim.c ****   /* USER CODE BEGIN TIM5_Init 1 */
 234:Core/Src/tim.c **** 
 235:Core/Src/tim.c ****   /* USER CODE END TIM5_Init 1 */
 236:Core/Src/tim.c ****   htim5.Instance = TIM5;
 622              		.loc 1 236 3 is_stmt 1 view .LVU197
 623              		.loc 1 236 18 is_stmt 0 view .LVU198
 624 0016 1348     		ldr	r0, .L47
 625 0018 134A     		ldr	r2, .L47+4
 626 001a 0260     		str	r2, [r0]
 237:Core/Src/tim.c ****   htim5.Init.Prescaler = 0;
 627              		.loc 1 237 3 is_stmt 1 view .LVU199
 628              		.loc 1 237 24 is_stmt 0 view .LVU200
 629 001c 4360     		str	r3, [r0, #4]
 238:Core/Src/tim.c ****   htim5.Init.CounterMode = TIM_COUNTERMODE_UP;
 630              		.loc 1 238 3 is_stmt 1 view .LVU201
 631              		.loc 1 238 26 is_stmt 0 view .LVU202
 632 001e 8360     		str	r3, [r0, #8]
 239:Core/Src/tim.c ****   htim5.Init.Period = 4294967295;
 633              		.loc 1 239 3 is_stmt 1 view .LVU203
 634              		.loc 1 239 21 is_stmt 0 view .LVU204
 635 0020 4FF0FF32 		mov	r2, #-1
 636 0024 C260     		str	r2, [r0, #12]
 240:Core/Src/tim.c ****   htim5.Init.ClockDivision = TIM_CLOCKDIVISION_DIV1;
 637              		.loc 1 240 3 is_stmt 1 view .LVU205
 638              		.loc 1 240 28 is_stmt 0 view .LVU206
 639 0026 0361     		str	r3, [r0, #16]
 241:Core/Src/tim.c ****   htim5.Init.AutoReloadPreload = TIM_AUTORELOAD_PRELOAD_DISABLE;
 640              		.loc 1 241 3 is_stmt 1 view .LVU207
 641              		.loc 1 241 32 is_stmt 0 view .LVU208
 642 0028 8361     		str	r3, [r0, #24]
 242:Core/Src/tim.c ****   sConfig.EncoderMode = TIM_ENCODERMODE_TI12;
 643              		.loc 1 242 3 is_stmt 1 view .LVU209
 644              		.loc 1 242 23 is_stmt 0 view .LVU210
 645 002a 0323     		movs	r3, #3
 646 002c 0393     		str	r3, [sp, #12]
 243:Core/Src/tim.c ****   sConfig.IC1Polarity = TIM_ICPOLARITY_RISING;
 647              		.loc 1 243 3 is_stmt 1 view .LVU211
 244:Core/Src/tim.c ****   sConfig.IC1Selection = TIM_ICSELECTION_DIRECTTI;
 648              		.loc 1 244 3 view .LVU212
 649              		.loc 1 244 24 is_stmt 0 view .LVU213
 650 002e 0122     		movs	r2, #1
 651 0030 0592     		str	r2, [sp, #20]
 245:Core/Src/tim.c ****   sConfig.IC1Prescaler = TIM_ICPSC_DIV1;
 652              		.loc 1 245 3 is_stmt 1 view .LVU214
 246:Core/Src/tim.c ****   sConfig.IC1Filter = 5;
 653              		.loc 1 246 3 view .LVU215
 654              		.loc 1 246 21 is_stmt 0 view .LVU216
 655 0032 0523     		movs	r3, #5
 656 0034 0793     		str	r3, [sp, #28]
 247:Core/Src/tim.c ****   sConfig.IC2Polarity = TIM_ICPOLARITY_RISING;
 657              		.loc 1 247 3 is_stmt 1 view .LVU217
 248:Core/Src/tim.c ****   sConfig.IC2Selection = TIM_ICSELECTION_DIRECTTI;
 658              		.loc 1 248 3 view .LVU218
 659              		.loc 1 248 24 is_stmt 0 view .LVU219
 660 0036 0992     		str	r2, [sp, #36]
 249:Core/Src/tim.c ****   sConfig.IC2Prescaler = TIM_ICPSC_DIV1;
ARM GAS  /tmp/ccutTLn0.s 			page 17


 661              		.loc 1 249 3 is_stmt 1 view .LVU220
 250:Core/Src/tim.c ****   sConfig.IC2Filter = 5;
 662              		.loc 1 250 3 view .LVU221
 663              		.loc 1 250 21 is_stmt 0 view .LVU222
 664 0038 0B93     		str	r3, [sp, #44]
 251:Core/Src/tim.c ****   if (HAL_TIM_Encoder_Init(&htim5, &sConfig) != HAL_OK)
 665              		.loc 1 251 3 is_stmt 1 view .LVU223
 666              		.loc 1 251 7 is_stmt 0 view .LVU224
 667 003a 2146     		mov	r1, r4
 668 003c FFF7FEFF 		bl	HAL_TIM_Encoder_Init
 669              	.LVL28:
 670              		.loc 1 251 6 discriminator 1 view .LVU225
 671 0040 48B9     		cbnz	r0, .L45
 672              	.L42:
 252:Core/Src/tim.c ****   {
 253:Core/Src/tim.c ****     Error_Handler();
 254:Core/Src/tim.c ****   }
 255:Core/Src/tim.c ****   sMasterConfig.MasterOutputTrigger = TIM_TRGO_RESET;
 673              		.loc 1 255 3 is_stmt 1 view .LVU226
 674              		.loc 1 255 37 is_stmt 0 view .LVU227
 675 0042 0023     		movs	r3, #0
 676 0044 0193     		str	r3, [sp, #4]
 256:Core/Src/tim.c ****   sMasterConfig.MasterSlaveMode = TIM_MASTERSLAVEMODE_DISABLE;
 677              		.loc 1 256 3 is_stmt 1 view .LVU228
 678              		.loc 1 256 33 is_stmt 0 view .LVU229
 679 0046 0293     		str	r3, [sp, #8]
 257:Core/Src/tim.c ****   if (HAL_TIMEx_MasterConfigSynchronization(&htim5, &sMasterConfig) != HAL_OK)
 680              		.loc 1 257 3 is_stmt 1 view .LVU230
 681              		.loc 1 257 7 is_stmt 0 view .LVU231
 682 0048 01A9     		add	r1, sp, #4
 683 004a 0648     		ldr	r0, .L47
 684 004c FFF7FEFF 		bl	HAL_TIMEx_MasterConfigSynchronization
 685              	.LVL29:
 686              		.loc 1 257 6 discriminator 1 view .LVU232
 687 0050 20B9     		cbnz	r0, .L46
 688              	.L41:
 258:Core/Src/tim.c ****   {
 259:Core/Src/tim.c ****     Error_Handler();
 260:Core/Src/tim.c ****   }
 261:Core/Src/tim.c ****   /* USER CODE BEGIN TIM5_Init 2 */
 262:Core/Src/tim.c **** 
 263:Core/Src/tim.c ****   /* USER CODE END TIM5_Init 2 */
 264:Core/Src/tim.c **** 
 265:Core/Src/tim.c **** }
 689              		.loc 1 265 1 view .LVU233
 690 0052 0CB0     		add	sp, sp, #48
 691              	.LCFI18:
 692              		.cfi_remember_state
 693              		.cfi_def_cfa_offset 8
 694              		@ sp needed
 695 0054 10BD     		pop	{r4, pc}
 696              	.L45:
 697              	.LCFI19:
 698              		.cfi_restore_state
 253:Core/Src/tim.c ****   }
 699              		.loc 1 253 5 is_stmt 1 view .LVU234
 700 0056 FFF7FEFF 		bl	Error_Handler
ARM GAS  /tmp/ccutTLn0.s 			page 18


 701              	.LVL30:
 702 005a F2E7     		b	.L42
 703              	.L46:
 259:Core/Src/tim.c ****   }
 704              		.loc 1 259 5 view .LVU235
 705 005c FFF7FEFF 		bl	Error_Handler
 706              	.LVL31:
 707              		.loc 1 265 1 is_stmt 0 view .LVU236
 708 0060 F7E7     		b	.L41
 709              	.L48:
 710 0062 00BF     		.align	2
 711              	.L47:
 712 0064 00000000 		.word	htim5
 713 0068 000C0040 		.word	1073744896
 714              		.cfi_endproc
 715              	.LFE243:
 717              		.section	.text.HAL_TIM_IC_MspInit,"ax",%progbits
 718              		.align	1
 719              		.global	HAL_TIM_IC_MspInit
 720              		.syntax unified
 721              		.thumb
 722              		.thumb_func
 724              	HAL_TIM_IC_MspInit:
 725              	.LVL32:
 726              	.LFB245:
 266:Core/Src/tim.c **** /* TIM8 init function */
 267:Core/Src/tim.c **** void MX_TIM8_Init(void)
 268:Core/Src/tim.c **** {
 269:Core/Src/tim.c **** 
 270:Core/Src/tim.c ****   /* USER CODE BEGIN TIM8_Init 0 */
 271:Core/Src/tim.c **** 
 272:Core/Src/tim.c ****   /* USER CODE END TIM8_Init 0 */
 273:Core/Src/tim.c **** 
 274:Core/Src/tim.c ****   TIM_MasterConfigTypeDef sMasterConfig = {0};
 275:Core/Src/tim.c ****   TIM_OC_InitTypeDef sConfigOC = {0};
 276:Core/Src/tim.c ****   TIM_BreakDeadTimeConfigTypeDef sBreakDeadTimeConfig = {0};
 277:Core/Src/tim.c **** 
 278:Core/Src/tim.c ****   /* USER CODE BEGIN TIM8_Init 1 */
 279:Core/Src/tim.c **** 
 280:Core/Src/tim.c ****   /* USER CODE END TIM8_Init 1 */
 281:Core/Src/tim.c ****   htim8.Instance = TIM8;
 282:Core/Src/tim.c ****   htim8.Init.Prescaler = 0;
 283:Core/Src/tim.c ****   htim8.Init.CounterMode = TIM_COUNTERMODE_UP;
 284:Core/Src/tim.c ****   htim8.Init.Period = 8399;
 285:Core/Src/tim.c ****   htim8.Init.ClockDivision = TIM_CLOCKDIVISION_DIV1;
 286:Core/Src/tim.c ****   htim8.Init.RepetitionCounter = 0;
 287:Core/Src/tim.c ****   htim8.Init.AutoReloadPreload = TIM_AUTORELOAD_PRELOAD_ENABLE;
 288:Core/Src/tim.c ****   if (HAL_TIM_PWM_Init(&htim8) != HAL_OK)
 289:Core/Src/tim.c ****   {
 290:Core/Src/tim.c ****     Error_Handler();
 291:Core/Src/tim.c ****   }
 292:Core/Src/tim.c ****   sMasterConfig.MasterOutputTrigger = TIM_TRGO_RESET;
 293:Core/Src/tim.c ****   sMasterConfig.MasterSlaveMode = TIM_MASTERSLAVEMODE_DISABLE;
 294:Core/Src/tim.c ****   if (HAL_TIMEx_MasterConfigSynchronization(&htim8, &sMasterConfig) != HAL_OK)
 295:Core/Src/tim.c ****   {
 296:Core/Src/tim.c ****     Error_Handler();
 297:Core/Src/tim.c ****   }
ARM GAS  /tmp/ccutTLn0.s 			page 19


 298:Core/Src/tim.c ****   sConfigOC.OCMode = TIM_OCMODE_PWM1;
 299:Core/Src/tim.c ****   sConfigOC.Pulse = 0;
 300:Core/Src/tim.c ****   sConfigOC.OCPolarity = TIM_OCPOLARITY_HIGH;
 301:Core/Src/tim.c ****   sConfigOC.OCNPolarity = TIM_OCNPOLARITY_HIGH;
 302:Core/Src/tim.c ****   sConfigOC.OCFastMode = TIM_OCFAST_DISABLE;
 303:Core/Src/tim.c ****   sConfigOC.OCIdleState = TIM_OCIDLESTATE_RESET;
 304:Core/Src/tim.c ****   sConfigOC.OCNIdleState = TIM_OCNIDLESTATE_RESET;
 305:Core/Src/tim.c ****   if (HAL_TIM_PWM_ConfigChannel(&htim8, &sConfigOC, TIM_CHANNEL_1) != HAL_OK)
 306:Core/Src/tim.c ****   {
 307:Core/Src/tim.c ****     Error_Handler();
 308:Core/Src/tim.c ****   }
 309:Core/Src/tim.c ****   if (HAL_TIM_PWM_ConfigChannel(&htim8, &sConfigOC, TIM_CHANNEL_2) != HAL_OK)
 310:Core/Src/tim.c ****   {
 311:Core/Src/tim.c ****     Error_Handler();
 312:Core/Src/tim.c ****   }
 313:Core/Src/tim.c ****   if (HAL_TIM_PWM_ConfigChannel(&htim8, &sConfigOC, TIM_CHANNEL_3) != HAL_OK)
 314:Core/Src/tim.c ****   {
 315:Core/Src/tim.c ****     Error_Handler();
 316:Core/Src/tim.c ****   }
 317:Core/Src/tim.c ****   if (HAL_TIM_PWM_ConfigChannel(&htim8, &sConfigOC, TIM_CHANNEL_4) != HAL_OK)
 318:Core/Src/tim.c ****   {
 319:Core/Src/tim.c ****     Error_Handler();
 320:Core/Src/tim.c ****   }
 321:Core/Src/tim.c ****   sBreakDeadTimeConfig.OffStateRunMode = TIM_OSSR_DISABLE;
 322:Core/Src/tim.c ****   sBreakDeadTimeConfig.OffStateIDLEMode = TIM_OSSI_DISABLE;
 323:Core/Src/tim.c ****   sBreakDeadTimeConfig.LockLevel = TIM_LOCKLEVEL_OFF;
 324:Core/Src/tim.c ****   sBreakDeadTimeConfig.DeadTime = 0;
 325:Core/Src/tim.c ****   sBreakDeadTimeConfig.BreakState = TIM_BREAK_DISABLE;
 326:Core/Src/tim.c ****   sBreakDeadTimeConfig.BreakPolarity = TIM_BREAKPOLARITY_HIGH;
 327:Core/Src/tim.c ****   sBreakDeadTimeConfig.AutomaticOutput = TIM_AUTOMATICOUTPUT_DISABLE;
 328:Core/Src/tim.c ****   if (HAL_TIMEx_ConfigBreakDeadTime(&htim8, &sBreakDeadTimeConfig) != HAL_OK)
 329:Core/Src/tim.c ****   {
 330:Core/Src/tim.c ****     Error_Handler();
 331:Core/Src/tim.c ****   }
 332:Core/Src/tim.c ****   /* USER CODE BEGIN TIM8_Init 2 */
 333:Core/Src/tim.c **** 
 334:Core/Src/tim.c ****   /* USER CODE END TIM8_Init 2 */
 335:Core/Src/tim.c ****   HAL_TIM_MspPostInit(&htim8);
 336:Core/Src/tim.c **** 
 337:Core/Src/tim.c **** }
 338:Core/Src/tim.c **** 
 339:Core/Src/tim.c **** void HAL_TIM_IC_MspInit(TIM_HandleTypeDef* tim_icHandle)
 340:Core/Src/tim.c **** {
 727              		.loc 1 340 1 is_stmt 1 view -0
 728              		.cfi_startproc
 729              		@ args = 0, pretend = 0, frame = 32
 730              		@ frame_needed = 0, uses_anonymous_args = 0
 731              		.loc 1 340 1 is_stmt 0 view .LVU238
 732 0000 00B5     		push	{lr}
 733              	.LCFI20:
 734              		.cfi_def_cfa_offset 4
 735              		.cfi_offset 14, -4
 736 0002 89B0     		sub	sp, sp, #36
 737              	.LCFI21:
 738              		.cfi_def_cfa_offset 40
 341:Core/Src/tim.c **** 
 342:Core/Src/tim.c ****   GPIO_InitTypeDef GPIO_InitStruct = {0};
ARM GAS  /tmp/ccutTLn0.s 			page 20


 739              		.loc 1 342 3 is_stmt 1 view .LVU239
 740              		.loc 1 342 20 is_stmt 0 view .LVU240
 741 0004 0023     		movs	r3, #0
 742 0006 0393     		str	r3, [sp, #12]
 743 0008 0493     		str	r3, [sp, #16]
 744 000a 0593     		str	r3, [sp, #20]
 745 000c 0693     		str	r3, [sp, #24]
 746 000e 0793     		str	r3, [sp, #28]
 343:Core/Src/tim.c ****   if(tim_icHandle->Instance==TIM1)
 747              		.loc 1 343 3 is_stmt 1 view .LVU241
 748              		.loc 1 343 18 is_stmt 0 view .LVU242
 749 0010 0268     		ldr	r2, [r0]
 750              		.loc 1 343 5 view .LVU243
 751 0012 154B     		ldr	r3, .L53
 752 0014 9A42     		cmp	r2, r3
 753 0016 02D0     		beq	.L52
 754              	.LVL33:
 755              	.L49:
 344:Core/Src/tim.c ****   {
 345:Core/Src/tim.c ****   /* USER CODE BEGIN TIM1_MspInit 0 */
 346:Core/Src/tim.c **** 
 347:Core/Src/tim.c ****   /* USER CODE END TIM1_MspInit 0 */
 348:Core/Src/tim.c ****     /* TIM1 clock enable */
 349:Core/Src/tim.c ****     __HAL_RCC_TIM1_CLK_ENABLE();
 350:Core/Src/tim.c **** 
 351:Core/Src/tim.c ****     __HAL_RCC_GPIOE_CLK_ENABLE();
 352:Core/Src/tim.c ****     /**TIM1 GPIO Configuration
 353:Core/Src/tim.c ****     PE9     ------> TIM1_CH1
 354:Core/Src/tim.c ****     PE11     ------> TIM1_CH2
 355:Core/Src/tim.c ****     PE13     ------> TIM1_CH3
 356:Core/Src/tim.c ****     PE14     ------> TIM1_CH4
 357:Core/Src/tim.c ****     */
 358:Core/Src/tim.c ****     GPIO_InitStruct.Pin = ultra_left_echo_Pin|ultra_front_echo_Pin|ultra_right_echo_Pin|ultra_reser
 359:Core/Src/tim.c ****     GPIO_InitStruct.Mode = GPIO_MODE_AF_PP;
 360:Core/Src/tim.c ****     GPIO_InitStruct.Pull = GPIO_NOPULL;
 361:Core/Src/tim.c ****     GPIO_InitStruct.Speed = GPIO_SPEED_FREQ_HIGH;
 362:Core/Src/tim.c ****     GPIO_InitStruct.Alternate = GPIO_AF1_TIM1;
 363:Core/Src/tim.c ****     HAL_GPIO_Init(GPIOE, &GPIO_InitStruct);
 364:Core/Src/tim.c **** 
 365:Core/Src/tim.c ****   /* USER CODE BEGIN TIM1_MspInit 1 */
 366:Core/Src/tim.c **** 
 367:Core/Src/tim.c ****   /* USER CODE END TIM1_MspInit 1 */
 368:Core/Src/tim.c ****   }
 369:Core/Src/tim.c **** }
 756              		.loc 1 369 1 view .LVU244
 757 0018 09B0     		add	sp, sp, #36
 758              	.LCFI22:
 759              		.cfi_remember_state
 760              		.cfi_def_cfa_offset 4
 761              		@ sp needed
 762 001a 5DF804FB 		ldr	pc, [sp], #4
 763              	.LVL34:
 764              	.L52:
 765              	.LCFI23:
 766              		.cfi_restore_state
 349:Core/Src/tim.c **** 
 767              		.loc 1 349 5 is_stmt 1 view .LVU245
ARM GAS  /tmp/ccutTLn0.s 			page 21


 768              	.LBB2:
 349:Core/Src/tim.c **** 
 769              		.loc 1 349 5 view .LVU246
 770 001e 0021     		movs	r1, #0
 771 0020 0191     		str	r1, [sp, #4]
 349:Core/Src/tim.c **** 
 772              		.loc 1 349 5 view .LVU247
 773 0022 03F59C33 		add	r3, r3, #79872
 774 0026 5A6C     		ldr	r2, [r3, #68]
 775 0028 42F00102 		orr	r2, r2, #1
 776 002c 5A64     		str	r2, [r3, #68]
 349:Core/Src/tim.c **** 
 777              		.loc 1 349 5 view .LVU248
 778 002e 5A6C     		ldr	r2, [r3, #68]
 779 0030 02F00102 		and	r2, r2, #1
 780 0034 0192     		str	r2, [sp, #4]
 349:Core/Src/tim.c **** 
 781              		.loc 1 349 5 view .LVU249
 782 0036 019A     		ldr	r2, [sp, #4]
 783              	.LBE2:
 349:Core/Src/tim.c **** 
 784              		.loc 1 349 5 view .LVU250
 351:Core/Src/tim.c ****     /**TIM1 GPIO Configuration
 785              		.loc 1 351 5 view .LVU251
 786              	.LBB3:
 351:Core/Src/tim.c ****     /**TIM1 GPIO Configuration
 787              		.loc 1 351 5 view .LVU252
 788 0038 0291     		str	r1, [sp, #8]
 351:Core/Src/tim.c ****     /**TIM1 GPIO Configuration
 789              		.loc 1 351 5 view .LVU253
 790 003a 1A6B     		ldr	r2, [r3, #48]
 791 003c 42F01002 		orr	r2, r2, #16
 792 0040 1A63     		str	r2, [r3, #48]
 351:Core/Src/tim.c ****     /**TIM1 GPIO Configuration
 793              		.loc 1 351 5 view .LVU254
 794 0042 1B6B     		ldr	r3, [r3, #48]
 795 0044 03F01003 		and	r3, r3, #16
 796 0048 0293     		str	r3, [sp, #8]
 351:Core/Src/tim.c ****     /**TIM1 GPIO Configuration
 797              		.loc 1 351 5 view .LVU255
 798 004a 029B     		ldr	r3, [sp, #8]
 799              	.LBE3:
 351:Core/Src/tim.c ****     /**TIM1 GPIO Configuration
 800              		.loc 1 351 5 view .LVU256
 358:Core/Src/tim.c ****     GPIO_InitStruct.Mode = GPIO_MODE_AF_PP;
 801              		.loc 1 358 5 view .LVU257
 358:Core/Src/tim.c ****     GPIO_InitStruct.Mode = GPIO_MODE_AF_PP;
 802              		.loc 1 358 25 is_stmt 0 view .LVU258
 803 004c 4FF4D443 		mov	r3, #27136
 804 0050 0393     		str	r3, [sp, #12]
 359:Core/Src/tim.c ****     GPIO_InitStruct.Pull = GPIO_NOPULL;
 805              		.loc 1 359 5 is_stmt 1 view .LVU259
 359:Core/Src/tim.c ****     GPIO_InitStruct.Pull = GPIO_NOPULL;
 806              		.loc 1 359 26 is_stmt 0 view .LVU260
 807 0052 0223     		movs	r3, #2
 808 0054 0493     		str	r3, [sp, #16]
 360:Core/Src/tim.c ****     GPIO_InitStruct.Speed = GPIO_SPEED_FREQ_HIGH;
ARM GAS  /tmp/ccutTLn0.s 			page 22


 809              		.loc 1 360 5 is_stmt 1 view .LVU261
 361:Core/Src/tim.c ****     GPIO_InitStruct.Alternate = GPIO_AF1_TIM1;
 810              		.loc 1 361 5 view .LVU262
 361:Core/Src/tim.c ****     GPIO_InitStruct.Alternate = GPIO_AF1_TIM1;
 811              		.loc 1 361 27 is_stmt 0 view .LVU263
 812 0056 0693     		str	r3, [sp, #24]
 362:Core/Src/tim.c ****     HAL_GPIO_Init(GPIOE, &GPIO_InitStruct);
 813              		.loc 1 362 5 is_stmt 1 view .LVU264
 362:Core/Src/tim.c ****     HAL_GPIO_Init(GPIOE, &GPIO_InitStruct);
 814              		.loc 1 362 31 is_stmt 0 view .LVU265
 815 0058 0123     		movs	r3, #1
 816 005a 0793     		str	r3, [sp, #28]
 363:Core/Src/tim.c **** 
 817              		.loc 1 363 5 is_stmt 1 view .LVU266
 818 005c 03A9     		add	r1, sp, #12
 819 005e 0348     		ldr	r0, .L53+4
 820              	.LVL35:
 363:Core/Src/tim.c **** 
 821              		.loc 1 363 5 is_stmt 0 view .LVU267
 822 0060 FFF7FEFF 		bl	HAL_GPIO_Init
 823              	.LVL36:
 824              		.loc 1 369 1 view .LVU268
 825 0064 D8E7     		b	.L49
 826              	.L54:
 827 0066 00BF     		.align	2
 828              	.L53:
 829 0068 00000140 		.word	1073807360
 830 006c 00100240 		.word	1073876992
 831              		.cfi_endproc
 832              	.LFE245:
 834              		.section	.text.HAL_TIM_Encoder_MspInit,"ax",%progbits
 835              		.align	1
 836              		.global	HAL_TIM_Encoder_MspInit
 837              		.syntax unified
 838              		.thumb
 839              		.thumb_func
 841              	HAL_TIM_Encoder_MspInit:
 842              	.LVL37:
 843              	.LFB246:
 370:Core/Src/tim.c **** 
 371:Core/Src/tim.c **** void HAL_TIM_Encoder_MspInit(TIM_HandleTypeDef* tim_encoderHandle)
 372:Core/Src/tim.c **** {
 844              		.loc 1 372 1 is_stmt 1 view -0
 845              		.cfi_startproc
 846              		@ args = 0, pretend = 0, frame = 56
 847              		@ frame_needed = 0, uses_anonymous_args = 0
 848              		.loc 1 372 1 is_stmt 0 view .LVU270
 849 0000 F0B5     		push	{r4, r5, r6, r7, lr}
 850              	.LCFI24:
 851              		.cfi_def_cfa_offset 20
 852              		.cfi_offset 4, -20
 853              		.cfi_offset 5, -16
 854              		.cfi_offset 6, -12
 855              		.cfi_offset 7, -8
 856              		.cfi_offset 14, -4
 857 0002 8FB0     		sub	sp, sp, #60
 858              	.LCFI25:
ARM GAS  /tmp/ccutTLn0.s 			page 23


 859              		.cfi_def_cfa_offset 80
 373:Core/Src/tim.c **** 
 374:Core/Src/tim.c ****   GPIO_InitTypeDef GPIO_InitStruct = {0};
 860              		.loc 1 374 3 is_stmt 1 view .LVU271
 861              		.loc 1 374 20 is_stmt 0 view .LVU272
 862 0004 0023     		movs	r3, #0
 863 0006 0993     		str	r3, [sp, #36]
 864 0008 0A93     		str	r3, [sp, #40]
 865 000a 0B93     		str	r3, [sp, #44]
 866 000c 0C93     		str	r3, [sp, #48]
 867 000e 0D93     		str	r3, [sp, #52]
 375:Core/Src/tim.c ****   if(tim_encoderHandle->Instance==TIM2)
 868              		.loc 1 375 3 is_stmt 1 view .LVU273
 869              		.loc 1 375 23 is_stmt 0 view .LVU274
 870 0010 0368     		ldr	r3, [r0]
 871              		.loc 1 375 5 view .LVU275
 872 0012 B3F1804F 		cmp	r3, #1073741824
 873 0016 0BD0     		beq	.L61
 376:Core/Src/tim.c ****   {
 377:Core/Src/tim.c ****   /* USER CODE BEGIN TIM2_MspInit 0 */
 378:Core/Src/tim.c **** 
 379:Core/Src/tim.c ****   /* USER CODE END TIM2_MspInit 0 */
 380:Core/Src/tim.c ****     /* TIM2 clock enable */
 381:Core/Src/tim.c ****     __HAL_RCC_TIM2_CLK_ENABLE();
 382:Core/Src/tim.c **** 
 383:Core/Src/tim.c ****     __HAL_RCC_GPIOA_CLK_ENABLE();
 384:Core/Src/tim.c ****     __HAL_RCC_GPIOB_CLK_ENABLE();
 385:Core/Src/tim.c ****     /**TIM2 GPIO Configuration
 386:Core/Src/tim.c ****     PA15     ------> TIM2_CH1
 387:Core/Src/tim.c ****     PB3     ------> TIM2_CH2
 388:Core/Src/tim.c ****     */
 389:Core/Src/tim.c ****     GPIO_InitStruct.Pin = ENCODER_A_CH1_Pin;
 390:Core/Src/tim.c ****     GPIO_InitStruct.Mode = GPIO_MODE_AF_PP;
 391:Core/Src/tim.c ****     GPIO_InitStruct.Pull = GPIO_NOPULL;
 392:Core/Src/tim.c ****     GPIO_InitStruct.Speed = GPIO_SPEED_FREQ_MEDIUM;
 393:Core/Src/tim.c ****     GPIO_InitStruct.Alternate = GPIO_AF1_TIM2;
 394:Core/Src/tim.c ****     HAL_GPIO_Init(ENCODER_A_CH1_GPIO_Port, &GPIO_InitStruct);
 395:Core/Src/tim.c **** 
 396:Core/Src/tim.c ****     GPIO_InitStruct.Pin = ENCODER_A_CH2_Pin;
 397:Core/Src/tim.c ****     GPIO_InitStruct.Mode = GPIO_MODE_AF_PP;
 398:Core/Src/tim.c ****     GPIO_InitStruct.Pull = GPIO_NOPULL;
 399:Core/Src/tim.c ****     GPIO_InitStruct.Speed = GPIO_SPEED_FREQ_MEDIUM;
 400:Core/Src/tim.c ****     GPIO_InitStruct.Alternate = GPIO_AF1_TIM2;
 401:Core/Src/tim.c ****     HAL_GPIO_Init(ENCODER_A_CH2_GPIO_Port, &GPIO_InitStruct);
 402:Core/Src/tim.c **** 
 403:Core/Src/tim.c ****     /* TIM2 interrupt Init */
 404:Core/Src/tim.c ****     HAL_NVIC_SetPriority(TIM2_IRQn, 5, 0);
 405:Core/Src/tim.c ****     HAL_NVIC_EnableIRQ(TIM2_IRQn);
 406:Core/Src/tim.c ****   /* USER CODE BEGIN TIM2_MspInit 1 */
 407:Core/Src/tim.c **** 
 408:Core/Src/tim.c ****   /* USER CODE END TIM2_MspInit 1 */
 409:Core/Src/tim.c ****   }
 410:Core/Src/tim.c ****   else if(tim_encoderHandle->Instance==TIM3)
 874              		.loc 1 410 8 is_stmt 1 view .LVU276
 875              		.loc 1 410 10 is_stmt 0 view .LVU277
 876 0018 654A     		ldr	r2, .L65
 877 001a 9342     		cmp	r3, r2
ARM GAS  /tmp/ccutTLn0.s 			page 24


 878 001c 49D0     		beq	.L62
 411:Core/Src/tim.c ****   {
 412:Core/Src/tim.c ****   /* USER CODE BEGIN TIM3_MspInit 0 */
 413:Core/Src/tim.c **** 
 414:Core/Src/tim.c ****   /* USER CODE END TIM3_MspInit 0 */
 415:Core/Src/tim.c ****     /* TIM3 clock enable */
 416:Core/Src/tim.c ****     __HAL_RCC_TIM3_CLK_ENABLE();
 417:Core/Src/tim.c **** 
 418:Core/Src/tim.c ****     __HAL_RCC_GPIOB_CLK_ENABLE();
 419:Core/Src/tim.c ****     /**TIM3 GPIO Configuration
 420:Core/Src/tim.c ****     PB4     ------> TIM3_CH1
 421:Core/Src/tim.c ****     PB5     ------> TIM3_CH2
 422:Core/Src/tim.c ****     */
 423:Core/Src/tim.c ****     GPIO_InitStruct.Pin = ENCODER_B_CH1_Pin|ENCODER_B_CH2_Pin;
 424:Core/Src/tim.c ****     GPIO_InitStruct.Mode = GPIO_MODE_AF_PP;
 425:Core/Src/tim.c ****     GPIO_InitStruct.Pull = GPIO_NOPULL;
 426:Core/Src/tim.c ****     GPIO_InitStruct.Speed = GPIO_SPEED_FREQ_MEDIUM;
 427:Core/Src/tim.c ****     GPIO_InitStruct.Alternate = GPIO_AF2_TIM3;
 428:Core/Src/tim.c ****     HAL_GPIO_Init(GPIOB, &GPIO_InitStruct);
 429:Core/Src/tim.c **** 
 430:Core/Src/tim.c ****     /* TIM3 interrupt Init */
 431:Core/Src/tim.c ****     HAL_NVIC_SetPriority(TIM3_IRQn, 5, 0);
 432:Core/Src/tim.c ****     HAL_NVIC_EnableIRQ(TIM3_IRQn);
 433:Core/Src/tim.c ****   /* USER CODE BEGIN TIM3_MspInit 1 */
 434:Core/Src/tim.c **** 
 435:Core/Src/tim.c ****   /* USER CODE END TIM3_MspInit 1 */
 436:Core/Src/tim.c ****   }
 437:Core/Src/tim.c ****   else if(tim_encoderHandle->Instance==TIM4)
 879              		.loc 1 437 8 is_stmt 1 view .LVU278
 880              		.loc 1 437 10 is_stmt 0 view .LVU279
 881 001e 654A     		ldr	r2, .L65+4
 882 0020 9342     		cmp	r3, r2
 883 0022 70D0     		beq	.L63
 438:Core/Src/tim.c ****   {
 439:Core/Src/tim.c ****   /* USER CODE BEGIN TIM4_MspInit 0 */
 440:Core/Src/tim.c **** 
 441:Core/Src/tim.c ****   /* USER CODE END TIM4_MspInit 0 */
 442:Core/Src/tim.c ****     /* TIM4 clock enable */
 443:Core/Src/tim.c ****     __HAL_RCC_TIM4_CLK_ENABLE();
 444:Core/Src/tim.c **** 
 445:Core/Src/tim.c ****     __HAL_RCC_GPIOB_CLK_ENABLE();
 446:Core/Src/tim.c ****     /**TIM4 GPIO Configuration
 447:Core/Src/tim.c ****     PB6     ------> TIM4_CH1
 448:Core/Src/tim.c ****     PB7     ------> TIM4_CH2
 449:Core/Src/tim.c ****     */
 450:Core/Src/tim.c ****     GPIO_InitStruct.Pin = ENCODER_C_CH1_Pin|ENCODER_C_CH2_Pin;
 451:Core/Src/tim.c ****     GPIO_InitStruct.Mode = GPIO_MODE_AF_PP;
 452:Core/Src/tim.c ****     GPIO_InitStruct.Pull = GPIO_NOPULL;
 453:Core/Src/tim.c ****     GPIO_InitStruct.Speed = GPIO_SPEED_FREQ_MEDIUM;
 454:Core/Src/tim.c ****     GPIO_InitStruct.Alternate = GPIO_AF2_TIM4;
 455:Core/Src/tim.c ****     HAL_GPIO_Init(GPIOB, &GPIO_InitStruct);
 456:Core/Src/tim.c **** 
 457:Core/Src/tim.c ****     /* TIM4 interrupt Init */
 458:Core/Src/tim.c ****     HAL_NVIC_SetPriority(TIM4_IRQn, 5, 0);
 459:Core/Src/tim.c ****     HAL_NVIC_EnableIRQ(TIM4_IRQn);
 460:Core/Src/tim.c ****   /* USER CODE BEGIN TIM4_MspInit 1 */
 461:Core/Src/tim.c **** 
ARM GAS  /tmp/ccutTLn0.s 			page 25


 462:Core/Src/tim.c ****   /* USER CODE END TIM4_MspInit 1 */
 463:Core/Src/tim.c ****   }
 464:Core/Src/tim.c ****   else if(tim_encoderHandle->Instance==TIM5)
 884              		.loc 1 464 8 is_stmt 1 view .LVU280
 885              		.loc 1 464 10 is_stmt 0 view .LVU281
 886 0024 644A     		ldr	r2, .L65+8
 887 0026 9342     		cmp	r3, r2
 888 0028 00F09780 		beq	.L64
 889              	.LVL38:
 890              	.L55:
 465:Core/Src/tim.c ****   {
 466:Core/Src/tim.c ****   /* USER CODE BEGIN TIM5_MspInit 0 */
 467:Core/Src/tim.c **** 
 468:Core/Src/tim.c ****   /* USER CODE END TIM5_MspInit 0 */
 469:Core/Src/tim.c ****     /* TIM5 clock enable */
 470:Core/Src/tim.c ****     __HAL_RCC_TIM5_CLK_ENABLE();
 471:Core/Src/tim.c **** 
 472:Core/Src/tim.c ****     __HAL_RCC_GPIOA_CLK_ENABLE();
 473:Core/Src/tim.c ****     /**TIM5 GPIO Configuration
 474:Core/Src/tim.c ****     PA0-WKUP     ------> TIM5_CH1
 475:Core/Src/tim.c ****     PA1     ------> TIM5_CH2
 476:Core/Src/tim.c ****     */
 477:Core/Src/tim.c ****     GPIO_InitStruct.Pin = ENCODER_D_CH1_Pin|ENCODER_D_CH2_Pin;
 478:Core/Src/tim.c ****     GPIO_InitStruct.Mode = GPIO_MODE_AF_PP;
 479:Core/Src/tim.c ****     GPIO_InitStruct.Pull = GPIO_NOPULL;
 480:Core/Src/tim.c ****     GPIO_InitStruct.Speed = GPIO_SPEED_FREQ_MEDIUM;
 481:Core/Src/tim.c ****     GPIO_InitStruct.Alternate = GPIO_AF2_TIM5;
 482:Core/Src/tim.c ****     HAL_GPIO_Init(GPIOA, &GPIO_InitStruct);
 483:Core/Src/tim.c **** 
 484:Core/Src/tim.c ****     /* TIM5 interrupt Init */
 485:Core/Src/tim.c ****     HAL_NVIC_SetPriority(TIM5_IRQn, 5, 0);
 486:Core/Src/tim.c ****     HAL_NVIC_EnableIRQ(TIM5_IRQn);
 487:Core/Src/tim.c ****   /* USER CODE BEGIN TIM5_MspInit 1 */
 488:Core/Src/tim.c **** 
 489:Core/Src/tim.c ****   /* USER CODE END TIM5_MspInit 1 */
 490:Core/Src/tim.c ****   }
 491:Core/Src/tim.c **** }
 891              		.loc 1 491 1 view .LVU282
 892 002c 0FB0     		add	sp, sp, #60
 893              	.LCFI26:
 894              		.cfi_remember_state
 895              		.cfi_def_cfa_offset 20
 896              		@ sp needed
 897 002e F0BD     		pop	{r4, r5, r6, r7, pc}
 898              	.LVL39:
 899              	.L61:
 900              	.LCFI27:
 901              		.cfi_restore_state
 381:Core/Src/tim.c **** 
 902              		.loc 1 381 5 is_stmt 1 view .LVU283
 903              	.LBB4:
 381:Core/Src/tim.c **** 
 904              		.loc 1 381 5 view .LVU284
 905 0030 0024     		movs	r4, #0
 906 0032 0094     		str	r4, [sp]
 381:Core/Src/tim.c **** 
 907              		.loc 1 381 5 view .LVU285
ARM GAS  /tmp/ccutTLn0.s 			page 26


 908 0034 03F50E33 		add	r3, r3, #145408
 909 0038 1A6C     		ldr	r2, [r3, #64]
 910 003a 42F00102 		orr	r2, r2, #1
 911 003e 1A64     		str	r2, [r3, #64]
 381:Core/Src/tim.c **** 
 912              		.loc 1 381 5 view .LVU286
 913 0040 1A6C     		ldr	r2, [r3, #64]
 914 0042 02F00102 		and	r2, r2, #1
 915 0046 0092     		str	r2, [sp]
 381:Core/Src/tim.c **** 
 916              		.loc 1 381 5 view .LVU287
 917 0048 009A     		ldr	r2, [sp]
 918              	.LBE4:
 381:Core/Src/tim.c **** 
 919              		.loc 1 381 5 view .LVU288
 383:Core/Src/tim.c ****     __HAL_RCC_GPIOB_CLK_ENABLE();
 920              		.loc 1 383 5 view .LVU289
 921              	.LBB5:
 383:Core/Src/tim.c ****     __HAL_RCC_GPIOB_CLK_ENABLE();
 922              		.loc 1 383 5 view .LVU290
 923 004a 0194     		str	r4, [sp, #4]
 383:Core/Src/tim.c ****     __HAL_RCC_GPIOB_CLK_ENABLE();
 924              		.loc 1 383 5 view .LVU291
 925 004c 1A6B     		ldr	r2, [r3, #48]
 926 004e 42F00102 		orr	r2, r2, #1
 927 0052 1A63     		str	r2, [r3, #48]
 383:Core/Src/tim.c ****     __HAL_RCC_GPIOB_CLK_ENABLE();
 928              		.loc 1 383 5 view .LVU292
 929 0054 1A6B     		ldr	r2, [r3, #48]
 930 0056 02F00102 		and	r2, r2, #1
 931 005a 0192     		str	r2, [sp, #4]
 383:Core/Src/tim.c ****     __HAL_RCC_GPIOB_CLK_ENABLE();
 932              		.loc 1 383 5 view .LVU293
 933 005c 019A     		ldr	r2, [sp, #4]
 934              	.LBE5:
 383:Core/Src/tim.c ****     __HAL_RCC_GPIOB_CLK_ENABLE();
 935              		.loc 1 383 5 view .LVU294
 384:Core/Src/tim.c ****     /**TIM2 GPIO Configuration
 936              		.loc 1 384 5 view .LVU295
 937              	.LBB6:
 384:Core/Src/tim.c ****     /**TIM2 GPIO Configuration
 938              		.loc 1 384 5 view .LVU296
 939 005e 0294     		str	r4, [sp, #8]
 384:Core/Src/tim.c ****     /**TIM2 GPIO Configuration
 940              		.loc 1 384 5 view .LVU297
 941 0060 1A6B     		ldr	r2, [r3, #48]
 942 0062 42F00202 		orr	r2, r2, #2
 943 0066 1A63     		str	r2, [r3, #48]
 384:Core/Src/tim.c ****     /**TIM2 GPIO Configuration
 944              		.loc 1 384 5 view .LVU298
 945 0068 1B6B     		ldr	r3, [r3, #48]
 946 006a 03F00203 		and	r3, r3, #2
 947 006e 0293     		str	r3, [sp, #8]
 384:Core/Src/tim.c ****     /**TIM2 GPIO Configuration
 948              		.loc 1 384 5 view .LVU299
 949 0070 029B     		ldr	r3, [sp, #8]
 950              	.LBE6:
ARM GAS  /tmp/ccutTLn0.s 			page 27


 384:Core/Src/tim.c ****     /**TIM2 GPIO Configuration
 951              		.loc 1 384 5 view .LVU300
 389:Core/Src/tim.c ****     GPIO_InitStruct.Mode = GPIO_MODE_AF_PP;
 952              		.loc 1 389 5 view .LVU301
 389:Core/Src/tim.c ****     GPIO_InitStruct.Mode = GPIO_MODE_AF_PP;
 953              		.loc 1 389 25 is_stmt 0 view .LVU302
 954 0072 4FF40043 		mov	r3, #32768
 955 0076 0993     		str	r3, [sp, #36]
 390:Core/Src/tim.c ****     GPIO_InitStruct.Pull = GPIO_NOPULL;
 956              		.loc 1 390 5 is_stmt 1 view .LVU303
 390:Core/Src/tim.c ****     GPIO_InitStruct.Pull = GPIO_NOPULL;
 957              		.loc 1 390 26 is_stmt 0 view .LVU304
 958 0078 0227     		movs	r7, #2
 959 007a 0A97     		str	r7, [sp, #40]
 391:Core/Src/tim.c ****     GPIO_InitStruct.Speed = GPIO_SPEED_FREQ_MEDIUM;
 960              		.loc 1 391 5 is_stmt 1 view .LVU305
 392:Core/Src/tim.c ****     GPIO_InitStruct.Alternate = GPIO_AF1_TIM2;
 961              		.loc 1 392 5 view .LVU306
 392:Core/Src/tim.c ****     GPIO_InitStruct.Alternate = GPIO_AF1_TIM2;
 962              		.loc 1 392 27 is_stmt 0 view .LVU307
 963 007c 0125     		movs	r5, #1
 964 007e 0C95     		str	r5, [sp, #48]
 393:Core/Src/tim.c ****     HAL_GPIO_Init(ENCODER_A_CH1_GPIO_Port, &GPIO_InitStruct);
 965              		.loc 1 393 5 is_stmt 1 view .LVU308
 393:Core/Src/tim.c ****     HAL_GPIO_Init(ENCODER_A_CH1_GPIO_Port, &GPIO_InitStruct);
 966              		.loc 1 393 31 is_stmt 0 view .LVU309
 967 0080 0D95     		str	r5, [sp, #52]
 394:Core/Src/tim.c **** 
 968              		.loc 1 394 5 is_stmt 1 view .LVU310
 969 0082 09AE     		add	r6, sp, #36
 970 0084 3146     		mov	r1, r6
 971 0086 4D48     		ldr	r0, .L65+12
 972              	.LVL40:
 394:Core/Src/tim.c **** 
 973              		.loc 1 394 5 is_stmt 0 view .LVU311
 974 0088 FFF7FEFF 		bl	HAL_GPIO_Init
 975              	.LVL41:
 396:Core/Src/tim.c ****     GPIO_InitStruct.Mode = GPIO_MODE_AF_PP;
 976              		.loc 1 396 5 is_stmt 1 view .LVU312
 396:Core/Src/tim.c ****     GPIO_InitStruct.Mode = GPIO_MODE_AF_PP;
 977              		.loc 1 396 25 is_stmt 0 view .LVU313
 978 008c 0823     		movs	r3, #8
 979 008e 0993     		str	r3, [sp, #36]
 397:Core/Src/tim.c ****     GPIO_InitStruct.Pull = GPIO_NOPULL;
 980              		.loc 1 397 5 is_stmt 1 view .LVU314
 397:Core/Src/tim.c ****     GPIO_InitStruct.Pull = GPIO_NOPULL;
 981              		.loc 1 397 26 is_stmt 0 view .LVU315
 982 0090 0A97     		str	r7, [sp, #40]
 398:Core/Src/tim.c ****     GPIO_InitStruct.Speed = GPIO_SPEED_FREQ_MEDIUM;
 983              		.loc 1 398 5 is_stmt 1 view .LVU316
 398:Core/Src/tim.c ****     GPIO_InitStruct.Speed = GPIO_SPEED_FREQ_MEDIUM;
 984              		.loc 1 398 26 is_stmt 0 view .LVU317
 985 0092 0B94     		str	r4, [sp, #44]
 399:Core/Src/tim.c ****     GPIO_InitStruct.Alternate = GPIO_AF1_TIM2;
 986              		.loc 1 399 5 is_stmt 1 view .LVU318
 399:Core/Src/tim.c ****     GPIO_InitStruct.Alternate = GPIO_AF1_TIM2;
 987              		.loc 1 399 27 is_stmt 0 view .LVU319
ARM GAS  /tmp/ccutTLn0.s 			page 28


 988 0094 0C95     		str	r5, [sp, #48]
 400:Core/Src/tim.c ****     HAL_GPIO_Init(ENCODER_A_CH2_GPIO_Port, &GPIO_InitStruct);
 989              		.loc 1 400 5 is_stmt 1 view .LVU320
 400:Core/Src/tim.c ****     HAL_GPIO_Init(ENCODER_A_CH2_GPIO_Port, &GPIO_InitStruct);
 990              		.loc 1 400 31 is_stmt 0 view .LVU321
 991 0096 0D95     		str	r5, [sp, #52]
 401:Core/Src/tim.c **** 
 992              		.loc 1 401 5 is_stmt 1 view .LVU322
 993 0098 3146     		mov	r1, r6
 994 009a 4948     		ldr	r0, .L65+16
 995 009c FFF7FEFF 		bl	HAL_GPIO_Init
 996              	.LVL42:
 404:Core/Src/tim.c ****     HAL_NVIC_EnableIRQ(TIM2_IRQn);
 997              		.loc 1 404 5 view .LVU323
 998 00a0 2246     		mov	r2, r4
 999 00a2 0521     		movs	r1, #5
 1000 00a4 1C20     		movs	r0, #28
 1001 00a6 FFF7FEFF 		bl	HAL_NVIC_SetPriority
 1002              	.LVL43:
 405:Core/Src/tim.c ****   /* USER CODE BEGIN TIM2_MspInit 1 */
 1003              		.loc 1 405 5 view .LVU324
 1004 00aa 1C20     		movs	r0, #28
 1005 00ac FFF7FEFF 		bl	HAL_NVIC_EnableIRQ
 1006              	.LVL44:
 1007 00b0 BCE7     		b	.L55
 1008              	.LVL45:
 1009              	.L62:
 416:Core/Src/tim.c **** 
 1010              		.loc 1 416 5 view .LVU325
 1011              	.LBB7:
 416:Core/Src/tim.c **** 
 1012              		.loc 1 416 5 view .LVU326
 1013 00b2 0024     		movs	r4, #0
 1014 00b4 0394     		str	r4, [sp, #12]
 416:Core/Src/tim.c **** 
 1015              		.loc 1 416 5 view .LVU327
 1016 00b6 434B     		ldr	r3, .L65+20
 1017 00b8 1A6C     		ldr	r2, [r3, #64]
 1018 00ba 42F00202 		orr	r2, r2, #2
 1019 00be 1A64     		str	r2, [r3, #64]
 416:Core/Src/tim.c **** 
 1020              		.loc 1 416 5 view .LVU328
 1021 00c0 1A6C     		ldr	r2, [r3, #64]
 1022 00c2 02F00202 		and	r2, r2, #2
 1023 00c6 0392     		str	r2, [sp, #12]
 416:Core/Src/tim.c **** 
 1024              		.loc 1 416 5 view .LVU329
 1025 00c8 039A     		ldr	r2, [sp, #12]
 1026              	.LBE7:
 416:Core/Src/tim.c **** 
 1027              		.loc 1 416 5 view .LVU330
 418:Core/Src/tim.c ****     /**TIM3 GPIO Configuration
 1028              		.loc 1 418 5 view .LVU331
 1029              	.LBB8:
 418:Core/Src/tim.c ****     /**TIM3 GPIO Configuration
 1030              		.loc 1 418 5 view .LVU332
 1031 00ca 0494     		str	r4, [sp, #16]
ARM GAS  /tmp/ccutTLn0.s 			page 29


 418:Core/Src/tim.c ****     /**TIM3 GPIO Configuration
 1032              		.loc 1 418 5 view .LVU333
 1033 00cc 1A6B     		ldr	r2, [r3, #48]
 1034 00ce 42F00202 		orr	r2, r2, #2
 1035 00d2 1A63     		str	r2, [r3, #48]
 418:Core/Src/tim.c ****     /**TIM3 GPIO Configuration
 1036              		.loc 1 418 5 view .LVU334
 1037 00d4 1B6B     		ldr	r3, [r3, #48]
 1038 00d6 03F00203 		and	r3, r3, #2
 1039 00da 0493     		str	r3, [sp, #16]
 418:Core/Src/tim.c ****     /**TIM3 GPIO Configuration
 1040              		.loc 1 418 5 view .LVU335
 1041 00dc 049B     		ldr	r3, [sp, #16]
 1042              	.LBE8:
 418:Core/Src/tim.c ****     /**TIM3 GPIO Configuration
 1043              		.loc 1 418 5 view .LVU336
 423:Core/Src/tim.c ****     GPIO_InitStruct.Mode = GPIO_MODE_AF_PP;
 1044              		.loc 1 423 5 view .LVU337
 423:Core/Src/tim.c ****     GPIO_InitStruct.Mode = GPIO_MODE_AF_PP;
 1045              		.loc 1 423 25 is_stmt 0 view .LVU338
 1046 00de 3023     		movs	r3, #48
 1047 00e0 0993     		str	r3, [sp, #36]
 424:Core/Src/tim.c ****     GPIO_InitStruct.Pull = GPIO_NOPULL;
 1048              		.loc 1 424 5 is_stmt 1 view .LVU339
 424:Core/Src/tim.c ****     GPIO_InitStruct.Pull = GPIO_NOPULL;
 1049              		.loc 1 424 26 is_stmt 0 view .LVU340
 1050 00e2 0223     		movs	r3, #2
 1051 00e4 0A93     		str	r3, [sp, #40]
 425:Core/Src/tim.c ****     GPIO_InitStruct.Speed = GPIO_SPEED_FREQ_MEDIUM;
 1052              		.loc 1 425 5 is_stmt 1 view .LVU341
 426:Core/Src/tim.c ****     GPIO_InitStruct.Alternate = GPIO_AF2_TIM3;
 1053              		.loc 1 426 5 view .LVU342
 426:Core/Src/tim.c ****     GPIO_InitStruct.Alternate = GPIO_AF2_TIM3;
 1054              		.loc 1 426 27 is_stmt 0 view .LVU343
 1055 00e6 0122     		movs	r2, #1
 1056 00e8 0C92     		str	r2, [sp, #48]
 427:Core/Src/tim.c ****     HAL_GPIO_Init(GPIOB, &GPIO_InitStruct);
 1057              		.loc 1 427 5 is_stmt 1 view .LVU344
 427:Core/Src/tim.c ****     HAL_GPIO_Init(GPIOB, &GPIO_InitStruct);
 1058              		.loc 1 427 31 is_stmt 0 view .LVU345
 1059 00ea 0D93     		str	r3, [sp, #52]
 428:Core/Src/tim.c **** 
 1060              		.loc 1 428 5 is_stmt 1 view .LVU346
 1061 00ec 09A9     		add	r1, sp, #36
 1062 00ee 3448     		ldr	r0, .L65+16
 1063              	.LVL46:
 428:Core/Src/tim.c **** 
 1064              		.loc 1 428 5 is_stmt 0 view .LVU347
 1065 00f0 FFF7FEFF 		bl	HAL_GPIO_Init
 1066              	.LVL47:
 431:Core/Src/tim.c ****     HAL_NVIC_EnableIRQ(TIM3_IRQn);
 1067              		.loc 1 431 5 is_stmt 1 view .LVU348
 1068 00f4 2246     		mov	r2, r4
 1069 00f6 0521     		movs	r1, #5
 1070 00f8 1D20     		movs	r0, #29
 1071 00fa FFF7FEFF 		bl	HAL_NVIC_SetPriority
 1072              	.LVL48:
ARM GAS  /tmp/ccutTLn0.s 			page 30


 432:Core/Src/tim.c ****   /* USER CODE BEGIN TIM3_MspInit 1 */
 1073              		.loc 1 432 5 view .LVU349
 1074 00fe 1D20     		movs	r0, #29
 1075 0100 FFF7FEFF 		bl	HAL_NVIC_EnableIRQ
 1076              	.LVL49:
 1077 0104 92E7     		b	.L55
 1078              	.LVL50:
 1079              	.L63:
 443:Core/Src/tim.c **** 
 1080              		.loc 1 443 5 view .LVU350
 1081              	.LBB9:
 443:Core/Src/tim.c **** 
 1082              		.loc 1 443 5 view .LVU351
 1083 0106 0024     		movs	r4, #0
 1084 0108 0594     		str	r4, [sp, #20]
 443:Core/Src/tim.c **** 
 1085              		.loc 1 443 5 view .LVU352
 1086 010a 2E4B     		ldr	r3, .L65+20
 1087 010c 1A6C     		ldr	r2, [r3, #64]
 1088 010e 42F00402 		orr	r2, r2, #4
 1089 0112 1A64     		str	r2, [r3, #64]
 443:Core/Src/tim.c **** 
 1090              		.loc 1 443 5 view .LVU353
 1091 0114 1A6C     		ldr	r2, [r3, #64]
 1092 0116 02F00402 		and	r2, r2, #4
 1093 011a 0592     		str	r2, [sp, #20]
 443:Core/Src/tim.c **** 
 1094              		.loc 1 443 5 view .LVU354
 1095 011c 059A     		ldr	r2, [sp, #20]
 1096              	.LBE9:
 443:Core/Src/tim.c **** 
 1097              		.loc 1 443 5 view .LVU355
 445:Core/Src/tim.c ****     /**TIM4 GPIO Configuration
 1098              		.loc 1 445 5 view .LVU356
 1099              	.LBB10:
 445:Core/Src/tim.c ****     /**TIM4 GPIO Configuration
 1100              		.loc 1 445 5 view .LVU357
 1101 011e 0694     		str	r4, [sp, #24]
 445:Core/Src/tim.c ****     /**TIM4 GPIO Configuration
 1102              		.loc 1 445 5 view .LVU358
 1103 0120 1A6B     		ldr	r2, [r3, #48]
 1104 0122 42F00202 		orr	r2, r2, #2
 1105 0126 1A63     		str	r2, [r3, #48]
 445:Core/Src/tim.c ****     /**TIM4 GPIO Configuration
 1106              		.loc 1 445 5 view .LVU359
 1107 0128 1B6B     		ldr	r3, [r3, #48]
 1108 012a 03F00203 		and	r3, r3, #2
 1109 012e 0693     		str	r3, [sp, #24]
 445:Core/Src/tim.c ****     /**TIM4 GPIO Configuration
 1110              		.loc 1 445 5 view .LVU360
 1111 0130 069B     		ldr	r3, [sp, #24]
 1112              	.LBE10:
 445:Core/Src/tim.c ****     /**TIM4 GPIO Configuration
 1113              		.loc 1 445 5 view .LVU361
 450:Core/Src/tim.c ****     GPIO_InitStruct.Mode = GPIO_MODE_AF_PP;
 1114              		.loc 1 450 5 view .LVU362
 450:Core/Src/tim.c ****     GPIO_InitStruct.Mode = GPIO_MODE_AF_PP;
ARM GAS  /tmp/ccutTLn0.s 			page 31


 1115              		.loc 1 450 25 is_stmt 0 view .LVU363
 1116 0132 C023     		movs	r3, #192
 1117 0134 0993     		str	r3, [sp, #36]
 451:Core/Src/tim.c ****     GPIO_InitStruct.Pull = GPIO_NOPULL;
 1118              		.loc 1 451 5 is_stmt 1 view .LVU364
 451:Core/Src/tim.c ****     GPIO_InitStruct.Pull = GPIO_NOPULL;
 1119              		.loc 1 451 26 is_stmt 0 view .LVU365
 1120 0136 0223     		movs	r3, #2
 1121 0138 0A93     		str	r3, [sp, #40]
 452:Core/Src/tim.c ****     GPIO_InitStruct.Speed = GPIO_SPEED_FREQ_MEDIUM;
 1122              		.loc 1 452 5 is_stmt 1 view .LVU366
 453:Core/Src/tim.c ****     GPIO_InitStruct.Alternate = GPIO_AF2_TIM4;
 1123              		.loc 1 453 5 view .LVU367
 453:Core/Src/tim.c ****     GPIO_InitStruct.Alternate = GPIO_AF2_TIM4;
 1124              		.loc 1 453 27 is_stmt 0 view .LVU368
 1125 013a 0122     		movs	r2, #1
 1126 013c 0C92     		str	r2, [sp, #48]
 454:Core/Src/tim.c ****     HAL_GPIO_Init(GPIOB, &GPIO_InitStruct);
 1127              		.loc 1 454 5 is_stmt 1 view .LVU369
 454:Core/Src/tim.c ****     HAL_GPIO_Init(GPIOB, &GPIO_InitStruct);
 1128              		.loc 1 454 31 is_stmt 0 view .LVU370
 1129 013e 0D93     		str	r3, [sp, #52]
 455:Core/Src/tim.c **** 
 1130              		.loc 1 455 5 is_stmt 1 view .LVU371
 1131 0140 09A9     		add	r1, sp, #36
 1132 0142 1F48     		ldr	r0, .L65+16
 1133              	.LVL51:
 455:Core/Src/tim.c **** 
 1134              		.loc 1 455 5 is_stmt 0 view .LVU372
 1135 0144 FFF7FEFF 		bl	HAL_GPIO_Init
 1136              	.LVL52:
 458:Core/Src/tim.c ****     HAL_NVIC_EnableIRQ(TIM4_IRQn);
 1137              		.loc 1 458 5 is_stmt 1 view .LVU373
 1138 0148 2246     		mov	r2, r4
 1139 014a 0521     		movs	r1, #5
 1140 014c 1E20     		movs	r0, #30
 1141 014e FFF7FEFF 		bl	HAL_NVIC_SetPriority
 1142              	.LVL53:
 459:Core/Src/tim.c ****   /* USER CODE BEGIN TIM4_MspInit 1 */
 1143              		.loc 1 459 5 view .LVU374
 1144 0152 1E20     		movs	r0, #30
 1145 0154 FFF7FEFF 		bl	HAL_NVIC_EnableIRQ
 1146              	.LVL54:
 1147 0158 68E7     		b	.L55
 1148              	.LVL55:
 1149              	.L64:
 470:Core/Src/tim.c **** 
 1150              		.loc 1 470 5 view .LVU375
 1151              	.LBB11:
 470:Core/Src/tim.c **** 
 1152              		.loc 1 470 5 view .LVU376
 1153 015a 0024     		movs	r4, #0
 1154 015c 0794     		str	r4, [sp, #28]
 470:Core/Src/tim.c **** 
 1155              		.loc 1 470 5 view .LVU377
 1156 015e 194B     		ldr	r3, .L65+20
 1157 0160 1A6C     		ldr	r2, [r3, #64]
ARM GAS  /tmp/ccutTLn0.s 			page 32


 1158 0162 42F00802 		orr	r2, r2, #8
 1159 0166 1A64     		str	r2, [r3, #64]
 470:Core/Src/tim.c **** 
 1160              		.loc 1 470 5 view .LVU378
 1161 0168 1A6C     		ldr	r2, [r3, #64]
 1162 016a 02F00802 		and	r2, r2, #8
 1163 016e 0792     		str	r2, [sp, #28]
 470:Core/Src/tim.c **** 
 1164              		.loc 1 470 5 view .LVU379
 1165 0170 079A     		ldr	r2, [sp, #28]
 1166              	.LBE11:
 470:Core/Src/tim.c **** 
 1167              		.loc 1 470 5 view .LVU380
 472:Core/Src/tim.c ****     /**TIM5 GPIO Configuration
 1168              		.loc 1 472 5 view .LVU381
 1169              	.LBB12:
 472:Core/Src/tim.c ****     /**TIM5 GPIO Configuration
 1170              		.loc 1 472 5 view .LVU382
 1171 0172 0894     		str	r4, [sp, #32]
 472:Core/Src/tim.c ****     /**TIM5 GPIO Configuration
 1172              		.loc 1 472 5 view .LVU383
 1173 0174 1A6B     		ldr	r2, [r3, #48]
 1174 0176 42F00102 		orr	r2, r2, #1
 1175 017a 1A63     		str	r2, [r3, #48]
 472:Core/Src/tim.c ****     /**TIM5 GPIO Configuration
 1176              		.loc 1 472 5 view .LVU384
 1177 017c 1B6B     		ldr	r3, [r3, #48]
 1178 017e 03F00103 		and	r3, r3, #1
 1179 0182 0893     		str	r3, [sp, #32]
 472:Core/Src/tim.c ****     /**TIM5 GPIO Configuration
 1180              		.loc 1 472 5 view .LVU385
 1181 0184 089B     		ldr	r3, [sp, #32]
 1182              	.LBE12:
 472:Core/Src/tim.c ****     /**TIM5 GPIO Configuration
 1183              		.loc 1 472 5 view .LVU386
 477:Core/Src/tim.c ****     GPIO_InitStruct.Mode = GPIO_MODE_AF_PP;
 1184              		.loc 1 477 5 view .LVU387
 477:Core/Src/tim.c ****     GPIO_InitStruct.Mode = GPIO_MODE_AF_PP;
 1185              		.loc 1 477 25 is_stmt 0 view .LVU388
 1186 0186 0323     		movs	r3, #3
 1187 0188 0993     		str	r3, [sp, #36]
 478:Core/Src/tim.c ****     GPIO_InitStruct.Pull = GPIO_NOPULL;
 1188              		.loc 1 478 5 is_stmt 1 view .LVU389
 478:Core/Src/tim.c ****     GPIO_InitStruct.Pull = GPIO_NOPULL;
 1189              		.loc 1 478 26 is_stmt 0 view .LVU390
 1190 018a 0223     		movs	r3, #2
 1191 018c 0A93     		str	r3, [sp, #40]
 479:Core/Src/tim.c ****     GPIO_InitStruct.Speed = GPIO_SPEED_FREQ_MEDIUM;
 1192              		.loc 1 479 5 is_stmt 1 view .LVU391
 480:Core/Src/tim.c ****     GPIO_InitStruct.Alternate = GPIO_AF2_TIM5;
 1193              		.loc 1 480 5 view .LVU392
 480:Core/Src/tim.c ****     GPIO_InitStruct.Alternate = GPIO_AF2_TIM5;
 1194              		.loc 1 480 27 is_stmt 0 view .LVU393
 1195 018e 0122     		movs	r2, #1
 1196 0190 0C92     		str	r2, [sp, #48]
 481:Core/Src/tim.c ****     HAL_GPIO_Init(GPIOA, &GPIO_InitStruct);
 1197              		.loc 1 481 5 is_stmt 1 view .LVU394
ARM GAS  /tmp/ccutTLn0.s 			page 33


 481:Core/Src/tim.c ****     HAL_GPIO_Init(GPIOA, &GPIO_InitStruct);
 1198              		.loc 1 481 31 is_stmt 0 view .LVU395
 1199 0192 0D93     		str	r3, [sp, #52]
 482:Core/Src/tim.c **** 
 1200              		.loc 1 482 5 is_stmt 1 view .LVU396
 1201 0194 09A9     		add	r1, sp, #36
 1202 0196 0948     		ldr	r0, .L65+12
 1203              	.LVL56:
 482:Core/Src/tim.c **** 
 1204              		.loc 1 482 5 is_stmt 0 view .LVU397
 1205 0198 FFF7FEFF 		bl	HAL_GPIO_Init
 1206              	.LVL57:
 485:Core/Src/tim.c ****     HAL_NVIC_EnableIRQ(TIM5_IRQn);
 1207              		.loc 1 485 5 is_stmt 1 view .LVU398
 1208 019c 2246     		mov	r2, r4
 1209 019e 0521     		movs	r1, #5
 1210 01a0 3220     		movs	r0, #50
 1211 01a2 FFF7FEFF 		bl	HAL_NVIC_SetPriority
 1212              	.LVL58:
 486:Core/Src/tim.c ****   /* USER CODE BEGIN TIM5_MspInit 1 */
 1213              		.loc 1 486 5 view .LVU399
 1214 01a6 3220     		movs	r0, #50
 1215 01a8 FFF7FEFF 		bl	HAL_NVIC_EnableIRQ
 1216              	.LVL59:
 1217              		.loc 1 491 1 is_stmt 0 view .LVU400
 1218 01ac 3EE7     		b	.L55
 1219              	.L66:
 1220 01ae 00BF     		.align	2
 1221              	.L65:
 1222 01b0 00040040 		.word	1073742848
 1223 01b4 00080040 		.word	1073743872
 1224 01b8 000C0040 		.word	1073744896
 1225 01bc 00000240 		.word	1073872896
 1226 01c0 00040240 		.word	1073873920
 1227 01c4 00380240 		.word	1073887232
 1228              		.cfi_endproc
 1229              	.LFE246:
 1231              		.section	.text.HAL_TIM_PWM_MspInit,"ax",%progbits
 1232              		.align	1
 1233              		.global	HAL_TIM_PWM_MspInit
 1234              		.syntax unified
 1235              		.thumb
 1236              		.thumb_func
 1238              	HAL_TIM_PWM_MspInit:
 1239              	.LVL60:
 1240              	.LFB247:
 492:Core/Src/tim.c **** 
 493:Core/Src/tim.c **** void HAL_TIM_PWM_MspInit(TIM_HandleTypeDef* tim_pwmHandle)
 494:Core/Src/tim.c **** {
 1241              		.loc 1 494 1 is_stmt 1 view -0
 1242              		.cfi_startproc
 1243              		@ args = 0, pretend = 0, frame = 8
 1244              		@ frame_needed = 0, uses_anonymous_args = 0
 495:Core/Src/tim.c **** 
 496:Core/Src/tim.c ****   if(tim_pwmHandle->Instance==TIM8)
 1245              		.loc 1 496 3 view .LVU402
 1246              		.loc 1 496 19 is_stmt 0 view .LVU403
ARM GAS  /tmp/ccutTLn0.s 			page 34


 1247 0000 0268     		ldr	r2, [r0]
 1248              		.loc 1 496 5 view .LVU404
 1249 0002 0E4B     		ldr	r3, .L74
 1250 0004 9A42     		cmp	r2, r3
 1251 0006 00D0     		beq	.L73
 1252 0008 7047     		bx	lr
 1253              	.L73:
 494:Core/Src/tim.c **** 
 1254              		.loc 1 494 1 view .LVU405
 1255 000a 00B5     		push	{lr}
 1256              	.LCFI28:
 1257              		.cfi_def_cfa_offset 4
 1258              		.cfi_offset 14, -4
 1259 000c 83B0     		sub	sp, sp, #12
 1260              	.LCFI29:
 1261              		.cfi_def_cfa_offset 16
 497:Core/Src/tim.c ****   {
 498:Core/Src/tim.c ****   /* USER CODE BEGIN TIM8_MspInit 0 */
 499:Core/Src/tim.c **** 
 500:Core/Src/tim.c ****   /* USER CODE END TIM8_MspInit 0 */
 501:Core/Src/tim.c ****     /* TIM8 clock enable */
 502:Core/Src/tim.c ****     __HAL_RCC_TIM8_CLK_ENABLE();
 1262              		.loc 1 502 5 is_stmt 1 view .LVU406
 1263              	.LBB13:
 1264              		.loc 1 502 5 view .LVU407
 1265 000e 0022     		movs	r2, #0
 1266 0010 0192     		str	r2, [sp, #4]
 1267              		.loc 1 502 5 view .LVU408
 1268 0012 03F59A33 		add	r3, r3, #78848
 1269 0016 596C     		ldr	r1, [r3, #68]
 1270 0018 41F00201 		orr	r1, r1, #2
 1271 001c 5964     		str	r1, [r3, #68]
 1272              		.loc 1 502 5 view .LVU409
 1273 001e 5B6C     		ldr	r3, [r3, #68]
 1274 0020 03F00203 		and	r3, r3, #2
 1275 0024 0193     		str	r3, [sp, #4]
 1276              		.loc 1 502 5 view .LVU410
 1277 0026 019B     		ldr	r3, [sp, #4]
 1278              	.LBE13:
 1279              		.loc 1 502 5 view .LVU411
 503:Core/Src/tim.c **** 
 504:Core/Src/tim.c ****     /* TIM8 interrupt Init */
 505:Core/Src/tim.c ****     HAL_NVIC_SetPriority(TIM8_UP_TIM13_IRQn, 5, 0);
 1280              		.loc 1 505 5 view .LVU412
 1281 0028 0521     		movs	r1, #5
 1282 002a 2C20     		movs	r0, #44
 1283              	.LVL61:
 1284              		.loc 1 505 5 is_stmt 0 view .LVU413
 1285 002c FFF7FEFF 		bl	HAL_NVIC_SetPriority
 1286              	.LVL62:
 506:Core/Src/tim.c ****     HAL_NVIC_EnableIRQ(TIM8_UP_TIM13_IRQn);
 1287              		.loc 1 506 5 is_stmt 1 view .LVU414
 1288 0030 2C20     		movs	r0, #44
 1289 0032 FFF7FEFF 		bl	HAL_NVIC_EnableIRQ
 1290              	.LVL63:
 507:Core/Src/tim.c ****   /* USER CODE BEGIN TIM8_MspInit 1 */
 508:Core/Src/tim.c **** 
ARM GAS  /tmp/ccutTLn0.s 			page 35


 509:Core/Src/tim.c ****   /* USER CODE END TIM8_MspInit 1 */
 510:Core/Src/tim.c ****   }
 511:Core/Src/tim.c **** }
 1291              		.loc 1 511 1 is_stmt 0 view .LVU415
 1292 0036 03B0     		add	sp, sp, #12
 1293              	.LCFI30:
 1294              		.cfi_def_cfa_offset 4
 1295              		@ sp needed
 1296 0038 5DF804FB 		ldr	pc, [sp], #4
 1297              	.L75:
 1298              		.align	2
 1299              	.L74:
 1300 003c 00040140 		.word	1073808384
 1301              		.cfi_endproc
 1302              	.LFE247:
 1304              		.section	.text.HAL_TIM_MspPostInit,"ax",%progbits
 1305              		.align	1
 1306              		.global	HAL_TIM_MspPostInit
 1307              		.syntax unified
 1308              		.thumb
 1309              		.thumb_func
 1311              	HAL_TIM_MspPostInit:
 1312              	.LVL64:
 1313              	.LFB248:
 512:Core/Src/tim.c **** void HAL_TIM_MspPostInit(TIM_HandleTypeDef* timHandle)
 513:Core/Src/tim.c **** {
 1314              		.loc 1 513 1 is_stmt 1 view -0
 1315              		.cfi_startproc
 1316              		@ args = 0, pretend = 0, frame = 24
 1317              		@ frame_needed = 0, uses_anonymous_args = 0
 1318              		.loc 1 513 1 is_stmt 0 view .LVU417
 1319 0000 00B5     		push	{lr}
 1320              	.LCFI31:
 1321              		.cfi_def_cfa_offset 4
 1322              		.cfi_offset 14, -4
 1323 0002 87B0     		sub	sp, sp, #28
 1324              	.LCFI32:
 1325              		.cfi_def_cfa_offset 32
 514:Core/Src/tim.c **** 
 515:Core/Src/tim.c ****   GPIO_InitTypeDef GPIO_InitStruct = {0};
 1326              		.loc 1 515 3 is_stmt 1 view .LVU418
 1327              		.loc 1 515 20 is_stmt 0 view .LVU419
 1328 0004 0023     		movs	r3, #0
 1329 0006 0193     		str	r3, [sp, #4]
 1330 0008 0293     		str	r3, [sp, #8]
 1331 000a 0393     		str	r3, [sp, #12]
 1332 000c 0493     		str	r3, [sp, #16]
 1333 000e 0593     		str	r3, [sp, #20]
 516:Core/Src/tim.c ****   if(timHandle->Instance==TIM8)
 1334              		.loc 1 516 3 is_stmt 1 view .LVU420
 1335              		.loc 1 516 15 is_stmt 0 view .LVU421
 1336 0010 0268     		ldr	r2, [r0]
 1337              		.loc 1 516 5 view .LVU422
 1338 0012 03F18043 		add	r3, r3, #1073741824
 1339 0016 03F58233 		add	r3, r3, #66560
 1340 001a 9A42     		cmp	r2, r3
 1341 001c 02D0     		beq	.L79
ARM GAS  /tmp/ccutTLn0.s 			page 36


 1342              	.LVL65:
 1343              	.L76:
 517:Core/Src/tim.c ****   {
 518:Core/Src/tim.c ****   /* USER CODE BEGIN TIM8_MspPostInit 0 */
 519:Core/Src/tim.c **** 
 520:Core/Src/tim.c ****   /* USER CODE END TIM8_MspPostInit 0 */
 521:Core/Src/tim.c **** 
 522:Core/Src/tim.c ****     __HAL_RCC_GPIOC_CLK_ENABLE();
 523:Core/Src/tim.c ****     /**TIM8 GPIO Configuration
 524:Core/Src/tim.c ****     PC6     ------> TIM8_CH1
 525:Core/Src/tim.c ****     PC7     ------> TIM8_CH2
 526:Core/Src/tim.c ****     PC8     ------> TIM8_CH3
 527:Core/Src/tim.c ****     PC9     ------> TIM8_CH4
 528:Core/Src/tim.c ****     */
 529:Core/Src/tim.c ****     GPIO_InitStruct.Pin = MOTOR_A_PWM_Pin|MOTOR_B_PWM_Pin|MOTOR_C_PWM_Pin|MOTOR_D_PWM_Pin;
 530:Core/Src/tim.c ****     GPIO_InitStruct.Mode = GPIO_MODE_AF_PP;
 531:Core/Src/tim.c ****     GPIO_InitStruct.Pull = GPIO_NOPULL;
 532:Core/Src/tim.c ****     GPIO_InitStruct.Speed = GPIO_SPEED_FREQ_HIGH;
 533:Core/Src/tim.c ****     GPIO_InitStruct.Alternate = GPIO_AF3_TIM8;
 534:Core/Src/tim.c ****     HAL_GPIO_Init(GPIOC, &GPIO_InitStruct);
 535:Core/Src/tim.c **** 
 536:Core/Src/tim.c ****   /* USER CODE BEGIN TIM8_MspPostInit 1 */
 537:Core/Src/tim.c **** 
 538:Core/Src/tim.c ****   /* USER CODE END TIM8_MspPostInit 1 */
 539:Core/Src/tim.c ****   }
 540:Core/Src/tim.c **** 
 541:Core/Src/tim.c **** }
 1344              		.loc 1 541 1 view .LVU423
 1345 001e 07B0     		add	sp, sp, #28
 1346              	.LCFI33:
 1347              		.cfi_remember_state
 1348              		.cfi_def_cfa_offset 4
 1349              		@ sp needed
 1350 0020 5DF804FB 		ldr	pc, [sp], #4
 1351              	.LVL66:
 1352              	.L79:
 1353              	.LCFI34:
 1354              		.cfi_restore_state
 522:Core/Src/tim.c ****     /**TIM8 GPIO Configuration
 1355              		.loc 1 522 5 is_stmt 1 view .LVU424
 1356              	.LBB14:
 522:Core/Src/tim.c ****     /**TIM8 GPIO Configuration
 1357              		.loc 1 522 5 view .LVU425
 1358 0024 0023     		movs	r3, #0
 1359 0026 0093     		str	r3, [sp]
 522:Core/Src/tim.c ****     /**TIM8 GPIO Configuration
 1360              		.loc 1 522 5 view .LVU426
 1361 0028 0B4B     		ldr	r3, .L80
 1362 002a 1A6B     		ldr	r2, [r3, #48]
 1363 002c 42F00402 		orr	r2, r2, #4
 1364 0030 1A63     		str	r2, [r3, #48]
 522:Core/Src/tim.c ****     /**TIM8 GPIO Configuration
 1365              		.loc 1 522 5 view .LVU427
 1366 0032 1B6B     		ldr	r3, [r3, #48]
 1367 0034 03F00403 		and	r3, r3, #4
 1368 0038 0093     		str	r3, [sp]
 522:Core/Src/tim.c ****     /**TIM8 GPIO Configuration
ARM GAS  /tmp/ccutTLn0.s 			page 37


 1369              		.loc 1 522 5 view .LVU428
 1370 003a 009B     		ldr	r3, [sp]
 1371              	.LBE14:
 522:Core/Src/tim.c ****     /**TIM8 GPIO Configuration
 1372              		.loc 1 522 5 view .LVU429
 529:Core/Src/tim.c ****     GPIO_InitStruct.Mode = GPIO_MODE_AF_PP;
 1373              		.loc 1 529 5 view .LVU430
 529:Core/Src/tim.c ****     GPIO_InitStruct.Mode = GPIO_MODE_AF_PP;
 1374              		.loc 1 529 25 is_stmt 0 view .LVU431
 1375 003c 4FF47073 		mov	r3, #960
 1376 0040 0193     		str	r3, [sp, #4]
 530:Core/Src/tim.c ****     GPIO_InitStruct.Pull = GPIO_NOPULL;
 1377              		.loc 1 530 5 is_stmt 1 view .LVU432
 530:Core/Src/tim.c ****     GPIO_InitStruct.Pull = GPIO_NOPULL;
 1378              		.loc 1 530 26 is_stmt 0 view .LVU433
 1379 0042 0223     		movs	r3, #2
 1380 0044 0293     		str	r3, [sp, #8]
 531:Core/Src/tim.c ****     GPIO_InitStruct.Speed = GPIO_SPEED_FREQ_HIGH;
 1381              		.loc 1 531 5 is_stmt 1 view .LVU434
 532:Core/Src/tim.c ****     GPIO_InitStruct.Alternate = GPIO_AF3_TIM8;
 1382              		.loc 1 532 5 view .LVU435
 532:Core/Src/tim.c ****     GPIO_InitStruct.Alternate = GPIO_AF3_TIM8;
 1383              		.loc 1 532 27 is_stmt 0 view .LVU436
 1384 0046 0493     		str	r3, [sp, #16]
 533:Core/Src/tim.c ****     HAL_GPIO_Init(GPIOC, &GPIO_InitStruct);
 1385              		.loc 1 533 5 is_stmt 1 view .LVU437
 533:Core/Src/tim.c ****     HAL_GPIO_Init(GPIOC, &GPIO_InitStruct);
 1386              		.loc 1 533 31 is_stmt 0 view .LVU438
 1387 0048 0323     		movs	r3, #3
 1388 004a 0593     		str	r3, [sp, #20]
 534:Core/Src/tim.c **** 
 1389              		.loc 1 534 5 is_stmt 1 view .LVU439
 1390 004c 01A9     		add	r1, sp, #4
 1391 004e 0348     		ldr	r0, .L80+4
 1392              	.LVL67:
 534:Core/Src/tim.c **** 
 1393              		.loc 1 534 5 is_stmt 0 view .LVU440
 1394 0050 FFF7FEFF 		bl	HAL_GPIO_Init
 1395              	.LVL68:
 1396              		.loc 1 541 1 view .LVU441
 1397 0054 E3E7     		b	.L76
 1398              	.L81:
 1399 0056 00BF     		.align	2
 1400              	.L80:
 1401 0058 00380240 		.word	1073887232
 1402 005c 00080240 		.word	1073874944
 1403              		.cfi_endproc
 1404              	.LFE248:
 1406              		.section	.text.MX_TIM8_Init,"ax",%progbits
 1407              		.align	1
 1408              		.global	MX_TIM8_Init
 1409              		.syntax unified
 1410              		.thumb
 1411              		.thumb_func
 1413              	MX_TIM8_Init:
 1414              	.LFB244:
 268:Core/Src/tim.c **** 
ARM GAS  /tmp/ccutTLn0.s 			page 38


 1415              		.loc 1 268 1 is_stmt 1 view -0
 1416              		.cfi_startproc
 1417              		@ args = 0, pretend = 0, frame = 72
 1418              		@ frame_needed = 0, uses_anonymous_args = 0
 1419 0000 10B5     		push	{r4, lr}
 1420              	.LCFI35:
 1421              		.cfi_def_cfa_offset 8
 1422              		.cfi_offset 4, -8
 1423              		.cfi_offset 14, -4
 1424 0002 92B0     		sub	sp, sp, #72
 1425              	.LCFI36:
 1426              		.cfi_def_cfa_offset 80
 274:Core/Src/tim.c ****   TIM_OC_InitTypeDef sConfigOC = {0};
 1427              		.loc 1 274 3 view .LVU443
 274:Core/Src/tim.c ****   TIM_OC_InitTypeDef sConfigOC = {0};
 1428              		.loc 1 274 27 is_stmt 0 view .LVU444
 1429 0004 0024     		movs	r4, #0
 1430 0006 1094     		str	r4, [sp, #64]
 1431 0008 1194     		str	r4, [sp, #68]
 275:Core/Src/tim.c ****   TIM_BreakDeadTimeConfigTypeDef sBreakDeadTimeConfig = {0};
 1432              		.loc 1 275 3 is_stmt 1 view .LVU445
 275:Core/Src/tim.c ****   TIM_BreakDeadTimeConfigTypeDef sBreakDeadTimeConfig = {0};
 1433              		.loc 1 275 22 is_stmt 0 view .LVU446
 1434 000a 0994     		str	r4, [sp, #36]
 1435 000c 0A94     		str	r4, [sp, #40]
 1436 000e 0B94     		str	r4, [sp, #44]
 1437 0010 0C94     		str	r4, [sp, #48]
 1438 0012 0D94     		str	r4, [sp, #52]
 1439 0014 0E94     		str	r4, [sp, #56]
 1440 0016 0F94     		str	r4, [sp, #60]
 276:Core/Src/tim.c **** 
 1441              		.loc 1 276 3 is_stmt 1 view .LVU447
 276:Core/Src/tim.c **** 
 1442              		.loc 1 276 34 is_stmt 0 view .LVU448
 1443 0018 2022     		movs	r2, #32
 1444 001a 2146     		mov	r1, r4
 1445 001c 01A8     		add	r0, sp, #4
 1446 001e FFF7FEFF 		bl	memset
 1447              	.LVL69:
 281:Core/Src/tim.c ****   htim8.Init.Prescaler = 0;
 1448              		.loc 1 281 3 is_stmt 1 view .LVU449
 281:Core/Src/tim.c ****   htim8.Init.Prescaler = 0;
 1449              		.loc 1 281 18 is_stmt 0 view .LVU450
 1450 0022 3148     		ldr	r0, .L98
 1451 0024 314B     		ldr	r3, .L98+4
 1452 0026 0360     		str	r3, [r0]
 282:Core/Src/tim.c ****   htim8.Init.CounterMode = TIM_COUNTERMODE_UP;
 1453              		.loc 1 282 3 is_stmt 1 view .LVU451
 282:Core/Src/tim.c ****   htim8.Init.CounterMode = TIM_COUNTERMODE_UP;
 1454              		.loc 1 282 24 is_stmt 0 view .LVU452
 1455 0028 4460     		str	r4, [r0, #4]
 283:Core/Src/tim.c ****   htim8.Init.Period = 8399;
 1456              		.loc 1 283 3 is_stmt 1 view .LVU453
 283:Core/Src/tim.c ****   htim8.Init.Period = 8399;
 1457              		.loc 1 283 26 is_stmt 0 view .LVU454
 1458 002a 8460     		str	r4, [r0, #8]
 284:Core/Src/tim.c ****   htim8.Init.ClockDivision = TIM_CLOCKDIVISION_DIV1;
ARM GAS  /tmp/ccutTLn0.s 			page 39


 1459              		.loc 1 284 3 is_stmt 1 view .LVU455
 284:Core/Src/tim.c ****   htim8.Init.ClockDivision = TIM_CLOCKDIVISION_DIV1;
 1460              		.loc 1 284 21 is_stmt 0 view .LVU456
 1461 002c 42F2CF03 		movw	r3, #8399
 1462 0030 C360     		str	r3, [r0, #12]
 285:Core/Src/tim.c ****   htim8.Init.RepetitionCounter = 0;
 1463              		.loc 1 285 3 is_stmt 1 view .LVU457
 285:Core/Src/tim.c ****   htim8.Init.RepetitionCounter = 0;
 1464              		.loc 1 285 28 is_stmt 0 view .LVU458
 1465 0032 0461     		str	r4, [r0, #16]
 286:Core/Src/tim.c ****   htim8.Init.AutoReloadPreload = TIM_AUTORELOAD_PRELOAD_ENABLE;
 1466              		.loc 1 286 3 is_stmt 1 view .LVU459
 286:Core/Src/tim.c ****   htim8.Init.AutoReloadPreload = TIM_AUTORELOAD_PRELOAD_ENABLE;
 1467              		.loc 1 286 32 is_stmt 0 view .LVU460
 1468 0034 4461     		str	r4, [r0, #20]
 287:Core/Src/tim.c ****   if (HAL_TIM_PWM_Init(&htim8) != HAL_OK)
 1469              		.loc 1 287 3 is_stmt 1 view .LVU461
 287:Core/Src/tim.c ****   if (HAL_TIM_PWM_Init(&htim8) != HAL_OK)
 1470              		.loc 1 287 32 is_stmt 0 view .LVU462
 1471 0036 8023     		movs	r3, #128
 1472 0038 8361     		str	r3, [r0, #24]
 288:Core/Src/tim.c ****   {
 1473              		.loc 1 288 3 is_stmt 1 view .LVU463
 288:Core/Src/tim.c ****   {
 1474              		.loc 1 288 7 is_stmt 0 view .LVU464
 1475 003a FFF7FEFF 		bl	HAL_TIM_PWM_Init
 1476              	.LVL70:
 288:Core/Src/tim.c ****   {
 1477              		.loc 1 288 6 discriminator 1 view .LVU465
 1478 003e 0028     		cmp	r0, #0
 1479 0040 3CD1     		bne	.L91
 1480              	.L83:
 292:Core/Src/tim.c ****   sMasterConfig.MasterSlaveMode = TIM_MASTERSLAVEMODE_DISABLE;
 1481              		.loc 1 292 3 is_stmt 1 view .LVU466
 292:Core/Src/tim.c ****   sMasterConfig.MasterSlaveMode = TIM_MASTERSLAVEMODE_DISABLE;
 1482              		.loc 1 292 37 is_stmt 0 view .LVU467
 1483 0042 0023     		movs	r3, #0
 1484 0044 1093     		str	r3, [sp, #64]
 293:Core/Src/tim.c ****   if (HAL_TIMEx_MasterConfigSynchronization(&htim8, &sMasterConfig) != HAL_OK)
 1485              		.loc 1 293 3 is_stmt 1 view .LVU468
 293:Core/Src/tim.c ****   if (HAL_TIMEx_MasterConfigSynchronization(&htim8, &sMasterConfig) != HAL_OK)
 1486              		.loc 1 293 33 is_stmt 0 view .LVU469
 1487 0046 1193     		str	r3, [sp, #68]
 294:Core/Src/tim.c ****   {
 1488              		.loc 1 294 3 is_stmt 1 view .LVU470
 294:Core/Src/tim.c ****   {
 1489              		.loc 1 294 7 is_stmt 0 view .LVU471
 1490 0048 10A9     		add	r1, sp, #64
 1491 004a 2748     		ldr	r0, .L98
 1492 004c FFF7FEFF 		bl	HAL_TIMEx_MasterConfigSynchronization
 1493              	.LVL71:
 294:Core/Src/tim.c ****   {
 1494              		.loc 1 294 6 discriminator 1 view .LVU472
 1495 0050 0028     		cmp	r0, #0
 1496 0052 36D1     		bne	.L92
 1497              	.L84:
 298:Core/Src/tim.c ****   sConfigOC.Pulse = 0;
ARM GAS  /tmp/ccutTLn0.s 			page 40


 1498              		.loc 1 298 3 is_stmt 1 view .LVU473
 298:Core/Src/tim.c ****   sConfigOC.Pulse = 0;
 1499              		.loc 1 298 20 is_stmt 0 view .LVU474
 1500 0054 6023     		movs	r3, #96
 1501 0056 0993     		str	r3, [sp, #36]
 299:Core/Src/tim.c ****   sConfigOC.OCPolarity = TIM_OCPOLARITY_HIGH;
 1502              		.loc 1 299 3 is_stmt 1 view .LVU475
 299:Core/Src/tim.c ****   sConfigOC.OCPolarity = TIM_OCPOLARITY_HIGH;
 1503              		.loc 1 299 19 is_stmt 0 view .LVU476
 1504 0058 0022     		movs	r2, #0
 1505 005a 0A92     		str	r2, [sp, #40]
 300:Core/Src/tim.c ****   sConfigOC.OCNPolarity = TIM_OCNPOLARITY_HIGH;
 1506              		.loc 1 300 3 is_stmt 1 view .LVU477
 300:Core/Src/tim.c ****   sConfigOC.OCNPolarity = TIM_OCNPOLARITY_HIGH;
 1507              		.loc 1 300 24 is_stmt 0 view .LVU478
 1508 005c 0B92     		str	r2, [sp, #44]
 301:Core/Src/tim.c ****   sConfigOC.OCFastMode = TIM_OCFAST_DISABLE;
 1509              		.loc 1 301 3 is_stmt 1 view .LVU479
 301:Core/Src/tim.c ****   sConfigOC.OCFastMode = TIM_OCFAST_DISABLE;
 1510              		.loc 1 301 25 is_stmt 0 view .LVU480
 1511 005e 0C92     		str	r2, [sp, #48]
 302:Core/Src/tim.c ****   sConfigOC.OCIdleState = TIM_OCIDLESTATE_RESET;
 1512              		.loc 1 302 3 is_stmt 1 view .LVU481
 302:Core/Src/tim.c ****   sConfigOC.OCIdleState = TIM_OCIDLESTATE_RESET;
 1513              		.loc 1 302 24 is_stmt 0 view .LVU482
 1514 0060 0D92     		str	r2, [sp, #52]
 303:Core/Src/tim.c ****   sConfigOC.OCNIdleState = TIM_OCNIDLESTATE_RESET;
 1515              		.loc 1 303 3 is_stmt 1 view .LVU483
 303:Core/Src/tim.c ****   sConfigOC.OCNIdleState = TIM_OCNIDLESTATE_RESET;
 1516              		.loc 1 303 25 is_stmt 0 view .LVU484
 1517 0062 0E92     		str	r2, [sp, #56]
 304:Core/Src/tim.c ****   if (HAL_TIM_PWM_ConfigChannel(&htim8, &sConfigOC, TIM_CHANNEL_1) != HAL_OK)
 1518              		.loc 1 304 3 is_stmt 1 view .LVU485
 304:Core/Src/tim.c ****   if (HAL_TIM_PWM_ConfigChannel(&htim8, &sConfigOC, TIM_CHANNEL_1) != HAL_OK)
 1519              		.loc 1 304 26 is_stmt 0 view .LVU486
 1520 0064 0F92     		str	r2, [sp, #60]
 305:Core/Src/tim.c ****   {
 1521              		.loc 1 305 3 is_stmt 1 view .LVU487
 305:Core/Src/tim.c ****   {
 1522              		.loc 1 305 7 is_stmt 0 view .LVU488
 1523 0066 09A9     		add	r1, sp, #36
 1524 0068 1F48     		ldr	r0, .L98
 1525 006a FFF7FEFF 		bl	HAL_TIM_PWM_ConfigChannel
 1526              	.LVL72:
 305:Core/Src/tim.c ****   {
 1527              		.loc 1 305 6 discriminator 1 view .LVU489
 1528 006e 58BB     		cbnz	r0, .L93
 1529              	.L85:
 309:Core/Src/tim.c ****   {
 1530              		.loc 1 309 3 is_stmt 1 view .LVU490
 309:Core/Src/tim.c ****   {
 1531              		.loc 1 309 7 is_stmt 0 view .LVU491
 1532 0070 0422     		movs	r2, #4
 1533 0072 09A9     		add	r1, sp, #36
 1534 0074 1C48     		ldr	r0, .L98
 1535 0076 FFF7FEFF 		bl	HAL_TIM_PWM_ConfigChannel
 1536              	.LVL73:
ARM GAS  /tmp/ccutTLn0.s 			page 41


 309:Core/Src/tim.c ****   {
 1537              		.loc 1 309 6 discriminator 1 view .LVU492
 1538 007a 40BB     		cbnz	r0, .L94
 1539              	.L86:
 313:Core/Src/tim.c ****   {
 1540              		.loc 1 313 3 is_stmt 1 view .LVU493
 313:Core/Src/tim.c ****   {
 1541              		.loc 1 313 7 is_stmt 0 view .LVU494
 1542 007c 0822     		movs	r2, #8
 1543 007e 09A9     		add	r1, sp, #36
 1544 0080 1948     		ldr	r0, .L98
 1545 0082 FFF7FEFF 		bl	HAL_TIM_PWM_ConfigChannel
 1546              	.LVL74:
 313:Core/Src/tim.c ****   {
 1547              		.loc 1 313 6 discriminator 1 view .LVU495
 1548 0086 28BB     		cbnz	r0, .L95
 1549              	.L87:
 317:Core/Src/tim.c ****   {
 1550              		.loc 1 317 3 is_stmt 1 view .LVU496
 317:Core/Src/tim.c ****   {
 1551              		.loc 1 317 7 is_stmt 0 view .LVU497
 1552 0088 0C22     		movs	r2, #12
 1553 008a 09A9     		add	r1, sp, #36
 1554 008c 1648     		ldr	r0, .L98
 1555 008e FFF7FEFF 		bl	HAL_TIM_PWM_ConfigChannel
 1556              	.LVL75:
 317:Core/Src/tim.c ****   {
 1557              		.loc 1 317 6 discriminator 1 view .LVU498
 1558 0092 10BB     		cbnz	r0, .L96
 1559              	.L88:
 321:Core/Src/tim.c ****   sBreakDeadTimeConfig.OffStateIDLEMode = TIM_OSSI_DISABLE;
 1560              		.loc 1 321 3 is_stmt 1 view .LVU499
 321:Core/Src/tim.c ****   sBreakDeadTimeConfig.OffStateIDLEMode = TIM_OSSI_DISABLE;
 1561              		.loc 1 321 40 is_stmt 0 view .LVU500
 1562 0094 0023     		movs	r3, #0
 1563 0096 0193     		str	r3, [sp, #4]
 322:Core/Src/tim.c ****   sBreakDeadTimeConfig.LockLevel = TIM_LOCKLEVEL_OFF;
 1564              		.loc 1 322 3 is_stmt 1 view .LVU501
 322:Core/Src/tim.c ****   sBreakDeadTimeConfig.LockLevel = TIM_LOCKLEVEL_OFF;
 1565              		.loc 1 322 41 is_stmt 0 view .LVU502
 1566 0098 0293     		str	r3, [sp, #8]
 323:Core/Src/tim.c ****   sBreakDeadTimeConfig.DeadTime = 0;
 1567              		.loc 1 323 3 is_stmt 1 view .LVU503
 323:Core/Src/tim.c ****   sBreakDeadTimeConfig.DeadTime = 0;
 1568              		.loc 1 323 34 is_stmt 0 view .LVU504
 1569 009a 0393     		str	r3, [sp, #12]
 324:Core/Src/tim.c ****   sBreakDeadTimeConfig.BreakState = TIM_BREAK_DISABLE;
 1570              		.loc 1 324 3 is_stmt 1 view .LVU505
 324:Core/Src/tim.c ****   sBreakDeadTimeConfig.BreakState = TIM_BREAK_DISABLE;
 1571              		.loc 1 324 33 is_stmt 0 view .LVU506
 1572 009c 0493     		str	r3, [sp, #16]
 325:Core/Src/tim.c ****   sBreakDeadTimeConfig.BreakPolarity = TIM_BREAKPOLARITY_HIGH;
 1573              		.loc 1 325 3 is_stmt 1 view .LVU507
 325:Core/Src/tim.c ****   sBreakDeadTimeConfig.BreakPolarity = TIM_BREAKPOLARITY_HIGH;
 1574              		.loc 1 325 35 is_stmt 0 view .LVU508
 1575 009e 0593     		str	r3, [sp, #20]
 326:Core/Src/tim.c ****   sBreakDeadTimeConfig.AutomaticOutput = TIM_AUTOMATICOUTPUT_DISABLE;
ARM GAS  /tmp/ccutTLn0.s 			page 42


 1576              		.loc 1 326 3 is_stmt 1 view .LVU509
 326:Core/Src/tim.c ****   sBreakDeadTimeConfig.AutomaticOutput = TIM_AUTOMATICOUTPUT_DISABLE;
 1577              		.loc 1 326 38 is_stmt 0 view .LVU510
 1578 00a0 4FF40052 		mov	r2, #8192
 1579 00a4 0692     		str	r2, [sp, #24]
 327:Core/Src/tim.c ****   if (HAL_TIMEx_ConfigBreakDeadTime(&htim8, &sBreakDeadTimeConfig) != HAL_OK)
 1580              		.loc 1 327 3 is_stmt 1 view .LVU511
 327:Core/Src/tim.c ****   if (HAL_TIMEx_ConfigBreakDeadTime(&htim8, &sBreakDeadTimeConfig) != HAL_OK)
 1581              		.loc 1 327 40 is_stmt 0 view .LVU512
 1582 00a6 0893     		str	r3, [sp, #32]
 328:Core/Src/tim.c ****   {
 1583              		.loc 1 328 3 is_stmt 1 view .LVU513
 328:Core/Src/tim.c ****   {
 1584              		.loc 1 328 7 is_stmt 0 view .LVU514
 1585 00a8 01A9     		add	r1, sp, #4
 1586 00aa 0F48     		ldr	r0, .L98
 1587 00ac FFF7FEFF 		bl	HAL_TIMEx_ConfigBreakDeadTime
 1588              	.LVL76:
 328:Core/Src/tim.c ****   {
 1589              		.loc 1 328 6 discriminator 1 view .LVU515
 1590 00b0 B0B9     		cbnz	r0, .L97
 1591              	.L89:
 335:Core/Src/tim.c **** 
 1592              		.loc 1 335 3 is_stmt 1 view .LVU516
 1593 00b2 0D48     		ldr	r0, .L98
 1594 00b4 FFF7FEFF 		bl	HAL_TIM_MspPostInit
 1595              	.LVL77:
 337:Core/Src/tim.c **** 
 1596              		.loc 1 337 1 is_stmt 0 view .LVU517
 1597 00b8 12B0     		add	sp, sp, #72
 1598              	.LCFI37:
 1599              		.cfi_remember_state
 1600              		.cfi_def_cfa_offset 8
 1601              		@ sp needed
 1602 00ba 10BD     		pop	{r4, pc}
 1603              	.L91:
 1604              	.LCFI38:
 1605              		.cfi_restore_state
 290:Core/Src/tim.c ****   }
 1606              		.loc 1 290 5 is_stmt 1 view .LVU518
 1607 00bc FFF7FEFF 		bl	Error_Handler
 1608              	.LVL78:
 1609 00c0 BFE7     		b	.L83
 1610              	.L92:
 296:Core/Src/tim.c ****   }
 1611              		.loc 1 296 5 view .LVU519
 1612 00c2 FFF7FEFF 		bl	Error_Handler
 1613              	.LVL79:
 1614 00c6 C5E7     		b	.L84
 1615              	.L93:
 307:Core/Src/tim.c ****   }
 1616              		.loc 1 307 5 view .LVU520
 1617 00c8 FFF7FEFF 		bl	Error_Handler
 1618              	.LVL80:
 1619 00cc D0E7     		b	.L85
 1620              	.L94:
 311:Core/Src/tim.c ****   }
ARM GAS  /tmp/ccutTLn0.s 			page 43


 1621              		.loc 1 311 5 view .LVU521
 1622 00ce FFF7FEFF 		bl	Error_Handler
 1623              	.LVL81:
 1624 00d2 D3E7     		b	.L86
 1625              	.L95:
 315:Core/Src/tim.c ****   }
 1626              		.loc 1 315 5 view .LVU522
 1627 00d4 FFF7FEFF 		bl	Error_Handler
 1628              	.LVL82:
 1629 00d8 D6E7     		b	.L87
 1630              	.L96:
 319:Core/Src/tim.c ****   }
 1631              		.loc 1 319 5 view .LVU523
 1632 00da FFF7FEFF 		bl	Error_Handler
 1633              	.LVL83:
 1634 00de D9E7     		b	.L88
 1635              	.L97:
 330:Core/Src/tim.c ****   }
 1636              		.loc 1 330 5 view .LVU524
 1637 00e0 FFF7FEFF 		bl	Error_Handler
 1638              	.LVL84:
 1639 00e4 E5E7     		b	.L89
 1640              	.L99:
 1641 00e6 00BF     		.align	2
 1642              	.L98:
 1643 00e8 00000000 		.word	htim8
 1644 00ec 00040140 		.word	1073808384
 1645              		.cfi_endproc
 1646              	.LFE244:
 1648              		.section	.text.HAL_TIM_IC_MspDeInit,"ax",%progbits
 1649              		.align	1
 1650              		.global	HAL_TIM_IC_MspDeInit
 1651              		.syntax unified
 1652              		.thumb
 1653              		.thumb_func
 1655              	HAL_TIM_IC_MspDeInit:
 1656              	.LVL85:
 1657              	.LFB249:
 542:Core/Src/tim.c **** 
 543:Core/Src/tim.c **** void HAL_TIM_IC_MspDeInit(TIM_HandleTypeDef* tim_icHandle)
 544:Core/Src/tim.c **** {
 1658              		.loc 1 544 1 view -0
 1659              		.cfi_startproc
 1660              		@ args = 0, pretend = 0, frame = 0
 1661              		@ frame_needed = 0, uses_anonymous_args = 0
 1662              		.loc 1 544 1 is_stmt 0 view .LVU526
 1663 0000 08B5     		push	{r3, lr}
 1664              	.LCFI39:
 1665              		.cfi_def_cfa_offset 8
 1666              		.cfi_offset 3, -8
 1667              		.cfi_offset 14, -4
 545:Core/Src/tim.c **** 
 546:Core/Src/tim.c ****   if(tim_icHandle->Instance==TIM1)
 1668              		.loc 1 546 3 is_stmt 1 view .LVU527
 1669              		.loc 1 546 18 is_stmt 0 view .LVU528
 1670 0002 0268     		ldr	r2, [r0]
 1671              		.loc 1 546 5 view .LVU529
ARM GAS  /tmp/ccutTLn0.s 			page 44


 1672 0004 074B     		ldr	r3, .L104
 1673 0006 9A42     		cmp	r2, r3
 1674 0008 00D0     		beq	.L103
 1675              	.LVL86:
 1676              	.L100:
 547:Core/Src/tim.c ****   {
 548:Core/Src/tim.c ****   /* USER CODE BEGIN TIM1_MspDeInit 0 */
 549:Core/Src/tim.c **** 
 550:Core/Src/tim.c ****   /* USER CODE END TIM1_MspDeInit 0 */
 551:Core/Src/tim.c ****     /* Peripheral clock disable */
 552:Core/Src/tim.c ****     __HAL_RCC_TIM1_CLK_DISABLE();
 553:Core/Src/tim.c **** 
 554:Core/Src/tim.c ****     /**TIM1 GPIO Configuration
 555:Core/Src/tim.c ****     PE9     ------> TIM1_CH1
 556:Core/Src/tim.c ****     PE11     ------> TIM1_CH2
 557:Core/Src/tim.c ****     PE13     ------> TIM1_CH3
 558:Core/Src/tim.c ****     PE14     ------> TIM1_CH4
 559:Core/Src/tim.c ****     */
 560:Core/Src/tim.c ****     HAL_GPIO_DeInit(GPIOE, ultra_left_echo_Pin|ultra_front_echo_Pin|ultra_right_echo_Pin|ultra_rese
 561:Core/Src/tim.c **** 
 562:Core/Src/tim.c ****   /* USER CODE BEGIN TIM1_MspDeInit 1 */
 563:Core/Src/tim.c **** 
 564:Core/Src/tim.c ****   /* USER CODE END TIM1_MspDeInit 1 */
 565:Core/Src/tim.c ****   }
 566:Core/Src/tim.c **** }
 1677              		.loc 1 566 1 view .LVU530
 1678 000a 08BD     		pop	{r3, pc}
 1679              	.LVL87:
 1680              	.L103:
 552:Core/Src/tim.c **** 
 1681              		.loc 1 552 5 is_stmt 1 view .LVU531
 1682 000c 064A     		ldr	r2, .L104+4
 1683 000e 536C     		ldr	r3, [r2, #68]
 1684 0010 23F00103 		bic	r3, r3, #1
 1685 0014 5364     		str	r3, [r2, #68]
 560:Core/Src/tim.c **** 
 1686              		.loc 1 560 5 view .LVU532
 1687 0016 4FF4D441 		mov	r1, #27136
 1688 001a 0448     		ldr	r0, .L104+8
 1689              	.LVL88:
 560:Core/Src/tim.c **** 
 1690              		.loc 1 560 5 is_stmt 0 view .LVU533
 1691 001c FFF7FEFF 		bl	HAL_GPIO_DeInit
 1692              	.LVL89:
 1693              		.loc 1 566 1 view .LVU534
 1694 0020 F3E7     		b	.L100
 1695              	.L105:
 1696 0022 00BF     		.align	2
 1697              	.L104:
 1698 0024 00000140 		.word	1073807360
 1699 0028 00380240 		.word	1073887232
 1700 002c 00100240 		.word	1073876992
 1701              		.cfi_endproc
 1702              	.LFE249:
 1704              		.section	.text.HAL_TIM_Encoder_MspDeInit,"ax",%progbits
 1705              		.align	1
 1706              		.global	HAL_TIM_Encoder_MspDeInit
ARM GAS  /tmp/ccutTLn0.s 			page 45


 1707              		.syntax unified
 1708              		.thumb
 1709              		.thumb_func
 1711              	HAL_TIM_Encoder_MspDeInit:
 1712              	.LVL90:
 1713              	.LFB250:
 567:Core/Src/tim.c **** 
 568:Core/Src/tim.c **** void HAL_TIM_Encoder_MspDeInit(TIM_HandleTypeDef* tim_encoderHandle)
 569:Core/Src/tim.c **** {
 1714              		.loc 1 569 1 is_stmt 1 view -0
 1715              		.cfi_startproc
 1716              		@ args = 0, pretend = 0, frame = 0
 1717              		@ frame_needed = 0, uses_anonymous_args = 0
 1718              		.loc 1 569 1 is_stmt 0 view .LVU536
 1719 0000 08B5     		push	{r3, lr}
 1720              	.LCFI40:
 1721              		.cfi_def_cfa_offset 8
 1722              		.cfi_offset 3, -8
 1723              		.cfi_offset 14, -4
 570:Core/Src/tim.c **** 
 571:Core/Src/tim.c ****   if(tim_encoderHandle->Instance==TIM2)
 1724              		.loc 1 571 3 is_stmt 1 view .LVU537
 1725              		.loc 1 571 23 is_stmt 0 view .LVU538
 1726 0002 0368     		ldr	r3, [r0]
 1727              		.loc 1 571 5 view .LVU539
 1728 0004 B3F1804F 		cmp	r3, #1073741824
 1729 0008 09D0     		beq	.L112
 572:Core/Src/tim.c ****   {
 573:Core/Src/tim.c ****   /* USER CODE BEGIN TIM2_MspDeInit 0 */
 574:Core/Src/tim.c **** 
 575:Core/Src/tim.c ****   /* USER CODE END TIM2_MspDeInit 0 */
 576:Core/Src/tim.c ****     /* Peripheral clock disable */
 577:Core/Src/tim.c ****     __HAL_RCC_TIM2_CLK_DISABLE();
 578:Core/Src/tim.c **** 
 579:Core/Src/tim.c ****     /**TIM2 GPIO Configuration
 580:Core/Src/tim.c ****     PA15     ------> TIM2_CH1
 581:Core/Src/tim.c ****     PB3     ------> TIM2_CH2
 582:Core/Src/tim.c ****     */
 583:Core/Src/tim.c ****     HAL_GPIO_DeInit(ENCODER_A_CH1_GPIO_Port, ENCODER_A_CH1_Pin);
 584:Core/Src/tim.c **** 
 585:Core/Src/tim.c ****     HAL_GPIO_DeInit(ENCODER_A_CH2_GPIO_Port, ENCODER_A_CH2_Pin);
 586:Core/Src/tim.c **** 
 587:Core/Src/tim.c ****     /* TIM2 interrupt Deinit */
 588:Core/Src/tim.c ****     HAL_NVIC_DisableIRQ(TIM2_IRQn);
 589:Core/Src/tim.c ****   /* USER CODE BEGIN TIM2_MspDeInit 1 */
 590:Core/Src/tim.c **** 
 591:Core/Src/tim.c ****   /* USER CODE END TIM2_MspDeInit 1 */
 592:Core/Src/tim.c ****   }
 593:Core/Src/tim.c ****   else if(tim_encoderHandle->Instance==TIM3)
 1730              		.loc 1 593 8 is_stmt 1 view .LVU540
 1731              		.loc 1 593 10 is_stmt 0 view .LVU541
 1732 000a 234A     		ldr	r2, .L116
 1733 000c 9342     		cmp	r3, r2
 1734 000e 18D0     		beq	.L113
 594:Core/Src/tim.c ****   {
 595:Core/Src/tim.c ****   /* USER CODE BEGIN TIM3_MspDeInit 0 */
 596:Core/Src/tim.c **** 
ARM GAS  /tmp/ccutTLn0.s 			page 46


 597:Core/Src/tim.c ****   /* USER CODE END TIM3_MspDeInit 0 */
 598:Core/Src/tim.c ****     /* Peripheral clock disable */
 599:Core/Src/tim.c ****     __HAL_RCC_TIM3_CLK_DISABLE();
 600:Core/Src/tim.c **** 
 601:Core/Src/tim.c ****     /**TIM3 GPIO Configuration
 602:Core/Src/tim.c ****     PB4     ------> TIM3_CH1
 603:Core/Src/tim.c ****     PB5     ------> TIM3_CH2
 604:Core/Src/tim.c ****     */
 605:Core/Src/tim.c ****     HAL_GPIO_DeInit(GPIOB, ENCODER_B_CH1_Pin|ENCODER_B_CH2_Pin);
 606:Core/Src/tim.c **** 
 607:Core/Src/tim.c ****     /* TIM3 interrupt Deinit */
 608:Core/Src/tim.c ****     HAL_NVIC_DisableIRQ(TIM3_IRQn);
 609:Core/Src/tim.c ****   /* USER CODE BEGIN TIM3_MspDeInit 1 */
 610:Core/Src/tim.c **** 
 611:Core/Src/tim.c ****   /* USER CODE END TIM3_MspDeInit 1 */
 612:Core/Src/tim.c ****   }
 613:Core/Src/tim.c ****   else if(tim_encoderHandle->Instance==TIM4)
 1735              		.loc 1 613 8 is_stmt 1 view .LVU542
 1736              		.loc 1 613 10 is_stmt 0 view .LVU543
 1737 0010 224A     		ldr	r2, .L116+4
 1738 0012 9342     		cmp	r3, r2
 1739 0014 23D0     		beq	.L114
 614:Core/Src/tim.c ****   {
 615:Core/Src/tim.c ****   /* USER CODE BEGIN TIM4_MspDeInit 0 */
 616:Core/Src/tim.c **** 
 617:Core/Src/tim.c ****   /* USER CODE END TIM4_MspDeInit 0 */
 618:Core/Src/tim.c ****     /* Peripheral clock disable */
 619:Core/Src/tim.c ****     __HAL_RCC_TIM4_CLK_DISABLE();
 620:Core/Src/tim.c **** 
 621:Core/Src/tim.c ****     /**TIM4 GPIO Configuration
 622:Core/Src/tim.c ****     PB6     ------> TIM4_CH1
 623:Core/Src/tim.c ****     PB7     ------> TIM4_CH2
 624:Core/Src/tim.c ****     */
 625:Core/Src/tim.c ****     HAL_GPIO_DeInit(GPIOB, ENCODER_C_CH1_Pin|ENCODER_C_CH2_Pin);
 626:Core/Src/tim.c **** 
 627:Core/Src/tim.c ****     /* TIM4 interrupt Deinit */
 628:Core/Src/tim.c ****     HAL_NVIC_DisableIRQ(TIM4_IRQn);
 629:Core/Src/tim.c ****   /* USER CODE BEGIN TIM4_MspDeInit 1 */
 630:Core/Src/tim.c **** 
 631:Core/Src/tim.c ****   /* USER CODE END TIM4_MspDeInit 1 */
 632:Core/Src/tim.c ****   }
 633:Core/Src/tim.c ****   else if(tim_encoderHandle->Instance==TIM5)
 1740              		.loc 1 633 8 is_stmt 1 view .LVU544
 1741              		.loc 1 633 10 is_stmt 0 view .LVU545
 1742 0016 224A     		ldr	r2, .L116+8
 1743 0018 9342     		cmp	r3, r2
 1744 001a 2ED0     		beq	.L115
 1745              	.LVL91:
 1746              	.L106:
 634:Core/Src/tim.c ****   {
 635:Core/Src/tim.c ****   /* USER CODE BEGIN TIM5_MspDeInit 0 */
 636:Core/Src/tim.c **** 
 637:Core/Src/tim.c ****   /* USER CODE END TIM5_MspDeInit 0 */
 638:Core/Src/tim.c ****     /* Peripheral clock disable */
 639:Core/Src/tim.c ****     __HAL_RCC_TIM5_CLK_DISABLE();
 640:Core/Src/tim.c **** 
 641:Core/Src/tim.c ****     /**TIM5 GPIO Configuration
ARM GAS  /tmp/ccutTLn0.s 			page 47


 642:Core/Src/tim.c ****     PA0-WKUP     ------> TIM5_CH1
 643:Core/Src/tim.c ****     PA1     ------> TIM5_CH2
 644:Core/Src/tim.c ****     */
 645:Core/Src/tim.c ****     HAL_GPIO_DeInit(GPIOA, ENCODER_D_CH1_Pin|ENCODER_D_CH2_Pin);
 646:Core/Src/tim.c **** 
 647:Core/Src/tim.c ****     /* TIM5 interrupt Deinit */
 648:Core/Src/tim.c ****     HAL_NVIC_DisableIRQ(TIM5_IRQn);
 649:Core/Src/tim.c ****   /* USER CODE BEGIN TIM5_MspDeInit 1 */
 650:Core/Src/tim.c **** 
 651:Core/Src/tim.c ****   /* USER CODE END TIM5_MspDeInit 1 */
 652:Core/Src/tim.c ****   }
 653:Core/Src/tim.c **** }
 1747              		.loc 1 653 1 view .LVU546
 1748 001c 08BD     		pop	{r3, pc}
 1749              	.LVL92:
 1750              	.L112:
 577:Core/Src/tim.c **** 
 1751              		.loc 1 577 5 is_stmt 1 view .LVU547
 1752 001e 214A     		ldr	r2, .L116+12
 1753 0020 136C     		ldr	r3, [r2, #64]
 1754 0022 23F00103 		bic	r3, r3, #1
 1755 0026 1364     		str	r3, [r2, #64]
 583:Core/Src/tim.c **** 
 1756              		.loc 1 583 5 view .LVU548
 1757 0028 4FF40041 		mov	r1, #32768
 1758 002c 1E48     		ldr	r0, .L116+16
 1759              	.LVL93:
 583:Core/Src/tim.c **** 
 1760              		.loc 1 583 5 is_stmt 0 view .LVU549
 1761 002e FFF7FEFF 		bl	HAL_GPIO_DeInit
 1762              	.LVL94:
 585:Core/Src/tim.c **** 
 1763              		.loc 1 585 5 is_stmt 1 view .LVU550
 1764 0032 0821     		movs	r1, #8
 1765 0034 1D48     		ldr	r0, .L116+20
 1766 0036 FFF7FEFF 		bl	HAL_GPIO_DeInit
 1767              	.LVL95:
 588:Core/Src/tim.c ****   /* USER CODE BEGIN TIM2_MspDeInit 1 */
 1768              		.loc 1 588 5 view .LVU551
 1769 003a 1C20     		movs	r0, #28
 1770 003c FFF7FEFF 		bl	HAL_NVIC_DisableIRQ
 1771              	.LVL96:
 1772 0040 ECE7     		b	.L106
 1773              	.LVL97:
 1774              	.L113:
 599:Core/Src/tim.c **** 
 1775              		.loc 1 599 5 view .LVU552
 1776 0042 02F50D32 		add	r2, r2, #144384
 1777 0046 136C     		ldr	r3, [r2, #64]
 1778 0048 23F00203 		bic	r3, r3, #2
 1779 004c 1364     		str	r3, [r2, #64]
 605:Core/Src/tim.c **** 
 1780              		.loc 1 605 5 view .LVU553
 1781 004e 3021     		movs	r1, #48
 1782 0050 1648     		ldr	r0, .L116+20
 1783              	.LVL98:
 605:Core/Src/tim.c **** 
ARM GAS  /tmp/ccutTLn0.s 			page 48


 1784              		.loc 1 605 5 is_stmt 0 view .LVU554
 1785 0052 FFF7FEFF 		bl	HAL_GPIO_DeInit
 1786              	.LVL99:
 608:Core/Src/tim.c ****   /* USER CODE BEGIN TIM3_MspDeInit 1 */
 1787              		.loc 1 608 5 is_stmt 1 view .LVU555
 1788 0056 1D20     		movs	r0, #29
 1789 0058 FFF7FEFF 		bl	HAL_NVIC_DisableIRQ
 1790              	.LVL100:
 1791 005c DEE7     		b	.L106
 1792              	.LVL101:
 1793              	.L114:
 619:Core/Src/tim.c **** 
 1794              		.loc 1 619 5 view .LVU556
 1795 005e 02F50C32 		add	r2, r2, #143360
 1796 0062 136C     		ldr	r3, [r2, #64]
 1797 0064 23F00403 		bic	r3, r3, #4
 1798 0068 1364     		str	r3, [r2, #64]
 625:Core/Src/tim.c **** 
 1799              		.loc 1 625 5 view .LVU557
 1800 006a C021     		movs	r1, #192
 1801 006c 0F48     		ldr	r0, .L116+20
 1802              	.LVL102:
 625:Core/Src/tim.c **** 
 1803              		.loc 1 625 5 is_stmt 0 view .LVU558
 1804 006e FFF7FEFF 		bl	HAL_GPIO_DeInit
 1805              	.LVL103:
 628:Core/Src/tim.c ****   /* USER CODE BEGIN TIM4_MspDeInit 1 */
 1806              		.loc 1 628 5 is_stmt 1 view .LVU559
 1807 0072 1E20     		movs	r0, #30
 1808 0074 FFF7FEFF 		bl	HAL_NVIC_DisableIRQ
 1809              	.LVL104:
 1810 0078 D0E7     		b	.L106
 1811              	.LVL105:
 1812              	.L115:
 639:Core/Src/tim.c **** 
 1813              		.loc 1 639 5 view .LVU560
 1814 007a 02F50B32 		add	r2, r2, #142336
 1815 007e 136C     		ldr	r3, [r2, #64]
 1816 0080 23F00803 		bic	r3, r3, #8
 1817 0084 1364     		str	r3, [r2, #64]
 645:Core/Src/tim.c **** 
 1818              		.loc 1 645 5 view .LVU561
 1819 0086 0321     		movs	r1, #3
 1820 0088 0748     		ldr	r0, .L116+16
 1821              	.LVL106:
 645:Core/Src/tim.c **** 
 1822              		.loc 1 645 5 is_stmt 0 view .LVU562
 1823 008a FFF7FEFF 		bl	HAL_GPIO_DeInit
 1824              	.LVL107:
 648:Core/Src/tim.c ****   /* USER CODE BEGIN TIM5_MspDeInit 1 */
 1825              		.loc 1 648 5 is_stmt 1 view .LVU563
 1826 008e 3220     		movs	r0, #50
 1827 0090 FFF7FEFF 		bl	HAL_NVIC_DisableIRQ
 1828              	.LVL108:
 1829              		.loc 1 653 1 is_stmt 0 view .LVU564
 1830 0094 C2E7     		b	.L106
 1831              	.L117:
ARM GAS  /tmp/ccutTLn0.s 			page 49


 1832 0096 00BF     		.align	2
 1833              	.L116:
 1834 0098 00040040 		.word	1073742848
 1835 009c 00080040 		.word	1073743872
 1836 00a0 000C0040 		.word	1073744896
 1837 00a4 00380240 		.word	1073887232
 1838 00a8 00000240 		.word	1073872896
 1839 00ac 00040240 		.word	1073873920
 1840              		.cfi_endproc
 1841              	.LFE250:
 1843              		.section	.text.HAL_TIM_PWM_MspDeInit,"ax",%progbits
 1844              		.align	1
 1845              		.global	HAL_TIM_PWM_MspDeInit
 1846              		.syntax unified
 1847              		.thumb
 1848              		.thumb_func
 1850              	HAL_TIM_PWM_MspDeInit:
 1851              	.LVL109:
 1852              	.LFB251:
 654:Core/Src/tim.c **** 
 655:Core/Src/tim.c **** void HAL_TIM_PWM_MspDeInit(TIM_HandleTypeDef* tim_pwmHandle)
 656:Core/Src/tim.c **** {
 1853              		.loc 1 656 1 is_stmt 1 view -0
 1854              		.cfi_startproc
 1855              		@ args = 0, pretend = 0, frame = 0
 1856              		@ frame_needed = 0, uses_anonymous_args = 0
 1857              		.loc 1 656 1 is_stmt 0 view .LVU566
 1858 0000 08B5     		push	{r3, lr}
 1859              	.LCFI41:
 1860              		.cfi_def_cfa_offset 8
 1861              		.cfi_offset 3, -8
 1862              		.cfi_offset 14, -4
 657:Core/Src/tim.c **** 
 658:Core/Src/tim.c ****   if(tim_pwmHandle->Instance==TIM8)
 1863              		.loc 1 658 3 is_stmt 1 view .LVU567
 1864              		.loc 1 658 19 is_stmt 0 view .LVU568
 1865 0002 0268     		ldr	r2, [r0]
 1866              		.loc 1 658 5 view .LVU569
 1867 0004 064B     		ldr	r3, .L122
 1868 0006 9A42     		cmp	r2, r3
 1869 0008 00D0     		beq	.L121
 1870              	.LVL110:
 1871              	.L118:
 659:Core/Src/tim.c ****   {
 660:Core/Src/tim.c ****   /* USER CODE BEGIN TIM8_MspDeInit 0 */
 661:Core/Src/tim.c **** 
 662:Core/Src/tim.c ****   /* USER CODE END TIM8_MspDeInit 0 */
 663:Core/Src/tim.c ****     /* Peripheral clock disable */
 664:Core/Src/tim.c ****     __HAL_RCC_TIM8_CLK_DISABLE();
 665:Core/Src/tim.c **** 
 666:Core/Src/tim.c ****     /* TIM8 interrupt Deinit */
 667:Core/Src/tim.c ****     HAL_NVIC_DisableIRQ(TIM8_UP_TIM13_IRQn);
 668:Core/Src/tim.c ****   /* USER CODE BEGIN TIM8_MspDeInit 1 */
 669:Core/Src/tim.c **** 
 670:Core/Src/tim.c ****   /* USER CODE END TIM8_MspDeInit 1 */
 671:Core/Src/tim.c ****   }
 672:Core/Src/tim.c **** }
ARM GAS  /tmp/ccutTLn0.s 			page 50


 1872              		.loc 1 672 1 view .LVU570
 1873 000a 08BD     		pop	{r3, pc}
 1874              	.LVL111:
 1875              	.L121:
 664:Core/Src/tim.c **** 
 1876              		.loc 1 664 5 is_stmt 1 view .LVU571
 1877 000c 054A     		ldr	r2, .L122+4
 1878 000e 536C     		ldr	r3, [r2, #68]
 1879 0010 23F00203 		bic	r3, r3, #2
 1880 0014 5364     		str	r3, [r2, #68]
 667:Core/Src/tim.c ****   /* USER CODE BEGIN TIM8_MspDeInit 1 */
 1881              		.loc 1 667 5 view .LVU572
 1882 0016 2C20     		movs	r0, #44
 1883              	.LVL112:
 667:Core/Src/tim.c ****   /* USER CODE BEGIN TIM8_MspDeInit 1 */
 1884              		.loc 1 667 5 is_stmt 0 view .LVU573
 1885 0018 FFF7FEFF 		bl	HAL_NVIC_DisableIRQ
 1886              	.LVL113:
 1887              		.loc 1 672 1 view .LVU574
 1888 001c F5E7     		b	.L118
 1889              	.L123:
 1890 001e 00BF     		.align	2
 1891              	.L122:
 1892 0020 00040140 		.word	1073808384
 1893 0024 00380240 		.word	1073887232
 1894              		.cfi_endproc
 1895              	.LFE251:
 1897              		.global	htim8
 1898              		.section	.bss.htim8,"aw",%nobits
 1899              		.align	2
 1902              	htim8:
 1903 0000 00000000 		.space	72
 1903      00000000 
 1903      00000000 
 1903      00000000 
 1903      00000000 
 1904              		.global	htim5
 1905              		.section	.bss.htim5,"aw",%nobits
 1906              		.align	2
 1909              	htim5:
 1910 0000 00000000 		.space	72
 1910      00000000 
 1910      00000000 
 1910      00000000 
 1910      00000000 
 1911              		.global	htim4
 1912              		.section	.bss.htim4,"aw",%nobits
 1913              		.align	2
 1916              	htim4:
 1917 0000 00000000 		.space	72
 1917      00000000 
 1917      00000000 
 1917      00000000 
 1917      00000000 
 1918              		.global	htim3
 1919              		.section	.bss.htim3,"aw",%nobits
 1920              		.align	2
ARM GAS  /tmp/ccutTLn0.s 			page 51


 1923              	htim3:
 1924 0000 00000000 		.space	72
 1924      00000000 
 1924      00000000 
 1924      00000000 
 1924      00000000 
 1925              		.global	htim2
 1926              		.section	.bss.htim2,"aw",%nobits
 1927              		.align	2
 1930              	htim2:
 1931 0000 00000000 		.space	72
 1931      00000000 
 1931      00000000 
 1931      00000000 
 1931      00000000 
 1932              		.global	htim1
 1933              		.section	.bss.htim1,"aw",%nobits
 1934              		.align	2
 1937              	htim1:
 1938 0000 00000000 		.space	72
 1938      00000000 
 1938      00000000 
 1938      00000000 
 1938      00000000 
 1939              		.text
 1940              	.Letext0:
 1941              		.file 2 "Drivers/CMSIS/Device/ST/STM32F4xx/Include/stm32f407xx.h"
 1942              		.file 3 "/usr/lib/gcc/arm-none-eabi/14.2.1/include/stdint.h"
 1943              		.file 4 "Drivers/STM32F4xx_HAL_Driver/Inc/stm32f4xx_hal_def.h"
 1944              		.file 5 "Drivers/STM32F4xx_HAL_Driver/Inc/stm32f4xx_hal_gpio.h"
 1945              		.file 6 "Drivers/STM32F4xx_HAL_Driver/Inc/stm32f4xx_hal_dma.h"
 1946              		.file 7 "Drivers/STM32F4xx_HAL_Driver/Inc/stm32f4xx_hal_tim.h"
 1947              		.file 8 "Core/Inc/tim.h"
 1948              		.file 9 "Drivers/STM32F4xx_HAL_Driver/Inc/stm32f4xx_hal_cortex.h"
 1949              		.file 10 "Drivers/STM32F4xx_HAL_Driver/Inc/stm32f4xx_hal_tim_ex.h"
 1950              		.file 11 "Core/Inc/main.h"
 1951              		.file 12 "<built-in>"
ARM GAS  /tmp/ccutTLn0.s 			page 52


DEFINED SYMBOLS
                            *ABS*:00000000 tim.c
     /tmp/ccutTLn0.s:21     .text.MX_TIM1_Init:00000000 $t
     /tmp/ccutTLn0.s:27     .text.MX_TIM1_Init:00000000 MX_TIM1_Init
     /tmp/ccutTLn0.s:196    .text.MX_TIM1_Init:000000a8 $d
     /tmp/ccutTLn0.s:1937   .bss.htim1:00000000 htim1
     /tmp/ccutTLn0.s:202    .text.MX_TIM2_Init:00000000 $t
     /tmp/ccutTLn0.s:208    .text.MX_TIM2_Init:00000000 MX_TIM2_Init
     /tmp/ccutTLn0.s:326    .text.MX_TIM2_Init:00000068 $d
     /tmp/ccutTLn0.s:1930   .bss.htim2:00000000 htim2
     /tmp/ccutTLn0.s:331    .text.MX_TIM3_Init:00000000 $t
     /tmp/ccutTLn0.s:337    .text.MX_TIM3_Init:00000000 MX_TIM3_Init
     /tmp/ccutTLn0.s:454    .text.MX_TIM3_Init:00000064 $d
     /tmp/ccutTLn0.s:1923   .bss.htim3:00000000 htim3
     /tmp/ccutTLn0.s:460    .text.MX_TIM4_Init:00000000 $t
     /tmp/ccutTLn0.s:466    .text.MX_TIM4_Init:00000000 MX_TIM4_Init
     /tmp/ccutTLn0.s:583    .text.MX_TIM4_Init:00000064 $d
     /tmp/ccutTLn0.s:1916   .bss.htim4:00000000 htim4
     /tmp/ccutTLn0.s:589    .text.MX_TIM5_Init:00000000 $t
     /tmp/ccutTLn0.s:595    .text.MX_TIM5_Init:00000000 MX_TIM5_Init
     /tmp/ccutTLn0.s:712    .text.MX_TIM5_Init:00000064 $d
     /tmp/ccutTLn0.s:1909   .bss.htim5:00000000 htim5
     /tmp/ccutTLn0.s:718    .text.HAL_TIM_IC_MspInit:00000000 $t
     /tmp/ccutTLn0.s:724    .text.HAL_TIM_IC_MspInit:00000000 HAL_TIM_IC_MspInit
     /tmp/ccutTLn0.s:829    .text.HAL_TIM_IC_MspInit:00000068 $d
     /tmp/ccutTLn0.s:835    .text.HAL_TIM_Encoder_MspInit:00000000 $t
     /tmp/ccutTLn0.s:841    .text.HAL_TIM_Encoder_MspInit:00000000 HAL_TIM_Encoder_MspInit
     /tmp/ccutTLn0.s:1222   .text.HAL_TIM_Encoder_MspInit:000001b0 $d
     /tmp/ccutTLn0.s:1232   .text.HAL_TIM_PWM_MspInit:00000000 $t
     /tmp/ccutTLn0.s:1238   .text.HAL_TIM_PWM_MspInit:00000000 HAL_TIM_PWM_MspInit
     /tmp/ccutTLn0.s:1300   .text.HAL_TIM_PWM_MspInit:0000003c $d
     /tmp/ccutTLn0.s:1305   .text.HAL_TIM_MspPostInit:00000000 $t
     /tmp/ccutTLn0.s:1311   .text.HAL_TIM_MspPostInit:00000000 HAL_TIM_MspPostInit
     /tmp/ccutTLn0.s:1401   .text.HAL_TIM_MspPostInit:00000058 $d
     /tmp/ccutTLn0.s:1407   .text.MX_TIM8_Init:00000000 $t
     /tmp/ccutTLn0.s:1413   .text.MX_TIM8_Init:00000000 MX_TIM8_Init
     /tmp/ccutTLn0.s:1643   .text.MX_TIM8_Init:000000e8 $d
     /tmp/ccutTLn0.s:1902   .bss.htim8:00000000 htim8
     /tmp/ccutTLn0.s:1649   .text.HAL_TIM_IC_MspDeInit:00000000 $t
     /tmp/ccutTLn0.s:1655   .text.HAL_TIM_IC_MspDeInit:00000000 HAL_TIM_IC_MspDeInit
     /tmp/ccutTLn0.s:1698   .text.HAL_TIM_IC_MspDeInit:00000024 $d
     /tmp/ccutTLn0.s:1705   .text.HAL_TIM_Encoder_MspDeInit:00000000 $t
     /tmp/ccutTLn0.s:1711   .text.HAL_TIM_Encoder_MspDeInit:00000000 HAL_TIM_Encoder_MspDeInit
     /tmp/ccutTLn0.s:1834   .text.HAL_TIM_Encoder_MspDeInit:00000098 $d
     /tmp/ccutTLn0.s:1844   .text.HAL_TIM_PWM_MspDeInit:00000000 $t
     /tmp/ccutTLn0.s:1850   .text.HAL_TIM_PWM_MspDeInit:00000000 HAL_TIM_PWM_MspDeInit
     /tmp/ccutTLn0.s:1892   .text.HAL_TIM_PWM_MspDeInit:00000020 $d
     /tmp/ccutTLn0.s:1899   .bss.htim8:00000000 $d
     /tmp/ccutTLn0.s:1906   .bss.htim5:00000000 $d
     /tmp/ccutTLn0.s:1913   .bss.htim4:00000000 $d
     /tmp/ccutTLn0.s:1920   .bss.htim3:00000000 $d
     /tmp/ccutTLn0.s:1927   .bss.htim2:00000000 $d
     /tmp/ccutTLn0.s:1934   .bss.htim1:00000000 $d

UNDEFINED SYMBOLS
HAL_TIM_IC_Init
HAL_TIMEx_MasterConfigSynchronization
ARM GAS  /tmp/ccutTLn0.s 			page 53


HAL_TIM_IC_ConfigChannel
Error_Handler
memset
HAL_TIM_Encoder_Init
HAL_GPIO_Init
HAL_NVIC_SetPriority
HAL_NVIC_EnableIRQ
HAL_TIM_PWM_Init
HAL_TIM_PWM_ConfigChannel
HAL_TIMEx_ConfigBreakDeadTime
HAL_GPIO_DeInit
HAL_NVIC_DisableIRQ
